# Blender 5.0.0
# www.blender.org
mtllib dosen.mtl
o spray_paint_bottles_02
v -0.039877 0.206585 -0.000006
v -0.040050 0.206585 -0.001986
v -0.040464 0.205592 -0.001903
v -0.040298 0.205592 -0.000006
v -0.040650 0.206585 -0.003880
v -0.041568 0.206585 -0.005642
v -0.041918 0.205592 -0.005407
v -0.041039 0.205592 -0.003718
v -0.042847 0.206585 -0.007162
v -0.044369 0.206585 -0.008439
v -0.044603 0.205592 -0.008089
v -0.043144 0.205592 -0.006865
v -0.046132 0.206585 -0.009355
v -0.048027 0.206585 -0.009952
v -0.048109 0.205592 -0.009538
v -0.046293 0.205592 -0.008966
v -0.050006 0.206585 -0.010123
v -0.051986 0.206585 -0.009950
v -0.051903 0.205592 -0.009536
v -0.050006 0.205592 -0.009702
v -0.053880 0.206585 -0.009350
v -0.055642 0.206585 -0.008432
v -0.055407 0.205592 -0.008082
v -0.053718 0.205592 -0.008961
v -0.053448 0.206280 -0.008311
v -0.051765 0.206280 -0.008844
v -0.051803 0.205529 -0.009034
v -0.053522 0.205529 -0.008489
v -0.041540 0.214930 0.003498
v -0.041685 0.206280 0.003438
v -0.041154 0.206280 0.001754
v -0.040999 0.214866 0.001784
v -0.040845 0.214719 -0.000006
v -0.041002 0.206280 -0.000006
v -0.041156 0.206280 -0.001765
v -0.041002 0.214571 -0.001796
v -0.041544 0.214328 -0.003509
v -0.041689 0.206280 -0.003449
v -0.042505 0.206280 -0.005015
v -0.042374 0.214085 -0.005103
v -0.043530 0.213792 -0.006478
v -0.043641 0.206280 -0.006367
v -0.044994 0.206280 -0.007502
v -0.044907 0.213498 -0.007633
v -0.046502 0.213233 -0.008460
v -0.046562 0.206280 -0.008315
v -0.048246 0.206280 -0.008846
v -0.048216 0.212967 -0.009001
v -0.050006 0.212840 -0.009155
v -0.050006 0.206280 -0.008998
v -0.051796 0.212712 -0.008998
v -0.049995 0.215040 0.009155
v -0.051785 0.215036 0.009001
v -0.051754 0.206280 0.008846
v -0.049995 0.206280 0.008998
v -0.053499 0.215015 0.008460
v -0.055093 0.214995 0.007632
v -0.055006 0.206280 0.007502
v -0.053439 0.206280 0.008315
v -0.043522 0.215015 0.006470
v -0.043633 0.206280 0.006359
v -0.042498 0.206280 0.005006
v -0.042367 0.214995 0.005093
v -0.046491 0.216511 0.008456
v -0.046491 0.215040 0.008456
v -0.044897 0.215036 0.007626
v -0.044897 0.216508 0.007626
v -0.043522 0.216488 0.006470
v -0.042367 0.216469 0.005093
v -0.041540 0.216406 0.003498
v -0.040999 0.216342 0.001784
v -0.040845 0.216197 -0.000006
v -0.041002 0.216051 -0.001796
v -0.041544 0.215813 -0.003509
v -0.042374 0.215575 -0.005103
v -0.043530 0.215287 -0.006478
v -0.044907 0.214999 -0.007633
v -0.046502 0.214733 -0.008460
v -0.048216 0.214468 -0.009001
v -0.050006 0.214328 -0.009155
v -0.051796 0.214188 -0.008998
v -0.047081 0.216943 0.007036
v -0.045755 0.216966 0.006345
v -0.044610 0.216959 0.005383
v -0.043650 0.216951 0.004237
v -0.042961 0.216893 0.002911
v -0.042511 0.216834 0.001485
v -0.042383 0.216699 -0.000005
v -0.042513 0.216564 -0.001494
v -0.042965 0.216360 -0.002919
v -0.043655 0.216156 -0.004246
v -0.044617 0.215908 -0.005390
v -0.045763 0.215660 -0.006350
v -0.047090 0.215428 -0.007039
v -0.048515 0.215195 -0.007489
v -0.050005 0.215054 -0.007617
v -0.051494 0.214913 -0.007487
v -0.050004 0.216278 -0.000021
v -0.046551 0.206280 0.008311
v -0.046477 0.205529 0.008489
v -0.044877 0.205529 0.007656
v -0.044985 0.206280 0.007495
v -0.053707 0.205592 0.008966
v -0.053868 0.206585 0.009355
v -0.051973 0.206585 0.009952
v -0.051891 0.205592 0.009538
v -0.057154 0.206585 0.007162
v -0.055631 0.206585 0.008439
v -0.055397 0.205592 0.008088
v -0.056856 0.205592 0.006865
v -0.059350 0.206585 0.003880
v -0.058432 0.206585 0.005642
v -0.058082 0.205592 0.005407
v -0.058961 0.205592 0.003718
v -0.060123 0.206585 0.000006
v -0.059950 0.206585 0.001986
v -0.059536 0.205592 0.001903
v -0.059702 0.205592 0.000006
v -0.059355 0.206585 -0.003868
v -0.059952 0.206585 -0.001973
v -0.059538 0.205592 -0.001891
v -0.058966 0.205592 -0.003707
v -0.057163 0.206585 -0.007153
v -0.058440 0.206585 -0.005631
v -0.058089 0.205592 -0.005397
v -0.056864 0.205592 -0.006856
v -0.056470 0.214930 0.006477
v -0.057626 0.214866 0.005102
v -0.057496 0.206280 0.005015
v -0.056359 0.206280 0.006366
v -0.058456 0.214719 0.003508
v -0.058999 0.214571 0.001795
v -0.058844 0.206280 0.001765
v -0.058311 0.206280 0.003448
v -0.059155 0.214328 0.000005
v -0.059001 0.214085 -0.001785
v -0.058846 0.206280 -0.001754
v -0.058998 0.206280 0.000005
v -0.058460 0.213792 -0.003499
v -0.057633 0.213498 -0.005093
v -0.057502 0.206280 -0.005006
v -0.058315 0.206280 -0.003439
v -0.056477 0.213233 -0.006470
v -0.055102 0.212967 -0.007626
v -0.055015 0.206280 -0.007496
v -0.056366 0.206280 -0.006359
v -0.053509 0.212840 -0.008456
v -0.049995 0.216511 0.009155
v -0.051785 0.216508 0.009001
v -0.053499 0.216488 0.008460
v -0.055093 0.216469 0.007632
v -0.056470 0.216406 0.006477
v -0.057626 0.216342 0.005102
v -0.058456 0.216197 0.003508
v -0.058999 0.216051 0.001795
v -0.059155 0.215813 0.000005
v -0.059001 0.215575 -0.001785
v -0.058460 0.215287 -0.003499
v -0.057633 0.214999 -0.005093
v -0.056477 0.214733 -0.006470
v -0.055102 0.214468 -0.007626
v -0.053509 0.214328 -0.008456
v -0.049996 0.216943 0.007617
v -0.051485 0.216966 0.007489
v -0.052911 0.216959 0.007039
v -0.054238 0.216951 0.006350
v -0.055383 0.216893 0.005389
v -0.056345 0.216834 0.004245
v -0.057036 0.216699 0.002919
v -0.057487 0.216564 0.001494
v -0.057617 0.216360 0.000004
v -0.057489 0.216156 -0.001485
v -0.057039 0.215908 -0.002911
v -0.056350 0.215660 -0.004238
v -0.055389 0.215428 -0.005383
v -0.054245 0.215195 -0.006345
v -0.052919 0.215054 -0.007036
v -0.048506 0.216921 0.007487
v -0.036035 0.001803 0.033656
v -0.029692 0.001803 0.030353
v -0.029253 0.003832 0.031009
v -0.035733 0.003832 0.034383
v -0.024219 0.001803 0.025750
v -0.019622 0.001803 0.020271
v -0.018965 0.003832 0.020709
v -0.023662 0.003832 0.026306
v -0.016327 0.001803 0.013924
v -0.014177 0.001803 0.007103
v -0.013403 0.003832 0.007256
v -0.015600 0.003832 0.014224
v -0.013562 0.001803 -0.000022
v -0.014185 0.001803 -0.007147
v -0.013412 0.003832 -0.007301
v -0.012775 0.003832 -0.000023
v -0.016344 0.001803 -0.013965
v -0.019647 0.001803 -0.020308
v -0.018991 0.003832 -0.020747
v -0.015617 0.003832 -0.014267
v -0.024250 0.001803 -0.025781
v -0.029729 0.001803 -0.030378
v -0.029291 0.003832 -0.031035
v -0.023694 0.003832 -0.026338
v -0.036076 0.001803 -0.033673
v -0.042897 0.001803 -0.035823
v -0.042744 0.003832 -0.036597
v -0.035776 0.003832 -0.034401
v -0.050022 0.001803 -0.036438
v -0.057147 0.001803 -0.035815
v -0.057301 0.003832 -0.036588
v -0.050023 0.003832 -0.037225
v -0.063965 0.001803 -0.033656
v -0.070309 0.001803 -0.030353
v -0.070747 0.003832 -0.031009
v -0.064267 0.003832 -0.034383
v -0.075781 0.001803 -0.025750
v -0.080378 0.001803 -0.020271
v -0.081035 0.003832 -0.020709
v -0.076339 0.003832 -0.026306
v -0.083673 0.001803 -0.013924
v -0.085824 0.001803 -0.007103
v -0.086597 0.003832 -0.007256
v -0.084401 0.003832 -0.014224
v -0.086438 0.001803 0.000022
v -0.085815 0.001803 0.007147
v -0.086589 0.003832 0.007301
v -0.087225 0.003832 0.000023
v -0.083656 0.001803 0.013965
v -0.080353 0.001803 0.020309
v -0.081009 0.003832 0.020747
v -0.084383 0.003832 0.014267
v -0.075750 0.001803 0.025782
v -0.070271 0.001803 0.030378
v -0.070709 0.003832 0.031035
v -0.076306 0.003832 0.026339
v -0.063924 0.001803 0.033673
v -0.057103 0.001803 0.035823
v -0.057256 0.003832 0.036597
v -0.064224 0.003832 0.034401
v -0.049978 0.001803 0.036438
v -0.042853 0.001803 0.035815
v -0.042699 0.003832 0.036588
v -0.049977 0.003832 0.037225
v -0.036811 -0.000000 0.031786
v -0.030820 -0.000000 0.028667
v -0.025651 -0.000000 0.024319
v -0.021309 -0.000000 0.019145
v -0.018198 -0.000000 0.013150
v -0.016167 -0.000000 0.006708
v -0.015586 -0.000000 -0.000021
v -0.016175 -0.000000 -0.006750
v -0.018214 -0.000000 -0.013189
v -0.021333 -0.000000 -0.019180
v -0.025681 -0.000000 -0.024349
v -0.030855 -0.000000 -0.028691
v -0.036850 -0.000000 -0.031802
v -0.043292 -0.000000 -0.033833
v -0.050021 -0.000000 -0.034414
v -0.056750 -0.000000 -0.033825
v -0.063189 -0.000000 -0.031786
v -0.069180 -0.000000 -0.028667
v -0.074349 -0.000000 -0.024319
v -0.078691 -0.000000 -0.019145
v -0.081802 -0.000000 -0.013150
v -0.083833 -0.000000 -0.006708
v -0.084414 -0.000000 0.000021
v -0.083825 -0.000000 0.006750
v -0.081786 -0.000000 0.013189
v -0.078667 -0.000000 0.019180
v -0.074319 -0.000000 0.024349
v -0.069145 -0.000000 0.028691
v -0.063150 -0.000000 0.031802
v -0.056708 -0.000000 0.033833
v -0.049979 -0.000000 0.034414
v -0.043250 -0.000000 0.033825
v -0.029122 0.005946 0.031204
v -0.035644 0.005946 0.034599
v -0.018770 0.005946 0.020840
v -0.023496 0.005946 0.026472
v -0.013172 0.005946 0.007302
v -0.015383 0.005946 0.014314
v -0.013181 0.005946 -0.007347
v -0.012540 0.005946 -0.000023
v -0.018796 0.005946 -0.020878
v -0.015401 0.005946 -0.014356
v -0.029161 0.005946 -0.031230
v -0.023528 0.005946 -0.026504
v -0.042698 0.005946 -0.036828
v -0.035686 0.005946 -0.034617
v -0.057347 0.005946 -0.036819
v -0.050023 0.005946 -0.037460
v -0.070878 0.005946 -0.031204
v -0.064356 0.005946 -0.034599
v -0.081230 0.005946 -0.020839
v -0.076504 0.005946 -0.026472
v -0.086828 0.005946 -0.007302
v -0.084617 0.005946 -0.014314
v -0.086819 0.005946 0.007347
v -0.087460 0.005946 0.000023
v -0.081204 0.005946 0.020878
v -0.084600 0.005946 0.014356
v -0.070839 0.005946 0.031230
v -0.076472 0.005946 0.026504
v -0.057302 0.005946 0.036828
v -0.064314 0.005946 0.034617
v -0.042653 0.005946 0.036819
v -0.049977 0.005946 0.037460
v -0.023938 0.007276 0.026030
v -0.029470 0.007276 0.030684
v -0.015960 0.007276 0.014075
v -0.019291 0.007276 0.020492
v -0.013165 0.007276 -0.000023
v -0.013787 0.007276 0.007180
v -0.015978 0.007276 -0.014117
v -0.013796 0.007276 -0.007225
v -0.023970 0.007276 -0.026062
v -0.019316 0.007276 -0.020530
v -0.035925 0.007276 -0.034040
v -0.029508 0.007276 -0.030709
v -0.050023 0.007276 -0.036835
v -0.042820 0.007276 -0.036213
v -0.064117 0.007276 -0.034022
v -0.057225 0.007276 -0.036205
v -0.076062 0.007276 -0.026030
v -0.070530 0.007276 -0.030684
v -0.084040 0.007276 -0.014075
v -0.080709 0.007276 -0.020492
v -0.086835 0.007276 0.000023
v -0.086214 0.007276 -0.007180
v -0.084022 0.007276 0.014117
v -0.086205 0.007276 0.007225
v -0.076030 0.007276 0.026062
v -0.080684 0.007276 0.020530
v -0.064075 0.007276 0.034040
v -0.070492 0.007276 0.030709
v -0.049977 0.007276 0.036835
v -0.057180 0.007276 0.036213
v -0.035883 0.007276 0.034022
v -0.029035 0.008372 0.031335
v -0.035584 0.008372 0.034744
v -0.018640 0.008372 0.020926
v -0.023385 0.008372 0.026582
v -0.013019 0.008372 0.007332
v -0.015239 0.008372 0.014374
v -0.013028 0.008372 -0.007378
v -0.012384 0.008372 -0.000023
v -0.018666 0.008372 -0.020965
v -0.015256 0.008372 -0.014416
v -0.029074 0.008372 -0.031360
v -0.023418 0.008372 -0.026615
v -0.042668 0.008372 -0.036981
v -0.035626 0.008372 -0.034761
v -0.057378 0.008372 -0.036972
v -0.050023 0.008372 -0.037616
v -0.070965 0.008372 -0.031335
v -0.064416 0.008372 -0.034744
v -0.081360 0.008372 -0.020926
v -0.076615 0.008372 -0.026582
v -0.086981 0.008372 -0.007332
v -0.084762 0.008372 -0.014374
v -0.086972 0.008372 0.007378
v -0.087616 0.008372 0.000023
v -0.081335 0.008372 0.020965
v -0.084744 0.008372 0.014416
v -0.070927 0.008372 0.031360
v -0.076582 0.008372 0.026615
v -0.057332 0.008372 0.036981
v -0.064374 0.008372 0.034761
v -0.042775 0.007276 0.036205
v -0.042622 0.008372 0.036972
v -0.049977 0.008372 0.037616
v -0.028730 0.010173 0.031790
v -0.035374 0.010173 0.035249
v -0.018184 0.010173 0.021231
v -0.022998 0.010173 0.026968
v -0.012481 0.010173 0.007439
v -0.014734 0.010173 0.014583
v -0.012490 0.010173 -0.007485
v -0.011838 0.010173 -0.000023
v -0.018210 0.010173 -0.021270
v -0.014751 0.010173 -0.014626
v -0.028769 0.010173 -0.031816
v -0.023032 0.010173 -0.027002
v -0.042561 0.010173 -0.037519
v -0.035418 0.010173 -0.035267
v -0.057485 0.010173 -0.037510
v -0.050023 0.010173 -0.038163
v -0.071270 0.010173 -0.031790
v -0.064626 0.010173 -0.035249
v -0.081816 0.010173 -0.021231
v -0.077002 0.010173 -0.026968
v -0.087519 0.010173 -0.007439
v -0.085267 0.010173 -0.014583
v -0.087510 0.010173 0.007485
v -0.088163 0.010173 0.000023
v -0.081790 0.010173 0.021270
v -0.085249 0.010173 0.014626
v -0.071231 0.010173 0.031816
v -0.076969 0.010173 0.027002
v -0.057439 0.010173 0.037519
v -0.064583 0.010173 0.035267
v -0.042515 0.010173 0.037510
v -0.049977 0.010173 0.038163
v -0.028774 0.012130 0.031725
v -0.035404 0.012130 0.035177
v -0.018249 0.012130 0.021187
v -0.023054 0.012130 0.026913
v -0.012558 0.012130 0.007424
v -0.014806 0.012130 0.014553
v -0.012567 0.012130 -0.007470
v -0.011916 0.012130 -0.000023
v -0.018275 0.012130 -0.021226
v -0.014823 0.012130 -0.014596
v -0.028813 0.012130 -0.031751
v -0.023087 0.012130 -0.026946
v -0.042576 0.012130 -0.037442
v -0.035447 0.012130 -0.035194
v -0.057470 0.012130 -0.037433
v -0.050023 0.012130 -0.038084
v -0.071226 0.012130 -0.031725
v -0.064596 0.012130 -0.035177
v -0.081751 0.012130 -0.021187
v -0.076946 0.012130 -0.026913
v -0.087442 0.012130 -0.007424
v -0.085195 0.012130 -0.014553
v -0.087433 0.012130 0.007470
v -0.088085 0.012130 0.000023
v -0.081725 0.012130 0.021226
v -0.085177 0.012130 0.014596
v -0.071187 0.012130 0.031751
v -0.076913 0.012130 0.026946
v -0.057424 0.012130 0.037442
v -0.064553 0.012130 0.035194
v -0.042530 0.012130 0.037433
v -0.049977 0.012130 0.038084
v -0.028950 0.013036 0.031461
v -0.035525 0.013036 0.034884
v -0.018513 0.013036 0.021011
v -0.023278 0.013036 0.026690
v -0.012869 0.013036 0.007362
v -0.015098 0.013036 0.014432
v -0.012878 0.013036 -0.007408
v -0.012232 0.013036 -0.000023
v -0.018539 0.013036 -0.021050
v -0.015116 0.013036 -0.014475
v -0.028989 0.013036 -0.031487
v -0.023310 0.013036 -0.026722
v -0.042638 0.013036 -0.037131
v -0.035568 0.013036 -0.034902
v -0.057408 0.013036 -0.037122
v -0.050023 0.013036 -0.037768
v -0.071050 0.013036 -0.031461
v -0.064475 0.013036 -0.034884
v -0.081487 0.013036 -0.021011
v -0.076723 0.013036 -0.026690
v -0.087131 0.013036 -0.007362
v -0.084902 0.013036 -0.014432
v -0.087122 0.013036 0.007408
v -0.087768 0.013036 0.000023
v -0.081461 0.013036 0.021050
v -0.084884 0.013036 0.014475
v -0.071011 0.013036 0.031487
v -0.076690 0.013036 0.026723
v -0.057362 0.013036 0.037131
v -0.064432 0.013036 0.034902
v -0.042592 0.013036 0.037122
v -0.049977 0.013036 0.037768
v -0.023728 0.014168 0.026240
v -0.029305 0.014168 0.030931
v -0.015686 0.014168 0.014189
v -0.019044 0.014168 0.020657
v -0.012869 0.014168 -0.000023
v -0.013495 0.014168 0.007238
v -0.015704 0.014168 -0.014231
v -0.013504 0.014168 -0.007283
v -0.023760 0.014168 -0.026272
v -0.019069 0.014168 -0.020695
v -0.035811 0.014168 -0.034314
v -0.029343 0.014168 -0.030956
v -0.050023 0.014168 -0.037132
v -0.042762 0.014168 -0.036505
v -0.064231 0.014168 -0.034296
v -0.057283 0.014168 -0.036496
v -0.076272 0.014168 -0.026240
v -0.070695 0.014168 -0.030931
v -0.084314 0.014168 -0.014189
v -0.080957 0.014168 -0.020657
v -0.087132 0.014168 0.000023
v -0.086505 0.014168 -0.007238
v -0.084296 0.014168 0.014231
v -0.086496 0.014168 0.007283
v -0.076240 0.014168 0.026272
v -0.080931 0.014168 0.020695
v -0.064189 0.014168 0.034314
v -0.070657 0.014168 0.030956
v -0.049977 0.014168 0.037132
v -0.057238 0.014168 0.036505
v -0.015548 0.176724 0.014246
v -0.018919 0.176724 0.020740
v -0.012719 0.176724 -0.000023
v -0.013348 0.176724 0.007267
v -0.015566 0.176724 -0.014288
v -0.013357 0.176724 -0.007312
v -0.023655 0.176724 -0.026378
v -0.018945 0.176724 -0.020778
v -0.035754 0.176724 -0.034452
v -0.029260 0.176724 -0.031081
v -0.050023 0.176724 -0.037281
v -0.042733 0.176724 -0.036652
v -0.064288 0.176724 -0.034434
v -0.057312 0.176724 -0.036643
v -0.076378 0.176724 -0.026345
v -0.070778 0.176724 -0.031055
v -0.084452 0.176724 -0.014246
v -0.081081 0.176724 -0.020740
v -0.087281 0.176724 0.000023
v -0.086652 0.176724 -0.007267
v -0.084434 0.176724 0.014288
v -0.086643 0.176724 0.007312
v -0.076346 0.176724 0.026378
v -0.081055 0.176724 0.020778
v -0.064246 0.176724 0.034452
v -0.070740 0.176724 0.031081
v -0.049977 0.176724 0.037281
v -0.057267 0.176724 0.036652
v -0.023622 0.176724 0.026345
v -0.029222 0.176724 0.031055
v -0.042717 0.014168 0.036496
v -0.042688 0.176724 0.036643
v -0.035712 0.176724 0.034434
v -0.035769 0.014168 0.034296
v -0.023782 0.177448 0.026186
v -0.029348 0.177448 0.030867
v -0.015757 0.177448 0.014159
v -0.019107 0.177448 0.020614
v -0.012945 0.177448 -0.000023
v -0.013570 0.177448 0.007223
v -0.015774 0.177448 -0.014201
v -0.013579 0.177448 -0.007268
v -0.023814 0.177448 -0.026218
v -0.019133 0.177448 -0.020652
v -0.035841 0.177448 -0.034243
v -0.029386 0.177448 -0.030893
v -0.050023 0.177448 -0.037055
v -0.042777 0.177448 -0.036430
v -0.064201 0.177448 -0.034226
v -0.057268 0.177448 -0.036421
v -0.076218 0.177448 -0.026186
v -0.070652 0.177448 -0.030867
v -0.084243 0.177448 -0.014159
v -0.080893 0.177448 -0.020614
v -0.087055 0.177448 0.000023
v -0.086430 0.177448 -0.007223
v -0.084226 0.177448 0.014201
v -0.086421 0.177448 0.007268
v -0.076186 0.177448 0.026218
v -0.080867 0.177448 0.020652
v -0.064159 0.177448 0.034243
v -0.070614 0.177448 0.030893
v -0.049977 0.177448 0.037055
v -0.057223 0.177448 0.036430
v -0.024965 0.178173 0.025004
v -0.030280 0.178173 0.029474
v -0.017302 0.178173 0.013520
v -0.020502 0.178173 0.019684
v -0.014617 0.178173 -0.000022
v -0.015214 0.178173 0.006897
v -0.017319 0.178173 -0.013560
v -0.015223 0.178173 -0.006940
v -0.024996 0.178173 -0.025035
v -0.020526 0.178173 -0.019720
v -0.036480 0.178173 -0.032698
v -0.030316 0.178173 -0.029498
v -0.050022 0.178173 -0.035383
v -0.043103 0.178173 -0.034786
v -0.063561 0.178173 -0.032681
v -0.056940 0.178173 -0.034777
v -0.075035 0.178173 -0.025004
v -0.069720 0.178173 -0.029474
v -0.082698 0.178173 -0.013520
v -0.079498 0.178173 -0.019684
v -0.085383 0.178173 0.000022
v -0.084786 0.178173 -0.006897
v -0.082681 0.178173 0.013560
v -0.084777 0.178173 0.006940
v -0.075004 0.178173 0.025035
v -0.079474 0.178173 0.019720
v -0.063520 0.178173 0.032698
v -0.069684 0.178173 0.029498
v -0.049978 0.178173 0.035383
v -0.056897 0.178173 0.034786
v -0.036440 0.178173 0.032681
v -0.030607 0.178762 0.028985
v -0.036665 0.178762 0.032138
v -0.020991 0.178762 0.019357
v -0.025381 0.178762 0.024589
v -0.015792 0.178762 0.006783
v -0.017845 0.178762 0.013296
v -0.015800 0.178762 -0.006825
v -0.015205 0.178762 -0.000021
v -0.021015 0.178762 -0.019393
v -0.017862 0.178762 -0.013335
v -0.030643 0.178762 -0.029009
v -0.025411 0.178762 -0.024619
v -0.043217 0.178762 -0.034208
v -0.036704 0.178762 -0.032155
v -0.056825 0.178762 -0.034200
v -0.050021 0.178762 -0.034795
v -0.069393 0.178762 -0.028985
v -0.063335 0.178762 -0.032138
v -0.079009 0.178762 -0.019357
v -0.074619 0.178762 -0.024589
v -0.084208 0.178762 -0.006783
v -0.082155 0.178762 -0.013296
v -0.084200 0.178762 0.006825
v -0.084795 0.178762 0.000021
v -0.078985 0.178762 0.019393
v -0.082138 0.178762 0.013335
v -0.069357 0.178762 0.029009
v -0.074589 0.178762 0.024619
v -0.056783 0.178762 0.034208
v -0.063296 0.178762 0.032155
v -0.043060 0.178173 0.034777
v -0.043176 0.178762 0.034200
v -0.049979 0.178762 0.034795
v -0.031161 0.180936 0.028157
v -0.037046 0.180936 0.031220
v -0.021820 0.180936 0.018804
v -0.026085 0.180936 0.023886
v -0.016769 0.180936 0.006589
v -0.018764 0.180936 0.012916
v -0.016778 0.180936 -0.006630
v -0.016199 0.180936 -0.000021
v -0.021844 0.180936 -0.018839
v -0.018780 0.180936 -0.012954
v -0.031196 0.180936 -0.028180
v -0.026114 0.180936 -0.023915
v -0.043411 0.180936 -0.033231
v -0.037084 0.180936 -0.031236
v -0.056630 0.180936 -0.033222
v -0.050021 0.180936 -0.033801
v -0.068839 0.180936 -0.028156
v -0.062954 0.180936 -0.031220
v -0.078180 0.180936 -0.018804
v -0.073916 0.180936 -0.023886
v -0.083231 0.180936 -0.006589
v -0.081236 0.180936 -0.012916
v -0.083223 0.180936 0.006630
v -0.083801 0.180936 0.000021
v -0.078156 0.180936 0.018839
v -0.081220 0.180936 0.012954
v -0.068804 0.180936 0.028180
v -0.073886 0.180936 0.023915
v -0.056589 0.180936 0.033231
v -0.062916 0.180936 0.031236
v -0.043371 0.180936 0.033222
v -0.049979 0.180936 0.033801
v -0.026031 0.183383 0.023939
v -0.031119 0.183383 0.028219
v -0.018695 0.183383 0.012945
v -0.021758 0.183383 0.018846
v -0.016124 0.183383 -0.000021
v -0.016695 0.183383 0.006603
v -0.018711 0.183383 -0.012983
v -0.016704 0.183383 -0.006644
v -0.026061 0.183383 -0.023969
v -0.021781 0.183383 -0.018881
v -0.037055 0.183383 -0.031305
v -0.031154 0.183383 -0.028242
v -0.050021 0.183383 -0.033876
v -0.043397 0.183383 -0.033305
v -0.062983 0.183383 -0.031289
v -0.056644 0.183383 -0.033296
v -0.073969 0.183383 -0.023939
v -0.068881 0.183383 -0.028219
v -0.081306 0.183383 -0.012945
v -0.078242 0.183383 -0.018846
v -0.083876 0.183383 0.000021
v -0.083305 0.183383 -0.006603
v -0.081290 0.183383 0.012983
v -0.083296 0.183383 0.006644
v -0.073939 0.183383 0.023969
v -0.078219 0.183383 0.018881
v -0.062945 0.183383 0.031305
v -0.068846 0.183383 0.028242
v -0.049979 0.183383 0.033876
v -0.056603 0.183383 0.033305
v -0.037017 0.183383 0.031290
v -0.030511 0.183647 0.029129
v -0.036598 0.183647 0.032298
v -0.020847 0.183647 0.019454
v -0.025258 0.183647 0.024711
v -0.015622 0.183647 0.006816
v -0.017685 0.183647 0.013362
v -0.015630 0.183647 -0.006859
v -0.015032 0.183647 -0.000021
v -0.020871 0.183647 -0.019489
v -0.017702 0.183647 -0.013402
v -0.030547 0.183647 -0.029153
v -0.025289 0.183647 -0.024742
v -0.043184 0.183647 -0.034378
v -0.036638 0.183647 -0.032315
v -0.056859 0.183647 -0.034370
v -0.050022 0.183647 -0.034968
v -0.069489 0.183647 -0.029129
v -0.063402 0.183647 -0.032298
v -0.079153 0.183647 -0.019454
v -0.074742 0.183647 -0.024711
v -0.084378 0.183647 -0.006816
v -0.082315 0.183647 -0.013362
v -0.084370 0.183647 0.006859
v -0.084968 0.183647 0.000022
v -0.079129 0.183647 0.019489
v -0.082298 0.183647 0.013402
v -0.069454 0.183647 0.029153
v -0.074711 0.183647 0.024742
v -0.056816 0.183647 0.034378
v -0.063362 0.183647 0.032315
v -0.043356 0.183383 0.033296
v -0.043142 0.183647 0.034370
v -0.049979 0.183647 0.034968
v -0.024859 0.185119 0.025110
v -0.030196 0.185119 0.029600
v -0.017163 0.185119 0.013578
v -0.020376 0.185119 0.019768
v -0.014467 0.185119 -0.000022
v -0.015066 0.185119 0.006926
v -0.017180 0.185119 -0.013618
v -0.015075 0.185119 -0.006969
v -0.024890 0.185119 -0.025141
v -0.020400 0.185119 -0.019804
v -0.036422 0.185119 -0.032837
v -0.030232 0.185119 -0.029624
v -0.050022 0.185119 -0.035533
v -0.043074 0.185119 -0.034934
v -0.063618 0.185119 -0.032820
v -0.056969 0.185119 -0.034925
v -0.075141 0.185119 -0.025110
v -0.069804 0.185119 -0.029600
v -0.082837 0.185119 -0.013578
v -0.079624 0.185119 -0.019768
v -0.085533 0.185119 0.000022
v -0.084934 0.185119 -0.006926
v -0.082820 0.185119 0.013618
v -0.084925 0.185119 0.006969
v -0.075110 0.185119 0.025141
v -0.079600 0.185119 0.019804
v -0.063578 0.185119 0.032837
v -0.069768 0.185119 0.029624
v -0.049978 0.185119 0.035533
v -0.056926 0.185119 0.034934
v -0.025125 0.186516 0.024844
v -0.030406 0.186516 0.029286
v -0.017511 0.186516 0.013434
v -0.020690 0.186516 0.019558
v -0.014843 0.186516 -0.000022
v -0.015436 0.186516 0.006853
v -0.017528 0.186516 -0.013474
v -0.015445 0.186516 -0.006896
v -0.025156 0.186516 -0.024875
v -0.020714 0.186516 -0.019594
v -0.036566 0.186516 -0.032489
v -0.030442 0.186516 -0.029310
v -0.050022 0.186516 -0.035157
v -0.043147 0.186516 -0.034564
v -0.063474 0.186516 -0.032472
v -0.056896 0.186516 -0.034555
v -0.074875 0.186516 -0.024844
v -0.069594 0.186516 -0.029286
v -0.082489 0.186516 -0.013434
v -0.079310 0.186516 -0.019558
v -0.085157 0.186516 0.000022
v -0.084564 0.186516 -0.006853
v -0.082472 0.186516 0.013474
v -0.084555 0.186516 0.006896
v -0.074844 0.186516 0.024875
v -0.079286 0.186516 0.019594
v -0.063434 0.186516 0.032489
v -0.069558 0.186516 0.029310
v -0.049978 0.186516 0.035157
v -0.056853 0.186516 0.034564
v -0.036382 0.185119 0.032820
v -0.043031 0.185119 0.034925
v -0.036526 0.186516 0.032472
v -0.030951 0.187120 0.028470
v -0.036902 0.187120 0.031568
v -0.021506 0.187120 0.019014
v -0.025818 0.187120 0.024152
v -0.016399 0.187120 0.006662
v -0.018416 0.187120 0.013060
v -0.016407 0.187120 -0.006703
v -0.015823 0.187120 -0.000021
v -0.021530 0.187120 -0.019049
v -0.018432 0.187120 -0.013099
v -0.030986 0.187120 -0.028494
v -0.025848 0.187120 -0.024182
v -0.043338 0.187120 -0.033601
v -0.036940 0.187120 -0.031584
v -0.056703 0.187120 -0.033593
v -0.050021 0.187120 -0.034177
v -0.069049 0.187120 -0.028470
v -0.063099 0.187120 -0.031568
v -0.078494 0.187120 -0.019013
v -0.074182 0.187120 -0.024152
v -0.083601 0.187120 -0.006662
v -0.081584 0.187120 -0.013060
v -0.083593 0.187120 0.006703
v -0.084177 0.187120 0.000021
v -0.078470 0.187120 0.019049
v -0.081568 0.187120 0.013099
v -0.069014 0.187120 0.028494
v -0.074152 0.187120 0.024182
v -0.056662 0.187120 0.033601
v -0.063060 0.187120 0.031584
v -0.043105 0.186516 0.034555
v -0.043297 0.187120 0.033593
v -0.049979 0.187120 0.034177
v -0.030296 0.188361 0.019680
v -0.034479 0.188361 0.023199
v -0.024264 0.188361 0.010642
v -0.026782 0.188361 0.015493
v -0.022151 0.188361 -0.000017
v -0.022621 0.188361 0.005429
v -0.024277 0.188361 -0.010673
v -0.022628 0.188361 -0.005462
v -0.030320 0.188361 -0.019704
v -0.026802 0.188361 -0.015521
v -0.039359 0.188361 -0.025736
v -0.034507 0.188361 -0.023218
v -0.050017 0.188361 -0.027849
v -0.044572 0.188361 -0.027379
v -0.060673 0.188361 -0.025723
v -0.055462 0.188361 -0.027372
v -0.069704 0.188361 -0.019680
v -0.065522 0.188361 -0.023199
v -0.075736 0.188361 -0.010641
v -0.073218 0.188361 -0.015493
v -0.077849 0.188361 0.000017
v -0.077379 0.188361 -0.005429
v -0.075723 0.188361 0.010673
v -0.077372 0.188361 0.005462
v -0.069680 0.188361 0.019704
v -0.073199 0.188361 0.015521
v -0.060641 0.188361 0.025736
v -0.065493 0.188361 0.023218
v -0.049983 0.188361 0.027849
v -0.055429 0.188361 0.027379
v -0.039327 0.188361 0.025723
v -0.034856 0.189765 0.022634
v -0.039587 0.189765 0.025096
v -0.027348 0.189765 0.015116
v -0.030775 0.189765 0.019201
v -0.023287 0.189765 0.005296
v -0.024891 0.189765 0.010382
v -0.023294 0.189765 -0.005329
v -0.022829 0.189765 -0.000017
v -0.027366 0.189765 -0.015144
v -0.024904 0.189765 -0.010413
v -0.034884 0.189765 -0.022652
v -0.030799 0.189765 -0.019225
v -0.044704 0.189765 -0.026713
v -0.039618 0.189765 -0.025109
v -0.055329 0.189765 -0.026706
v -0.050017 0.189765 -0.027171
v -0.065144 0.189765 -0.022634
v -0.060413 0.189765 -0.025096
v -0.072652 0.189765 -0.015116
v -0.069225 0.189765 -0.019201
v -0.076713 0.189765 -0.005296
v -0.075109 0.189765 -0.010382
v -0.076706 0.189765 0.005329
v -0.077171 0.189765 0.000017
v -0.072634 0.189765 0.015144
v -0.075096 0.189765 0.010413
v -0.065116 0.189765 0.022652
v -0.069201 0.189765 0.019225
v -0.055296 0.189765 0.026713
v -0.060382 0.189765 0.025109
v -0.044538 0.188361 0.027372
v -0.044671 0.189765 0.026706
v -0.049983 0.189765 0.027171
v -0.035839 0.192030 0.021165
v -0.040262 0.192030 0.023468
v -0.028817 0.192030 0.014135
v -0.032023 0.192030 0.017955
v -0.025020 0.192030 0.004953
v -0.026520 0.192030 0.009709
v -0.025026 0.192030 -0.004984
v -0.024592 0.192030 -0.000016
v -0.028834 0.192030 -0.014161
v -0.026532 0.192030 -0.009738
v -0.035865 0.192030 -0.021183
v -0.032045 0.192030 -0.017978
v -0.045047 0.192030 -0.024980
v -0.040291 0.192030 -0.023480
v -0.054984 0.192030 -0.024974
v -0.050016 0.192030 -0.025408
v -0.064161 0.192030 -0.021165
v -0.059738 0.192030 -0.023468
v -0.071183 0.192030 -0.014135
v -0.067978 0.192030 -0.017955
v -0.074980 0.192030 -0.004953
v -0.073480 0.192030 -0.009709
v -0.074974 0.192030 0.004984
v -0.075408 0.192030 0.000016
v -0.071166 0.192030 0.014161
v -0.073468 0.192030 0.009738
v -0.064135 0.192030 0.021183
v -0.067955 0.192030 0.017978
v -0.054953 0.192030 0.024980
v -0.059709 0.192030 0.023480
v -0.045017 0.192030 0.024974
v -0.049984 0.192030 0.025408
v -0.037174 0.194069 0.019170
v -0.041180 0.194069 0.021256
v -0.030814 0.194069 0.012802
v -0.033717 0.194069 0.016263
v -0.027375 0.194069 0.004486
v -0.028733 0.194069 0.008794
v -0.027381 0.194069 -0.004514
v -0.026987 0.194069 -0.000014
v -0.030830 0.194069 -0.012826
v -0.028744 0.194069 -0.008820
v -0.037198 0.194069 -0.019186
v -0.033738 0.194069 -0.016283
v -0.045514 0.194069 -0.022625
v -0.041207 0.194069 -0.021267
v -0.054514 0.194069 -0.022619
v -0.050014 0.194069 -0.023013
v -0.062826 0.194069 -0.019170
v -0.058820 0.194069 -0.021256
v -0.069186 0.194069 -0.012802
v -0.066283 0.194069 -0.016263
v -0.072625 0.194069 -0.004486
v -0.071267 0.194069 -0.008794
v -0.072619 0.194069 0.004514
v -0.073013 0.194069 0.000014
v -0.069170 0.194069 0.012826
v -0.071256 0.194069 0.008820
v -0.062803 0.194069 0.019186
v -0.066263 0.194069 0.016283
v -0.054486 0.194069 0.022625
v -0.058794 0.194069 0.021267
v -0.045486 0.194069 0.022619
v -0.049986 0.194069 0.023013
v -0.038912 0.195971 0.016572
v -0.042375 0.195971 0.018375
v -0.033414 0.195971 0.011068
v -0.035924 0.195971 0.014059
v -0.030441 0.195971 0.003878
v -0.031615 0.195971 0.007602
v -0.030446 0.195971 -0.003902
v -0.030105 0.195971 -0.000012
v -0.033428 0.195971 -0.011088
v -0.031625 0.195971 -0.007625
v -0.038932 0.195971 -0.016586
v -0.035941 0.195971 -0.014076
v -0.046122 0.195971 -0.019559
v -0.042398 0.195971 -0.018385
v -0.053902 0.195971 -0.019554
v -0.050012 0.195971 -0.019894
v -0.061088 0.195971 -0.016572
v -0.057625 0.195971 -0.018375
v -0.066586 0.195971 -0.011068
v -0.064076 0.195971 -0.014059
v -0.069559 0.195971 -0.003878
v -0.068385 0.195971 -0.007602
v -0.069554 0.195971 0.003902
v -0.069895 0.195971 0.000012
v -0.066572 0.195971 0.011088
v -0.068375 0.195971 0.007625
v -0.061068 0.195971 0.016586
v -0.064059 0.195971 0.014076
v -0.053878 0.195971 0.019559
v -0.057602 0.195971 0.018385
v -0.046098 0.195971 0.019554
v -0.049988 0.195971 0.019894
v -0.040499 0.197285 0.014200
v -0.043467 0.197285 0.015745
v -0.035788 0.197285 0.009484
v -0.037938 0.197285 0.012047
v -0.033241 0.197285 0.003323
v -0.034247 0.197285 0.006514
v -0.033245 0.197285 -0.003344
v -0.032953 0.197285 -0.000011
v -0.035800 0.197285 -0.009501
v -0.034255 0.197285 -0.006533
v -0.040517 0.197285 -0.014212
v -0.037953 0.197285 -0.012062
v -0.046677 0.197285 -0.016760
v -0.043486 0.197285 -0.015754
v -0.053344 0.197285 -0.016755
v -0.050011 0.197285 -0.017047
v -0.059501 0.197285 -0.014200
v -0.056533 0.197285 -0.015745
v -0.064212 0.197285 -0.009484
v -0.062062 0.197285 -0.012047
v -0.066760 0.197285 -0.003323
v -0.065754 0.197285 -0.006514
v -0.066755 0.197285 0.003344
v -0.067047 0.197285 0.000011
v -0.064200 0.197285 0.009501
v -0.065745 0.197285 0.006533
v -0.059484 0.197285 0.014212
v -0.062047 0.197285 0.012062
v -0.053323 0.197285 0.016760
v -0.056514 0.197285 0.015754
v -0.046656 0.197285 0.016755
v -0.049990 0.197285 0.017047
v -0.040675 0.197829 0.013937
v -0.043588 0.197829 0.015453
v -0.036052 0.197829 0.009308
v -0.038162 0.197829 0.011823
v -0.033552 0.197829 0.003261
v -0.034539 0.197829 0.006393
v -0.033556 0.197829 -0.003282
v -0.033269 0.197829 -0.000010
v -0.036063 0.197829 -0.009325
v -0.034547 0.197829 -0.006412
v -0.040692 0.197829 -0.013948
v -0.038177 0.197829 -0.011838
v -0.046739 0.197829 -0.016448
v -0.043607 0.197829 -0.015461
v -0.053282 0.197829 -0.016444
v -0.050010 0.197829 -0.016731
v -0.059325 0.197829 -0.013937
v -0.056412 0.197829 -0.015453
v -0.063948 0.197829 -0.009307
v -0.061838 0.197829 -0.011823
v -0.066449 0.197829 -0.003261
v -0.065461 0.197829 -0.006393
v -0.066444 0.197829 0.003282
v -0.066731 0.197829 0.000010
v -0.063937 0.197829 0.009325
v -0.065453 0.197829 0.006412
v -0.059308 0.197829 0.013948
v -0.061823 0.197829 0.011838
v -0.053261 0.197829 0.016449
v -0.056393 0.197829 0.015461
v -0.046719 0.197829 0.016444
v -0.049990 0.197829 0.016731
v -0.038898 0.198463 0.011088
v -0.041255 0.198463 0.013071
v -0.035500 0.198463 0.005996
v -0.036918 0.198463 0.008729
v -0.034309 0.198463 -0.000010
v -0.034574 0.198463 0.003059
v -0.035507 0.198463 -0.006014
v -0.034577 0.198463 -0.003078
v -0.038912 0.198463 -0.011102
v -0.036929 0.198463 -0.008745
v -0.044004 0.198463 -0.014501
v -0.041271 0.198463 -0.013082
v -0.050010 0.198463 -0.015691
v -0.046941 0.198463 -0.015427
v -0.056014 0.198463 -0.014493
v -0.053078 0.198463 -0.015423
v -0.061102 0.198463 -0.011088
v -0.058745 0.198463 -0.013071
v -0.064501 0.198463 -0.005996
v -0.063082 0.198463 -0.008729
v -0.065691 0.198463 0.000010
v -0.065427 0.198463 -0.003059
v -0.064493 0.198463 0.006014
v -0.065423 0.198463 0.003078
v -0.061088 0.198463 0.011102
v -0.063071 0.198463 0.008745
v -0.055996 0.198463 0.014501
v -0.058729 0.198463 0.013082
v -0.049990 0.198463 0.015691
v -0.053059 0.198463 0.015427
v -0.039186 0.199324 0.010801
v -0.041481 0.199324 0.012732
v -0.035875 0.199324 0.005840
v -0.037257 0.199324 0.008503
v -0.034716 0.199324 -0.000010
v -0.034973 0.199324 0.002979
v -0.035883 0.199324 -0.005858
v -0.034977 0.199324 -0.002998
v -0.039199 0.199324 -0.010814
v -0.037268 0.199324 -0.008519
v -0.044160 0.199324 -0.014125
v -0.041497 0.199324 -0.012743
v -0.050010 0.199324 -0.015284
v -0.047021 0.199324 -0.015027
v -0.055858 0.199324 -0.014117
v -0.052998 0.199324 -0.015023
v -0.060815 0.199324 -0.010801
v -0.058519 0.199324 -0.012732
v -0.064125 0.199324 -0.005840
v -0.062743 0.199324 -0.008503
v -0.065284 0.199324 0.000010
v -0.065027 0.199324 -0.002979
v -0.064117 0.199324 0.005858
v -0.065023 0.199324 0.002998
v -0.060801 0.199324 0.010814
v -0.062732 0.199324 0.008519
v -0.055840 0.199324 0.014125
v -0.058503 0.199324 0.012743
v -0.049991 0.199324 0.015284
v -0.052979 0.199324 0.015027
v -0.044142 0.199324 0.014117
v -0.040474 0.200411 0.014238
v -0.043449 0.200411 0.015787
v -0.035750 0.200411 0.009509
v -0.037906 0.200411 0.012079
v -0.033196 0.200411 0.003332
v -0.034205 0.200411 0.006531
v -0.033200 0.200411 -0.003353
v -0.032908 0.200411 -0.000011
v -0.035762 0.200411 -0.009526
v -0.034213 0.200411 -0.006551
v -0.040491 0.200411 -0.014250
v -0.037922 0.200411 -0.012094
v -0.046668 0.200411 -0.016804
v -0.043469 0.200411 -0.015795
v -0.053353 0.200411 -0.016800
v -0.050011 0.200411 -0.017092
v -0.059526 0.200411 -0.014238
v -0.056551 0.200411 -0.015787
v -0.064250 0.200411 -0.009509
v -0.062094 0.200411 -0.012079
v -0.066804 0.200411 -0.003332
v -0.065795 0.200411 -0.006531
v -0.066800 0.200411 0.003353
v -0.067092 0.200411 0.000011
v -0.064238 0.200411 0.009526
v -0.065787 0.200411 0.006551
v -0.059509 0.200411 0.014250
v -0.062079 0.200411 0.012094
v -0.053332 0.200411 0.016804
v -0.056531 0.200411 0.015795
v -0.047002 0.199324 0.015023
v -0.046648 0.200411 0.016800
v -0.049989 0.200411 0.017092
v -0.040348 0.200683 0.014426
v -0.043363 0.200683 0.015996
v -0.035562 0.200683 0.009634
v -0.037747 0.200683 0.012238
v -0.032974 0.200683 0.003376
v -0.033996 0.200683 0.006618
v -0.032978 0.200683 -0.003397
v -0.032682 0.200683 -0.000011
v -0.035574 0.200683 -0.009652
v -0.034004 0.200683 -0.006637
v -0.040366 0.200683 -0.014438
v -0.037762 0.200683 -0.012253
v -0.046624 0.200683 -0.017026
v -0.043383 0.200683 -0.016004
v -0.053397 0.200683 -0.017022
v -0.050011 0.200683 -0.017318
v -0.059652 0.200683 -0.014426
v -0.056637 0.200683 -0.015996
v -0.064438 0.200683 -0.009634
v -0.062254 0.200683 -0.012238
v -0.067026 0.200683 -0.003376
v -0.066004 0.200683 -0.006617
v -0.067022 0.200683 0.003397
v -0.067318 0.200683 0.000011
v -0.064426 0.200683 0.009652
v -0.065996 0.200683 0.006637
v -0.059634 0.200683 0.014438
v -0.062238 0.200683 0.012253
v -0.053376 0.200683 0.017026
v -0.056617 0.200683 0.016004
v -0.046603 0.200683 0.017022
v -0.049989 0.200683 0.017318
v -0.040423 0.202993 0.014313
v -0.043415 0.202993 0.015871
v -0.035675 0.202993 0.009559
v -0.037842 0.202993 0.012142
v -0.033107 0.202993 0.003349
v -0.034121 0.202993 0.006566
v -0.033111 0.202993 -0.003370
v -0.032817 0.202993 -0.000011
v -0.035687 0.202993 -0.009577
v -0.034129 0.202993 -0.006585
v -0.040441 0.202993 -0.014325
v -0.037858 0.202993 -0.012158
v -0.046651 0.202993 -0.016893
v -0.043434 0.202993 -0.015879
v -0.053370 0.202993 -0.016889
v -0.050011 0.202993 -0.017183
v -0.059577 0.202993 -0.014313
v -0.056585 0.202993 -0.015871
v -0.064325 0.202993 -0.009559
v -0.062158 0.202993 -0.012142
v -0.066893 0.202993 -0.003349
v -0.065879 0.202993 -0.006566
v -0.066889 0.202993 0.003370
v -0.067183 0.202993 0.000011
v -0.064313 0.202993 0.009577
v -0.065871 0.202993 0.006585
v -0.059559 0.202993 0.014325
v -0.062142 0.202993 0.012158
v -0.053349 0.202993 0.016893
v -0.056566 0.202993 0.015879
v -0.046630 0.202993 0.016889
v -0.049989 0.202993 0.017183
v -0.040977 0.203672 0.013485
v -0.043796 0.203672 0.014952
v -0.036504 0.203672 0.009006
v -0.038546 0.203672 0.011440
v -0.034085 0.203672 0.003155
v -0.035040 0.203672 0.006186
v -0.034089 0.203672 -0.003175
v -0.033812 0.203672 -0.000010
v -0.036515 0.203672 -0.009023
v -0.035048 0.203672 -0.006204
v -0.040994 0.203672 -0.013496
v -0.038560 0.203672 -0.011454
v -0.046845 0.203672 -0.015915
v -0.043814 0.203672 -0.014960
v -0.053175 0.203672 -0.015911
v -0.050010 0.203672 -0.016188
v -0.059023 0.203672 -0.013485
v -0.056204 0.203672 -0.014952
v -0.063496 0.203672 -0.009006
v -0.061454 0.203672 -0.011440
v -0.065915 0.203672 -0.003155
v -0.064960 0.203672 -0.006186
v -0.065911 0.203672 0.003175
v -0.066188 0.203672 0.000010
v -0.063485 0.203672 0.009023
v -0.064952 0.203672 0.006204
v -0.059006 0.203672 0.013496
v -0.061440 0.203672 0.011454
v -0.053156 0.203672 0.015915
v -0.056186 0.203672 0.014960
v -0.046825 0.203672 0.015911
v -0.049990 0.203672 0.016188
v -0.041859 0.204216 0.012167
v -0.044402 0.204216 0.013491
v -0.037823 0.204216 0.008126
v -0.039665 0.204216 0.010322
v -0.035640 0.204216 0.002847
v -0.036502 0.204216 0.005581
v -0.035643 0.204216 -0.002865
v -0.035394 0.204216 -0.000009
v -0.037833 0.204216 -0.008141
v -0.036509 0.204216 -0.005598
v -0.041874 0.204216 -0.012177
v -0.039678 0.204216 -0.010335
v -0.047153 0.204216 -0.014360
v -0.044419 0.204216 -0.013498
v -0.052865 0.204216 -0.014357
v -0.050009 0.204216 -0.014607
v -0.058141 0.204216 -0.012167
v -0.055598 0.204216 -0.013491
v -0.062178 0.204216 -0.008126
v -0.060335 0.204216 -0.010322
v -0.064360 0.204216 -0.002847
v -0.063498 0.204216 -0.005581
v -0.064357 0.204216 0.002865
v -0.064607 0.204216 0.000009
v -0.062167 0.204216 0.008141
v -0.063491 0.204216 0.005598
v -0.058126 0.204216 0.012177
v -0.060322 0.204216 0.010335
v -0.052847 0.204216 0.014360
v -0.055581 0.204216 0.013498
v -0.047135 0.204216 0.014357
v -0.049991 0.204216 0.014607
v -0.043345 0.204805 0.009946
v -0.045424 0.204805 0.011028
v -0.040046 0.204805 0.006642
v -0.041552 0.204805 0.008438
v -0.038262 0.204805 0.002327
v -0.038966 0.204805 0.004562
v -0.038264 0.204805 -0.002342
v -0.038060 0.204805 -0.000007
v -0.040054 0.204805 -0.006655
v -0.038972 0.204805 -0.004576
v -0.043358 0.204805 -0.009954
v -0.041562 0.204805 -0.008448
v -0.047673 0.204805 -0.011739
v -0.045438 0.204805 -0.011034
v -0.052342 0.204805 -0.011736
v -0.050007 0.204805 -0.011940
v -0.056655 0.204805 -0.009946
v -0.054576 0.204805 -0.011028
v -0.059954 0.204805 -0.006642
v -0.058448 0.204805 -0.008438
v -0.061739 0.204805 -0.002327
v -0.061034 0.204805 -0.004562
v -0.061736 0.204805 0.002342
v -0.061940 0.204805 0.000007
v -0.059946 0.204805 0.006655
v -0.061028 0.204805 0.004576
v -0.056642 0.204805 0.009954
v -0.058438 0.204805 0.008448
v -0.052327 0.204805 0.011739
v -0.054562 0.204805 0.011034
v -0.047658 0.204805 0.011736
v -0.049993 0.204805 0.011940
v -0.043471 0.205031 0.009758
v -0.045511 0.205031 0.010819
v -0.040234 0.205031 0.006517
v -0.041712 0.205031 0.008278
v -0.038484 0.205031 0.002283
v -0.039175 0.205031 0.004476
v -0.038486 0.205031 -0.002298
v -0.038286 0.205031 -0.000007
v -0.040242 0.205031 -0.006529
v -0.039181 0.205031 -0.004490
v -0.043484 0.205031 -0.009766
v -0.041722 0.205031 -0.008288
v -0.047717 0.205031 -0.011516
v -0.045524 0.205031 -0.010825
v -0.052298 0.205031 -0.011513
v -0.050007 0.205031 -0.011714
v -0.056529 0.205031 -0.009758
v -0.054490 0.205031 -0.010819
v -0.059766 0.205031 -0.006517
v -0.058288 0.205031 -0.008278
v -0.061516 0.205031 -0.002283
v -0.060825 0.205031 -0.004476
v -0.061514 0.205031 0.002298
v -0.061714 0.205031 0.000007
v -0.059758 0.205031 0.006529
v -0.060819 0.205031 0.004490
v -0.056517 0.205031 0.009766
v -0.058278 0.205031 0.008288
v -0.052283 0.205031 0.011516
v -0.054476 0.205031 0.010825
v -0.047702 0.205031 0.011514
v -0.049993 0.205031 0.011714
v -0.043471 0.205711 0.009758
v -0.045511 0.205711 0.010819
v -0.040234 0.205711 0.006517
v -0.041712 0.205711 0.008278
v -0.038484 0.205711 0.002283
v -0.039175 0.205711 0.004476
v -0.038486 0.205711 -0.002298
v -0.038286 0.205711 -0.000007
v -0.040242 0.205711 -0.006529
v -0.039181 0.205711 -0.004490
v -0.043484 0.205711 -0.009766
v -0.041722 0.205711 -0.008288
v -0.047717 0.205711 -0.011516
v -0.045524 0.205711 -0.010825
v -0.052298 0.205711 -0.011513
v -0.050007 0.205711 -0.011714
v -0.056529 0.205711 -0.009758
v -0.054490 0.205711 -0.010819
v -0.059766 0.205711 -0.006517
v -0.058288 0.205711 -0.008278
v -0.061516 0.205711 -0.002283
v -0.060825 0.205711 -0.004476
v -0.061514 0.205711 0.002298
v -0.061714 0.205711 0.000007
v -0.059758 0.205711 0.006529
v -0.060819 0.205711 0.004490
v -0.056517 0.205711 0.009766
v -0.058278 0.205711 0.008288
v -0.052283 0.205711 0.011516
v -0.054476 0.205711 0.010825
v -0.047702 0.205711 0.011514
v -0.049993 0.205711 0.011714
v -0.043738 0.206104 0.009358
v -0.045694 0.206104 0.010377
v -0.040634 0.206104 0.006250
v -0.042051 0.206104 0.007939
v -0.038955 0.206104 0.002190
v -0.039618 0.206104 0.004293
v -0.038958 0.206104 -0.002204
v -0.038766 0.206104 -0.000007
v -0.040642 0.206104 -0.006262
v -0.039623 0.206104 -0.004306
v -0.043750 0.206104 -0.009366
v -0.042061 0.206104 -0.007949
v -0.047810 0.206104 -0.011045
v -0.045707 0.206104 -0.010382
v -0.052204 0.206104 -0.011042
v -0.050007 0.206104 -0.011234
v -0.056262 0.206104 -0.009358
v -0.054306 0.206104 -0.010377
v -0.059366 0.206104 -0.006250
v -0.057949 0.206104 -0.007939
v -0.061045 0.206104 -0.002190
v -0.060382 0.206104 -0.004293
v -0.061042 0.206104 0.002204
v -0.061235 0.206104 0.000007
v -0.059358 0.206104 0.006262
v -0.060377 0.206104 0.004306
v -0.056250 0.206104 0.009366
v -0.057939 0.206104 0.007949
v -0.052190 0.206104 0.011045
v -0.054293 0.206104 0.010382
v -0.047796 0.206104 0.011042
v -0.049993 0.206104 0.011234
v -0.044358 0.206585 0.008432
v -0.046120 0.206585 0.009350
v -0.041561 0.206585 0.005631
v -0.042838 0.206585 0.007153
v -0.040048 0.206585 0.001973
v -0.040645 0.206585 0.003868
v -0.048015 0.206585 0.009950
v -0.049994 0.206585 0.010123
v -0.043135 0.205592 0.006856
v -0.041911 0.205592 0.005397
v -0.040462 0.205592 0.001891
v -0.041034 0.205592 0.003707
v -0.048097 0.205592 0.009536
v -0.049994 0.205592 0.009702
v -0.038405 -0.000000 0.027945
v -0.033137 -0.000000 0.025203
v -0.028593 -0.000000 0.021381
v -0.024776 -0.000000 0.016832
v -0.022040 -0.000000 0.011561
v -0.020255 -0.000000 0.005898
v -0.019745 -0.000000 -0.000019
v -0.020262 -0.000000 -0.005934
v -0.022055 -0.000000 -0.011595
v -0.024797 -0.000000 -0.016863
v -0.028619 -0.000000 -0.021407
v -0.033168 -0.000000 -0.025224
v -0.038439 -0.000000 -0.027960
v -0.044102 -0.000000 -0.029745
v -0.050019 -0.000000 -0.030256
v -0.055934 -0.000000 -0.029738
v -0.061595 -0.000000 -0.027945
v -0.066863 -0.000000 -0.025203
v -0.071407 -0.000000 -0.021381
v -0.075224 -0.000000 -0.016832
v -0.077960 -0.000000 -0.011561
v -0.079745 -0.000000 -0.005898
v -0.080256 -0.000000 0.000019
v -0.079738 -0.000000 0.005934
v -0.077945 -0.000000 0.011596
v -0.075203 -0.000000 0.016863
v -0.071381 -0.000000 0.021407
v -0.066832 -0.000000 0.025224
v -0.061561 -0.000000 0.027960
v -0.055898 -0.000000 0.029745
v -0.049981 -0.000000 0.030256
v -0.044066 -0.000000 0.029738
v -0.050000 -0.000000 0.000000
v -0.050006 0.205529 -0.009191
v -0.046488 0.205529 -0.008494
v -0.048209 0.205529 -0.009036
v -0.043505 0.205529 -0.006503
v -0.044887 0.205529 -0.007663
v -0.041511 0.205529 -0.003523
v -0.042344 0.205529 -0.005123
v -0.040809 0.205529 -0.000006
v -0.040966 0.205529 -0.001803
v -0.041506 0.205529 0.003512
v -0.040964 0.205529 0.001791
v -0.043497 0.205529 0.006495
v -0.042337 0.205529 0.005113
v -0.055113 0.205529 0.007662
v -0.053512 0.205529 0.008494
v -0.057656 0.205529 0.005122
v -0.056495 0.205529 0.006503
v -0.059034 0.205529 0.001802
v -0.058489 0.205529 0.003522
v -0.059036 0.205529 -0.001792
v -0.059191 0.205529 0.000005
v -0.057663 0.205529 -0.005113
v -0.058493 0.205529 -0.003512
v -0.055122 0.205529 -0.007656
v -0.056503 0.205529 -0.006495
v -0.048197 0.205529 0.009034
v -0.048138 0.204724 0.009329
v -0.046362 0.204724 0.008767
v -0.046282 0.205592 0.008961
v -0.044710 0.204724 0.007907
v -0.043284 0.204724 0.006707
v -0.044593 0.205592 0.008082
v -0.042087 0.204724 0.005280
v -0.041228 0.204724 0.003627
v -0.040668 0.204724 0.001850
v -0.040508 0.204724 -0.000006
v -0.040671 0.204724 -0.001862
v -0.041233 0.204724 -0.003638
v -0.042093 0.204724 -0.005290
v -0.043293 0.204724 -0.006716
v -0.044720 0.204724 -0.007913
v -0.046373 0.204724 -0.008772
v -0.048150 0.204725 -0.009332
v -0.050006 0.204725 -0.009492
v -0.049994 0.204724 0.009492
v -0.049995 0.205529 0.009191
v -0.051851 0.204724 0.009332
v -0.053627 0.204724 0.008771
v -0.051792 0.205529 0.009036
v -0.055281 0.204724 0.007913
v -0.056708 0.204724 0.006716
v -0.057907 0.204724 0.005290
v -0.058767 0.204724 0.003638
v -0.059329 0.204724 0.001862
v -0.059492 0.204724 0.000006
v -0.059332 0.204724 -0.001850
v -0.058771 0.204724 -0.003627
v -0.057913 0.204725 -0.005281
v -0.056716 0.204725 -0.006708
v -0.055290 0.204725 -0.007907
v -0.053638 0.204725 -0.008767
v -0.043986 0.198463 0.014493
v -0.046922 0.198463 0.015423
v -0.035799 0.177448 0.034226
v -0.042732 0.177448 0.036421
v -0.048235 0.206280 0.008844
v -0.048204 0.215044 0.008998
v -0.048204 0.216514 0.008998
v -0.051862 0.204725 -0.009329
v -0.016016 0.129619 -0.013866
v -0.064272 0.130136 -0.034395
v -0.084395 0.130136 0.014272
v -0.035729 0.130136 0.034395
v -0.013399 0.130136 -0.007304
v -0.057304 0.130136 -0.036601
v -0.086601 0.130136 0.007304
v -0.076315 0.130136 0.026347
v -0.023653 0.130136 0.026315
v -0.025276 0.128132 -0.024777
v -0.076348 0.130136 -0.026315
v -0.081020 0.130136 0.020754
v -0.029246 0.130136 0.031020
v -0.020153 0.128659 -0.019596
v -0.070754 0.130136 -0.031020
v -0.015588 0.130136 0.014229
v -0.036181 0.129619 -0.034007
v -0.084412 0.130136 -0.014229
v -0.064229 0.130136 0.034412
v -0.018955 0.130136 0.020716
v -0.030457 0.128659 -0.029887
v -0.081045 0.130136 -0.020716
v -0.070716 0.130136 0.031045
v -0.087238 0.130136 0.000023
v -0.049977 0.130136 0.037238
v -0.042696 0.130136 0.036601
v -0.012762 0.130136 -0.000023
v -0.050023 0.130136 -0.037238
v -0.086610 0.130136 -0.007259
v -0.057259 0.130136 0.036610
v -0.013390 0.130136 0.007259
v -0.042741 0.130136 -0.036610
v -0.036162 0.062005 0.032287
v -0.015663 0.062005 -0.014248
v -0.064248 0.062005 -0.034337
v -0.013461 0.062005 -0.007291
v -0.057291 0.062005 -0.036539
v -0.024106 0.062005 0.024221
v -0.023729 0.062005 -0.026303
v -0.076515 0.062005 -0.027332
v -0.029835 0.062005 0.028190
v -0.019032 0.062005 -0.020719
v -0.070720 0.062005 -0.030968
v -0.015646 0.062005 0.014205
v -0.035795 0.062005 -0.034354
v -0.063113 0.061983 0.037875
v -0.019150 0.062005 0.019966
v -0.029319 0.062005 -0.030993
v -0.081599 0.061983 -0.024549
v -0.049977 0.062005 0.037176
v -0.042851 0.062005 0.035824
v -0.012825 0.062005 -0.000023
v -0.050023 0.062005 -0.037175
v -0.057054 0.062005 0.037512
v -0.013452 0.062005 0.007247
v -0.042754 0.062005 -0.036548
v -0.078885 0.064546 0.013692
v -0.078903 0.063174 0.013694
v -0.078869 0.063860 0.013683
v -0.082816 0.062682 0.005905
v -0.082802 0.064056 0.005901
v -0.082791 0.063369 0.005894
v -0.074231 0.063182 0.028787
v -0.074237 0.061805 0.028779
v -0.074226 0.062494 0.028786
v -0.076672 0.062685 0.021601
v -0.076658 0.064059 0.021604
v -0.076646 0.063373 0.021597
v -0.085133 0.061297 -0.018037
v -0.085136 0.062672 -0.018049
v -0.085137 0.061984 -0.018057
v -0.069766 0.062678 0.034686
v -0.069768 0.061301 0.034673
v -0.069764 0.061989 0.034694
v -0.086263 0.063174 -0.001946
v -0.086267 0.061798 -0.001940
v -0.086258 0.062486 -0.001945
v -0.087246 0.061300 -0.010025
v -0.087249 0.062676 -0.010034
v -0.087249 0.061988 -0.010040
vn -0.3213 0.9448 0.0641
vn -0.9303 0.3163 0.1857
vn -0.9490 0.3153 0.0006
vn -0.3371 0.9415 0.0002
vn -0.2723 0.9448 0.1822
vn -0.7885 0.3163 0.5275
vn -0.8765 0.3153 0.3637
vn -0.3113 0.9415 0.1292
vn -0.1818 0.9448 0.2725
vn -0.5265 0.3162 0.7891
vn -0.6706 0.3153 0.6715
vn -0.2382 0.9415 0.2385
vn -0.0637 0.9448 0.3213
vn -0.1845 0.3163 0.9306
vn -0.3626 0.3152 0.8770
vn -0.1288 0.9415 0.3115
vn 0.0002 0.9415 0.3371
vn 0.0641 0.9448 0.3213
vn 0.1857 0.3163 0.9303
vn 0.0006 0.3153 0.9490
vn 0.3637 0.3153 0.8765
vn 0.1292 0.9415 0.3114
vn 0.1822 0.9448 0.2723
vn 0.5275 0.3163 0.7885
vn -0.1944 0.1148 -0.9742
vn -0.1866 0.3016 -0.9350
vn -0.3655 0.3008 -0.8809
vn -0.3811 0.1144 -0.9174
vn 0.9740 0.1177 0.1934
vn 0.9808 -0.0090 0.1947
vn 0.9240 -0.0091 0.3822
vn 0.9177 0.1173 0.3796
vn 0.9740 0.1174 -0.1938
vn 0.9807 -0.0093 -0.1952
vn 1.0000 -0.0093 -0.0002
vn 0.9931 0.1171 -0.0002
vn 0.8258 0.1169 -0.5517
vn 0.8315 -0.0100 -0.5555
vn 0.9238 -0.0097 -0.3826
vn 0.9176 0.1167 -0.3800
vn 0.5520 0.1160 -0.8257
vn 0.5557 -0.0109 -0.8313
vn 0.7072 -0.0104 -0.7069
vn 0.7025 0.1160 -0.7022
vn 0.1938 0.1152 -0.9742
vn 0.1951 -0.0120 -0.9807
vn 0.3828 -0.0113 -0.9237
vn 0.3803 0.1151 -0.9177
vn -0.1957 -0.0126 -0.9806
vn -0.0002 -0.0119 -0.9999
vn -0.0002 0.1144 -0.9934
vn -0.1945 -0.0090 0.9809
vn -0.1931 0.1179 0.9741
vn 0.0006 0.1174 0.9931
vn 0.0006 -0.0090 1.0000
vn -0.5550 -0.0090 0.8318
vn -0.5511 0.1178 0.8261
vn -0.3794 0.1174 0.9177
vn -0.3821 -0.0090 0.9241
vn 0.8260 0.1178 0.5513
vn 0.8317 -0.0090 0.5551
vn 0.7075 -0.0090 0.7067
vn 0.7026 0.1174 0.7018
vn 0.5560 -0.0090 0.8311
vn 0.4533 0.5808 0.6761
vn 0.3070 0.5884 0.7480
vn 0.3832 -0.0090 0.9236
vn 0.6860 0.5771 0.4431
vn 0.5797 0.5796 0.5727
vn 0.8074 0.5764 0.1264
vn 0.7632 0.5755 0.2938
vn 0.7927 0.5694 -0.2179
vn 0.8198 0.5707 -0.0466
vn 0.6486 0.5502 -0.5260
vn 0.7362 0.5584 -0.3824
vn 0.4051 0.5277 -0.7466
vn 0.5327 0.5404 -0.6513
vn 0.1122 0.5094 -0.8532
vn 0.2541 0.5253 -0.8121
vn -0.1697 0.4979 -0.8505
vn -0.0427 0.5213 -0.8523
vn 0.0604 0.9938 0.0930
vn 0.0304 0.9946 0.0992
vn 0.1116 0.9926 0.0478
vn 0.0855 0.9934 0.0759
vn 0.1392 0.9896 -0.0355
vn 0.1283 0.9917 0.0123
vn 0.1289 0.9821 -0.1370
vn 0.1395 0.9864 -0.0865
vn 0.0827 0.9698 -0.2297
vn 0.1091 0.9760 -0.1883
vn 0.0117 0.9566 -0.2911
vn 0.0445 0.9624 -0.2678
vn -0.0559 0.9487 -0.3113
vn -0.0316 0.9518 -0.3051
vn -0.0622 0.9482 -0.3116
vn -0.0850 0.9495 -0.3019
vn -0.0240 0.9924 -0.1205
vn 0.5302 0.3016 0.7924
vn 0.5522 0.1179 0.8253
vn 0.3806 0.1174 0.9173
vn 0.3655 0.3008 0.8809
vn 0.3626 0.3152 -0.8770
vn 0.1288 0.9415 -0.3115
vn 0.0637 0.9448 -0.3214
vn 0.1845 0.3162 -0.9306
vn 0.6706 0.3152 -0.6715
vn 0.2382 0.9415 -0.2385
vn 0.1818 0.9448 -0.2725
vn 0.5266 0.3162 -0.7891
vn 0.8765 0.3153 -0.3637
vn 0.3113 0.9415 -0.1292
vn 0.2723 0.9448 -0.1822
vn 0.7885 0.3162 -0.5275
vn 0.9490 0.3152 -0.0006
vn 0.3371 0.9415 -0.0002
vn 0.3213 0.9448 -0.0641
vn 0.9303 0.3163 -0.1856
vn 0.8770 0.3153 0.3626
vn 0.3115 0.9415 0.1288
vn 0.3214 0.9448 0.0637
vn 0.9306 0.3163 0.1845
vn 0.6715 0.3153 0.6706
vn 0.2385 0.9415 0.2382
vn 0.2725 0.9448 0.1818
vn 0.7891 0.3163 0.5266
vn -0.8310 -0.0090 0.5562
vn -0.8252 0.1177 0.5524
vn -0.7017 0.1173 0.7028
vn -0.7065 -0.0091 0.7076
vn -0.9805 -0.0093 0.1962
vn -0.9738 0.1174 0.1948
vn -0.9172 0.1171 0.3810
vn -0.9235 -0.0093 0.3836
vn -0.9810 -0.0100 -0.1938
vn -0.9743 0.1168 -0.1924
vn -0.9932 0.1167 0.0012
vn -1.0000 -0.0097 0.0012
vn -0.8322 -0.0109 -0.5544
vn -0.8266 0.1160 -0.5506
vn -0.9182 0.1160 -0.3788
vn -0.9244 -0.0104 -0.3813
vn -0.5566 -0.0120 -0.8307
vn -0.5529 0.1152 -0.8252
vn -0.7034 0.1151 -0.7014
vn -0.7081 -0.0113 -0.7061
vn -0.3836 -0.0119 -0.9234
vn -0.1591 0.5808 0.7983
vn 0.0036 0.5884 0.8086
vn -0.4634 0.5771 0.6725
vn -0.3156 0.5796 0.7513
vn -0.6970 0.5764 0.4266
vn -0.5920 0.5755 0.5642
vn -0.8156 0.5694 0.1030
vn -0.7749 0.5707 0.2717
vn -0.8008 0.5502 -0.2368
vn -0.8266 0.5584 -0.0706
vn -0.6606 0.5277 -0.5339
vn -0.7419 0.5404 -0.3970
vn -0.4311 0.5094 -0.7447
vn -0.5464 0.5253 -0.6523
vn -0.2877 0.5213 -0.8034
vn 0.0100 0.9946 0.1033
vn -0.0201 0.9938 0.1091
vn -0.0498 0.9934 0.1029
vn -0.0847 0.9926 0.0869
vn -0.1421 0.9896 0.0206
vn -0.1138 0.9917 0.0606
vn -0.1716 0.9821 -0.0770
vn -0.1620 0.9864 -0.0263
vn -0.1645 0.9698 -0.1803
vn -0.1730 0.9760 -0.1320
vn -0.1225 0.9566 -0.2643
vn -0.1439 0.9624 -0.2302
vn -0.0879 0.9518 -0.2939
vn -0.0679 0.9487 -0.3089
vn -0.0374 0.9495 -0.3114
vn 0.0202 0.9946 0.1013
vn 0.4595 -0.5633 0.6867
vn 0.5403 -0.2364 0.8076
vn 0.3724 -0.2363 0.8975
vn 0.3165 -0.5641 0.7627
vn 0.6873 -0.5633 0.4586
vn 0.8082 -0.2364 0.5393
vn 0.6875 -0.2363 0.6867
vn 0.5842 -0.5641 0.5835
vn 0.8105 -0.5633 0.1607
vn 0.9531 -0.2364 0.1890
vn 0.8979 -0.2363 0.3713
vn 0.7631 -0.5641 0.3155
vn 0.8103 -0.5633 -0.1617
vn 0.9529 -0.2364 -0.1901
vn 0.9717 -0.2363 -0.0006
vn 0.8257 -0.5641 -0.0005
vn 0.6867 -0.5633 -0.4595
vn 0.8076 -0.2364 -0.5403
vn 0.8975 -0.2363 -0.3724
vn 0.7627 -0.5641 -0.3165
vn 0.4586 -0.5633 -0.6873
vn 0.5393 -0.2364 -0.8082
vn 0.6867 -0.2363 -0.6875
vn 0.5835 -0.5641 -0.5842
vn 0.1607 -0.5633 -0.8105
vn 0.1890 -0.2364 -0.9531
vn 0.3713 -0.2363 -0.8979
vn 0.3155 -0.5641 -0.7631
vn -0.1617 -0.5633 -0.8103
vn -0.1901 -0.2364 -0.9529
vn -0.0006 -0.2363 -0.9717
vn -0.0005 -0.5641 -0.8257
vn -0.3724 -0.2363 -0.8975
vn -0.3165 -0.5641 -0.7627
vn -0.4595 -0.5633 -0.6867
vn -0.5403 -0.2364 -0.8076
vn -0.6875 -0.2363 -0.6867
vn -0.5842 -0.5641 -0.5835
vn -0.6873 -0.5633 -0.4586
vn -0.8082 -0.2364 -0.5393
vn -0.8979 -0.2363 -0.3713
vn -0.7631 -0.5641 -0.3155
vn -0.8105 -0.5633 -0.1607
vn -0.9531 -0.2364 -0.1890
vn -0.9717 -0.2363 0.0006
vn -0.8257 -0.5641 0.0005
vn -0.8103 -0.5633 0.1617
vn -0.9529 -0.2364 0.1901
vn -0.8975 -0.2363 0.3724
vn -0.7627 -0.5641 0.3165
vn -0.6867 -0.5633 0.4595
vn -0.8076 -0.2364 0.5403
vn -0.6867 -0.2363 0.6875
vn -0.5835 -0.5641 0.5842
vn -0.4586 -0.5633 0.6873
vn -0.5393 -0.2364 0.8082
vn -0.3713 -0.2363 0.8979
vn -0.3155 -0.5641 0.7631
vn -0.1607 -0.5633 0.8105
vn -0.1890 -0.2364 0.9531
vn 0.0006 -0.2363 0.9717
vn 0.0005 -0.5641 0.8257
vn 0.1617 -0.5633 0.8103
vn 0.1901 -0.2364 0.9529
vn 0.2095 -0.9263 0.3131
vn 0.1429 -0.9279 0.3443
vn 0.3133 -0.9264 0.2091
vn 0.2638 -0.9279 0.2635
vn 0.3695 -0.9263 0.0733
vn 0.3445 -0.9279 0.1425
vn 0.3694 -0.9264 -0.0737
vn 0.3728 -0.9279 -0.0002
vn 0.3131 -0.9264 -0.2095
vn 0.3443 -0.9279 -0.1429
vn 0.2091 -0.9264 -0.3133
vn 0.2634 -0.9279 -0.2638
vn 0.0733 -0.9264 -0.3695
vn 0.1425 -0.9279 -0.3445
vn -0.0002 -0.9279 -0.3728
vn -0.0737 -0.9264 -0.3694
vn -0.1429 -0.9279 -0.3443
vn -0.2095 -0.9263 -0.3131
vn -0.2638 -0.9279 -0.2635
vn -0.3133 -0.9264 -0.2091
vn -0.3445 -0.9279 -0.1425
vn -0.3695 -0.9263 -0.0733
vn -0.3728 -0.9279 0.0002
vn -0.3694 -0.9264 0.0737
vn -0.3443 -0.9279 0.1429
vn -0.3131 -0.9263 0.2095
vn -0.2635 -0.9279 0.2638
vn -0.2091 -0.9264 0.3133
vn -0.1425 -0.9279 0.3445
vn -0.0733 -0.9264 0.3695
vn 0.0002 -0.9279 0.3728
vn 0.0737 -0.9264 0.3694
vn 0.5488 0.1609 0.8203
vn 0.3782 0.1612 0.9116
vn 0.8210 0.1609 0.5478
vn 0.6983 0.1612 0.6974
vn 0.9681 0.1609 0.1920
vn 0.9120 0.1612 0.3771
vn 0.9679 0.1609 -0.1931
vn 0.9869 0.1612 -0.0006
vn 0.8203 0.1609 -0.5488
vn 0.9116 0.1612 -0.3782
vn 0.5478 0.1609 -0.8210
vn 0.6974 0.1612 -0.6983
vn 0.1920 0.1609 -0.9681
vn 0.3771 0.1612 -0.9120
vn -0.1931 0.1609 -0.9679
vn -0.0006 0.1612 -0.9869
vn -0.3782 0.1612 -0.9116
vn -0.5488 0.1609 -0.8203
vn -0.6983 0.1612 -0.6974
vn -0.8210 0.1609 -0.5478
vn -0.9120 0.1612 -0.3771
vn -0.9681 0.1609 -0.1920
vn -0.9869 0.1612 0.0006
vn -0.9679 0.1609 0.1931
vn -0.9116 0.1612 0.3782
vn -0.8203 0.1609 0.5488
vn -0.6974 0.1612 0.6983
vn -0.5478 0.1609 0.8210
vn -0.3771 0.1612 0.9120
vn -0.1920 0.1609 0.9681
vn 0.0006 0.1612 0.9869
vn 0.1931 0.1609 0.9679
vn 0.7045 -0.0926 0.7036
vn 0.5536 -0.0934 0.8275
vn 0.9201 -0.0926 0.3805
vn 0.8282 -0.0934 0.5526
vn 0.9957 -0.0926 -0.0006
vn 0.9766 -0.0934 0.1936
vn 0.9197 -0.0926 -0.3816
vn 0.9764 -0.0934 -0.1948
vn 0.7036 -0.0926 -0.7045
vn 0.8275 -0.0934 -0.5536
vn 0.3805 -0.0926 -0.9201
vn 0.5526 -0.0934 -0.8282
vn -0.0006 -0.0926 -0.9957
vn 0.1936 -0.0934 -0.9766
vn -0.1948 -0.0934 -0.9764
vn -0.3816 -0.0926 -0.9197
vn -0.5536 -0.0934 -0.8275
vn -0.7045 -0.0926 -0.7036
vn -0.8282 -0.0934 -0.5526
vn -0.9201 -0.0926 -0.3805
vn -0.9766 -0.0934 -0.1936
vn -0.9957 -0.0926 0.0006
vn -0.9764 -0.0934 0.1948
vn -0.9197 -0.0926 0.3816
vn -0.8275 -0.0934 0.5536
vn -0.7036 -0.0926 0.7045
vn -0.5526 -0.0934 0.8282
vn -0.3805 -0.0926 0.9201
vn -0.1936 -0.0934 0.9766
vn 0.0006 -0.0926 0.9957
vn 0.5000 -0.4376 0.7473
vn 0.3446 -0.4378 0.8304
vn 0.3816 -0.0926 0.9197
vn 0.7479 -0.4376 0.4991
vn 0.6361 -0.4378 0.6354
vn 0.8820 -0.4376 0.1749
vn 0.8309 -0.4378 0.3436
vn 0.8818 -0.4376 -0.1760
vn 0.8991 -0.4378 -0.0006
vn 0.7473 -0.4376 -0.5000
vn 0.8304 -0.4378 -0.3446
vn 0.4991 -0.4376 -0.7479
vn 0.6354 -0.4378 -0.6361
vn 0.1749 -0.4376 -0.8820
vn 0.3436 -0.4378 -0.8309
vn -0.1760 -0.4376 -0.8818
vn -0.0006 -0.4378 -0.8991
vn -0.3446 -0.4378 -0.8304
vn -0.5000 -0.4376 -0.7473
vn -0.6361 -0.4378 -0.6354
vn -0.7479 -0.4376 -0.4991
vn -0.8309 -0.4378 -0.3436
vn -0.8820 -0.4376 -0.1749
vn -0.8991 -0.4378 0.0006
vn -0.8818 -0.4376 0.1760
vn -0.8304 -0.4378 0.3446
vn -0.7473 -0.4376 0.5000
vn -0.6354 -0.4378 0.6361
vn -0.4991 -0.4376 0.7479
vn -0.3436 -0.4378 0.8309
vn -0.1749 -0.4376 0.8820
vn 0.0006 -0.4378 0.8991
vn 0.1948 -0.0934 0.9764
vn 0.1760 -0.4376 0.8818
vn 0.5517 -0.1259 0.8245
vn 0.3802 -0.1260 0.9163
vn 0.8252 -0.1259 0.5506
vn 0.7019 -0.1260 0.7010
vn 0.9731 -0.1259 0.1929
vn 0.9168 -0.1260 0.3791
vn 0.9729 -0.1259 -0.1941
vn 0.9920 -0.1260 -0.0006
vn 0.8245 -0.1259 -0.5517
vn 0.9163 -0.1260 -0.3802
vn 0.5506 -0.1259 -0.8252
vn 0.7010 -0.1260 -0.7019
vn 0.1929 -0.1259 -0.9731
vn 0.3791 -0.1260 -0.9168
vn -0.1941 -0.1259 -0.9729
vn -0.0006 -0.1260 -0.9920
vn -0.3802 -0.1260 -0.9163
vn -0.5517 -0.1259 -0.8245
vn -0.7019 -0.1260 -0.7010
vn -0.8252 -0.1259 -0.5506
vn -0.9168 -0.1260 -0.3791
vn -0.9731 -0.1259 -0.1929
vn -0.9920 -0.1260 0.0006
vn -0.9729 -0.1259 0.1941
vn -0.9163 -0.1260 0.3802
vn -0.8245 -0.1259 0.5517
vn -0.7010 -0.1260 0.7019
vn -0.5506 -0.1259 0.8252
vn -0.3791 -0.1260 0.9168
vn -0.1929 -0.1259 0.9731
vn 0.0006 -0.1260 0.9920
vn 0.1941 -0.1259 0.9729
vn 0.5464 0.1853 0.8167
vn 0.3766 0.1853 0.9076
vn 0.8174 0.1854 0.5454
vn 0.6953 0.1854 0.6944
vn 0.9639 0.1853 0.1911
vn 0.9081 0.1853 0.3755
vn 0.9637 0.1853 -0.1923
vn 0.9827 0.1853 -0.0006
vn 0.8167 0.1853 -0.5464
vn 0.9076 0.1854 -0.3766
vn 0.5454 0.1854 -0.8174
vn 0.6944 0.1853 -0.6953
vn 0.1911 0.1853 -0.9639
vn 0.3755 0.1853 -0.9081
vn -0.1923 0.1853 -0.9637
vn -0.0006 0.1853 -0.9827
vn -0.3766 0.1853 -0.9076
vn -0.5464 0.1853 -0.8167
vn -0.6953 0.1854 -0.6944
vn -0.8174 0.1854 -0.5454
vn -0.9081 0.1854 -0.3755
vn -0.9639 0.1853 -0.1911
vn -0.9827 0.1854 0.0006
vn -0.9637 0.1854 0.1923
vn -0.9076 0.1854 0.3766
vn -0.8167 0.1853 0.5464
vn -0.6944 0.1853 0.6953
vn -0.5454 0.1853 0.8174
vn -0.3755 0.1853 0.9081
vn -0.1911 0.1853 0.9639
vn 0.0006 0.1853 0.9827
vn 0.1923 0.1853 0.9637
vn 0.5072 0.4099 0.7581
vn 0.3496 0.4096 0.8426
vn 0.7587 0.4099 0.5063
vn 0.6455 0.4096 0.6447
vn 0.8947 0.4099 0.1774
vn 0.8430 0.4096 0.3486
vn 0.8945 0.4099 -0.1785
vn 0.9123 0.4096 -0.0006
vn 0.7581 0.4099 -0.5072
vn 0.8426 0.4096 -0.3496
vn 0.5063 0.4099 -0.7587
vn 0.6447 0.4096 -0.6455
vn 0.1774 0.4099 -0.8947
vn 0.3486 0.4096 -0.8430
vn -0.1785 0.4099 -0.8945
vn -0.0006 0.4096 -0.9123
vn -0.3496 0.4096 -0.8426
vn -0.5072 0.4099 -0.7581
vn -0.6455 0.4096 -0.6447
vn -0.7587 0.4099 -0.5063
vn -0.8430 0.4096 -0.3486
vn -0.8947 0.4099 -0.1774
vn -0.9123 0.4096 0.0006
vn -0.8945 0.4099 0.1785
vn -0.8426 0.4096 0.3496
vn -0.7581 0.4099 0.5072
vn -0.6447 0.4096 0.6455
vn -0.5063 0.4099 0.7587
vn -0.3486 0.4096 0.8430
vn -0.1774 0.4099 0.8947
vn 0.0006 0.4096 0.9123
vn 0.1785 0.4099 0.8945
vn 0.6839 0.2563 0.6831
vn 0.5374 0.2577 0.8030
vn 0.8932 0.2563 0.3694
vn 0.8037 0.2577 0.5363
vn 0.9666 0.2563 -0.0006
vn 0.9478 0.2577 0.1879
vn 0.8928 0.2563 -0.3704
vn 0.9475 0.2577 -0.1891
vn 0.6831 0.2563 -0.6839
vn 0.8031 0.2577 -0.5373
vn 0.3694 0.2563 -0.8932
vn 0.5363 0.2577 -0.8037
vn -0.0006 0.2563 -0.9666
vn 0.1879 0.2577 -0.9478
vn -0.1891 0.2577 -0.9475
vn -0.3704 0.2563 -0.8928
vn -0.5234 0.2549 -0.8131
vn -0.6432 0.2430 -0.7261
vn -0.7848 0.2357 -0.5732
vn -0.9003 0.2358 -0.3659
vn -0.9554 0.2555 -0.1481
vn -0.9612 0.2701 0.0559
vn -0.9146 0.3104 0.2592
vn -0.8888 0.2921 0.3532
vn -0.8334 0.2738 0.4800
vn -0.7403 0.2456 0.6258
vn -0.5593 0.2353 0.7949
vn -0.3302 0.2323 0.9149
vn -0.1304 0.2444 0.9609
vn 0.0174 0.2536 0.9671
vn 0.9241 -0.0009 0.3821
vn 0.9138 0.1489 0.3779
vn 0.8225 0.1489 0.5489
vn 0.8318 -0.0009 0.5551
vn 1.0000 -0.0009 -0.0006
vn 0.9889 0.1489 -0.0006
vn 0.9700 0.1489 0.1923
vn 0.9809 -0.0009 0.1945
vn 0.9018 0.0024 -0.4320
vn 0.9036 0.1420 -0.4042
vn 0.9681 0.1476 -0.2024
vn 0.9770 -0.0003 -0.2132
vn 0.7066 0.0158 -0.7075
vn 0.7008 0.1288 -0.7016
vn 0.8079 0.1331 -0.5741
vn 0.7986 0.0099 -0.6017
vn 0.4307 0.0024 -0.9025
vn 0.4029 0.1420 -0.9041
vn 0.5731 0.1332 -0.8086
vn 0.6006 0.0100 -0.7995
vn -0.0006 -0.0009 -1.0000
vn -0.0006 0.1489 -0.9889
vn 0.2012 0.1476 -0.9684
vn 0.2119 -0.0009 -0.9773
vn -0.1957 -0.0009 -0.9807
vn -0.3832 -0.0009 -0.9237
vn -0.5278 -0.0017 -0.8494
vn -0.6210 -0.0049 -0.7838
vn -0.9281 -0.0340 -0.3707
vn -0.9949 -0.0103 -0.1008
vn -0.9280 0.0676 0.3663
vn -0.9306 0.0500 0.3625
vn -0.8440 0.0094 0.5362
vn -0.6142 -0.0330 0.7884
vn -0.9878 -0.0000 -0.1560
vn -0.9951 0.0051 -0.0985
vn -0.9784 -0.0151 0.2060
vn -0.9970 -0.0292 0.0722
vn 0.7075 -0.0009 0.7067
vn 0.6997 0.1488 0.6988
vn 0.5499 0.1489 0.8219
vn 0.5561 -0.0009 0.8311
vn -0.0798 -0.0049 0.9968
vn 0.0584 -0.0006 0.9983
vn 0.3790 0.1489 0.9133
vn 0.3833 -0.0009 0.9236
vn -0.1935 0.1489 -0.9697
vn 0.1891 0.2577 0.9475
vn 0.2647 0.0060 0.9643
vn -0.7766 -0.0081 -0.6299
vn -0.8081 0.0161 -0.5888
vn -0.9286 0.0207 -0.3706
vn -0.9259 0.0141 -0.3774
vn -0.8663 -0.0096 0.4994
vn -0.9313 -0.0335 0.3627
vn -0.8475 -0.0065 0.5308
vn -0.7705 -0.0063 0.6374
vn -0.9261 -0.0373 0.3754
vn -0.9686 -0.0395 0.2456
vn -0.9319 -0.0055 -0.3626
vn 0.5333 0.6571 0.5327
vn 0.4203 0.6548 0.6282
vn 0.6965 0.6572 0.2880
vn 0.6287 0.6548 0.4195
vn 0.7537 0.6572 -0.0005
vn 0.7413 0.6548 0.1470
vn 0.6962 0.6572 -0.2889
vn 0.7412 0.6548 -0.1479
vn 0.5327 0.6572 -0.5333
vn 0.6282 0.6548 -0.4203
vn 0.2880 0.6572 -0.6965
vn 0.4195 0.6548 -0.6287
vn -0.0005 0.6572 -0.7537
vn 0.1470 0.6548 -0.7414
vn -0.1479 0.6548 -0.7412
vn -0.3790 0.1489 -0.9133
vn -0.2889 0.6572 -0.6962
vn -0.4203 0.6548 -0.6282
vn -0.5499 0.1489 -0.8219
vn -0.6997 0.1489 -0.6988
vn -0.5333 0.6572 -0.5327
vn -0.6287 0.6548 -0.4195
vn -0.8225 0.1489 -0.5489
vn -0.9138 0.1489 -0.3779
vn -0.6965 0.6572 -0.2880
vn -0.7413 0.6548 -0.1470
vn -0.9700 0.1489 -0.1923
vn -0.9889 0.1489 0.0006
vn -0.7537 0.6572 0.0005
vn -0.7412 0.6548 0.1479
vn -0.9697 0.1489 0.1935
vn -0.9134 0.1488 0.3790
vn -0.6962 0.6571 0.2889
vn -0.6282 0.6548 0.4203
vn -0.8219 0.1488 0.5499
vn -0.6988 0.1489 0.6997
vn -0.5326 0.6572 0.5333
vn -0.4195 0.6548 0.6287
vn -0.5489 0.1489 0.8225
vn -0.3779 0.1489 0.9138
vn -0.2880 0.6572 0.6965
vn -0.1470 0.6548 0.7414
vn -0.1923 0.1489 0.9700
vn 0.0006 0.1489 0.9889
vn 0.0005 0.6572 0.7537
vn 0.3931 0.8314 0.3927
vn 0.3075 0.8332 0.4595
vn 0.5135 0.8314 0.2123
vn 0.4599 0.8332 0.3069
vn 0.5556 0.8314 -0.0003
vn 0.5423 0.8333 0.1075
vn 0.5132 0.8314 -0.2129
vn 0.5422 0.8333 -0.1082
vn 0.3927 0.8314 -0.3931
vn 0.4595 0.8332 -0.3075
vn 0.2123 0.8314 -0.5135
vn 0.3069 0.8332 -0.4599
vn -0.0003 0.8314 -0.5556
vn 0.1075 0.8332 -0.5424
vn -0.2130 0.8314 -0.5132
vn -0.1082 0.8332 -0.5422
vn -0.3075 0.8332 -0.4595
vn -0.3931 0.8314 -0.3927
vn -0.4599 0.8332 -0.3069
vn -0.5135 0.8314 -0.2123
vn -0.5423 0.8332 -0.1075
vn -0.5556 0.8314 0.0003
vn -0.5422 0.8332 0.1082
vn -0.5132 0.8314 0.2129
vn -0.4595 0.8332 0.3075
vn -0.3927 0.8314 0.3931
vn -0.3069 0.8332 0.4599
vn -0.2123 0.8314 0.5135
vn -0.1075 0.8332 0.5423
vn 0.0003 0.8314 0.5556
vn 0.4543 0.5767 0.6790
vn 0.3136 0.5747 0.7559
vn 0.2130 0.8314 0.5132
vn 0.6795 0.5767 0.4535
vn 0.5790 0.5747 0.5783
vn 0.8013 0.5767 0.1589
vn 0.7563 0.5747 0.3127
vn 0.8011 0.5767 -0.1599
vn 0.8184 0.5747 -0.0005
vn 0.6790 0.5767 -0.4543
vn 0.7559 0.5747 -0.3137
vn 0.4534 0.5767 -0.6795
vn 0.5783 0.5747 -0.5790
vn 0.1589 0.5767 -0.8013
vn 0.3127 0.5747 -0.7563
vn -0.1599 0.5767 -0.8011
vn -0.0005 0.5747 -0.8184
vn -0.3136 0.5747 -0.7559
vn -0.4543 0.5767 -0.6790
vn -0.5790 0.5747 -0.5783
vn -0.6795 0.5767 -0.4534
vn -0.7563 0.5747 -0.3127
vn -0.8013 0.5767 -0.1589
vn -0.8184 0.5747 0.0005
vn -0.8012 0.5767 0.1599
vn -0.7559 0.5747 0.3137
vn -0.6790 0.5767 0.4543
vn -0.5783 0.5747 0.5790
vn -0.4535 0.5767 0.6795
vn -0.3127 0.5747 0.7563
vn -0.1589 0.5767 0.8013
vn 0.0005 0.5747 0.8184
vn 0.1082 0.8332 0.5422
vn 0.1599 0.5767 0.8011
vn 0.5447 0.2013 0.8141
vn 0.3755 0.2002 0.9049
vn 0.8148 0.2013 0.5437
vn 0.6932 0.2002 0.6924
vn 0.9608 0.2013 0.1905
vn 0.9054 0.2002 0.3744
vn 0.9606 0.2013 -0.1917
vn 0.9798 0.2002 -0.0006
vn 0.8141 0.2013 -0.5447
vn 0.9049 0.2002 -0.3755
vn 0.5437 0.2013 -0.8148
vn 0.6924 0.2002 -0.6932
vn 0.1905 0.2013 -0.9608
vn 0.3744 0.2002 -0.9054
vn -0.1917 0.2013 -0.9606
vn -0.0006 0.2002 -0.9798
vn -0.3755 0.2002 -0.9049
vn -0.5447 0.2013 -0.8141
vn -0.6932 0.2002 -0.6924
vn -0.8148 0.2013 -0.5437
vn -0.9054 0.2002 -0.3744
vn -0.9608 0.2013 -0.1905
vn -0.9798 0.2002 0.0006
vn -0.9606 0.2013 0.1917
vn -0.9049 0.2002 0.3755
vn -0.8141 0.2013 0.5447
vn -0.6924 0.2002 0.6932
vn -0.5437 0.2013 0.8148
vn -0.3744 0.2002 0.9054
vn -0.1905 0.2013 0.9608
vn 0.1917 0.2013 0.9606
vn 0.0006 0.2002 0.9798
vn 0.5393 -0.6473 0.5387
vn 0.4216 -0.6521 0.6301
vn 0.7044 -0.6473 0.2913
vn 0.6306 -0.6521 0.4208
vn 0.7623 -0.6473 -0.0005
vn 0.7436 -0.6521 0.1474
vn 0.7041 -0.6473 -0.2921
vn 0.7435 -0.6521 -0.1484
vn 0.5387 -0.6473 -0.5393
vn 0.6301 -0.6521 -0.4216
vn 0.2913 -0.6473 -0.7044
vn 0.4208 -0.6521 -0.6306
vn -0.0005 -0.6473 -0.7623
vn 0.1474 -0.6521 -0.7436
vn -0.1484 -0.6521 -0.7435
vn -0.2921 -0.6473 -0.7041
vn -0.4216 -0.6521 -0.6301
vn -0.5393 -0.6472 -0.5387
vn -0.6306 -0.6521 -0.4208
vn -0.7044 -0.6473 -0.2913
vn -0.7436 -0.6521 -0.1474
vn -0.7623 -0.6473 0.0005
vn -0.7435 -0.6521 0.1484
vn -0.7041 -0.6473 0.2921
vn -0.6301 -0.6521 0.4216
vn -0.5387 -0.6473 0.5393
vn -0.4208 -0.6521 0.6306
vn -0.2913 -0.6473 0.7044
vn -0.1474 -0.6521 0.7436
vn 0.0005 -0.6473 0.7623
vn 0.3765 -0.7359 0.5628
vn 0.2583 -0.7387 0.6226
vn 0.2921 -0.6473 0.7041
vn 0.5632 -0.7359 0.3758
vn 0.4769 -0.7387 0.4763
vn 0.6642 -0.7359 0.1317
vn 0.6229 -0.7387 0.2576
vn 0.6640 -0.7359 -0.1325
vn 0.6740 -0.7387 -0.0004
vn 0.5628 -0.7359 -0.3765
vn 0.6226 -0.7387 -0.2583
vn 0.3759 -0.7359 -0.5633
vn 0.4763 -0.7387 -0.4769
vn 0.1317 -0.7359 -0.6642
vn 0.2576 -0.7387 -0.6229
vn -0.1325 -0.7359 -0.6640
vn -0.0004 -0.7387 -0.6740
vn -0.2583 -0.7387 -0.6226
vn -0.3765 -0.7359 -0.5628
vn -0.4769 -0.7387 -0.4763
vn -0.5632 -0.7359 -0.3759
vn -0.6229 -0.7387 -0.2576
vn -0.6642 -0.7359 -0.1317
vn -0.6740 -0.7387 0.0004
vn -0.6640 -0.7359 0.1325
vn -0.6226 -0.7387 0.2583
vn -0.5628 -0.7358 0.3765
vn -0.4763 -0.7387 0.4769
vn -0.3759 -0.7359 0.5633
vn -0.2576 -0.7387 0.6229
vn -0.1317 -0.7359 0.6642
vn 0.1484 -0.6521 0.7435
vn 0.1325 -0.7359 0.6640
vn 0.0004 -0.7387 0.6740
vn 0.7066 -0.0506 0.7058
vn 0.5554 -0.0505 0.8301
vn 0.9229 -0.0506 0.3816
vn 0.8307 -0.0505 0.5544
vn 0.9987 -0.0506 -0.0006
vn 0.9797 -0.0505 0.1942
vn 0.9225 -0.0506 -0.3828
vn 0.9794 -0.0505 -0.1954
vn 0.7058 -0.0506 -0.7066
vn 0.8301 -0.0505 -0.5554
vn 0.3816 -0.0506 -0.9229
vn 0.5543 -0.0505 -0.8308
vn -0.0006 -0.0506 -0.9987
vn 0.1942 -0.0505 -0.9797
vn -0.1954 -0.0505 -0.9794
vn -0.3828 -0.0506 -0.9225
vn -0.5554 -0.0505 -0.8301
vn -0.7066 -0.0506 -0.7058
vn -0.8308 -0.0505 -0.5544
vn -0.9229 -0.0506 -0.3816
vn -0.9797 -0.0505 -0.1942
vn -0.9987 -0.0506 0.0006
vn -0.9794 -0.0505 0.1954
vn -0.9225 -0.0506 0.3828
vn -0.8301 -0.0505 0.5554
vn -0.7058 -0.0506 0.7066
vn -0.5544 -0.0505 0.8307
vn -0.3816 -0.0506 0.9229
vn -0.1942 -0.0505 0.9797
vn 0.0006 -0.0506 0.9987
vn 0.5722 0.5883 0.5715
vn 0.4504 0.5864 0.6732
vn 0.7473 0.5883 0.3090
vn 0.6738 0.5864 0.4496
vn 0.8087 0.5883 -0.0005
vn 0.7945 0.5864 0.1575
vn 0.7469 0.5883 -0.3099
vn 0.7943 0.5864 -0.1585
vn 0.5715 0.5882 -0.5722
vn 0.6732 0.5864 -0.4504
vn 0.3090 0.5882 -0.7473
vn 0.4496 0.5864 -0.6738
vn -0.0005 0.5883 -0.8087
vn 0.1575 0.5864 -0.7945
vn -0.1585 0.5864 -0.7944
vn -0.3099 0.5883 -0.7469
vn -0.4504 0.5864 -0.6732
vn -0.5722 0.5883 -0.5715
vn -0.6738 0.5864 -0.4496
vn -0.7473 0.5883 -0.3090
vn -0.7945 0.5864 -0.1575
vn -0.8087 0.5883 0.0005
vn -0.7944 0.5864 0.1585
vn -0.7469 0.5883 0.3099
vn -0.6732 0.5864 0.4504
vn -0.5715 0.5882 0.5722
vn -0.4496 0.5864 0.6738
vn -0.3090 0.5882 0.7473
vn -0.1575 0.5864 0.7945
vn 0.0005 0.5883 0.8087
vn 0.3828 -0.0506 0.9225
vn 0.1954 -0.0505 0.9794
vn 0.2083 0.9272 0.3114
vn 0.1430 0.9278 0.3446
vn 0.3099 0.5883 0.7469
vn 0.3116 0.9272 0.2079
vn 0.2640 0.9278 0.2636
vn 0.3675 0.9272 0.0729
vn 0.3448 0.9278 0.1426
vn 0.3674 0.9272 -0.0733
vn 0.3731 0.9278 -0.0002
vn 0.3113 0.9272 -0.2083
vn 0.3446 0.9278 -0.1430
vn 0.2079 0.9272 -0.3116
vn 0.2636 0.9278 -0.2640
vn 0.0729 0.9272 -0.3675
vn 0.1426 0.9278 -0.3448
vn -0.0733 0.9272 -0.3674
vn -0.0002 0.9278 -0.3731
vn -0.1430 0.9278 -0.3446
vn -0.2083 0.9272 -0.3114
vn -0.2640 0.9278 -0.2636
vn -0.3116 0.9272 -0.2079
vn -0.3448 0.9278 -0.1426
vn -0.3675 0.9272 -0.0729
vn -0.3731 0.9278 0.0002
vn -0.3674 0.9272 0.0733
vn -0.3446 0.9278 0.1430
vn -0.3114 0.9272 0.2083
vn -0.2636 0.9278 0.2640
vn -0.2079 0.9272 0.3116
vn -0.1426 0.9278 0.3448
vn -0.0729 0.9272 0.3675
vn 0.0733 0.9272 0.3674
vn 0.0002 0.9278 0.3731
vn 0.1585 0.5864 0.7944
vn 0.4211 0.8036 0.4205
vn 0.3282 0.8073 0.4905
vn 0.5499 0.8036 0.2274
vn 0.4909 0.8073 0.3276
vn 0.5951 0.8036 -0.0004
vn 0.5789 0.8073 0.1148
vn 0.5497 0.8036 -0.2281
vn 0.5788 0.8073 -0.1155
vn 0.4205 0.8036 -0.4211
vn 0.4905 0.8073 -0.3282
vn 0.2274 0.8036 -0.5500
vn 0.3276 0.8072 -0.4909
vn -0.0004 0.8036 -0.5951
vn 0.1148 0.8072 -0.5789
vn -0.2281 0.8036 -0.5497
vn -0.1155 0.8073 -0.5788
vn -0.4211 0.8036 -0.4205
vn -0.3282 0.8073 -0.4905
vn -0.4909 0.8073 -0.3276
vn -0.5499 0.8036 -0.2274
vn -0.5789 0.8072 -0.1148
vn -0.5951 0.8036 0.0004
vn -0.5788 0.8072 0.1155
vn -0.5497 0.8036 0.2281
vn -0.4905 0.8073 0.3282
vn -0.4205 0.8036 0.4211
vn -0.2274 0.8036 0.5500
vn -0.3276 0.8072 0.4909
vn 0.0004 0.8036 0.5951
vn -0.1148 0.8072 0.5789
vn 0.4733 0.5250 0.7074
vn 0.3262 0.5248 0.7862
vn 0.2281 0.8036 0.5497
vn 0.7080 0.5250 0.4724
vn 0.6023 0.5248 0.6015
vn 0.8349 0.5250 0.1655
vn 0.7866 0.5248 0.3253
vn 0.8347 0.5250 -0.1666
vn 0.8512 0.5248 -0.0005
vn 0.7074 0.5250 -0.4733
vn 0.7862 0.5248 -0.3262
vn 0.4724 0.5250 -0.7080
vn 0.6015 0.5248 -0.6023
vn 0.1655 0.5250 -0.8349
vn 0.3253 0.5248 -0.7866
vn -0.1666 0.5250 -0.8347
vn -0.0005 0.5248 -0.8512
vn -0.3262 0.5248 -0.7862
vn -0.4733 0.5250 -0.7074
vn -0.6023 0.5248 -0.6015
vn -0.7080 0.5250 -0.4724
vn -0.7866 0.5248 -0.3253
vn -0.8349 0.5250 -0.1655
vn -0.8512 0.5248 0.0005
vn -0.8347 0.5250 0.1666
vn -0.7862 0.5248 0.3262
vn -0.7074 0.5250 0.4733
vn -0.6015 0.5248 0.6023
vn -0.4724 0.5250 0.7080
vn -0.3253 0.5248 0.7866
vn -0.1655 0.5250 0.8349
vn 0.1666 0.5250 0.8347
vn 0.0005 0.5248 0.8512
vn 0.1155 0.8073 0.5788
vn 0.4032 0.6887 0.6026
vn 0.2779 0.6887 0.6697
vn 0.6031 0.6887 0.4024
vn 0.5130 0.6887 0.5124
vn 0.7112 0.6887 0.1410
vn 0.6701 0.6887 0.2771
vn 0.7110 0.6887 -0.1419
vn 0.7251 0.6887 -0.0004
vn 0.6026 0.6887 -0.4032
vn 0.6697 0.6887 -0.2779
vn 0.4024 0.6887 -0.6031
vn 0.5124 0.6887 -0.5130
vn 0.1410 0.6887 -0.7112
vn 0.2771 0.6887 -0.6701
vn -0.1419 0.6887 -0.7110
vn -0.0004 0.6887 -0.7251
vn -0.4032 0.6887 -0.6026
vn -0.2779 0.6887 -0.6697
vn -0.5130 0.6887 -0.5124
vn -0.6031 0.6887 -0.4024
vn -0.6701 0.6887 -0.2771
vn -0.7112 0.6887 -0.1410
vn -0.7251 0.6887 0.0004
vn -0.7110 0.6887 0.1419
vn -0.6697 0.6887 0.2779
vn -0.6026 0.6887 0.4032
vn -0.5124 0.6887 0.5130
vn -0.4024 0.6887 0.6031
vn -0.2771 0.6887 0.6701
vn -0.1410 0.6887 0.7112
vn 0.1419 0.6887 0.7110
vn 0.0004 0.6887 0.7251
vn 0.3275 0.8081 0.4895
vn 0.2258 0.8081 0.5441
vn 0.4899 0.8082 0.3269
vn 0.4168 0.8081 0.4163
vn 0.5777 0.8081 0.1146
vn 0.5444 0.8081 0.2251
vn 0.5776 0.8081 -0.1153
vn 0.5891 0.8081 -0.0004
vn 0.4895 0.8082 -0.3275
vn 0.5441 0.8081 -0.2258
vn 0.3269 0.8081 -0.4899
vn 0.4163 0.8081 -0.4168
vn 0.1145 0.8081 -0.5777
vn 0.2251 0.8081 -0.5444
vn -0.1153 0.8081 -0.5776
vn -0.0004 0.8081 -0.5891
vn -0.3275 0.8081 -0.4895
vn -0.2258 0.8081 -0.5441
vn -0.4168 0.8081 -0.4163
vn -0.4899 0.8082 -0.3269
vn -0.5444 0.8081 -0.2251
vn -0.5777 0.8081 -0.1146
vn -0.5891 0.8081 0.0004
vn -0.5776 0.8081 0.1153
vn -0.5441 0.8081 0.2258
vn -0.4895 0.8082 0.3275
vn -0.4163 0.8081 0.4168
vn -0.3269 0.8081 0.4899
vn -0.2251 0.8081 0.5444
vn -0.1145 0.8081 0.5777
vn 0.1153 0.8081 0.5776
vn 0.0004 0.8081 0.5891
vn 0.2630 0.8811 0.3931
vn 0.1813 0.8810 0.4370
vn 0.3934 0.8811 0.2625
vn 0.3348 0.8810 0.3343
vn 0.4639 0.8811 0.0920
vn 0.4372 0.8810 0.1808
vn 0.4638 0.8811 -0.0926
vn 0.4731 0.8810 -0.0003
vn 0.3931 0.8811 -0.2630
vn 0.4370 0.8810 -0.1813
vn 0.2625 0.8811 -0.3934
vn 0.3343 0.8810 -0.3348
vn 0.0920 0.8811 -0.4639
vn 0.1808 0.8810 -0.4372
vn -0.0926 0.8811 -0.4638
vn -0.0003 0.8810 -0.4731
vn -0.2630 0.8811 -0.3931
vn -0.1813 0.8810 -0.4370
vn -0.3348 0.8810 -0.3343
vn -0.3934 0.8811 -0.2625
vn -0.4372 0.8810 -0.1808
vn -0.4639 0.8811 -0.0920
vn -0.4731 0.8810 0.0003
vn -0.4638 0.8811 0.0926
vn -0.4370 0.8810 0.1813
vn -0.3931 0.8811 0.2630
vn -0.3343 0.8810 0.3348
vn -0.2625 0.8811 0.3934
vn -0.0920 0.8811 0.4639
vn -0.1808 0.8810 0.4372
vn 0.0926 0.8811 0.4638
vn 0.0003 0.8810 0.4731
vn 0.3672 0.7510 0.5488
vn 0.2543 0.7482 0.6129
vn 0.5492 0.7510 0.3665
vn 0.4695 0.7482 0.4689
vn 0.6477 0.7510 0.1284
vn 0.6132 0.7482 0.2535
vn 0.6475 0.7510 -0.1292
vn 0.6635 0.7482 -0.0004
vn 0.5488 0.7510 -0.3672
vn 0.6129 0.7481 -0.2543
vn 0.3665 0.7510 -0.5492
vn 0.4689 0.7482 -0.4694
vn 0.1284 0.7510 -0.6477
vn 0.2535 0.7482 -0.6132
vn -0.1292 0.7510 -0.6475
vn -0.0004 0.7482 -0.6635
vn -0.3672 0.7510 -0.5488
vn -0.2543 0.7482 -0.6129
vn -0.4695 0.7482 -0.4689
vn -0.5492 0.7510 -0.3665
vn -0.6132 0.7482 -0.2535
vn -0.6477 0.7510 -0.1284
vn -0.6635 0.7482 0.0004
vn -0.6475 0.7510 0.1292
vn -0.6129 0.7482 0.2543
vn -0.5488 0.7510 0.3672
vn -0.4689 0.7482 0.4695
vn -0.3665 0.7510 0.5492
vn -0.1284 0.7510 0.6477
vn -0.2535 0.7482 0.6132
vn 0.1292 0.7510 0.6475
vn 0.0004 0.7482 0.6635
vn 0.4014 0.6920 0.6000
vn 0.2763 0.6931 0.6658
vn 0.6005 0.6920 0.4007
vn 0.5101 0.6931 0.5094
vn 0.7081 0.6920 0.1404
vn 0.6662 0.6930 0.2755
vn 0.7079 0.6920 -0.1413
vn 0.7209 0.6930 -0.0005
vn 0.6000 0.6920 -0.4014
vn 0.6659 0.6930 -0.2763
vn 0.4007 0.6920 -0.6005
vn 0.5094 0.6931 -0.5100
vn 0.1404 0.6920 -0.7081
vn 0.2755 0.6930 -0.6662
vn -0.1413 0.6920 -0.7079
vn -0.0004 0.6931 -0.7209
vn -0.2763 0.6931 -0.6658
vn -0.4014 0.6920 -0.6000
vn -0.5101 0.6931 -0.5094
vn -0.6005 0.6920 -0.4007
vn -0.6662 0.6930 -0.2755
vn -0.7081 0.6920 -0.1404
vn -0.7209 0.6930 0.0005
vn -0.7079 0.6920 0.1413
vn -0.6658 0.6931 0.2763
vn -0.6000 0.6920 0.4014
vn -0.5094 0.6931 0.5101
vn -0.4007 0.6920 0.6005
vn -0.2755 0.6931 0.6662
vn -0.1404 0.6920 0.7081
vn 0.0004 0.6931 0.7209
vn 0.1413 0.6920 0.7079
vn 0.5211 0.6765 0.5204
vn 0.4081 0.6793 0.6099
vn 0.6806 0.6765 0.2814
vn 0.6104 0.6793 0.4073
vn 0.7365 0.6765 -0.0005
vn 0.7198 0.6793 0.1427
vn 0.6802 0.6765 -0.2822
vn 0.7196 0.6793 -0.1436
vn 0.5204 0.6765 -0.5211
vn 0.6099 0.6793 -0.4081
vn 0.2814 0.6765 -0.6806
vn 0.4073 0.6793 -0.6104
vn -0.0005 0.6765 -0.7364
vn 0.1427 0.6793 -0.7198
vn -0.2823 0.6765 -0.6802
vn -0.1436 0.6793 -0.7196
vn -0.4081 0.6793 -0.6099
vn -0.5211 0.6765 -0.5204
vn -0.6104 0.6793 -0.4073
vn -0.6806 0.6765 -0.2814
vn -0.7198 0.6793 -0.1427
vn -0.7364 0.6765 0.0005
vn -0.7196 0.6793 0.1436
vn -0.6802 0.6765 0.2823
vn -0.6099 0.6793 0.4081
vn -0.5204 0.6765 0.5211
vn -0.4073 0.6793 0.6104
vn -0.2814 0.6765 0.6806
vn 0.0005 0.6765 0.7364
vn -0.1427 0.6793 0.7198
vn 0.6748 -0.3005 0.6740
vn 0.5298 -0.3037 0.7919
vn 0.8814 -0.3005 0.3644
vn 0.7925 -0.3037 0.5288
vn 0.9538 -0.3005 -0.0006
vn 0.9346 -0.3036 0.1853
vn 0.8810 -0.3005 -0.3655
vn 0.9344 -0.3036 -0.1865
vn 0.6740 -0.3005 -0.6748
vn 0.7919 -0.3036 -0.5298
vn 0.3644 -0.3005 -0.8814
vn 0.5289 -0.3036 -0.7925
vn -0.0006 -0.3005 -0.9538
vn 0.1853 -0.3036 -0.9346
vn -0.3655 -0.3005 -0.8809
vn -0.1865 -0.3036 -0.9344
vn -0.5298 -0.3037 -0.7919
vn -0.6748 -0.3005 -0.6740
vn -0.7925 -0.3037 -0.5288
vn -0.8814 -0.3005 -0.3644
vn -0.9346 -0.3036 -0.1853
vn -0.9538 -0.3005 0.0006
vn -0.9344 -0.3037 0.1865
vn -0.8809 -0.3005 0.3655
vn -0.7919 -0.3036 0.5298
vn -0.6740 -0.3005 0.6748
vn -0.5289 -0.3036 0.7925
vn -0.3644 -0.3005 0.8814
vn -0.1853 -0.3036 0.9346
vn 0.0006 -0.3005 0.9538
vn 0.3655 -0.3005 0.8809
vn 0.3654 -0.7538 0.5461
vn 0.2516 -0.7543 0.6064
vn 0.5466 -0.7538 0.3647
vn 0.4645 -0.7543 0.4640
vn 0.6445 -0.7538 0.1278
vn 0.6067 -0.7543 0.2509
vn 0.6444 -0.7538 -0.1286
vn 0.6565 -0.7543 -0.0004
vn 0.5461 -0.7538 -0.3654
vn 0.6064 -0.7543 -0.2516
vn 0.3647 -0.7538 -0.5466
vn 0.4639 -0.7543 -0.4645
vn 0.1278 -0.7538 -0.6446
vn 0.2509 -0.7543 -0.6068
vn -0.1286 -0.7538 -0.6444
vn -0.0004 -0.7543 -0.6565
vn -0.3654 -0.7538 -0.5461
vn -0.2516 -0.7543 -0.6064
vn -0.4645 -0.7543 -0.4639
vn -0.5466 -0.7538 -0.3647
vn -0.6067 -0.7543 -0.2509
vn -0.6445 -0.7538 -0.1278
vn -0.6565 -0.7543 0.0004
vn -0.6444 -0.7538 0.1286
vn -0.6064 -0.7543 0.2516
vn -0.5461 -0.7538 0.3654
vn -0.4640 -0.7543 0.4646
vn -0.3648 -0.7537 0.5466
vn -0.1278 -0.7538 0.6446
vn -0.2509 -0.7543 0.6068
vn 0.1865 -0.3036 0.9344
vn 0.1286 -0.7538 0.6444
vn 0.0004 -0.7543 0.6565
vn 0.5295 -0.3053 0.7914
vn 0.3648 -0.3063 0.8792
vn 0.7921 -0.3053 0.5286
vn 0.6735 -0.3064 0.6727
vn 0.9341 -0.3053 0.1852
vn 0.8797 -0.3063 0.3637
vn 0.9338 -0.3053 -0.1863
vn 0.9519 -0.3064 -0.0006
vn 0.7914 -0.3053 -0.5295
vn 0.8792 -0.3064 -0.3648
vn 0.5285 -0.3053 -0.7921
vn 0.6727 -0.3064 -0.6735
vn 0.1852 -0.3053 -0.9341
vn 0.3637 -0.3063 -0.8797
vn -0.1864 -0.3053 -0.9338
vn -0.0006 -0.3063 -0.9519
vn -0.3648 -0.3064 -0.8792
vn -0.5295 -0.3053 -0.7914
vn -0.6735 -0.3064 -0.6727
vn -0.7921 -0.3053 -0.5286
vn -0.8797 -0.3063 -0.3637
vn -0.9341 -0.3053 -0.1852
vn -0.9519 -0.3064 0.0006
vn -0.9338 -0.3053 0.1863
vn -0.8792 -0.3064 0.3648
vn -0.7914 -0.3053 0.5296
vn -0.6727 -0.3063 0.6735
vn -0.5286 -0.3053 0.7921
vn -0.3637 -0.3063 0.8797
vn -0.1852 -0.3053 0.9341
vn 0.0006 -0.3063 0.9519
vn 0.1864 -0.3053 0.9338
vn 0.4877 0.4803 0.7290
vn 0.3357 0.4824 0.8091
vn 0.7296 0.4803 0.4868
vn 0.6198 0.4824 0.6190
vn 0.8604 0.4803 0.1706
vn 0.8095 0.4824 0.3347
vn 0.8601 0.4803 -0.1716
vn 0.8760 0.4824 -0.0006
vn 0.7290 0.4803 -0.4878
vn 0.8091 0.4824 -0.3357
vn 0.4868 0.4803 -0.7296
vn 0.6190 0.4824 -0.6198
vn 0.1706 0.4803 -0.8604
vn 0.3347 0.4824 -0.8095
vn -0.1717 0.4803 -0.8602
vn -0.0005 0.4824 -0.8760
vn -0.3357 0.4824 -0.8091
vn -0.4877 0.4803 -0.7290
vn -0.6198 0.4824 -0.6190
vn -0.7296 0.4803 -0.4868
vn -0.8095 0.4824 -0.3347
vn -0.8604 0.4803 -0.1706
vn -0.8760 0.4824 0.0006
vn -0.8601 0.4803 0.1716
vn -0.8091 0.4824 0.3357
vn -0.7290 0.4803 0.4878
vn -0.6190 0.4824 0.6198
vn -0.4868 0.4803 0.7296
vn -0.3347 0.4824 0.8095
vn -0.1706 0.4803 0.8604
vn 0.0005 0.4824 0.8760
vn 0.1716 0.4803 0.8602
vn 0.2532 0.8904 0.3784
vn 0.1742 0.8907 0.4198
vn 0.3787 0.8904 0.2527
vn 0.3216 0.8907 0.3212
vn 0.4466 0.8904 0.0885
vn 0.4200 0.8907 0.1737
vn 0.4464 0.8904 -0.0891
vn 0.4545 0.8907 -0.0003
vn 0.3784 0.8904 -0.2532
vn 0.4198 0.8908 -0.1742
vn 0.2527 0.8904 -0.3787
vn 0.3212 0.8908 -0.3216
vn 0.0885 0.8904 -0.4466
vn 0.1737 0.8908 -0.4200
vn -0.0891 0.8904 -0.4464
vn -0.0003 0.8908 -0.4545
vn -0.2532 0.8904 -0.3784
vn -0.1742 0.8907 -0.4198
vn -0.3216 0.8907 -0.3212
vn -0.3787 0.8904 -0.2527
vn -0.4200 0.8907 -0.1737
vn -0.4466 0.8904 -0.0885
vn -0.4545 0.8907 0.0003
vn -0.4464 0.8904 0.0891
vn -0.4198 0.8908 0.1742
vn -0.3784 0.8904 0.2532
vn -0.3212 0.8908 0.3216
vn -0.2527 0.8904 0.3787
vn -0.1737 0.8908 0.4200
vn -0.0885 0.8904 0.4466
vn 0.0891 0.8904 0.4464
vn 0.0003 0.8908 0.4545
vn 0.1523 0.9618 0.2276
vn 0.1049 0.9618 0.2528
vn 0.2278 0.9618 0.1520
vn 0.1936 0.9618 0.1934
vn 0.2686 0.9618 0.0533
vn 0.2529 0.9618 0.1046
vn 0.2686 0.9618 -0.0536
vn 0.2736 0.9618 -0.0002
vn 0.2276 0.9618 -0.1523
vn 0.2528 0.9618 -0.1049
vn 0.1520 0.9618 -0.2278
vn 0.1934 0.9618 -0.1936
vn 0.0533 0.9618 -0.2686
vn 0.1046 0.9618 -0.2529
vn -0.0536 0.9618 -0.2685
vn -0.0002 0.9618 -0.2736
vn -0.1523 0.9618 -0.2276
vn -0.1049 0.9618 -0.2527
vn -0.1936 0.9618 -0.1934
vn -0.2278 0.9618 -0.1520
vn -0.2529 0.9618 -0.1046
vn -0.2686 0.9618 -0.0533
vn -0.2736 0.9618 0.0002
vn -0.2686 0.9618 0.0536
vn -0.2528 0.9618 0.1049
vn -0.2276 0.9618 0.1523
vn -0.1934 0.9618 0.1936
vn -0.1520 0.9618 0.2278
vn -0.1046 0.9618 0.2529
vn -0.0533 0.9618 0.2686
vn 0.0536 0.9618 0.2685
vn 0.0002 0.9618 0.2736
vn 0.2587 0.8852 0.3866
vn 0.1798 0.8831 0.4333
vn 0.3869 0.8853 0.2582
vn 0.3319 0.8832 0.3315
vn 0.4563 0.8852 0.0905
vn 0.4335 0.8832 0.1792
vn 0.4561 0.8852 -0.0910
vn 0.4691 0.8831 -0.0003
vn 0.3865 0.8853 -0.2586
vn 0.4332 0.8832 -0.1798
vn 0.2582 0.8852 -0.3869
vn 0.3315 0.8832 -0.3319
vn 0.0905 0.8852 -0.4562
vn 0.1792 0.8832 -0.4335
vn -0.0910 0.8852 -0.4561
vn -0.0003 0.8831 -0.4691
vn -0.2587 0.8852 -0.3866
vn -0.1798 0.8831 -0.4333
vn -0.3869 0.8853 -0.2581
vn -0.3319 0.8832 -0.3315
vn -0.4335 0.8832 -0.1792
vn -0.4563 0.8852 -0.0905
vn -0.4691 0.8831 0.0003
vn -0.4561 0.8853 0.0910
vn -0.4332 0.8832 0.1798
vn -0.3866 0.8852 0.2587
vn -0.3315 0.8832 0.3319
vn -0.2582 0.8853 0.3869
vn -0.0905 0.8852 0.4562
vn -0.1792 0.8832 0.4335
vn 0.0910 0.8852 0.4561
vn 0.0003 0.8832 0.4691
vn 0.5115 0.3924 0.7645
vn 0.3530 0.3897 0.8506
vn 0.7651 0.3925 0.5105
vn 0.6516 0.3898 0.6508
vn 0.9022 0.3924 0.1789
vn 0.8510 0.3898 0.3519
vn 0.9020 0.3924 -0.1800
vn 0.9209 0.3897 -0.0006
vn 0.7644 0.3924 -0.5115
vn 0.8506 0.3898 -0.3530
vn 0.5105 0.3924 -0.7651
vn 0.6508 0.3898 -0.6516
vn 0.1789 0.3924 -0.9022
vn 0.3519 0.3898 -0.8510
vn -0.1800 0.3924 -0.9020
vn -0.0006 0.3898 -0.9209
vn -0.3530 0.3897 -0.8506
vn -0.5115 0.3924 -0.7645
vn -0.6516 0.3898 -0.6508
vn -0.7651 0.3924 -0.5105
vn -0.8510 0.3898 -0.3519
vn -0.9022 0.3924 -0.1789
vn -0.9209 0.3897 0.0006
vn -0.9020 0.3924 0.1800
vn -0.8506 0.3898 0.3530
vn -0.7645 0.3924 0.5115
vn -0.6508 0.3898 0.6516
vn -0.5105 0.3924 0.7651
vn -0.3519 0.3898 0.8510
vn -0.1789 0.3924 0.9022
vn 0.0006 0.3898 0.9209
vn 0.1800 0.3924 0.9020
vn 0.5054 0.4171 0.7554
vn 0.3480 0.4189 0.8387
vn 0.7560 0.4171 0.5045
vn 0.6425 0.4188 0.6417
vn 0.8915 0.4171 0.1768
vn 0.8391 0.4189 0.3470
vn 0.8913 0.4171 -0.1779
vn 0.9080 0.4189 -0.0006
vn 0.7554 0.4171 -0.5054
vn 0.8387 0.4188 -0.3480
vn 0.5045 0.4171 -0.7560
vn 0.6417 0.4189 -0.6425
vn 0.1768 0.4171 -0.8915
vn 0.3470 0.4188 -0.8392
vn -0.1779 0.4171 -0.8913
vn -0.0006 0.4189 -0.9081
vn -0.3480 0.4189 -0.8387
vn -0.5054 0.4171 -0.7554
vn -0.6425 0.4188 -0.6417
vn -0.7560 0.4171 -0.5045
vn -0.8391 0.4189 -0.3470
vn -0.8915 0.4171 -0.1768
vn -0.9081 0.4189 0.0006
vn -0.8913 0.4171 0.1779
vn -0.8387 0.4189 0.3480
vn -0.7554 0.4171 0.5054
vn -0.6417 0.4189 0.6425
vn -0.5045 0.4171 0.7560
vn -0.3470 0.4188 0.8392
vn -0.1768 0.4171 0.8915
vn 0.0006 0.4189 0.9081
vn 0.1779 0.4171 0.8913
vn 0.2929 0.8500 0.4378
vn 0.2016 0.8504 0.4859
vn 0.4382 0.8500 0.2924
vn 0.3723 0.8504 0.3718
vn 0.5167 0.8500 0.1024
vn 0.4862 0.8504 0.2010
vn 0.5165 0.8500 -0.1031
vn 0.5261 0.8504 -0.0003
vn 0.4378 0.8500 -0.2929
vn 0.4859 0.8504 -0.2016
vn 0.2924 0.8500 -0.4381
vn 0.3718 0.8504 -0.3722
vn 0.1024 0.8500 -0.5167
vn 0.2010 0.8504 -0.4862
vn -0.1031 0.8500 -0.5165
vn -0.0003 0.8504 -0.5261
vn -0.2016 0.8504 -0.4859
vn -0.2929 0.8500 -0.4378
vn -0.3723 0.8504 -0.3718
vn -0.4382 0.8500 -0.2924
vn -0.4862 0.8504 -0.2010
vn -0.5167 0.8500 -0.1024
vn -0.5261 0.8504 0.0003
vn -0.5165 0.8500 0.1031
vn -0.4859 0.8504 0.2016
vn -0.4378 0.8500 0.2929
vn -0.3718 0.8504 0.3722
vn -0.2924 0.8500 0.4381
vn -0.2010 0.8504 0.4862
vn -0.1024 0.8500 0.5167
vn 0.1031 0.8500 0.5165
vn 0.0003 0.8504 0.5261
vn -0.1822 0.9448 -0.2723
vn -0.1292 0.9415 -0.3114
vn -0.2725 0.9448 -0.1818
vn -0.2385 0.9415 -0.2382
vn -0.3214 0.9448 -0.0637
vn -0.3115 0.9415 -0.1288
vn -0.0641 0.9448 -0.3213
vn -0.0002 0.9415 -0.3371
vn -0.7891 0.3163 -0.5266
vn -0.6715 0.3153 -0.6706
vn -0.9306 0.3163 -0.1845
vn -0.8770 0.3153 -0.3626
vn -0.1857 0.3162 -0.9303
vn -0.0006 0.3153 -0.9490
vn -0.0000 -1.0000 -0.0000
vn -0.0006 0.3008 -0.9537
vn 0.1854 0.3016 -0.9352
vn 0.3644 0.3008 -0.8813
vn 0.5292 0.3016 -0.7931
vn 0.6739 0.3008 -0.6748
vn 0.7924 0.3016 -0.5302
vn 0.8809 0.3008 -0.3655
vn 0.9350 0.3016 -0.1866
vn 0.9537 0.3007 -0.0006
vn 0.9352 0.3016 0.1854
vn 0.8813 0.3007 0.3644
vn 0.7931 0.3016 0.5292
vn 0.6748 0.3007 0.6739
vn -0.5292 0.3016 0.7931
vn -0.3645 0.3008 0.8813
vn -0.7924 0.3016 0.5302
vn -0.6740 0.3008 0.6748
vn -0.9350 0.3016 0.1866
vn -0.8809 0.3007 0.3655
vn -0.9352 0.3016 -0.1855
vn -0.9537 0.3008 0.0006
vn -0.7931 0.3016 -0.5292
vn -0.8813 0.3008 -0.3644
vn -0.5302 0.3016 -0.7924
vn -0.6748 0.3008 -0.6740
vn 0.1866 0.3016 0.9350
vn -0.0246 0.9921 -0.1232
vn -0.0429 0.9937 -0.1034
vn -0.3637 0.3152 -0.8765
vn -0.0792 0.9937 -0.0791
vn -0.0699 0.9921 -0.1045
vn -0.5276 0.3162 -0.7885
vn -0.1035 0.9937 -0.0428
vn -0.1045 0.9921 -0.0698
vn -0.1119 0.9937 -0.0000
vn -0.1232 0.9921 -0.0244
vn -0.1034 0.9937 0.0429
vn -0.1232 0.9921 0.0246
vn -0.0791 0.9937 0.0792
vn -0.1044 0.9921 0.0698
vn -0.0428 0.9937 0.1035
vn -0.0697 0.9921 0.1045
vn 0.0001 0.9937 0.1120
vn -0.0244 0.9921 0.1232
vn -0.0001 0.9937 -0.1120
vn 0.0006 0.3008 0.9537
vn 0.0428 0.9937 -0.1035
vn 0.0245 0.9921 -0.1233
vn -0.1854 0.3016 0.9352
vn 0.0791 0.9937 -0.0793
vn 0.0698 0.9921 -0.1045
vn 0.1035 0.9937 -0.0429
vn 0.1045 0.9921 -0.0699
vn 0.1120 0.9937 -0.0001
vn 0.1233 0.9921 -0.0246
vn 0.1035 0.9937 0.0428
vn 0.1233 0.9921 0.0244
vn 0.0792 0.9937 0.0791
vn 0.1046 0.9921 0.0698
vn 0.0429 0.9937 0.1034
vn 0.0699 0.9921 0.1044
vn 0.2823 0.6765 0.6802
vn 0.1436 0.6793 0.7196
vn 0.2889 0.6572 0.6962
vn 0.1479 0.6548 0.7412
vn 0.1935 0.1489 0.9697
vn 0.3705 0.2563 0.8928
vn 0.1957 -0.0090 0.9806
vn 0.1943 0.1179 0.9738
vn 0.1583 0.5878 0.7933
vn 0.0246 0.9921 0.1232
vn 0.1957 -0.0009 0.9807
vn -0.3411 0.0174 0.9399
vn -0.2923 -0.0086 0.9563
vn -0.1375 0.0087 0.9905
vn -0.5734 0.0176 0.8191
vn -0.9229 -0.0291 0.3840
vn -0.6655 0.0088 -0.7464
vn -0.3832 -0.0009 -0.9236
vn -0.5420 0.0009 -0.8404
vn 0.4475 0.0136 0.8942
vn 0.5551 -0.0009 -0.8318
vn 0.7067 -0.0009 -0.7075
vn 0.8311 -0.0009 -0.5561
vn 0.9236 -0.0009 -0.3833
vn 0.9807 -0.0009 -0.1957
vn 0.9178 -0.0001 0.3971
vn 0.8009 0.0045 0.5987
vn 0.6639 0.0121 0.7477
vn 0.0171 0.0009 0.9999
vn 0.5582 0.0167 0.8295
vn 0.1945 -0.0009 -0.9809
vn 0.3821 -0.0009 -0.9241
vn -0.9258 0.0553 0.3739
vn -0.9795 0.0231 0.2000
vn -0.6162 0.0200 0.7873
vn -0.9290 -0.0472 0.3670
vn -0.6386 -0.0052 0.7695
vn -0.8833 0.0026 0.4688
vn -0.9551 0.0086 0.2960
vn -0.9322 0.0100 0.3618
vn -0.9046 0.0091 0.4261
vn -0.9643 0.0046 0.2648
vn -0.9975 -0.0017 -0.0699
vt 0.863010 0.547329
vt 0.860333 0.547329
vt 0.860333 0.538934
vt 0.863010 0.538934
vt 0.863010 0.564120
vt 0.860333 0.564120
vt 0.860333 0.555724
vt 0.863010 0.555724
vt 0.863010 0.580912
vt 0.860333 0.580913
vt 0.860333 0.572516
vt 0.863010 0.572516
vt 0.863010 0.597705
vt 0.860333 0.597705
vt 0.860333 0.589308
vt 0.863010 0.589308
vt 0.863010 0.606099
vt 0.863010 0.614494
vt 0.860333 0.614494
vt 0.860333 0.606099
vt 0.860333 0.354249
vt 0.863010 0.354249
vt 0.863010 0.362643
vt 0.860333 0.362643
vt 0.720470 0.510478
vt 0.722233 0.507253
vt 0.729537 0.512181
vt 0.727186 0.515012
vt 0.662166 0.541696
vt 0.687471 0.543285
vt 0.687617 0.546060
vt 0.662323 0.549244
vt 0.666196 0.527123
vt 0.688628 0.537743
vt 0.687769 0.540485
vt 0.663527 0.534248
vt 0.675579 0.514953
vt 0.691776 0.532685
vt 0.689927 0.535097
vt 0.670305 0.520641
vt 0.689253 0.507219
vt 0.696877 0.528866
vt 0.694091 0.530560
vt 0.682010 0.510462
vt 0.705148 0.505560
vt 0.703492 0.527297
vt 0.700051 0.527771
vt 0.697092 0.505625
vt 0.710385 0.528930
vt 0.706988 0.527768
vt 0.713028 0.507274
vt 0.700238 0.558503
vt 0.697094 0.584436
vt 0.689586 0.582882
vt 0.697603 0.557887
vt 0.705653 0.558214
vt 0.712198 0.583121
vt 0.704727 0.584440
vt 0.702947 0.558616
vt 0.663794 0.556664
vt 0.688292 0.548724
vt 0.689414 0.551219
vt 0.666717 0.563664
vt 0.690972 0.553438
vt 0.692561 0.552126
vt 0.694232 0.553716
vt 0.692913 0.555324
vt 0.690276 0.548100
vt 0.691248 0.550216
vt 0.689574 0.543480
vt 0.689716 0.545831
vt 0.690553 0.538785
vt 0.689844 0.541109
vt 0.693234 0.534513
vt 0.691676 0.536558
vt 0.697570 0.531307
vt 0.695212 0.532736
vt 0.703178 0.529999
vt 0.700263 0.530395
vt 0.709063 0.531349
vt 0.706153 0.530381
vt 0.694133 0.550791
vt 0.695521 0.552122
vt 0.692244 0.547448
vt 0.693051 0.549198
vt 0.691677 0.543601
vt 0.691801 0.545554
vt 0.692538 0.539703
vt 0.691942 0.541629
vt 0.694835 0.536220
vt 0.693526 0.537883
vt 0.698455 0.533697
vt 0.696509 0.534816
vt 0.703009 0.532753
vt 0.700658 0.533019
vt 0.707672 0.533893
vt 0.705380 0.533085
vt 0.702041 0.544197
vt 0.668145 0.572233
vt 0.670842 0.570087
vt 0.676204 0.575568
vt 0.673937 0.578234
vt 0.860333 0.454991
vt 0.863010 0.454991
vt 0.863010 0.463386
vt 0.860333 0.463386
vt 0.860333 0.438203
vt 0.863010 0.438203
vt 0.863010 0.446597
vt 0.860333 0.446597
vt 0.860333 0.421414
vt 0.863010 0.421414
vt 0.863010 0.429809
vt 0.860333 0.429809
vt 0.860333 0.404624
vt 0.863010 0.404624
vt 0.863010 0.413019
vt 0.860333 0.413019
vt 0.860333 0.387832
vt 0.863010 0.387832
vt 0.863010 0.396228
vt 0.860333 0.396228
vt 0.860333 0.371039
vt 0.863010 0.371039
vt 0.863010 0.379435
vt 0.860333 0.379435
vt 0.710675 0.555967
vt 0.725676 0.576409
vt 0.719237 0.580352
vt 0.708260 0.557343
vt 0.714714 0.552001
vt 0.735766 0.565148
vt 0.731210 0.571242
vt 0.712871 0.554205
vt 0.717273 0.546620
vt 0.740943 0.550679
vt 0.739003 0.558190
vt 0.716240 0.549479
vt 0.717732 0.540265
vt 0.740069 0.534994
vt 0.741250 0.542842
vt 0.717810 0.543524
vt 0.715481 0.533849
vt 0.732883 0.520720
vt 0.737178 0.527535
vt 0.716940 0.537003
vt 0.713197 0.531162
vt 0.700485 0.556457
vt 0.698244 0.555908
vt 0.705107 0.556207
vt 0.702801 0.556530
vt 0.709375 0.554303
vt 0.707320 0.555453
vt 0.712798 0.550943
vt 0.711225 0.552795
vt 0.714946 0.546380
vt 0.714067 0.548796
vt 0.715303 0.541000
vt 0.715374 0.543756
vt 0.713376 0.535573
vt 0.714617 0.538240
vt 0.711448 0.533275
vt 0.698890 0.553964
vt 0.700759 0.554413
vt 0.702685 0.554463
vt 0.704593 0.554198
vt 0.708137 0.552598
vt 0.706427 0.553548
vt 0.710954 0.549769
vt 0.709655 0.551310
vt 0.712645 0.545954
vt 0.711952 0.547954
vt 0.712814 0.541545
vt 0.712923 0.543788
vt 0.712195 0.539325
vt 0.711149 0.537203
vt 0.709590 0.535387
vt 0.697111 0.553215
vt 0.835449 0.684512
vt 0.829385 0.684512
vt 0.829385 0.665310
vt 0.835449 0.665310
vt 0.835449 0.722917
vt 0.829385 0.722917
vt 0.829385 0.703715
vt 0.835449 0.703715
vt 0.835449 0.761323
vt 0.829385 0.761323
vt 0.829386 0.742120
vt 0.835449 0.742120
vt 0.835449 0.799731
vt 0.829385 0.799731
vt 0.829385 0.780527
vt 0.835449 0.780527
vt 0.835449 0.838143
vt 0.829385 0.838143
vt 0.829385 0.818937
vt 0.835449 0.818937
vt 0.835449 0.876559
vt 0.829385 0.876559
vt 0.829385 0.857351
vt 0.835449 0.857351
vt 0.835449 0.914973
vt 0.829385 0.914973
vt 0.829385 0.895766
vt 0.835449 0.895766
vt 0.835449 0.953381
vt 0.829385 0.953381
vt 0.829385 0.934177
vt 0.835449 0.934177
vt 0.829385 0.358037
vt 0.835449 0.358037
vt 0.835449 0.377241
vt 0.829385 0.377241
vt 0.829385 0.396448
vt 0.835449 0.396448
vt 0.835449 0.415655
vt 0.829386 0.415655
vt 0.829385 0.434863
vt 0.835449 0.434863
vt 0.835449 0.454070
vt 0.829385 0.454070
vt 0.829385 0.473277
vt 0.835449 0.473277
vt 0.835449 0.492483
vt 0.829385 0.492483
vt 0.829385 0.511687
vt 0.835449 0.511687
vt 0.835449 0.530891
vt 0.829386 0.530891
vt 0.829385 0.550093
vt 0.835449 0.550093
vt 0.835449 0.569296
vt 0.829385 0.569296
vt 0.829386 0.588499
vt 0.835449 0.588499
vt 0.835449 0.607702
vt 0.829385 0.607701
vt 0.829385 0.626904
vt 0.835449 0.626904
vt 0.835449 0.646107
vt 0.829385 0.646107
vt 0.843007 0.684512
vt 0.843007 0.665310
vt 0.843007 0.722917
vt 0.843007 0.703715
vt 0.843007 0.761323
vt 0.843007 0.742120
vt 0.843007 0.799731
vt 0.843007 0.780527
vt 0.843007 0.838143
vt 0.843007 0.818937
vt 0.843007 0.876559
vt 0.843007 0.857351
vt 0.843007 0.914973
vt 0.843007 0.895766
vt 0.843007 0.934177
vt 0.843007 0.953381
vt 0.843007 0.358037
vt 0.843007 0.377241
vt 0.843007 0.396448
vt 0.843007 0.415655
vt 0.843007 0.434863
vt 0.843007 0.454070
vt 0.843007 0.473277
vt 0.843007 0.492483
vt 0.843007 0.511687
vt 0.843007 0.530891
vt 0.843007 0.550094
vt 0.843007 0.569296
vt 0.843007 0.588499
vt 0.843007 0.607702
vt 0.843007 0.626904
vt 0.843007 0.646107
vt 0.823462 0.684512
vt 0.823462 0.665310
vt 0.823462 0.722917
vt 0.823462 0.703715
vt 0.823461 0.761323
vt 0.823462 0.742120
vt 0.823462 0.799731
vt 0.823462 0.780527
vt 0.823462 0.838143
vt 0.823462 0.818937
vt 0.823462 0.876559
vt 0.823462 0.857351
vt 0.823462 0.914973
vt 0.823461 0.895766
vt 0.823462 0.953381
vt 0.823462 0.934177
vt 0.823462 0.358037
vt 0.823462 0.377241
vt 0.823462 0.396448
vt 0.823462 0.415655
vt 0.823462 0.434863
vt 0.823462 0.454070
vt 0.823461 0.473276
vt 0.823461 0.492483
vt 0.823462 0.511687
vt 0.823462 0.530891
vt 0.823462 0.550093
vt 0.823462 0.569296
vt 0.823462 0.588499
vt 0.823462 0.607702
vt 0.823462 0.626904
vt 0.823462 0.646107
vt 0.819365 0.703715
vt 0.819365 0.684512
vt 0.819365 0.742120
vt 0.819365 0.722917
vt 0.819365 0.780527
vt 0.819365 0.761323
vt 0.819365 0.818937
vt 0.819365 0.799731
vt 0.819365 0.857351
vt 0.819366 0.838143
vt 0.819365 0.895766
vt 0.819365 0.876559
vt 0.819365 0.934177
vt 0.819365 0.914973
vt 0.819365 0.338834
vt 0.823462 0.338834
vt 0.819365 0.358037
vt 0.819366 0.377241
vt 0.819365 0.396448
vt 0.819366 0.415655
vt 0.819365 0.434863
vt 0.819365 0.454070
vt 0.819365 0.473277
vt 0.819366 0.492483
vt 0.819365 0.511687
vt 0.819365 0.530891
vt 0.819365 0.550093
vt 0.819365 0.569296
vt 0.819365 0.588499
vt 0.819366 0.607702
vt 0.819365 0.626904
vt 0.285884 0.498235
vt 0.285884 0.494485
vt 0.306177 0.494485
vt 0.306177 0.498235
vt 0.245300 0.498235
vt 0.245299 0.494485
vt 0.265592 0.494485
vt 0.265592 0.498235
vt 0.204714 0.498235
vt 0.204714 0.494485
vt 0.225007 0.494485
vt 0.225007 0.498235
vt 0.164127 0.498235
vt 0.164127 0.494485
vt 0.184420 0.494485
vt 0.184420 0.498235
vt 0.123535 0.498235
vt 0.123535 0.494485
vt 0.143831 0.494485
vt 0.143831 0.498235
vt 0.082939 0.498235
vt 0.082939 0.494485
vt 0.103237 0.494485
vt 0.103237 0.498235
vt 0.042345 0.498235
vt 0.042346 0.494485
vt 0.062642 0.494485
vt 0.062642 0.498235
vt 0.001758 0.498235
vt 0.001758 0.494485
vt 0.022052 0.494485
vt 0.022052 0.498235
vt 0.630886 0.494485
vt 0.630886 0.498235
vt 0.610593 0.498235
vt 0.610593 0.494485
vt 0.590296 0.494485
vt 0.590296 0.498235
vt 0.569999 0.498235
vt 0.569999 0.494485
vt 0.549701 0.494485
vt 0.549701 0.498235
vt 0.529403 0.498235
vt 0.529403 0.494485
vt 0.509107 0.494485
vt 0.509107 0.498235
vt 0.488811 0.498235
vt 0.488811 0.494485
vt 0.468517 0.494485
vt 0.468517 0.498235
vt 0.448224 0.498235
vt 0.448224 0.494485
vt 0.427931 0.494485
vt 0.427931 0.498235
vt 0.407638 0.498235
vt 0.407638 0.494485
vt 0.387346 0.494485
vt 0.387346 0.498235
vt 0.367054 0.498235
vt 0.367054 0.494485
vt 0.346761 0.494485
vt 0.346761 0.498235
vt 0.326469 0.498235
vt 0.326469 0.494485
vt 0.285884 0.489243
vt 0.306177 0.489243
vt 0.245299 0.489243
vt 0.265592 0.489243
vt 0.204714 0.489243
vt 0.225007 0.489243
vt 0.164127 0.489243
vt 0.184420 0.489243
vt 0.123535 0.489243
vt 0.143831 0.489243
vt 0.082939 0.489243
vt 0.103237 0.489243
vt 0.042345 0.489243
vt 0.062642 0.489243
vt 0.001758 0.489243
vt 0.022052 0.489243
vt 0.630886 0.489243
vt 0.610593 0.489243
vt 0.590296 0.489243
vt 0.569999 0.489243
vt 0.549701 0.489243
vt 0.529403 0.489243
vt 0.509107 0.489243
vt 0.488811 0.489243
vt 0.468517 0.489243
vt 0.448224 0.489243
vt 0.427931 0.489243
vt 0.407638 0.489243
vt 0.387346 0.489243
vt 0.367054 0.489243
vt 0.346761 0.489243
vt 0.326469 0.489243
vt 0.285884 0.483787
vt 0.306177 0.483787
vt 0.245299 0.483787
vt 0.265592 0.483787
vt 0.204714 0.483787
vt 0.225007 0.483787
vt 0.164127 0.483787
vt 0.184421 0.483787
vt 0.123535 0.483787
vt 0.143831 0.483787
vt 0.082939 0.483787
vt 0.103237 0.483787
vt 0.042345 0.483787
vt 0.062642 0.483787
vt 0.001758 0.483787
vt 0.022052 0.483787
vt 0.630886 0.483787
vt 0.610593 0.483787
vt 0.590296 0.483787
vt 0.569999 0.483787
vt 0.549701 0.483787
vt 0.529403 0.483787
vt 0.509107 0.483787
vt 0.488811 0.483787
vt 0.468517 0.483787
vt 0.448224 0.483787
vt 0.427931 0.483787
vt 0.407638 0.483787
vt 0.387346 0.483787
vt 0.367054 0.483787
vt 0.346761 0.483787
vt 0.326469 0.483787
vt 0.285884 0.481113
vt 0.306177 0.481113
vt 0.245299 0.481113
vt 0.265592 0.481113
vt 0.204714 0.481113
vt 0.225007 0.481113
vt 0.164127 0.481113
vt 0.184420 0.481113
vt 0.123535 0.481113
vt 0.143831 0.481113
vt 0.082939 0.481113
vt 0.103237 0.481113
vt 0.042345 0.481113
vt 0.062642 0.481113
vt 0.001758 0.481113
vt 0.022052 0.481113
vt 0.630886 0.481113
vt 0.610593 0.481113
vt 0.590296 0.481113
vt 0.569999 0.481113
vt 0.549701 0.481113
vt 0.529403 0.481113
vt 0.509107 0.481113
vt 0.488811 0.481113
vt 0.468517 0.481113
vt 0.448224 0.481113
vt 0.427931 0.481113
vt 0.407638 0.481113
vt 0.387346 0.481113
vt 0.367054 0.481113
vt 0.346761 0.481113
vt 0.326469 0.481113
vt 0.265592 0.477614
vt 0.285884 0.477614
vt 0.225007 0.477614
vt 0.245299 0.477614
vt 0.184420 0.477614
vt 0.204714 0.477614
vt 0.143831 0.477614
vt 0.164127 0.477614
vt 0.103237 0.477614
vt 0.123535 0.477614
vt 0.062642 0.477614
vt 0.082939 0.477614
vt 0.022052 0.477614
vt 0.042345 0.477614
vt 0.651180 0.477614
vt 0.651180 0.481113
vt 0.630886 0.477614
vt 0.610593 0.477614
vt 0.590296 0.477614
vt 0.569999 0.477614
vt 0.549701 0.477614
vt 0.529403 0.477614
vt 0.509107 0.477614
vt 0.488811 0.477614
vt 0.468517 0.477614
vt 0.448224 0.477614
vt 0.427931 0.477614
vt 0.407638 0.477614
vt 0.387346 0.477614
vt 0.367054 0.477614
vt 0.346761 0.477614
vt 0.819365 0.665310
vt 0.819365 0.646107
vt 0.225007 0.154540
vt 0.225007 0.024754
vt 0.245300 0.024754
vt 0.245299 0.154540
vt 0.184421 0.154540
vt 0.184420 0.024754
vt 0.204714 0.024754
vt 0.204714 0.154540
vt 0.143831 0.154540
vt 0.143831 0.024754
vt 0.164127 0.024754
vt 0.164127 0.154540
vt 0.103237 0.154540
vt 0.103237 0.024754
vt 0.123535 0.024754
vt 0.123535 0.154540
vt 0.062642 0.154540
vt 0.062642 0.024754
vt 0.082939 0.024754
vt 0.082939 0.154540
vt 0.022052 0.154540
vt 0.022052 0.024754
vt 0.042346 0.024754
vt 0.042345 0.154540
vt 0.651181 0.344345
vt 0.630886 0.344345
vt 0.610593 0.344345
vt 0.590296 0.344345
vt 0.549701 0.346185
vt 0.529403 0.346185
vt 0.468517 0.346117
vt 0.448224 0.346136
vt 0.427931 0.346170
vt 0.407638 0.346188
vt 0.529403 0.154540
vt 0.529403 0.342495
vt 0.509107 0.342482
vt 0.509107 0.154540
vt 0.265592 0.154540
vt 0.265592 0.024754
vt 0.285884 0.024754
vt 0.285884 0.154540
vt 0.367054 0.344345
vt 0.346761 0.344345
vt 0.306177 0.024754
vt 0.306177 0.154540
vt 0.001758 0.154540
vt 0.001758 0.024754
vt 0.326469 0.477614
vt 0.326469 0.344345
vt 0.569999 0.344345
vt 0.569999 0.154540
vt 0.549701 0.342495
vt 0.549701 0.154540
vt 0.448224 0.154540
vt 0.448224 0.342463
vt 0.427931 0.342482
vt 0.427931 0.154540
vt 0.488811 0.342465
vt 0.488811 0.154540
vt 0.549656 0.344343
vt 0.265592 0.022638
vt 0.285884 0.022638
vt 0.225007 0.022638
vt 0.245300 0.022638
vt 0.184420 0.022638
vt 0.204714 0.022638
vt 0.143831 0.022638
vt 0.164127 0.022638
vt 0.103237 0.022638
vt 0.123535 0.022638
vt 0.062642 0.022638
vt 0.082939 0.022638
vt 0.022052 0.022638
vt 0.042345 0.022638
vt 0.651180 0.022638
vt 0.651180 0.024754
vt 0.630886 0.024754
vt 0.630886 0.022638
vt 0.610593 0.022638
vt 0.610593 0.024754
vt 0.590296 0.024754
vt 0.590296 0.022638
vt 0.569999 0.022638
vt 0.569999 0.024754
vt 0.549701 0.024754
vt 0.549701 0.022638
vt 0.529403 0.022638
vt 0.529403 0.024754
vt 0.509107 0.024754
vt 0.509107 0.022638
vt 0.488811 0.022638
vt 0.488811 0.024754
vt 0.468517 0.024754
vt 0.468517 0.022638
vt 0.448224 0.022638
vt 0.448224 0.024754
vt 0.427931 0.024754
vt 0.427931 0.022638
vt 0.407638 0.022638
vt 0.407638 0.024754
vt 0.387346 0.024754
vt 0.387346 0.022638
vt 0.367054 0.022638
vt 0.367054 0.024754
vt 0.346761 0.024754
vt 0.346761 0.022638
vt 0.265592 0.017556
vt 0.285884 0.017556
vt 0.225007 0.017556
vt 0.245300 0.017556
vt 0.184421 0.017556
vt 0.204714 0.017556
vt 0.143831 0.017556
vt 0.164127 0.017556
vt 0.103237 0.017556
vt 0.123535 0.017556
vt 0.062642 0.017556
vt 0.082939 0.017556
vt 0.022052 0.017556
vt 0.042345 0.017556
vt 0.630886 0.017556
vt 0.651180 0.017556
vt 0.610593 0.017556
vt 0.590296 0.017556
vt 0.569999 0.017556
vt 0.549701 0.017556
vt 0.529403 0.017556
vt 0.509107 0.017556
vt 0.488811 0.017556
vt 0.468517 0.017556
vt 0.448224 0.017556
vt 0.427931 0.017556
vt 0.407638 0.017556
vt 0.387346 0.017556
vt 0.367054 0.017556
vt 0.346761 0.017556
vt 0.285884 0.015237
vt 0.306177 0.015237
vt 0.306177 0.017556
vt 0.245300 0.015237
vt 0.265592 0.015237
vt 0.204714 0.015237
vt 0.225007 0.015237
vt 0.164127 0.015237
vt 0.184420 0.015237
vt 0.123535 0.015237
vt 0.143831 0.015237
vt 0.082939 0.015237
vt 0.103237 0.015237
vt 0.042345 0.015237
vt 0.062642 0.015237
vt 0.001758 0.017556
vt 0.001758 0.015237
vt 0.022052 0.015237
vt 0.630886 0.015237
vt 0.610593 0.015237
vt 0.590296 0.015237
vt 0.569999 0.015237
vt 0.549701 0.015237
vt 0.529403 0.015237
vt 0.509107 0.015237
vt 0.488811 0.015237
vt 0.468517 0.015237
vt 0.448224 0.015237
vt 0.427931 0.015237
vt 0.407638 0.015237
vt 0.387346 0.015237
vt 0.367054 0.015237
vt 0.346761 0.015237
vt 0.326469 0.017556
vt 0.326469 0.015237
vt 0.285884 0.008575
vt 0.306177 0.008575
vt 0.245300 0.008575
vt 0.265592 0.008575
vt 0.204714 0.008575
vt 0.225007 0.008575
vt 0.164127 0.008575
vt 0.184420 0.008575
vt 0.123535 0.008575
vt 0.143831 0.008575
vt 0.082939 0.008575
vt 0.103237 0.008575
vt 0.042346 0.008575
vt 0.062642 0.008575
vt 0.001758 0.008575
vt 0.022052 0.008575
vt 0.630886 0.008575
vt 0.610593 0.008575
vt 0.590296 0.008575
vt 0.569999 0.008575
vt 0.549701 0.008575
vt 0.529403 0.008575
vt 0.509107 0.008575
vt 0.488811 0.008575
vt 0.468517 0.008575
vt 0.448224 0.008575
vt 0.427931 0.008575
vt 0.407638 0.008575
vt 0.387346 0.008575
vt 0.367054 0.008575
vt 0.326469 0.008575
vt 0.346761 0.008575
vt 0.265592 0.001757
vt 0.285884 0.001757
vt 0.225007 0.001757
vt 0.245299 0.001757
vt 0.184420 0.001757
vt 0.204714 0.001757
vt 0.143831 0.001757
vt 0.164127 0.001757
vt 0.103237 0.001757
vt 0.123535 0.001757
vt 0.062642 0.001757
vt 0.082939 0.001757
vt 0.022052 0.001757
vt 0.042345 0.001757
vt 0.651180 0.001757
vt 0.651180 0.008575
vt 0.630886 0.001757
vt 0.610593 0.001757
vt 0.590296 0.001757
vt 0.569999 0.001757
vt 0.549701 0.001757
vt 0.529403 0.001757
vt 0.509107 0.001757
vt 0.488811 0.001757
vt 0.468517 0.001757
vt 0.448224 0.001757
vt 0.427931 0.001757
vt 0.407638 0.001757
vt 0.387346 0.001757
vt 0.367054 0.001757
vt 0.346761 0.001757
vt 0.733517 0.278005
vt 0.730661 0.278005
vt 0.730661 0.262660
vt 0.733517 0.262660
vt 0.733518 0.308697
vt 0.730660 0.308697
vt 0.730661 0.293351
vt 0.733517 0.293351
vt 0.733517 0.339388
vt 0.730661 0.339388
vt 0.730661 0.324043
vt 0.733517 0.324043
vt 0.733517 0.370082
vt 0.730661 0.370082
vt 0.730661 0.354735
vt 0.733517 0.354735
vt 0.733517 0.400779
vt 0.730661 0.400779
vt 0.730661 0.385430
vt 0.733517 0.385430
vt 0.733517 0.431478
vt 0.730661 0.431478
vt 0.730661 0.416128
vt 0.733517 0.416128
vt 0.733517 0.462176
vt 0.730661 0.462176
vt 0.730661 0.446827
vt 0.733517 0.446827
vt 0.730661 0.492869
vt 0.730661 0.477522
vt 0.733517 0.477522
vt 0.733517 0.492869
vt 0.730660 0.017105
vt 0.733517 0.017105
vt 0.733517 0.032451
vt 0.730661 0.032451
vt 0.730661 0.047800
vt 0.733517 0.047800
vt 0.733517 0.063150
vt 0.730661 0.063150
vt 0.730661 0.078499
vt 0.733517 0.078499
vt 0.733517 0.093849
vt 0.730661 0.093849
vt 0.730661 0.109197
vt 0.733517 0.109197
vt 0.733517 0.124546
vt 0.730661 0.124546
vt 0.730661 0.139893
vt 0.733517 0.139893
vt 0.733517 0.155239
vt 0.730661 0.155239
vt 0.730661 0.170585
vt 0.733517 0.170585
vt 0.733517 0.185931
vt 0.730661 0.185931
vt 0.730661 0.201277
vt 0.733517 0.201277
vt 0.733517 0.216622
vt 0.730661 0.216622
vt 0.733517 0.231968
vt 0.733517 0.247314
vt 0.730661 0.247314
vt 0.730661 0.231968
vt 0.726656 0.293351
vt 0.726656 0.278005
vt 0.726656 0.324042
vt 0.726656 0.308697
vt 0.726656 0.354735
vt 0.726656 0.339388
vt 0.726656 0.385430
vt 0.726656 0.370082
vt 0.726656 0.416128
vt 0.726656 0.400779
vt 0.726656 0.446827
vt 0.726656 0.431478
vt 0.726656 0.477522
vt 0.726656 0.462176
vt 0.726656 0.001758
vt 0.730661 0.001758
vt 0.726656 0.017105
vt 0.726656 0.032451
vt 0.726656 0.047800
vt 0.726656 0.063150
vt 0.726656 0.078499
vt 0.726656 0.093849
vt 0.726656 0.109197
vt 0.726656 0.124546
vt 0.726656 0.139893
vt 0.726656 0.155239
vt 0.726656 0.170585
vt 0.726656 0.185931
vt 0.726656 0.201277
vt 0.726656 0.216622
vt 0.726656 0.231968
vt 0.722982 0.293351
vt 0.722982 0.278005
vt 0.722982 0.324043
vt 0.722982 0.308697
vt 0.722982 0.354735
vt 0.722982 0.339388
vt 0.722982 0.385430
vt 0.722982 0.370082
vt 0.722982 0.416128
vt 0.722982 0.400779
vt 0.722982 0.446827
vt 0.722982 0.431478
vt 0.722982 0.477522
vt 0.722982 0.462176
vt 0.722982 0.001758
vt 0.722982 0.017105
vt 0.722982 0.032451
vt 0.722982 0.047800
vt 0.722982 0.063150
vt 0.722982 0.078499
vt 0.722982 0.093849
vt 0.722982 0.109197
vt 0.722982 0.124546
vt 0.722982 0.139893
vt 0.722982 0.155239
vt 0.722982 0.170585
vt 0.722982 0.185931
vt 0.722982 0.201277
vt 0.722982 0.216622
vt 0.722982 0.231968
vt 0.726656 0.262660
vt 0.726656 0.247314
vt 0.720058 0.278005
vt 0.720058 0.262660
vt 0.722982 0.262660
vt 0.720058 0.308697
vt 0.720058 0.293351
vt 0.720058 0.339388
vt 0.720058 0.324043
vt 0.720058 0.370082
vt 0.720058 0.354735
vt 0.720058 0.400779
vt 0.720058 0.385430
vt 0.720058 0.431478
vt 0.720058 0.416128
vt 0.720058 0.462176
vt 0.720058 0.446827
vt 0.722982 0.492869
vt 0.720058 0.492869
vt 0.720058 0.477522
vt 0.720058 0.017105
vt 0.720058 0.032451
vt 0.720058 0.047800
vt 0.720058 0.063150
vt 0.720058 0.078499
vt 0.720058 0.093849
vt 0.720058 0.109197
vt 0.720058 0.124546
vt 0.720058 0.139893
vt 0.720058 0.155239
vt 0.720058 0.170585
vt 0.720058 0.185931
vt 0.720058 0.201277
vt 0.720058 0.216622
vt 0.720058 0.247314
vt 0.720058 0.231968
vt 0.722982 0.247314
vt 0.703664 0.293351
vt 0.703664 0.278005
vt 0.703664 0.324043
vt 0.703664 0.308697
vt 0.703664 0.354735
vt 0.703664 0.339388
vt 0.703664 0.385430
vt 0.703664 0.370082
vt 0.703664 0.416128
vt 0.703664 0.400779
vt 0.703664 0.446827
vt 0.703664 0.431478
vt 0.703664 0.477522
vt 0.703664 0.462176
vt 0.720058 0.001758
vt 0.703664 0.017105
vt 0.703664 0.001758
vt 0.703664 0.047800
vt 0.703664 0.032451
vt 0.703664 0.063150
vt 0.703664 0.078499
vt 0.703664 0.093849
vt 0.703664 0.109197
vt 0.703664 0.124546
vt 0.703664 0.139893
vt 0.703664 0.155239
vt 0.703664 0.170585
vt 0.703664 0.201277
vt 0.703664 0.185931
vt 0.703664 0.231968
vt 0.703664 0.216622
vt 0.699704 0.278005
vt 0.699704 0.262660
vt 0.703664 0.262660
vt 0.699704 0.308697
vt 0.699704 0.293351
vt 0.699704 0.339388
vt 0.699704 0.324043
vt 0.699704 0.370082
vt 0.699704 0.354735
vt 0.699704 0.400779
vt 0.699704 0.385430
vt 0.699704 0.431478
vt 0.699704 0.416128
vt 0.699704 0.462176
vt 0.699704 0.446827
vt 0.703664 0.492869
vt 0.699704 0.492869
vt 0.699704 0.477522
vt 0.699704 0.017105
vt 0.699704 0.032451
vt 0.699704 0.047800
vt 0.699704 0.063150
vt 0.699704 0.078499
vt 0.699704 0.093849
vt 0.699704 0.109197
vt 0.699704 0.124546
vt 0.699704 0.139893
vt 0.699704 0.155239
vt 0.699704 0.170585
vt 0.699704 0.185931
vt 0.699704 0.201277
vt 0.699704 0.216622
vt 0.699704 0.247314
vt 0.699704 0.231968
vt 0.703664 0.247314
vt 0.692413 0.278005
vt 0.692413 0.262660
vt 0.692413 0.308697
vt 0.692413 0.293351
vt 0.692413 0.339388
vt 0.692413 0.324043
vt 0.692413 0.370082
vt 0.692413 0.354735
vt 0.692413 0.400779
vt 0.692413 0.385430
vt 0.692413 0.431478
vt 0.692413 0.416128
vt 0.692413 0.462176
vt 0.692413 0.446827
vt 0.692413 0.492869
vt 0.692413 0.477522
vt 0.692413 0.032451
vt 0.692413 0.017105
vt 0.692413 0.047800
vt 0.692413 0.063150
vt 0.692413 0.078499
vt 0.692413 0.093849
vt 0.692413 0.109197
vt 0.692413 0.124546
vt 0.692413 0.139893
vt 0.692413 0.155239
vt 0.692413 0.170585
vt 0.692413 0.185931
vt 0.692413 0.201277
vt 0.692413 0.216622
vt 0.692413 0.247314
vt 0.692413 0.231968
vt 0.684420 0.278005
vt 0.684420 0.262660
vt 0.684420 0.308697
vt 0.684420 0.293351
vt 0.684420 0.339388
vt 0.684420 0.324043
vt 0.684420 0.370082
vt 0.684420 0.354735
vt 0.684420 0.400779
vt 0.684420 0.385430
vt 0.684420 0.431478
vt 0.684420 0.416128
vt 0.684420 0.462176
vt 0.684420 0.446827
vt 0.684420 0.492869
vt 0.684420 0.477522
vt 0.684420 0.032451
vt 0.684420 0.017105
vt 0.684420 0.047800
vt 0.684420 0.063150
vt 0.684420 0.078499
vt 0.684420 0.093849
vt 0.684420 0.109197
vt 0.684420 0.124546
vt 0.684420 0.139893
vt 0.684420 0.155239
vt 0.684420 0.170585
vt 0.684420 0.185931
vt 0.684420 0.201277
vt 0.684420 0.216622
vt 0.684420 0.247314
vt 0.684420 0.231968
vt 0.675137 0.278005
vt 0.675136 0.262660
vt 0.675136 0.308697
vt 0.675136 0.293351
vt 0.675136 0.339388
vt 0.675136 0.324043
vt 0.675137 0.370082
vt 0.675136 0.354735
vt 0.675136 0.400779
vt 0.675136 0.385430
vt 0.675136 0.431478
vt 0.675136 0.416128
vt 0.675137 0.462176
vt 0.675136 0.446827
vt 0.675136 0.492869
vt 0.675136 0.477522
vt 0.675136 0.032451
vt 0.675136 0.017105
vt 0.675136 0.047800
vt 0.675136 0.063150
vt 0.675136 0.078499
vt 0.675136 0.093849
vt 0.675136 0.109197
vt 0.675136 0.124546
vt 0.675136 0.139893
vt 0.675136 0.155239
vt 0.675136 0.170585
vt 0.675137 0.185931
vt 0.675136 0.216622
vt 0.675136 0.201277
vt 0.675136 0.247314
vt 0.675136 0.231968
vt 0.667166 0.278005
vt 0.667166 0.262660
vt 0.667166 0.308697
vt 0.667166 0.293351
vt 0.667166 0.339388
vt 0.667166 0.324043
vt 0.667166 0.370082
vt 0.667166 0.354735
vt 0.667166 0.400779
vt 0.667166 0.385430
vt 0.667166 0.431478
vt 0.667166 0.416128
vt 0.667166 0.462176
vt 0.667166 0.446827
vt 0.667166 0.492869
vt 0.667166 0.477522
vt 0.667166 0.032451
vt 0.667166 0.017105
vt 0.667166 0.047800
vt 0.667166 0.063150
vt 0.667166 0.078499
vt 0.667166 0.093849
vt 0.667166 0.109197
vt 0.667166 0.124546
vt 0.667166 0.139893
vt 0.667166 0.155239
vt 0.667166 0.170585
vt 0.667166 0.185931
vt 0.667166 0.216622
vt 0.667166 0.201277
vt 0.667166 0.247314
vt 0.667166 0.231968
vt 0.665569 0.278005
vt 0.665569 0.262660
vt 0.665569 0.308697
vt 0.665569 0.293351
vt 0.665569 0.339388
vt 0.665568 0.324043
vt 0.665569 0.370082
vt 0.665569 0.354735
vt 0.665569 0.400779
vt 0.665569 0.385430
vt 0.665569 0.431478
vt 0.665569 0.416128
vt 0.665569 0.462176
vt 0.665569 0.446827
vt 0.665568 0.492869
vt 0.665569 0.477522
vt 0.665569 0.017105
vt 0.665569 0.032451
vt 0.665569 0.047800
vt 0.665568 0.063150
vt 0.665568 0.078499
vt 0.665569 0.093849
vt 0.665569 0.109197
vt 0.665569 0.124546
vt 0.665569 0.139893
vt 0.665568 0.155239
vt 0.665568 0.170585
vt 0.665568 0.185931
vt 0.665568 0.201277
vt 0.665569 0.216622
vt 0.665569 0.231968
vt 0.665569 0.247314
vt 0.662474 0.293351
vt 0.662474 0.278005
vt 0.662474 0.324043
vt 0.662474 0.308697
vt 0.662474 0.354735
vt 0.662474 0.339388
vt 0.662474 0.385430
vt 0.662474 0.370082
vt 0.662474 0.416128
vt 0.662474 0.400779
vt 0.662474 0.446827
vt 0.662474 0.431478
vt 0.662474 0.477522
vt 0.662474 0.462176
vt 0.665568 0.001758
vt 0.662474 0.017105
vt 0.662474 0.001758
vt 0.662474 0.032451
vt 0.662474 0.047800
vt 0.662474 0.063150
vt 0.662474 0.078499
vt 0.662474 0.093849
vt 0.662474 0.109197
vt 0.662474 0.124546
vt 0.662474 0.139893
vt 0.662474 0.155239
vt 0.662474 0.170585
vt 0.662474 0.185931
vt 0.662474 0.201277
vt 0.662474 0.231968
vt 0.662474 0.216622
vt 0.660056 0.293351
vt 0.660056 0.278005
vt 0.660056 0.324042
vt 0.660056 0.308697
vt 0.660056 0.354735
vt 0.660056 0.339388
vt 0.660056 0.385430
vt 0.660056 0.370082
vt 0.660056 0.416128
vt 0.660056 0.400779
vt 0.660056 0.446827
vt 0.660056 0.431478
vt 0.660056 0.477522
vt 0.660056 0.462176
vt 0.660056 0.017105
vt 0.660056 0.001758
vt 0.660056 0.032451
vt 0.660056 0.047800
vt 0.660056 0.063150
vt 0.660056 0.078499
vt 0.660056 0.093849
vt 0.660056 0.109197
vt 0.660056 0.124546
vt 0.660056 0.139893
vt 0.660056 0.155239
vt 0.660056 0.170585
vt 0.660056 0.185931
vt 0.660056 0.201277
vt 0.660056 0.216622
vt 0.660056 0.231968
vt 0.660056 0.262660
vt 0.654695 0.278005
vt 0.654695 0.262660
vt 0.654695 0.308697
vt 0.654695 0.293351
vt 0.654695 0.339388
vt 0.654695 0.324043
vt 0.654695 0.370082
vt 0.654695 0.354735
vt 0.654695 0.400779
vt 0.654695 0.385430
vt 0.654695 0.431478
vt 0.654695 0.416128
vt 0.654695 0.462176
vt 0.654695 0.446827
vt 0.654695 0.492869
vt 0.654695 0.477522
vt 0.660056 0.492869
vt 0.654695 0.032451
vt 0.654695 0.017105
vt 0.654695 0.047800
vt 0.654695 0.063150
vt 0.654695 0.078499
vt 0.654695 0.093849
vt 0.654695 0.109197
vt 0.654695 0.124546
vt 0.654695 0.139893
vt 0.654695 0.155239
vt 0.654695 0.170585
vt 0.654695 0.185931
vt 0.654695 0.216622
vt 0.654695 0.201277
vt 0.660056 0.247314
vt 0.654695 0.247314
vt 0.654695 0.231968
vt 0.890589 0.496962
vt 0.889712 0.496962
vt 0.889712 0.488568
vt 0.890590 0.488568
vt 0.890590 0.513750
vt 0.889712 0.513750
vt 0.889712 0.505356
vt 0.890589 0.505356
vt 0.890590 0.530539
vt 0.889712 0.530539
vt 0.889712 0.522145
vt 0.890590 0.522145
vt 0.890589 0.547329
vt 0.889712 0.547329
vt 0.889712 0.538934
vt 0.890590 0.538934
vt 0.890589 0.564120
vt 0.889712 0.564120
vt 0.889712 0.555724
vt 0.890590 0.555724
vt 0.890590 0.580913
vt 0.889712 0.580912
vt 0.889712 0.572516
vt 0.890590 0.572516
vt 0.890590 0.597705
vt 0.889712 0.597705
vt 0.889712 0.589308
vt 0.890590 0.589309
vt 0.890590 0.614494
vt 0.889712 0.614494
vt 0.889712 0.606099
vt 0.890590 0.606099
vt 0.889712 0.354249
vt 0.890589 0.354249
vt 0.890590 0.362643
vt 0.889712 0.362643
vt 0.889712 0.371039
vt 0.890589 0.371039
vt 0.890589 0.379435
vt 0.889712 0.379435
vt 0.889712 0.387832
vt 0.890590 0.387832
vt 0.890590 0.396228
vt 0.889712 0.396228
vt 0.889712 0.404624
vt 0.890589 0.404624
vt 0.890590 0.413019
vt 0.889712 0.413019
vt 0.889712 0.421414
vt 0.890590 0.421414
vt 0.890590 0.429809
vt 0.889712 0.429809
vt 0.889712 0.438203
vt 0.890590 0.438203
vt 0.890589 0.446597
vt 0.889712 0.446597
vt 0.889712 0.454992
vt 0.890590 0.454991
vt 0.890590 0.463386
vt 0.889712 0.463386
vt 0.889712 0.471780
vt 0.890590 0.471780
vt 0.890590 0.480174
vt 0.889712 0.480174
vt 0.883969 0.496962
vt 0.883969 0.488568
vt 0.883969 0.513751
vt 0.883969 0.505356
vt 0.883969 0.530539
vt 0.883969 0.522145
vt 0.883969 0.547329
vt 0.883969 0.538934
vt 0.883969 0.564120
vt 0.883969 0.555724
vt 0.883969 0.580912
vt 0.883969 0.572516
vt 0.883969 0.597705
vt 0.883969 0.589308
vt 0.883969 0.614494
vt 0.883969 0.606099
vt 0.883969 0.354249
vt 0.883969 0.362643
vt 0.883969 0.371039
vt 0.883969 0.379435
vt 0.883969 0.387832
vt 0.883969 0.396228
vt 0.883969 0.404624
vt 0.883969 0.413019
vt 0.883969 0.421414
vt 0.883969 0.429809
vt 0.883969 0.438203
vt 0.883969 0.446597
vt 0.883969 0.454992
vt 0.883969 0.463386
vt 0.883969 0.471780
vt 0.883969 0.480174
vt 0.880978 0.496962
vt 0.880978 0.488568
vt 0.880978 0.513751
vt 0.880978 0.505356
vt 0.880978 0.530539
vt 0.880978 0.522145
vt 0.880978 0.547329
vt 0.880978 0.538934
vt 0.880978 0.564120
vt 0.880978 0.555724
vt 0.880978 0.580913
vt 0.880978 0.572516
vt 0.880978 0.597705
vt 0.880978 0.589308
vt 0.880978 0.614494
vt 0.880978 0.606099
vt 0.880978 0.362643
vt 0.880978 0.354249
vt 0.880978 0.371039
vt 0.880978 0.379435
vt 0.880978 0.387832
vt 0.880978 0.396228
vt 0.880978 0.404624
vt 0.880978 0.413019
vt 0.880978 0.421414
vt 0.880978 0.429809
vt 0.880978 0.438203
vt 0.880978 0.446597
vt 0.880978 0.454992
vt 0.880978 0.463386
vt 0.880978 0.480174
vt 0.880978 0.471780
vt 0.876823 0.496962
vt 0.876823 0.488568
vt 0.876823 0.513751
vt 0.876823 0.505356
vt 0.876823 0.530539
vt 0.876823 0.522145
vt 0.876823 0.547329
vt 0.876823 0.538934
vt 0.876823 0.564120
vt 0.876823 0.555724
vt 0.876823 0.580913
vt 0.876823 0.572516
vt 0.876823 0.597705
vt 0.876823 0.589309
vt 0.876823 0.614494
vt 0.876823 0.606099
vt 0.876823 0.362643
vt 0.876823 0.354249
vt 0.876823 0.371039
vt 0.876823 0.379435
vt 0.876823 0.387832
vt 0.876823 0.396228
vt 0.876823 0.404624
vt 0.876823 0.413019
vt 0.876823 0.421414
vt 0.876823 0.429809
vt 0.876823 0.438203
vt 0.876823 0.446597
vt 0.876823 0.454991
vt 0.876823 0.463386
vt 0.876823 0.480174
vt 0.876823 0.471780
vt 0.870039 0.496962
vt 0.870039 0.488568
vt 0.870039 0.513751
vt 0.870039 0.505356
vt 0.870039 0.530539
vt 0.870039 0.522145
vt 0.870039 0.547329
vt 0.870039 0.538934
vt 0.870039 0.564120
vt 0.870039 0.555724
vt 0.870039 0.580913
vt 0.870039 0.572516
vt 0.870039 0.597705
vt 0.870039 0.589308
vt 0.870039 0.614494
vt 0.870039 0.606099
vt 0.870039 0.362643
vt 0.870039 0.354249
vt 0.870039 0.379435
vt 0.870039 0.371039
vt 0.870039 0.387832
vt 0.870039 0.396228
vt 0.870039 0.404624
vt 0.870039 0.413019
vt 0.870039 0.421414
vt 0.870039 0.429809
vt 0.870039 0.438203
vt 0.870039 0.446597
vt 0.870039 0.463386
vt 0.870039 0.454992
vt 0.870039 0.480174
vt 0.870039 0.471780
vt 0.869244 0.496962
vt 0.869244 0.488568
vt 0.869244 0.513751
vt 0.869244 0.505356
vt 0.869244 0.530539
vt 0.869245 0.522145
vt 0.869245 0.547328
vt 0.869244 0.538934
vt 0.869245 0.564120
vt 0.869244 0.555724
vt 0.869244 0.580913
vt 0.869244 0.572516
vt 0.869244 0.597705
vt 0.869245 0.589309
vt 0.869244 0.614494
vt 0.869244 0.606099
vt 0.869244 0.354249
vt 0.869245 0.362643
vt 0.869244 0.371039
vt 0.869244 0.379435
vt 0.869244 0.387832
vt 0.869244 0.396228
vt 0.869244 0.404624
vt 0.869244 0.413019
vt 0.869244 0.421414
vt 0.869244 0.429809
vt 0.869244 0.438203
vt 0.869244 0.446597
vt 0.869244 0.454991
vt 0.869244 0.463386
vt 0.869244 0.471780
vt 0.869244 0.480174
vt 0.867558 0.496962
vt 0.867558 0.488568
vt 0.867558 0.513750
vt 0.867558 0.505356
vt 0.867558 0.530539
vt 0.867558 0.522145
vt 0.867558 0.547328
vt 0.867558 0.538934
vt 0.867558 0.564120
vt 0.867558 0.555724
vt 0.867558 0.580912
vt 0.867558 0.572516
vt 0.867558 0.597705
vt 0.867558 0.589308
vt 0.867558 0.614494
vt 0.867558 0.606099
vt 0.867558 0.354249
vt 0.867558 0.362643
vt 0.867558 0.371039
vt 0.867558 0.379435
vt 0.867558 0.387832
vt 0.867558 0.396228
vt 0.867558 0.404624
vt 0.867558 0.413019
vt 0.867558 0.421414
vt 0.867558 0.429809
vt 0.867558 0.438203
vt 0.867558 0.446597
vt 0.867558 0.454992
vt 0.867558 0.463386
vt 0.867558 0.471780
vt 0.867558 0.480174
vt 0.866018 0.496962
vt 0.866019 0.488568
vt 0.866019 0.513751
vt 0.866018 0.505356
vt 0.866019 0.530539
vt 0.866019 0.522145
vt 0.866019 0.547329
vt 0.866019 0.538934
vt 0.866019 0.564120
vt 0.866019 0.555724
vt 0.866019 0.580913
vt 0.866019 0.572516
vt 0.866019 0.597705
vt 0.866019 0.589309
vt 0.866019 0.614494
vt 0.866019 0.606099
vt 0.866018 0.354249
vt 0.866019 0.362643
vt 0.866019 0.371039
vt 0.866019 0.379435
vt 0.866018 0.387832
vt 0.866018 0.396228
vt 0.866019 0.404624
vt 0.866018 0.413019
vt 0.866019 0.421414
vt 0.866019 0.429809
vt 0.866019 0.438203
vt 0.866018 0.446597
vt 0.866019 0.454991
vt 0.866019 0.463386
vt 0.866019 0.480174
vt 0.866019 0.471780
vt 0.863010 0.496962
vt 0.863010 0.488568
vt 0.863010 0.513751
vt 0.863010 0.505356
vt 0.863010 0.530539
vt 0.863010 0.522145
vt 0.863010 0.480174
vt 0.863010 0.471780
vt 0.860333 0.513751
vt 0.860333 0.505356
vt 0.860333 0.530539
vt 0.860333 0.522145
vt 0.860333 0.480174
vt 0.860333 0.471780
vt 0.854604 0.665310
vt 0.854604 0.684512
vt 0.854604 0.722917
vt 0.854604 0.703715
vt 0.854604 0.761323
vt 0.854604 0.742120
vt 0.854604 0.799731
vt 0.854604 0.780527
vt 0.854604 0.838143
vt 0.854604 0.818937
vt 0.854604 0.876559
vt 0.854604 0.857351
vt 0.854604 0.895766
vt 0.854604 0.914973
vt 0.854604 0.934177
vt 0.854604 0.953381
vt 0.854604 0.358037
vt 0.854604 0.377241
vt 0.854604 0.396448
vt 0.854604 0.415655
vt 0.854604 0.434863
vt 0.854604 0.454070
vt 0.854604 0.473277
vt 0.854604 0.492483
vt 0.854604 0.511687
vt 0.854604 0.530891
vt 0.854604 0.550093
vt 0.854604 0.569296
vt 0.854604 0.588499
vt 0.854604 0.607702
vt 0.854604 0.626904
vt 0.854604 0.646107
vt 0.849138 0.150332
vt 0.837435 0.138629
vt 0.903377 0.085766
vt 0.862684 0.159840
vt 0.877975 0.166173
vt 0.894129 0.169774
vt 0.910679 0.169774
vt 0.926982 0.166919
vt 0.942272 0.160585
vt 0.956241 0.151708
vt 0.967943 0.140005
vt 0.977451 0.126458
vt 0.983785 0.111168
vt 0.987385 0.095014
vt 0.987385 0.078463
vt 0.984530 0.062161
vt 0.978195 0.046871
vt 0.714142 0.503766
vt 0.705516 0.501945
vt 0.696710 0.501981
vt 0.688147 0.503798
vt 0.680233 0.507331
vt 0.673262 0.512305
vt 0.667517 0.518499
vt 0.663111 0.525595
vt 0.660198 0.533330
vt 0.658774 0.541425
vt 0.658908 0.549615
vt 0.660532 0.557655
vt 0.663652 0.565271
vt 0.713125 0.586401
vt 0.705030 0.587887
vt 0.727735 0.579118
vt 0.720769 0.583427
vt 0.738717 0.566919
vt 0.733779 0.573548
vt 0.744422 0.551200
vt 0.742311 0.559380
vt 0.743546 0.534078
vt 0.744845 0.542647
vt 0.735727 0.518458
vt 0.740451 0.525889
vt 0.680815 0.583030
vt 0.678800 0.586716
vt 0.671186 0.581463
vt 0.858119 0.488568
vt 0.858119 0.480174
vt 0.860333 0.488568
vt 0.659951 0.567197
vt 0.664875 0.574816
vt 0.858119 0.505356
vt 0.858119 0.496962
vt 0.860333 0.496962
vt 0.654794 0.550059
vt 0.656594 0.558843
vt 0.858119 0.522145
vt 0.858119 0.513750
vt 0.656180 0.532233
vt 0.654678 0.541106
vt 0.858119 0.538934
vt 0.858119 0.530539
vt 0.664132 0.515923
vt 0.659370 0.523765
vt 0.858119 0.555724
vt 0.858119 0.547329
vt 0.678055 0.503538
vt 0.670431 0.509112
vt 0.858119 0.572516
vt 0.858119 0.564120
vt 0.696234 0.497542
vt 0.686781 0.499641
vt 0.858119 0.589309
vt 0.858119 0.580912
vt 0.715490 0.499506
vt 0.705963 0.497544
vt 0.858119 0.606099
vt 0.858119 0.597705
vt 0.858119 0.471780
vt 0.688565 0.586230
vt 0.687333 0.590288
vt 0.858119 0.454992
vt 0.858119 0.463386
vt 0.705407 0.592043
vt 0.696335 0.592011
vt 0.696744 0.587865
vt 0.858119 0.438203
vt 0.858119 0.446597
vt 0.722617 0.587130
vt 0.714251 0.590357
vt 0.858119 0.421414
vt 0.858119 0.429809
vt 0.736872 0.576339
vt 0.730215 0.582393
vt 0.858119 0.404624
vt 0.858119 0.413019
vt 0.746307 0.560838
vt 0.742277 0.569081
vt 0.858119 0.387832
vt 0.858119 0.396228
vt 0.749214 0.542432
vt 0.748639 0.551859
vt 0.858119 0.371039
vt 0.858119 0.379435
vt 0.744445 0.523893
vt 0.747783 0.532983
vt 0.858119 0.354249
vt 0.858119 0.362643
vt 0.732395 0.508746
vt 0.739190 0.515705
vt 0.828558 0.124661
vt 0.662474 0.262660
vt 0.662474 0.247314
vt 0.306177 0.001757
vt 0.326469 0.001757
vt 0.306177 0.022638
vt 0.326469 0.022638
vt 0.326469 0.024754
vt 0.306177 0.477614
vt 0.695145 0.556813
vt 0.682466 0.580009
vt 0.696141 0.554990
vt 0.724357 0.503367
vt 0.860333 0.345854
vt 0.858119 0.345854
vt 0.843007 0.338834
vt 0.854604 0.338834
vt 0.866018 0.345854
vt 0.863010 0.345854
vt 0.867558 0.345854
vt 0.869244 0.345854
vt 0.870039 0.345854
vt 0.876823 0.345854
vt 0.880978 0.345854
vt 0.883969 0.345854
vt 0.889712 0.345854
vt 0.890590 0.345854
vt 0.654695 0.001758
vt 0.667166 0.001758
vt 0.675136 0.001758
vt 0.684420 0.001758
vt 0.692413 0.001758
vt 0.699704 0.001758
vt 0.733517 0.001758
vt 0.651180 0.015237
vt 0.651180 0.483787
vt 0.651180 0.489243
vt 0.651180 0.494485
vt 0.651180 0.498235
vt 0.829385 0.338834
vt 0.835449 0.338834
vt 0.858119 0.614494
vt 0.662474 0.492869
vt 0.726656 0.492869
vt 0.001758 0.001757
vt 0.001758 0.022638
vt 0.001758 0.477614
vt 0.819365 0.953381
vt 0.822224 0.109371
vt 0.819369 0.093068
vt 0.819369 0.076518
vt 0.822969 0.060364
vt 0.829302 0.045073
vt 0.838811 0.031527
vt 0.850513 0.019824
vt 0.864482 0.010947
vt 0.879772 0.004613
vt 0.896074 0.001758
vt 0.912625 0.001758
vt 0.928779 0.005358
vt 0.944070 0.011691
vt 0.957616 0.021200
vt 0.969319 0.032902
vt 0.326469 0.154540
vt 0.387346 0.154540
vt 0.387346 0.344345
vt 0.367054 0.154540
vt 0.407638 0.154540
vt 0.468517 0.154540
vt 0.590296 0.154540
vt 0.630886 0.154540
vt 0.610593 0.154540
vt 0.306177 0.344345
vt 0.001757 0.344345
vt 0.022052 0.344345
vt 0.082939 0.344345
vt 0.103237 0.344345
vt 0.123535 0.344345
vt 0.143831 0.344345
vt 0.164127 0.344345
vt 0.184420 0.344345
vt 0.204714 0.344345
vt 0.225007 0.344345
vt 0.245299 0.344345
vt 0.265592 0.344345
vt 0.346761 0.154540
vt 0.285884 0.344345
vt 0.651180 0.154540
vt 0.042345 0.344345
vt 0.062642 0.344345
vt 0.448224 0.346136
vt 0.427931 0.346170
vt 0.488811 0.346136
vt 0.468517 0.346117
vt 0.509107 0.346168
vt 0.488811 0.346136
vt 0.427931 0.342482
vt 0.407638 0.342495
vt 0.468517 0.342455
vt 0.509107 0.346168
vt 0.549701 0.342495
vt 0.407688 0.344345
vt 0.427960 0.344345
vt 0.448247 0.344345
vt 0.468540 0.344345
vt 0.488818 0.344345
vt 0.509092 0.344345
vt 0.529384 0.344345
vt 0.549655 0.344345
vt 0.468517 0.342455
vt 0.488811 0.342465
vt 0.407638 0.342495
vt 0.407685 0.344346
s 1
usemtl spray_paint_bottles_02
f 2/1/1 3/2/2 4/3/3 1/4/4
f 6/5/5 7/6/6 8/7/7 5/8/8
f 10/9/9 11/10/10 12/11/11 9/12/12
f 14/13/13 15/14/14 16/15/15 13/16/16
f 17/17/17 18/18/18 19/19/19 20/20/20
f 24/21/21 21/22/22 22/23/23 23/24/24
f 26/25/25 27/26/26 28/27/27 25/28/28
f 31/29/29 32/30/30 29/31/31 30/32/32
f 35/33/33 36/34/34 33/35/35 34/36/36
f 39/37/37 40/38/38 37/39/39 38/40/40
f 43/41/41 44/42/42 41/43/43 42/44/44
f 47/45/45 48/46/46 45/47/47 46/48/48
f 26/25/25 51/49/49 49/50/50 50/51/51
f 53/52/52 54/53/53 55/54/54 52/55/55
f 57/56/56 58/57/57 59/58/58 56/59/59
f 62/60/60 63/61/61 60/62/62 61/63/63
f 66/64/64 67/65/65 64/66/66 65/67/67
f 63/61/61 69/68/68 68/69/69 60/62/62
f 32/30/30 71/70/70 70/71/71 29/31/31
f 36/34/34 73/72/72 72/73/73 33/35/35
f 40/38/38 75/74/74 74/75/75 37/39/39
f 44/42/42 77/76/76 76/77/77 41/43/43
f 48/46/46 79/78/78 78/79/79 45/47/47
f 51/49/49 81/80/80 80/81/81 49/50/50
f 83/82/82 82/83/83 64/66/66 67/65/65
f 85/84/84 84/85/85 68/69/69 69/68/68
f 71/70/70 87/86/86 86/87/87 70/71/71
f 73/72/72 89/88/88 88/89/89 72/73/73
f 75/74/74 91/90/90 90/91/91 74/75/75
f 77/76/76 93/92/92 92/93/93 76/77/77
f 78/79/79 79/78/78 95/94/94 94/95/95
f 80/81/81 81/80/80 97/96/96 96/97/97
f 95/94/94 96/97/97 98/98/98
f 94/95/95 95/94/94 98/98/98
f 93/92/92 94/95/95 98/98/98
f 92/93/93 93/92/92 98/98/98
f 91/90/90 92/93/93 98/98/98
f 90/91/91 91/90/90 98/98/98
f 89/88/88 90/91/91 98/98/98
f 88/89/89 89/88/88 98/98/98
f 101/99/99 102/100/100 99/101/101 100/102/102
f 103/103/103 104/104/104 105/105/105 106/106/106
f 110/107/107 107/108/108 108/109/109 109/110/110
f 114/111/111 111/112/112 112/113/113 113/114/114
f 118/115/115 115/116/116 116/117/117 117/118/118
f 122/119/119 119/120/120 120/121/121 121/122/122
f 126/123/123 123/124/124 124/125/125 125/126/126
f 128/127/127 129/128/128 130/129/129 127/130/130
f 132/131/131 133/132/132 134/133/133 131/134/134
f 136/135/135 137/136/136 138/137/137 135/138/138
f 140/139/139 141/140/140 142/141/141 139/142/142
f 144/143/143 145/144/144 146/145/145 143/146/146
f 51/49/49 26/25/25 25/28/28 147/147/147
f 149/148/148 53/52/52 52/55/55 148/149/149
f 151/150/150 57/56/56 56/59/59 150/151/151
f 153/152/152 128/127/127 127/130/130 152/153/153
f 155/154/154 132/131/131 131/134/134 154/155/155
f 157/156/156 136/135/135 135/138/138 156/157/157
f 159/158/158 140/139/139 139/142/142 158/159/159
f 161/160/160 144/143/143 143/146/146 160/161/161
f 81/80/80 51/49/49 147/147/147 162/162/162
f 163/163/163 164/164/164 149/148/148 148/149/149
f 165/165/165 166/166/166 151/150/150 150/151/151
f 168/167/167 153/152/152 152/153/153 167/168/168
f 170/169/169 155/154/154 154/155/155 169/170/170
f 172/171/171 157/156/156 156/157/157 171/172/172
f 174/173/173 159/158/158 158/159/159 173/174/174
f 161/160/160 160/161/161 175/175/175 176/176/176
f 81/80/80 162/162/162 177/177/177 97/96/96
f 87/86/86 88/89/89 98/98/98
f 86/87/87 87/86/86 98/98/98
f 85/84/84 86/87/87 98/98/98
f 84/85/85 85/84/84 98/98/98
f 83/82/82 84/85/85 98/98/98
f 82/83/83 83/82/82 98/98/98
f 178/178/178 82/83/83 98/98/98
f 180/179/179 181/180/180 182/181/181 179/182/182
f 184/183/183 185/184/184 186/185/185 183/186/186
f 188/187/187 189/188/188 190/189/189 187/190/190
f 192/191/191 193/192/192 194/193/193 191/194/194
f 196/195/195 197/196/196 198/197/197 195/198/198
f 200/199/199 201/200/200 202/201/201 199/202/202
f 204/203/203 205/204/204 206/205/205 203/206/206
f 208/207/207 209/208/208 210/209/209 207/210/210
f 214/211/211 211/212/212 212/213/213 213/214/214
f 218/215/215 215/216/216 216/217/217 217/218/218
f 222/219/219 219/220/220 220/221/221 221/222/222
f 226/223/223 223/224/224 224/225/225 225/226/226
f 230/227/227 227/228/228 228/229/229 229/230/230
f 234/231/231 231/232/232 232/233/233 233/234/234
f 238/235/235 235/236/236 236/237/237 237/238/238
f 242/239/239 239/240/240 240/241/241 241/242/242
f 244/243/243 180/179/179 179/182/182 243/244/244
f 246/245/245 184/183/183 183/186/186 245/246/246
f 248/247/247 188/187/187 187/190/190 247/248/248
f 250/249/249 192/191/191 191/194/194 249/250/250
f 252/251/251 196/195/195 195/198/198 251/252/252
f 254/253/253 200/199/199 199/202/202 253/254/254
f 256/255/255 204/203/203 203/206/206 255/256/256
f 208/207/207 207/210/210 257/257/257 258/258/258
f 211/212/212 259/259/259 260/260/260 212/213/213
f 215/216/216 261/261/261 262/262/262 216/217/217
f 219/220/220 263/263/263 264/264/264 220/221/221
f 223/224/224 265/265/265 266/266/266 224/225/225
f 227/228/228 267/267/267 268/268/268 228/229/229
f 231/232/232 269/269/269 270/270/270 232/233/233
f 235/236/236 271/271/271 272/272/272 236/237/237
f 273/273/273 274/274/274 240/241/241 239/240/240
f 181/180/180 275/275/275 276/276/276 182/181/181
f 185/184/184 277/277/277 278/278/278 186/185/185
f 189/188/188 279/279/279 280/280/280 190/189/189
f 193/192/192 281/281/281 282/282/282 194/193/193
f 197/196/196 283/283/283 284/284/284 198/197/197
f 201/200/200 285/285/285 286/286/286 202/201/201
f 205/204/204 287/287/287 288/288/288 206/205/205
f 209/208/208 289/289/289 290/290/290 210/209/209
f 292/291/291 214/211/211 213/214/214 291/292/292
f 294/293/293 218/215/215 217/218/218 293/294/294
f 296/295/295 222/219/219 221/222/222 295/296/296
f 298/297/297 226/223/223 225/226/226 297/298/298
f 300/299/299 230/227/227 229/230/230 299/300/300
f 302/301/301 234/231/231 233/234/234 301/302/302
f 304/303/303 238/235/235 237/238/238 303/304/304
f 306/305/305 242/239/239 241/242/242 305/306/306
f 278/278/278 307/307/307 308/308/308 275/275/275
f 280/280/280 309/309/309 310/310/310 277/277/277
f 282/282/282 311/311/311 312/312/312 279/279/279
f 284/284/284 313/313/313 314/314/314 281/281/281
f 286/286/286 315/315/315 316/316/316 283/283/283
f 288/288/288 317/317/317 318/318/318 285/285/285
f 290/290/290 319/319/319 320/320/320 287/287/287
f 322/321/321 289/322/289 292/291/291 321/323/322
f 324/324/323 291/292/292 294/293/293 323/325/324
f 326/326/325 293/294/294 296/295/295 325/327/326
f 328/328/327 295/296/296 298/297/297 327/329/328
f 330/330/329 297/298/298 300/299/299 329/331/330
f 332/332/331 299/300/300 302/301/301 331/333/332
f 334/334/333 301/302/302 304/303/303 333/335/334
f 336/336/335 303/304/304 306/305/305 335/337/336
f 308/338/308 338/339/337 339/340/338 337/341/339
f 310/342/310 340/343/340 341/344/341 307/345/307
f 312/346/312 342/347/342 343/348/343 309/349/309
f 314/350/314 344/351/344 345/352/345 311/353/311
f 316/354/316 346/355/346 347/356/347 313/357/313
f 318/358/318 348/359/348 349/360/349 315/361/315
f 320/362/320 350/363/350 351/364/351 317/365/317
f 322/366/321 352/367/352 353/368/353 319/369/319
f 355/370/354 321/371/322 324/372/323 354/373/355
f 357/374/356 323/375/324 326/376/325 356/377/357
f 359/378/358 325/379/326 328/380/327 358/381/359
f 361/382/360 327/383/328 330/384/329 360/385/361
f 363/386/362 329/387/330 332/388/331 362/389/363
f 365/390/364 331/391/332 334/392/333 364/393/365
f 367/394/366 333/395/334 336/396/335 366/397/367
f 370/398/368 335/399/336 368/400/369 369/401/370
f 338/339/337 371/402/371 372/403/372 339/340/338
f 340/343/340 373/404/373 374/405/374 341/344/341
f 342/347/342 375/406/375 376/407/376 343/348/343
f 344/351/344 377/408/377 378/409/378 345/352/345
f 346/355/346 379/410/379 380/411/380 347/356/347
f 348/359/348 381/412/381 382/413/382 349/360/349
f 350/363/350 383/414/383 384/415/384 351/364/351
f 352/367/352 385/416/385 386/417/386 353/368/353
f 388/418/387 355/370/354 354/373/355 387/419/388
f 390/420/389 357/374/356 356/377/357 389/421/390
f 392/422/391 359/378/358 358/381/359 391/423/392
f 394/424/393 361/382/360 360/385/361 393/425/394
f 396/426/395 363/386/362 362/389/363 395/427/396
f 398/428/397 365/390/364 364/393/365 397/429/398
f 400/430/399 367/394/366 366/397/367 399/431/400
f 402/432/401 370/398/368 369/401/370 401/433/402
f 371/402/371 403/434/403 404/435/404 372/403/372
f 373/404/373 405/436/405 406/437/406 374/405/374
f 375/406/375 407/438/407 408/439/408 376/407/376
f 377/408/377 409/440/409 410/441/410 378/409/378
f 379/410/379 411/442/411 412/443/412 380/411/380
f 381/412/381 413/444/413 414/445/414 382/413/382
f 383/414/383 415/446/415 416/447/416 384/415/384
f 385/416/385 417/448/417 418/449/418 386/417/386
f 420/450/419 388/418/387 387/419/388 419/451/420
f 422/452/421 390/420/389 389/421/390 421/453/422
f 424/454/423 392/422/391 391/423/392 423/455/424
f 426/456/425 394/424/393 393/425/394 425/457/426
f 428/458/427 396/426/395 395/427/396 427/459/428
f 430/460/429 398/428/397 397/429/398 429/461/430
f 432/462/431 400/430/399 399/431/400 431/463/432
f 434/464/433 402/432/401 401/433/402 433/465/434
f 403/434/403 435/466/435 436/467/436 404/435/404
f 405/436/405 437/468/437 438/469/438 406/437/406
f 407/438/407 439/470/439 440/471/440 408/439/408
f 409/440/409 441/472/441 442/473/442 410/441/410
f 411/442/411 443/474/443 444/475/444 412/443/412
f 413/444/413 445/476/445 446/477/446 414/445/414
f 415/446/415 447/478/447 448/479/448 416/447/416
f 417/448/417 449/480/449 450/481/450 418/449/418
f 452/482/451 420/450/419 419/451/420 451/483/452
f 454/484/453 422/452/421 421/453/422 453/485/454
f 456/486/455 424/454/423 423/455/424 455/487/456
f 458/488/457 426/456/425 425/457/426 457/489/458
f 460/490/459 428/458/427 427/459/428 459/491/460
f 462/492/461 430/460/429 429/461/430 461/493/462
f 464/494/463 432/462/431 431/463/432 463/495/464
f 466/496/465 434/464/433 433/465/434 465/497/466
f 438/469/438 467/498/467 468/499/468 435/466/435
f 440/471/440 469/500/469 470/501/470 437/468/437
f 442/473/442 471/502/471 472/503/472 439/470/439
f 444/475/444 473/504/473 474/505/474 441/472/441
f 446/477/446 475/506/475 476/507/476 443/474/443
f 448/479/448 477/508/477 478/509/478 445/476/445
f 450/481/450 479/510/479 480/511/480 447/478/447
f 482/512/481 449/513/449 452/482/451 481/514/482
f 484/515/483 451/483/452 454/484/453 483/516/484
f 486/517/485 453/485/454 456/486/455 485/518/486
f 488/519/487 455/487/456 458/488/457 487/520/488
f 490/521/489 457/489/458 460/490/459 489/522/490
f 492/523/491 459/491/460 462/492/461 491/524/492
f 494/525/493 461/493/462 464/494/463 493/526/494
f 496/527/495 463/495/464 466/496/465 495/528/496
f 276/276/276 337/529/339 368/530/369 305/306/306
f 1522/531/497 497/532/498 498/533/499 1526/534/500
f 1533/535/501 499/536/502 500/537/503 1537/538/504
f 1507/539/505 501/540/506 502/541/507 1511/542/508
f 1516/543/509 503/544/510 504/545/511 1520/546/512
f 1523/547/513 505/548/514 506/549/515 1527/550/516
f 1534/551/517 507/552/518 508/553/519 1538/554/520
f 1543/555/521 482/512/481 481/514/482 1541/556/522
f 1549/557/523 484/515/483 483/516/484 1546/558/524
f 1575/559/525 485/518/486 488/519/487 1584/560/526
f 1564/561/527 489/522/490 492/523/491 1572/562/528
f 1570/563/529 491/524/492 494/525/493 1579/564/530
f 1535/565/531 1585/566/532 1581/567/533 1530/568/534
f 1538/554/520 508/553/519 505/548/514 1523/547/513
f 1515/569/535 525/570/536 526/571/537 1519/572/538
f 1560/573/539 496/527/495 495/528/496 1556/574/540
f 1519/572/538 526/571/537 529/575/541 1510/576/542
f 1526/534/500 498/533/499 525/570/536 1515/569/535
f 1537/538/504 500/537/503 497/532/498 1522/531/497
f 1511/542/508 502/541/507 499/536/502 1533/535/501
f 1520/546/512 504/545/511 501/540/506 1507/539/505
f 1527/550/516 506/549/515 503/544/510 1516/543/509
f 1512/577/521 510/578/543 507/552/518 1534/551/517
f 1556/574/540 495/528/496 527/579/544 1557/580/545
f 1541/556/522 481/514/482 484/515/483 1549/557/523
f 1546/558/524 483/516/484 486/517/485 1555/581/546
f 1528/582/547 1555/581/546 1576/583/548 1524/584/549
f 1518/585/550 1573/586/551 1569/587/552 1514/588/553
f 1530/568/534 1581/567/533 1567/589/554 1513/590/555
f 1577/591/556 1576/583/548 1555/581/546 1575/559/525
f 525/570/536 531/592/557 532/593/558 526/571/537
f 497/532/498 533/594/559 534/595/560 498/533/499
f 499/536/502 535/596/561 536/597/562 500/537/503
f 501/540/506 537/598/563 538/599/564 502/541/507
f 503/544/510 539/600/565 540/601/566 504/545/511
f 505/548/514 541/602/567 542/603/568 506/549/515
f 507/552/518 543/604/569 544/605/570 508/553/519
f 546/606/571 510/607/543 509/608/572 545/609/573
f 548/610/574 512/611/575 511/612/576 547/613/577
f 550/614/578 514/615/579 513/616/580 549/617/581
f 552/618/582 516/619/583 515/620/584 551/621/585
f 554/622/586 518/623/587 517/624/588 553/625/589
f 556/626/590 520/627/591 519/628/592 555/629/593
f 558/630/594 522/631/595 521/632/596 557/633/597
f 560/634/598 524/635/599 523/636/600 559/637/601
f 531/592/557 561/638/602 562/639/603 532/593/558
f 533/594/559 563/640/604 564/641/605 534/595/560
f 535/596/561 565/642/606 566/643/607 536/597/562
f 537/598/563 567/644/608 568/645/609 538/599/564
f 539/600/565 569/646/610 570/647/611 540/601/566
f 541/602/567 571/648/612 572/649/613 542/603/568
f 543/604/569 573/650/614 574/651/615 544/605/570
f 546/606/571 545/609/573 575/652/616 576/653/617
f 578/654/618 548/610/574 547/613/577 577/655/619
f 580/656/620 550/614/578 549/617/581 579/657/621
f 582/658/622 552/618/582 551/621/585 581/659/623
f 584/660/624 554/622/586 553/625/589 583/661/625
f 586/662/626 556/626/590 555/629/593 585/663/627
f 588/664/628 558/630/594 557/633/597 587/665/629
f 590/666/630 560/634/598 559/637/601 589/667/631
f 562/639/603 592/668/632 593/669/633 591/670/634
f 564/641/605 594/671/635 595/672/636 561/638/602
f 566/643/607 596/673/637 597/674/638 563/640/604
f 568/645/609 598/675/639 599/676/640 565/642/606
f 570/647/611 600/677/641 601/678/642 567/644/608
f 572/649/613 602/679/643 603/680/644 569/646/610
f 574/651/615 604/681/645 605/682/646 571/648/612
f 576/683/617 606/684/647 607/685/648 573/650/614
f 609/686/649 575/652/616 578/654/618 608/687/650
f 611/688/651 577/655/619 580/656/620 610/689/652
f 613/690/653 579/657/621 582/658/622 612/691/654
f 615/692/655 581/659/623 584/660/624 614/693/656
f 617/694/657 583/661/625 586/662/626 616/695/658
f 619/696/659 585/663/627 588/664/628 618/697/660
f 621/698/661 587/665/629 590/666/630 620/699/662
f 624/700/663 589/667/631 622/701/664 623/702/665
f 592/668/632 625/703/666 626/704/667 593/669/633
f 594/671/635 627/705/668 628/706/669 595/672/636
f 596/673/637 629/707/670 630/708/671 597/674/638
f 598/675/639 631/709/672 632/710/673 599/676/640
f 600/677/641 633/711/674 634/712/675 601/678/642
f 602/679/643 635/713/676 636/714/677 603/680/644
f 604/681/645 637/715/678 638/716/679 605/682/646
f 607/685/648 606/684/647 639/717/680 640/718/681
f 642/719/682 609/686/649 608/687/650 641/720/683
f 644/721/684 611/688/651 610/689/652 643/722/685
f 646/723/686 613/690/653 612/691/654 645/724/687
f 648/725/688 615/692/655 614/693/656 647/726/689
f 650/727/690 617/694/657 616/695/658 649/728/691
f 652/729/692 619/696/659 618/697/660 651/730/693
f 654/731/694 621/698/661 620/699/662 653/732/695
f 655/733/696 656/734/697 624/700/663 623/702/665
f 628/706/669 657/735/698 658/736/699 625/703/666
f 630/708/671 659/737/700 660/738/701 627/705/668
f 632/710/673 661/739/702 662/740/703 629/707/670
f 634/712/675 663/741/704 664/742/705 631/709/672
f 636/714/677 665/743/706 666/744/707 633/711/674
f 638/716/679 667/745/708 668/746/709 635/713/676
f 640/718/681 669/747/710 670/748/711 637/715/678
f 672/749/712 639/750/680 642/719/682 671/751/713
f 674/752/714 641/720/683 644/721/684 673/753/715
f 676/754/716 643/722/685 646/723/686 675/755/717
f 678/756/718 645/724/687 648/725/688 677/757/719
f 680/758/720 647/726/689 650/727/690 679/759/721
f 682/760/722 649/728/691 652/729/692 681/761/723
f 684/762/724 651/730/693 654/731/694 683/763/725
f 686/764/726 653/732/695 656/734/697 685/765/727
f 658/766/699 688/767/728 689/768/729 687/769/730
f 660/770/701 690/771/731 691/772/732 657/773/698
f 662/774/703 692/775/733 693/776/734 659/777/700
f 664/778/705 694/779/735 695/780/736 661/781/702
f 666/782/707 696/783/737 697/784/738 663/785/704
f 668/786/709 698/787/739 699/788/740 665/789/706
f 670/790/711 700/791/741 701/792/742 667/793/708
f 702/794/743 703/795/744 669/796/710 672/797/712
f 705/798/745 671/799/713 674/800/714 704/801/746
f 707/802/747 673/803/715 676/804/716 706/805/748
f 709/806/749 675/807/717 678/808/718 708/809/750
f 711/810/751 677/811/719 680/812/720 710/813/752
f 713/814/753 679/815/721 682/816/722 712/817/754
f 715/818/755 681/819/723 684/820/724 714/821/756
f 717/822/757 683/823/725 686/824/726 716/825/758
f 685/826/727 718/827/759 719/828/760 720/829/761
f 691/772/732 721/830/762 722/831/763 688/767/728
f 693/776/734 723/832/764 724/833/765 690/771/731
f 695/780/736 725/834/766 726/835/767 692/775/733
f 697/784/738 727/836/768 728/837/769 694/779/735
f 699/788/740 729/838/770 730/839/771 696/783/737
f 701/792/742 731/840/772 732/841/773 698/787/739
f 703/795/744 733/842/774 734/843/775 700/791/741
f 736/844/776 702/845/743 705/798/745 735/846/777
f 738/847/778 704/801/746 707/802/747 737/848/779
f 740/849/780 706/805/748 709/806/749 739/850/781
f 742/851/782 708/809/750 711/810/751 741/852/783
f 744/853/784 710/813/752 713/814/753 743/854/785
f 746/855/786 712/817/754 715/818/755 745/856/787
f 748/857/788 714/821/756 717/822/757 747/858/789
f 750/859/790 716/825/758 720/829/761 749/860/791
f 721/830/762 751/861/792 752/862/793 722/831/763
f 723/832/764 753/863/794 754/864/795 724/833/765
f 725/834/766 755/865/796 756/866/797 726/835/767
f 727/836/768 757/867/798 758/868/799 728/837/769
f 729/838/770 759/869/800 760/870/801 730/839/771
f 731/840/772 761/871/802 762/872/803 732/841/773
f 733/842/774 763/873/804 764/874/805 734/843/775
f 766/875/806 736/844/776 735/846/777 765/876/807
f 768/877/808 738/847/778 737/848/779 767/878/809
f 770/879/810 740/849/780 739/850/781 769/880/811
f 772/881/812 742/851/782 741/852/783 771/882/813
f 774/883/814 744/853/784 743/854/785 773/884/815
f 776/885/816 746/855/786 745/856/787 775/886/817
f 778/887/818 748/857/788 747/858/789 777/888/819
f 780/889/820 750/859/790 749/860/791 779/890/821
f 689/768/729 781/891/822 782/892/823 719/828/760
f 752/862/793 784/893/824 785/894/825 783/895/826
f 754/864/795 786/896/827 787/897/828 751/861/792
f 756/866/797 788/898/829 789/899/830 753/863/794
f 758/868/799 790/900/831 791/901/832 755/865/796
f 760/870/801 792/902/833 793/903/834 757/867/798
f 762/872/803 794/904/835 795/905/836 759/869/800
f 764/874/805 796/906/837 797/907/838 761/871/802
f 763/873/804 766/908/806 798/909/839 799/910/840
f 801/911/841 765/876/807 768/877/808 800/912/842
f 803/913/843 767/878/809 770/879/810 802/914/844
f 805/915/845 769/880/811 772/881/812 804/916/846
f 807/917/847 771/882/813 774/883/814 806/918/848
f 809/919/849 773/884/815 776/885/816 808/920/850
f 811/921/851 775/886/817 778/887/818 810/922/852
f 813/923/853 777/888/819 780/889/820 812/924/854
f 815/925/855 816/926/856 779/890/821 814/927/857
f 817/928/858 818/929/859 784/893/824 787/897/828
f 789/899/830 819/930/860 820/931/861 786/896/827
f 791/901/832 821/932/862 822/933/863 788/898/829
f 793/903/834 823/934/864 824/935/865 790/900/831
f 795/905/836 825/936/866 826/937/867 792/902/833
f 794/904/835 797/907/838 827/938/868 828/939/869
f 796/906/837 799/910/840 829/940/870 830/941/871
f 798/942/839 801/911/841 831/943/872 832/944/873
f 800/912/842 803/913/843 833/945/874 834/946/875
f 836/947/876 802/914/844 805/915/845 835/948/877
f 838/949/878 804/916/846 807/917/847 837/950/879
f 840/951/880 806/918/848 809/919/849 839/952/881
f 842/953/882 808/920/850 811/921/851 841/954/883
f 843/955/884 844/956/885 810/922/852 813/923/853
f 845/957/886 846/958/887 812/924/854 816/926/856
f 818/929/859 848/959/888 849/960/889 847/961/890
f 820/931/861 850/962/891 851/963/892 817/928/858
f 822/933/863 852/964/893 853/965/894 819/930/860
f 824/935/865 854/966/895 855/967/896 821/932/862
f 826/937/867 856/968/897 857/969/898 823/934/864
f 828/939/869 858/970/899 859/971/900 825/936/866
f 830/941/871 860/972/901 861/973/902 827/938/868
f 829/940/870 832/974/873 862/975/903 863/976/904
f 865/977/905 831/943/872 834/946/875 864/978/906
f 867/979/907 833/945/874 836/947/876 866/980/908
f 869/981/909 835/948/877 838/949/878 868/982/910
f 871/983/911 837/950/879 840/951/880 870/984/912
f 873/985/913 839/952/881 842/953/882 872/986/914
f 875/987/915 841/954/883 844/956/885 874/988/916
f 877/989/917 843/955/884 846/958/887 876/990/918
f 879/991/919 880/992/920 845/957/886 878/993/921
f 881/994/922 882/995/923 849/960/889 848/959/888
f 850/962/891 883/996/924 884/997/925 851/963/892
f 852/964/893 885/998/926 886/999/927 853/965/894
f 854/966/895 887/1000/928 888/1001/929 855/967/896
f 856/968/897 889/1002/930 890/1003/931 857/969/898
f 858/970/899 891/1004/932 892/1005/933 859/971/900
f 860/972/901 893/1006/934 894/1007/935 861/973/902
f 863/976/904 862/975/903 895/1008/936 896/1009/937
f 865/977/905 864/978/906 897/1010/938 898/1011/939
f 900/1012/940 867/979/907 866/980/908 899/1013/941
f 902/1014/942 869/981/909 868/982/910 901/1015/943
f 904/1016/944 871/983/911 870/984/912 903/1017/945
f 906/1018/946 873/985/913 872/986/914 905/1019/947
f 908/1020/948 875/987/915 874/988/916 907/1021/949
f 910/1022/950 877/989/917 876/990/918 909/1023/951
f 911/1024/952 912/1025/953 880/992/920 879/991/919
f 913/1026/954 914/1027/955 882/995/923 881/994/922
f 883/996/924 915/1028/956 916/1029/957 884/997/925
f 885/998/926 917/1030/958 918/1031/959 886/999/927
f 887/1000/928 919/1032/960 920/1033/961 888/1001/929
f 889/1002/930 921/1034/962 922/1035/963 890/1003/931
f 891/1004/932 923/1036/964 924/1037/965 892/1005/933
f 893/1006/934 925/1038/966 926/1039/967 894/1007/935
f 896/1009/937 895/1008/936 927/1040/968 928/1041/969
f 898/1011/939 897/1010/938 929/1042/970 930/1043/971
f 932/1044/972 900/1012/940 899/1013/941 931/1045/973
f 934/1046/974 902/1014/942 901/1015/943 933/1047/975
f 936/1048/976 904/1016/944 903/1017/945 935/1049/977
f 938/1050/978 906/1018/946 905/1019/947 937/1051/979
f 940/1052/980 908/1020/948 907/1021/949 939/1053/981
f 942/1054/982 910/1022/950 909/1023/951 941/1055/983
f 943/1056/984 944/1057/985 912/1025/953 911/1024/952
f 945/1058/986 946/1059/987 914/1027/955 913/1026/954
f 915/1028/956 947/1060/988 948/1061/989 916/1029/957
f 917/1030/958 949/1062/990 950/1063/991 918/1031/959
f 919/1032/960 951/1064/992 952/1065/993 920/1033/961
f 921/1034/962 953/1066/994 954/1067/995 922/1035/963
f 923/1036/964 955/1068/996 956/1069/997 924/1037/965
f 926/1039/967 925/1038/966 957/1070/998 958/1071/999
f 928/1041/969 927/1040/968 959/1072/1000 960/1073/1001
f 930/1043/971 929/1042/970 961/1074/1002 962/1075/1003
f 964/1076/1004 932/1044/972 931/1045/973 963/1077/1005
f 966/1078/1006 934/1046/974 933/1047/975 965/1079/1007
f 968/1080/1008 936/1048/976 935/1049/977 967/1081/1009
f 970/1082/1010 938/1050/978 937/1051/979 969/1083/1011
f 972/1084/1012 940/1052/980 939/1053/981 971/1085/1013
f 973/1086/1014 974/1087/1015 942/1054/982 941/1055/983
f 975/1088/1016 976/1089/1017 944/1057/985 943/1056/984
f 977/1090/1018 978/1091/1019 946/1059/987 945/1058/986
f 947/1060/988 979/1092/1020 980/1093/1021 948/1061/989
f 949/1062/990 981/1094/1022 982/1095/1023 950/1063/991
f 951/1064/992 983/1096/1024 984/1097/1025 952/1065/993
f 953/1066/994 985/1098/1026 986/1099/1027 954/1067/995
f 955/1068/996 987/1100/1028 988/1101/1029 956/1069/997
f 958/1071/999 957/1070/998 989/1102/1030 990/1103/1031
f 960/1073/1001 959/1072/1000 991/1104/1032 992/1105/1033
f 962/1075/1003 961/1074/1002 993/1106/1034 994/1107/1035
f 996/1108/1036 964/1076/1004 963/1077/1005 995/1109/1037
f 998/1110/1038 966/1078/1006 965/1079/1007 997/1111/1039
f 1000/1112/1040 968/1080/1008 967/1081/1009 999/1113/1041
f 1002/1114/1042 970/1082/1010 969/1083/1011 1001/1115/1043
f 1004/1116/1044 972/1084/1012 971/1085/1013 1003/1117/1045
f 1005/1118/1046 1006/1119/1047 974/1087/1015 973/1086/1014
f 1007/1120/1048 1008/1121/1049 976/1089/1017 975/1088/1016
f 977/1090/1018 1009/1122/1050 1010/1123/1051 978/1091/1019
f 979/1092/1020 1011/1124/1052 1012/1125/1053 980/1093/1021
f 981/1094/1022 1013/1126/1054 1014/1127/1055 982/1095/1023
f 983/1096/1024 1015/1128/1056 1016/1129/1057 984/1097/1025
f 985/1098/1026 1017/1130/1058 1018/1131/1059 986/1099/1027
f 987/1100/1028 1019/1132/1060 1020/1133/1061 988/1101/1029
f 989/1102/1030 1021/1134/1062 1022/1135/1063 990/1103/1031
f 991/1104/1032 1023/1136/1064 1024/1137/1065 992/1105/1033
f 1026/1138/1066 994/1107/1035 993/1106/1034 1025/1139/1067
f 1028/1140/1068 996/1108/1036 995/1109/1037 1027/1141/1069
f 1030/1142/1070 998/1110/1038 997/1111/1039 1029/1143/1071
f 1032/1144/1072 1000/1112/1040 999/1113/1041 1031/1145/1073
f 1034/1146/1074 1002/1114/1042 1001/1115/1043 1033/1147/1075
f 1036/1148/1076 1004/1116/1044 1003/1117/1045 1035/1149/1077
f 1038/1150/1078 1006/1119/1047 1005/1118/1046 1037/1151/1079
f 1040/1152/1080 1008/1121/1049 1007/1120/1048 1039/1153/1081
f 1012/1125/1053 1041/1154/1082 1042/1155/1083 1009/1122/1050
f 1014/1127/1055 1043/1156/1084 1044/1157/1085 1011/1124/1052
f 1016/1129/1057 1045/1158/1086 1046/1159/1087 1013/1126/1054
f 1018/1131/1059 1047/1160/1088 1048/1161/1089 1015/1128/1056
f 1020/1133/1061 1049/1162/1090 1050/1163/1091 1017/1130/1058
f 1022/1135/1063 1051/1164/1092 1052/1165/1093 1019/1132/1060
f 1021/1134/1062 1024/1137/1065 1053/1166/1094 1054/1167/1095
f 1023/1168/1064 1026/1138/1066 1055/1169/1096 1056/1170/1097
f 1058/1171/1098 1025/1139/1067 1028/1140/1068 1057/1172/1099
f 1060/1173/1100 1027/1141/1069 1030/1142/1070 1059/1174/1101
f 1062/1175/1102 1029/1143/1071 1032/1144/1072 1061/1176/1103
f 1064/1177/1104 1031/1145/1073 1034/1146/1074 1063/1178/1105
f 1066/1179/1106 1033/1147/1075 1036/1148/1076 1065/1180/1107
f 1068/1181/1108 1035/1149/1077 1038/1150/1078 1067/1182/1109
f 1069/1183/1110 1070/1184/1111 1037/1151/1079 1040/1152/1080
f 1041/1154/1082 1071/1185/1112 1072/1186/1113 1042/1155/1083
f 1043/1156/1084 1073/1187/1114 1074/1188/1115 1044/1157/1085
f 1045/1158/1086 1075/1189/1116 1076/1190/1117 1046/1159/1087
f 1047/1160/1088 1077/1191/1118 1078/1192/1119 1048/1161/1089
f 1049/1162/1090 1079/1193/1120 1080/1194/1121 1050/1163/1091
f 1051/1164/1092 1081/1195/1122 1082/1196/1123 1052/1165/1093
f 1053/1166/1094 1083/1197/1124 1084/1198/1125 1054/1167/1095
f 1056/1170/1097 1055/1169/1096 1085/1199/1126 1086/1200/1127
f 1088/1201/1128 1058/1171/1098 1057/1172/1099 1087/1202/1129
f 1090/1203/1130 1060/1173/1100 1059/1174/1101 1089/1204/1131
f 1092/1205/1132 1062/1175/1102 1061/1176/1103 1091/1206/1133
f 1094/1207/1134 1064/1177/1104 1063/1178/1105 1093/1208/1135
f 1096/1209/1136 1066/1179/1106 1065/1180/1107 1095/1210/1137
f 1098/1211/1138 1068/1181/1108 1067/1182/1109 1097/1212/1139
f 1100/1213/1140 1070/1184/1111 1069/1183/1110 1099/1214/1141
f 1101/1215/1142 1072/1186/1113 1102/1216/1143 1103/1217/1144
f 1074/1188/1115 1104/1218/1145 1105/1219/1146 1071/1185/1112
f 1076/1190/1117 1106/1220/1147 1107/1221/1148 1073/1187/1114
f 1078/1192/1119 1108/1222/1149 1109/1223/1150 1075/1189/1116
f 1080/1194/1121 1110/1224/1151 1111/1225/1152 1077/1191/1118
f 1082/1196/1123 1112/1226/1153 1113/1227/1154 1079/1193/1120
f 1114/1228/1155 1115/1229/1156 1081/1195/1122 1084/1198/1125
f 1116/1230/1157 1117/1231/1158 1083/1197/1124 1086/1232/1127
f 1118/1233/1159 1119/1234/1160 1085/1199/1126 1088/1201/1128
f 1121/1235/1161 1087/1202/1129 1090/1203/1130 1120/1236/1162
f 1123/1237/1163 1089/1204/1131 1092/1205/1132 1122/1238/1164
f 1125/1239/1165 1091/1206/1133 1094/1207/1134 1124/1240/1166
f 1127/1241/1167 1093/1208/1135 1096/1209/1136 1126/1242/1168
f 1129/1243/1169 1095/1210/1137 1098/1211/1138 1128/1244/1170
f 1097/1212/1139 1100/1213/1140 1130/1245/1171 1131/1246/1172
f 1099/1214/1141 1132/1247/1173 1133/1248/1174 1134/1249/1175
f 1102/1250/1143 1135/1251/1176 1136/1252/1177 1103/1253/1144
f 1104/1254/1145 1137/1255/1178 1138/1256/1179 1105/1257/1146
f 1106/1258/1147 1139/1259/1180 1140/1260/1181 1107/1261/1148
f 1108/1262/1149 1141/1263/1182 1142/1264/1183 1109/1265/1150
f 1110/1266/1151 1143/1267/1184 1144/1268/1185 1111/1269/1152
f 1112/1270/1153 1145/1271/1186 1146/1272/1187 1113/1273/1154
f 1114/1274/1155 1147/1275/1188 1148/1276/1189 1115/1277/1156
f 1116/1278/1157 1149/1279/1190 1150/1280/1191 1117/1281/1158
f 1152/1282/1192 1119/1283/1160 1118/1284/1159 1151/1285/1193
f 1154/1286/1194 1121/1287/1161 1120/1288/1162 1153/1289/1195
f 1156/1290/1196 1123/1291/1163 1122/1292/1164 1155/1293/1197
f 1158/1294/1198 1125/1295/1165 1124/1296/1166 1157/1297/1199
f 1160/1298/1200 1127/1299/1167 1126/1300/1168 1159/1301/1201
f 1162/1302/1202 1129/1303/1169 1128/1304/1170 1161/1305/1203
f 1164/1306/1204 1131/1307/1172 1130/1308/1171 1163/1309/1205
f 1166/1310/1206 1134/1311/1175 1133/1312/1174 1165/1313/1207
f 1135/1251/1176 1167/1314/1208 1168/1315/1209 1136/1252/1177
f 1137/1255/1178 1169/1316/1210 1170/1317/1211 1138/1256/1179
f 1139/1259/1180 1171/1318/1212 1172/1319/1213 1140/1260/1181
f 1141/1263/1182 1173/1320/1214 1174/1321/1215 1142/1264/1183
f 1143/1267/1184 1175/1322/1216 1176/1323/1217 1144/1268/1185
f 1145/1271/1186 1177/1324/1218 1178/1325/1219 1146/1272/1187
f 1147/1275/1188 1179/1326/1220 1180/1327/1221 1148/1276/1189
f 1149/1279/1190 1181/1328/1222 1182/1329/1223 1150/1280/1191
f 1184/1330/1224 1152/1282/1192 1151/1285/1193 1183/1331/1225
f 1186/1332/1226 1154/1286/1194 1153/1289/1195 1185/1333/1227
f 1188/1334/1228 1156/1290/1196 1155/1293/1197 1187/1335/1229
f 1190/1336/1230 1158/1294/1198 1157/1297/1199 1189/1337/1231
f 1192/1338/1232 1160/1298/1200 1159/1301/1201 1191/1339/1233
f 1194/1340/1234 1162/1302/1202 1161/1305/1203 1193/1341/1235
f 1196/1342/1236 1164/1306/1204 1163/1309/1205 1195/1343/1237
f 1198/1344/1238 1166/1310/1206 1165/1313/1207 1197/1345/1239
f 1199/1346/1240 1200/1347/1241 1168/1315/1209 1167/1314/1208
f 1169/1316/1210 1201/1348/1242 1202/1349/1243 1170/1317/1211
f 1171/1318/1212 1203/1350/1244 1204/1351/1245 1172/1319/1213
f 1173/1320/1214 1205/1352/1246 1206/1353/1247 1174/1321/1215
f 1175/1322/1216 1207/1354/1248 1208/1355/1249 1176/1323/1217
f 1177/1324/1218 1209/1356/1250 1210/1357/1251 1178/1325/1219
f 1179/1326/1220 1211/1358/1252 1212/1359/1253 1180/1327/1221
f 1182/1329/1223 1181/1328/1222 1213/1360/1254 1214/1361/1255
f 1184/1330/1224 1183/1331/1225 1215/1362/1256 1216/1363/1257
f 1218/1364/1258 1186/1332/1226 1185/1333/1227 1217/1365/1259
f 1220/1366/1260 1188/1334/1228 1187/1335/1229 1219/1367/1261
f 1222/1368/1262 1190/1336/1230 1189/1337/1231 1221/1369/1263
f 1224/1370/1264 1192/1338/1232 1191/1339/1233 1223/1371/1265
f 1226/1372/1266 1194/1340/1234 1193/1341/1235 1225/1373/1267
f 1228/1374/1268 1196/1342/1236 1195/1343/1237 1227/1375/1269
f 1229/1376/1270 1230/1377/1271 1198/1344/1238 1197/1345/1239
f 1231/1378/1272 1232/1379/1273 1200/1347/1241 1199/1346/1240
f 1201/1348/1242 1233/1380/1274 1234/1381/1275 1202/1349/1243
f 1203/1350/1244 1235/1382/1276 1236/1383/1277 1204/1351/1245
f 1205/1352/1246 1237/1384/1278 1238/1385/1279 1206/1353/1247
f 1207/1354/1248 1239/1386/1280 1240/1387/1281 1208/1355/1249
f 1209/1356/1250 1241/1388/1282 1242/1389/1283 1210/1357/1251
f 1211/1358/1252 1243/1390/1284 1244/1391/1285 1212/1359/1253
f 1214/1361/1255 1213/1360/1254 1245/1392/1286 1246/1393/1287
f 1216/1363/1257 1215/1362/1256 1247/1394/1288 1248/1395/1289
f 1250/1396/1290 1218/1364/1258 1217/1365/1259 1249/1397/1291
f 1252/1398/1292 1220/1366/1260 1219/1367/1261 1251/1399/1293
f 1254/1400/1294 1222/1368/1262 1221/1369/1263 1253/1401/1295
f 1256/1402/1296 1224/1370/1264 1223/1371/1265 1255/1403/1297
f 1258/1404/1298 1226/1372/1266 1225/1373/1267 1257/1405/1299
f 1260/1406/1300 1228/1374/1268 1227/1375/1269 1259/1407/1301
f 1261/1408/1302 1262/1409/1303 1230/1377/1271 1229/1376/1270
f 1263/1410/1304 1264/1411/1305 1232/1379/1273 1231/1378/1272
f 1265/1412/1306 1266/1413/1307 1234/1381/1275 1233/1380/1274
f 1235/1382/1276 1267/1414/1308 1268/1415/1309 1236/1383/1277
f 1237/1384/1278 1269/1416/1310 1270/1417/1311 1238/1385/1279
f 1239/1386/1280 1271/1418/1312 1272/1419/1313 1240/1387/1281
f 1241/1388/1282 1273/1420/1314 1274/1421/1315 1242/1389/1283
f 1244/1391/1285 1243/1390/1284 1275/1422/1316 1276/1423/1317
f 1246/1393/1287 1245/1392/1286 1277/1424/1318 1278/1425/1319
f 1248/1395/1289 1247/1394/1288 1279/1426/1320 1280/1427/1321
f 1250/1396/1290 1249/1397/1291 1281/1428/1322 1282/1429/1323
f 1284/1430/1324 1252/1398/1292 1251/1399/1293 1283/1431/1325
f 1286/1432/1326 1254/1400/1294 1253/1401/1295 1285/1433/1327
f 1288/1434/1328 1256/1402/1296 1255/1403/1297 1287/1435/1329
f 1290/1436/1330 1258/1404/1298 1257/1405/1299 1289/1437/1331
f 1291/1438/1332 1292/1439/1333 1260/1406/1300 1259/1407/1301
f 1293/1440/1334 1294/1441/1335 1262/1409/1303 1261/1408/1302
f 1263/1410/1304 1295/1442/1336 1296/1443/1337 1264/1411/1305
f 1265/1412/1306 1297/1444/1338 1298/1445/1339 1266/1413/1307
f 1267/1414/1308 1299/1446/1340 1300/1447/1341 1268/1415/1309
f 1269/1416/1310 1301/1448/1342 1302/1449/1343 1270/1417/1311
f 1271/1418/1312 1303/1450/1344 1304/1451/1345 1272/1419/1313
f 1273/1420/1314 1305/1452/1346 1306/1453/1347 1274/1421/1315
f 1275/1422/1316 1307/1454/1348 1308/1455/1349 1276/1423/1317
f 1277/1424/1318 1309/1456/1350 1310/1457/1351 1278/1425/1319
f 1312/1458/1352 1280/1427/1321 1279/1426/1320 1311/1459/1353
f 1314/1460/1354 1282/1429/1323 1281/1428/1322 1313/1461/1355
f 1316/1462/1356 1284/1430/1324 1283/1431/1325 1315/1463/1357
f 1318/1464/1358 1286/1432/1326 1285/1433/1327 1317/1465/1359
f 1320/1466/1360 1288/1434/1328 1287/1435/1329 1319/1467/1361
f 1322/1468/1362 1290/1436/1330 1289/1437/1331 1321/1469/1363
f 1324/1470/1364 1292/1439/1333 1291/1438/1332 1323/1471/1365
f 1326/1472/1366 1294/1441/1335 1293/1440/1334 1325/1473/1367
f 1295/1442/1336 1327/1474/1368 1328/1475/1369 1296/1443/1337
f 1297/1444/1338 1329/1476/1370 1330/1477/1371 1298/1445/1339
f 1299/1446/1340 1331/1478/1372 1332/1479/1373 1300/1447/1341
f 1301/1448/1342 1333/1480/1374 1334/1481/1375 1302/1449/1343
f 1303/1450/1344 1335/1482/1376 1336/1483/1377 1304/1451/1345
f 1305/1452/1346 1337/1484/1378 1338/1485/1379 1306/1453/1347
f 1307/1454/1348 1339/1486/1380 1340/1487/1381 1308/1455/1349
f 1309/1456/1350 1341/1488/1382 1342/1489/1383 1310/1457/1351
f 1344/1490/1384 1312/1458/1352 1311/1459/1353 1343/1491/1385
f 1346/1492/1386 1314/1460/1354 1313/1461/1355 1345/1493/1387
f 1348/1494/1388 1316/1462/1356 1315/1463/1357 1347/1495/1389
f 1350/1496/1390 1318/1464/1358 1317/1465/1359 1349/1497/1391
f 1352/1498/1392 1320/1466/1360 1319/1467/1361 1351/1499/1393
f 1354/1500/1394 1322/1468/1362 1321/1469/1363 1353/1501/1395
f 1356/1502/1396 1324/1470/1364 1323/1471/1365 1355/1503/1397
f 1358/1504/1398 1326/1472/1366 1325/1473/1367 1357/1505/1399
f 1327/1474/1368 1359/1506/1400 1360/1507/1401 1328/1475/1369
f 1329/1476/1370 1361/1508/1402 1362/1509/1403 1330/1477/1371
f 1331/1478/1372 1363/1510/1404 1364/1511/1405 1332/1479/1373
f 1333/1480/1374 1365/1512/1406 1366/1513/1407 1334/1481/1375
f 1335/1482/1376 1367/1514/1408 1368/1515/1409 1336/1483/1377
f 1337/1484/1378 1369/1516/1410 1370/1517/1411 1338/1485/1379
f 1339/1486/1380 1371/1518/1412 1372/1519/1413 1340/1487/1381
f 1342/1489/1383 1341/1488/1382 1373/1520/1414 1374/1521/1415
f 1376/1522/1416 1344/1490/1384 1343/1491/1385 1375/1523/1417
f 1378/1524/1418 1346/1492/1386 1345/1493/1387 1377/1525/1419
f 1380/1526/1420 1348/1494/1388 1347/1495/1389 1379/1527/1421
f 1382/1528/1422 1350/1496/1390 1349/1497/1391 1381/1529/1423
f 1384/1530/1424 1352/1498/1392 1351/1499/1393 1383/1531/1425
f 1386/1532/1426 1354/1500/1394 1353/1501/1395 1385/1533/1427
f 1388/1534/1428 1356/1502/1396 1355/1503/1397 1387/1535/1429
f 1389/1536/1430 1390/1537/1431 1358/1504/1398 1357/1505/1399
f 1391/1538/1432 1392/1539/1433 1360/1507/1401 1359/1506/1400
f 1361/1508/1402 1393/1540/1434 1394/1541/1435 1362/1509/1403
f 1363/1510/1404 1395/1542/1436 1396/1543/1437 1364/1511/1405
f 1365/1512/1406 2/1/1 1/4/4 1366/1513/1407
f 1367/1514/1408 6/5/5 5/8/8 1368/1515/1409
f 1369/1516/1410 10/9/9 9/12/12 1370/1517/1411
f 1371/1518/1412 14/13/13 13/16/16 1372/1519/1413
f 1374/1521/1415 1373/1520/1414 18/18/18 17/17/17
f 1376/1522/1416 1375/1523/1417 22/23/23 21/22/22
f 123/124/124 1378/1524/1418 1377/1525/1419 124/125/125
f 119/120/120 1380/1526/1420 1379/1527/1421 120/121/121
f 115/116/116 1382/1528/1422 1381/1529/1423 116/117/117
f 111/112/112 1384/1530/1424 1383/1531/1425 112/113/113
f 107/108/108 1386/1532/1426 1385/1533/1427 108/109/109
f 104/104/104 1388/1534/1428 1387/1535/1429 105/105/105
f 1397/1544/1438 1398/1545/1439 1390/1537/1431 1389/1536/1430
f 1393/1540/1434 1400/1546/1440 1399/1547/1441 1394/1541/1435
f 1395/1542/1436 1401/1548/1442 1402/1549/1443 1396/1543/1437
f 1403/1550/1444 1404/1551/1445 1398/1545/1439 1397/1544/1438
f 1405/1552/1446 1406/1553/1446 244/243/243 243/244/244
f 1408/1554/1446 246/245/245 245/246/246 1407/1555/1446
f 1410/1556/1446 248/247/247 247/248/248 1409/1557/1446
f 1412/1558/1446 250/249/249 249/250/250 1411/1559/1446
f 1414/1560/1446 252/251/251 251/252/252 1413/1561/1446
f 1416/1562/1446 254/253/253 253/254/254 1415/1563/1446
f 256/255/255 255/256/256 1417/1564/1446 1418/1565/1446
f 258/258/258 257/257/257 1419/1566/1446 1420/1567/1446
f 260/260/260 259/259/259 1421/1568/1446 1422/1569/1446
f 261/261/261 1423/1570/1446 1424/1571/1446 262/262/262
f 263/263/263 1425/1572/1446 1426/1573/1446 264/264/264
f 265/265/265 1427/1574/1446 1428/1575/1446 266/266/266
f 267/267/267 1429/1576/1446 1430/1577/1446 268/268/268
f 269/269/269 1431/1578/1446 1432/1579/1446 270/270/270
f 1433/1580/1446 1434/1581/1446 272/272/272 271/271/271
f 1435/1582/1446 1436/1583/1446 274/274/274 273/273/273
f 1423/1584/1446 1422/1585/1446 1437/1586/1446
f 1424/1587/1446 1423/1584/1446 1437/1586/1446
f 1425/1588/1446 1424/1587/1446 1437/1586/1446
f 1426/1589/1446 1425/1588/1446 1437/1586/1446
f 1427/1590/1446 1426/1589/1446 1437/1586/1446
f 1428/1591/1446 1427/1590/1446 1437/1586/1446
f 1429/1592/1446 1428/1591/1446 1437/1586/1446
f 1430/1593/1446 1429/1592/1446 1437/1586/1446
f 1431/1594/1446 1430/1593/1446 1437/1586/1446
f 1432/1595/1446 1431/1594/1446 1437/1586/1446
f 1433/1596/1446 1432/1595/1446 1437/1586/1446
f 1434/1597/1446 1433/1596/1446 1437/1586/1446
f 1435/1598/1446 1434/1597/1446 1437/1586/1446
f 1436/1599/1446 1435/1598/1446 1437/1586/1446
f 1405/1600/1446 1436/1599/1446 1437/1586/1446
f 27/26/26 26/25/25 50/51/51 1438/1601/1447
f 1440/1602/1448 47/45/45 46/48/48 1439/1603/1449
f 1442/1604/1450 43/41/41 42/44/44 1441/1605/1451
f 1444/1606/1452 39/37/37 38/40/40 1443/1607/1453
f 1446/1608/1454 35/33/33 34/36/36 1445/1609/1455
f 1448/1610/1456 31/29/29 30/32/32 1447/1611/1457
f 1450/1612/1458 62/60/60 61/63/63 1449/1613/1459
f 58/57/57 1451/1614/1460 1452/1615/1461 59/58/58
f 129/128/128 1453/1616/1462 1454/1617/1463 130/129/129
f 133/132/132 1455/1618/1464 1456/1619/1465 134/133/133
f 137/136/136 1457/1620/1466 1458/1621/1467 138/137/137
f 141/140/140 1459/1622/1468 1460/1623/1469 142/141/141
f 145/144/144 1461/1624/1470 1462/1625/1471 146/145/145
f 100/102/102 1463/1626/1472 1464/1627/1473 1465/1628/1474
f 1465/1629/1474 1464/1630/1473 1403/1550/1444 1466/1631/1475
f 1468/1632/1476 1449/1613/1459 101/99/99 1467/1633/1477
f 1399/1547/1441 1468/1634/1476 1467/1635/1477 1469/1636/1478
f 1471/1637/1479 1447/1611/1457 1450/1612/1458 1470/1638/1480
f 1402/1549/1443 1471/1639/1479 1470/1640/1480 1400/1546/1440
f 1473/1641/1481 1445/1609/1455 1448/1610/1456 1472/1642/1482
f 4/3/3 1473/1643/1481 1472/1644/1482 1401/1548/1442
f 1475/1645/1483 1443/1607/1453 1446/1608/1454 1474/1646/1484
f 8/7/7 1475/1647/1483 1474/1648/1484 3/2/2
f 1477/1649/1485 1441/1605/1451 1444/1606/1452 1476/1650/1486
f 12/11/11 1477/1651/1485 1476/1652/1486 7/6/6
f 1479/1653/1487 1439/1603/1449 1442/1604/1450 1478/1654/1488
f 16/15/15 1479/1655/1487 1478/1656/1488 11/10/10
f 1481/1657/1489 1438/1601/1447 1440/1602/1448 1480/1658/1490
f 20/20/20 1481/1659/1489 1480/1660/1490 15/14/14
f 1464/1630/1473 1482/1661/1491 1404/1551/1445 1403/1550/1444
f 1463/1626/1472 1483/1662/1492 1482/1663/1491 1464/1627/1473
f 1485/1664/1493 103/103/103 106/106/106 1484/1665/1494
f 1452/1615/1461 1485/1666/1493 1484/1667/1494 1486/1668/1495
f 1488/1669/1496 110/107/107 109/110/110 1487/1670/1497
f 1454/1617/1463 1488/1671/1496 1487/1672/1497 1451/1614/1460
f 1490/1673/1498 114/111/111 113/114/114 1489/1674/1499
f 1456/1619/1465 1490/1675/1498 1489/1676/1499 1453/1616/1462
f 1492/1677/1500 118/115/115 117/118/118 1491/1678/1501
f 1458/1621/1467 1492/1679/1500 1491/1680/1501 1455/1618/1464
f 1494/1681/1502 122/119/119 121/122/122 1493/1682/1503
f 1460/1623/1469 1494/1683/1502 1493/1684/1503 1457/1620/1466
f 1496/1685/1504 126/123/123 125/126/126 1495/1686/1505
f 1462/1625/1471 1496/1687/1504 1495/1688/1505 1459/1622/1468
f 1498/1689/1506 24/21/21 23/24/24 1497/1690/1507
f 28/27/27 1498/1691/1506 1497/1692/1507 1461/1624/1470
f 54/53/53 1486/1668/1495 1483/1662/1492 55/54/54
f 1391/1538/1432 1469/1636/1478 1466/1631/1475 1392/1539/1433
f 102/100/100 66/64/64 65/67/67 99/101/101
f 1422/1585/1446 1421/1693/1446 1437/1586/1446
f 1499/1694/1508 1500/1695/1509 1039/1153/1081 1010/1123/1051
f 1101/1215/1142 1132/1247/1173 1500/1695/1509 1499/1694/1508
f 847/961/890 878/993/921 815/925/855 785/894/825
f 781/891/822 783/895/826 814/927/857 782/892/823
f 626/704/667 687/1696/730 718/1697/759 655/733/696
f 529/575/541 1501/1698/1510 1502/1699/1511 528/1700/1512
f 591/670/634 622/701/664 1502/1699/1511 1501/1698/1510
f 436/467/436 530/1701/1513 527/579/544 465/497/466
f 15/14/14 1480/1660/1490 1479/1655/1487 16/15/15
f 1480/1658/1490 1440/1602/1448 1439/1603/1449 1479/1653/1487
f 1439/1603/1449 46/48/48 43/41/41 1442/1604/1450
f 1417/1564/1446 255/256/256 254/253/253 1416/1562/1446
f 1372/1519/1413 13/16/16 10/9/9 1369/1516/1410
f 1340/1487/1381 1372/1519/1413 1369/1516/1410 1337/1484/1378
f 1308/1455/1349 1340/1487/1381 1337/1484/1378 1305/1452/1346
f 1276/1423/1317 1308/1455/1349 1305/1452/1346 1273/1420/1314
f 1241/1388/1282 1244/1391/1285 1276/1423/1317 1273/1420/1314
f 1212/1359/1253 1244/1391/1285 1241/1388/1282 1209/1356/1250
f 1180/1327/1221 1212/1359/1253 1209/1356/1250 1177/1324/1218
f 1148/1276/1189 1180/1327/1221 1177/1324/1218 1145/1271/1186
f 1115/1277/1156 1148/1276/1189 1145/1271/1186 1112/1270/1153
f 1081/1195/1122 1115/1229/1156 1112/1226/1153 1082/1196/1123
f 1054/1167/1095 1084/1198/1125 1081/1195/1122 1051/1164/1092
f 1021/1134/1062 1054/1167/1095 1051/1164/1092 1022/1135/1063
f 990/1103/1031 1022/1135/1063 1019/1132/1060 987/1100/1028
f 958/1071/999 990/1103/1031 987/1100/1028 955/1068/996
f 926/1039/967 958/1071/999 955/1068/996 923/1036/964
f 894/1007/935 926/1039/967 923/1036/964 891/1004/932
f 861/973/902 894/1007/935 891/1004/932 858/970/899
f 827/938/868 861/973/902 858/970/899 828/939/869
f 797/907/838 796/906/837 830/941/871 827/938/868
f 761/871/802 797/907/838 794/904/835 762/872/803
f 734/843/775 764/874/805 761/871/802 731/840/772
f 700/791/741 734/843/775 731/840/772 701/792/742
f 667/793/708 701/792/742 698/787/739 668/786/709
f 637/715/678 670/748/711 667/745/708 638/716/679
f 605/682/646 638/716/679 635/713/676 602/679/643
f 571/648/612 605/682/646 602/679/643 572/649/613
f 544/605/570 574/651/615 571/648/612 541/602/567
f 508/553/519 544/605/570 541/602/567 505/548/514
f 447/478/447 480/511/480 477/508/477 448/479/448
f 416/447/416 448/479/448 445/476/445 413/444/413
f 384/415/384 416/447/416 413/444/413 381/412/381
f 351/364/351 384/415/384 381/412/381 348/359/348
f 317/365/317 351/364/351 348/359/348 318/358/318
f 287/287/287 320/320/320 317/317/317 288/288/288
f 206/205/205 288/288/288 285/285/285 201/200/200
f 255/256/256 203/206/206 200/199/199 254/253/253
f 203/206/206 206/205/205 201/200/200 200/199/199
f 77/76/76 78/79/79 94/95/95 93/92/92
f 45/47/47 78/79/79 77/76/76 44/42/42
f 46/48/48 45/47/47 44/42/42 43/41/41
f 13/16/16 16/15/15 11/10/10 10/9/9
f 11/10/10 1478/1656/1488 1477/1651/1485 12/11/11
f 1478/1654/1488 1442/1604/1450 1441/1605/1451 1477/1649/1485
f 1441/1605/1451 42/44/44 39/37/37 1444/1606/1452
f 1415/1563/1446 253/254/254 252/251/251 1414/1560/1446
f 1370/1517/1411 9/12/12 6/5/5 1367/1514/1408
f 1338/1485/1379 1370/1517/1411 1367/1514/1408 1335/1482/1376
f 1306/1453/1347 1338/1485/1379 1335/1482/1376 1303/1450/1344
f 1274/1421/1315 1306/1453/1347 1303/1450/1344 1271/1418/1312
f 1242/1389/1283 1274/1421/1315 1271/1418/1312 1239/1386/1280
f 1210/1357/1251 1242/1389/1283 1239/1386/1280 1207/1354/1248
f 1178/1325/1219 1210/1357/1251 1207/1354/1248 1175/1322/1216
f 1146/1272/1187 1178/1325/1219 1175/1322/1216 1143/1267/1184
f 1113/1273/1154 1146/1272/1187 1143/1267/1184 1110/1266/1151
f 1079/1193/1120 1113/1227/1154 1110/1224/1151 1080/1194/1121
f 1052/1165/1093 1082/1196/1123 1079/1193/1120 1049/1162/1090
f 1019/1132/1060 1052/1165/1093 1049/1162/1090 1020/1133/1061
f 988/1101/1029 1020/1133/1061 1017/1130/1058 985/1098/1026
f 956/1069/997 988/1101/1029 985/1098/1026 953/1066/994
f 924/1037/965 956/1069/997 953/1066/994 921/1034/962
f 892/1005/933 924/1037/965 921/1034/962 889/1002/930
f 859/971/900 892/1005/933 889/1002/930 856/968/897
f 825/936/866 859/971/900 856/968/897 826/937/867
f 794/904/835 828/939/869 825/936/866 795/905/836
f 759/869/800 795/905/836 792/902/833 760/870/801
f 732/841/773 762/872/803 759/869/800 729/838/770
f 698/787/739 732/841/773 729/838/770 699/788/740
f 665/789/706 699/788/740 696/783/737 666/782/707
f 635/713/676 668/746/709 665/743/706 636/714/677
f 603/680/644 636/714/677 633/711/674 600/677/641
f 569/646/610 603/680/644 600/677/641 570/647/611
f 542/603/568 572/649/613 569/646/610 539/600/565
f 506/549/515 542/603/568 539/600/565 503/544/510
f 445/476/445 478/509/478 475/506/475 446/477/446
f 414/445/414 446/477/446 443/474/443 411/442/411
f 382/413/382 414/445/414 411/442/411 379/410/379
f 349/360/349 382/413/382 379/410/379 346/355/346
f 315/361/315 349/360/349 346/355/346 316/354/316
f 285/285/285 318/318/318 315/315/315 286/286/286
f 202/201/201 286/286/286 283/283/283 197/196/196
f 253/254/254 199/202/202 196/195/195 252/251/251
f 199/202/202 202/201/201 197/196/196 196/195/195
f 76/77/77 92/93/93 91/90/90 75/74/74
f 41/43/43 76/77/77 75/74/74 40/38/38
f 42/44/44 41/43/43 40/38/38 39/37/37
f 9/12/12 12/11/11 7/6/6 6/5/5
f 7/6/6 1476/1652/1486 1475/1647/1483 8/7/7
f 1476/1650/1486 1444/1606/1452 1443/1607/1453 1475/1645/1483
f 1443/1607/1453 38/40/40 35/33/33 1446/1608/1454
f 1413/1561/1446 251/252/252 250/249/249 1412/1558/1446
f 1368/1515/1409 5/8/8 2/1/1 1365/1512/1406
f 1336/1483/1377 1368/1515/1409 1365/1512/1406 1333/1480/1374
f 1304/1451/1345 1336/1483/1377 1333/1480/1374 1301/1448/1342
f 1272/1419/1313 1304/1451/1345 1301/1448/1342 1269/1416/1310
f 1240/1387/1281 1272/1419/1313 1269/1416/1310 1237/1384/1278
f 1208/1355/1249 1240/1387/1281 1237/1384/1278 1205/1352/1246
f 1176/1323/1217 1208/1355/1249 1205/1352/1246 1173/1320/1214
f 1144/1268/1185 1176/1323/1217 1173/1320/1214 1141/1263/1182
f 1111/1269/1152 1144/1268/1185 1141/1263/1182 1108/1262/1149
f 1077/1191/1118 1111/1225/1152 1108/1222/1149 1078/1192/1119
f 1050/1163/1091 1080/1194/1121 1077/1191/1118 1047/1160/1088
f 1017/1130/1058 1050/1163/1091 1047/1160/1088 1018/1131/1059
f 986/1099/1027 1018/1131/1059 1015/1128/1056 983/1096/1024
f 954/1067/995 986/1099/1027 983/1096/1024 951/1064/992
f 922/1035/963 954/1067/995 951/1064/992 919/1032/960
f 890/1003/931 922/1035/963 919/1032/960 887/1000/928
f 857/969/898 890/1003/931 887/1000/928 854/966/895
f 823/934/864 857/969/898 854/966/895 824/935/865
f 792/902/833 826/937/867 823/934/864 793/903/834
f 757/867/798 793/903/834 790/900/831 758/868/799
f 730/839/771 760/870/801 757/867/798 727/836/768
f 696/783/737 730/839/771 727/836/768 697/784/738
f 663/785/704 697/784/738 694/779/735 664/778/705
f 633/711/674 666/744/707 663/741/704 634/712/675
f 601/678/642 634/712/675 631/709/672 598/675/639
f 567/644/608 601/678/642 598/675/639 568/645/609
f 540/601/566 570/647/611 567/644/608 537/598/563
f 504/545/511 540/601/566 537/598/563 501/540/506
f 443/474/443 476/507/476 473/504/473 444/475/444
f 412/443/412 444/475/444 441/472/441 409/440/409
f 380/411/380 412/443/412 409/440/409 377/408/377
f 347/356/347 380/411/380 377/408/377 344/351/344
f 313/357/313 347/356/347 344/351/344 314/350/314
f 283/283/283 316/316/316 313/313/313 284/284/284
f 198/197/197 284/284/284 281/281/281 193/192/192
f 251/252/252 195/198/198 192/191/191 250/249/249
f 195/198/198 198/197/197 193/192/192 192/191/191
f 74/75/75 90/91/91 89/88/88 73/72/72
f 37/39/39 74/75/75 73/72/72 36/34/34
f 38/40/40 37/39/39 36/34/34 35/33/33
f 5/8/8 8/7/7 3/2/2 2/1/1
f 3/2/2 1474/1648/1484 1473/1643/1481 4/3/3
f 1474/1646/1484 1446/1608/1454 1445/1609/1455 1473/1641/1481
f 1445/1609/1455 34/36/36 31/29/29 1448/1610/1456
f 1411/1559/1446 249/250/250 248/247/247 1410/1556/1446
f 1366/1513/1407 1/4/4 1395/1542/1436 1363/1510/1404
f 1334/1481/1375 1366/1513/1407 1363/1510/1404 1331/1478/1372
f 1302/1449/1343 1334/1481/1375 1331/1478/1372 1299/1446/1340
f 1270/1417/1311 1302/1449/1343 1299/1446/1340 1267/1414/1308
f 1238/1385/1279 1270/1417/1311 1267/1414/1308 1235/1382/1276
f 1206/1353/1247 1238/1385/1279 1235/1382/1276 1203/1350/1244
f 1174/1321/1215 1206/1353/1247 1203/1350/1244 1171/1318/1212
f 1142/1264/1183 1174/1321/1215 1171/1318/1212 1139/1259/1180
f 1109/1265/1150 1142/1264/1183 1139/1259/1180 1106/1258/1147
f 1075/1189/1116 1109/1223/1150 1106/1220/1147 1076/1190/1117
f 1048/1161/1089 1078/1192/1119 1075/1189/1116 1045/1158/1086
f 1015/1128/1056 1048/1161/1089 1045/1158/1086 1016/1129/1057
f 984/1097/1025 1016/1129/1057 1013/1126/1054 981/1094/1022
f 952/1065/993 984/1097/1025 981/1094/1022 949/1062/990
f 920/1033/961 952/1065/993 949/1062/990 917/1030/958
f 888/1001/929 920/1033/961 917/1030/958 885/998/926
f 855/967/896 888/1001/929 885/998/926 852/964/893
f 821/932/862 855/967/896 852/964/893 822/933/863
f 790/900/831 824/935/865 821/932/862 791/901/832
f 755/865/796 791/901/832 788/898/829 756/866/797
f 728/837/769 758/868/799 755/865/796 725/834/766
f 694/779/735 728/837/769 725/834/766 695/780/736
f 661/781/702 695/780/736 692/775/733 662/774/703
f 631/709/672 664/742/705 661/739/702 632/710/673
f 599/676/640 632/710/673 629/707/670 596/673/637
f 565/642/606 599/676/640 596/673/637 566/643/607
f 538/599/564 568/645/609 565/642/606 535/596/561
f 502/541/507 538/599/564 535/596/561 499/536/502
f 441/472/441 474/505/474 471/502/471 442/473/442
f 410/441/410 442/473/442 439/470/439 407/438/407
f 378/409/378 410/441/410 407/438/407 375/406/375
f 345/352/345 378/409/378 375/406/375 342/347/342
f 311/353/311 345/352/345 342/347/342 312/346/312
f 281/281/281 314/314/314 311/311/311 282/282/282
f 194/193/193 282/282/282 279/279/279 189/188/188
f 249/250/250 191/194/194 188/187/187 248/247/247
f 191/194/194 194/193/193 189/188/188 188/187/187
f 72/73/73 88/89/89 87/86/86 71/70/70
f 33/35/35 72/73/73 71/70/70 32/30/30
f 34/36/36 33/35/35 32/30/30 31/29/29
f 1/4/4 4/3/3 1401/1548/1442 1395/1542/1436
f 1401/1548/1442 1472/1644/1482 1471/1639/1479 1402/1549/1443
f 1472/1642/1482 1448/1610/1456 1447/1611/1457 1471/1637/1479
f 1447/1611/1457 30/32/32 62/60/60 1450/1612/1458
f 1409/1557/1446 247/248/248 246/245/245 1408/1554/1446
f 1396/1543/1437 1402/1549/1443 1400/1546/1440 1393/1540/1434
f 1364/1511/1405 1396/1543/1437 1393/1540/1434 1361/1508/1402
f 1332/1479/1373 1364/1511/1405 1361/1508/1402 1329/1476/1370
f 1300/1447/1341 1332/1479/1373 1329/1476/1370 1297/1444/1338
f 1268/1415/1309 1300/1447/1341 1297/1444/1338 1265/1412/1306
f 1236/1383/1277 1268/1415/1309 1265/1412/1306 1233/1380/1274
f 1204/1351/1245 1236/1383/1277 1233/1380/1274 1201/1348/1242
f 1172/1319/1213 1204/1351/1245 1201/1348/1242 1169/1316/1210
f 1140/1260/1181 1172/1319/1213 1169/1316/1210 1137/1255/1178
f 1107/1261/1148 1140/1260/1181 1137/1255/1178 1104/1254/1145
f 1073/1187/1114 1107/1221/1148 1104/1218/1145 1074/1188/1115
f 1046/1159/1087 1076/1190/1117 1073/1187/1114 1043/1156/1084
f 1013/1126/1054 1046/1159/1087 1043/1156/1084 1014/1127/1055
f 982/1095/1023 1014/1127/1055 1011/1124/1052 979/1092/1020
f 950/1063/991 982/1095/1023 979/1092/1020 947/1060/988
f 918/1031/959 950/1063/991 947/1060/988 915/1028/956
f 886/999/927 918/1031/959 915/1028/956 883/996/924
f 853/965/894 886/999/927 883/996/924 850/962/891
f 819/930/860 853/965/894 850/962/891 820/931/861
f 788/898/829 822/933/863 819/930/860 789/899/830
f 753/863/794 789/899/830 786/896/827 754/864/795
f 726/835/767 756/866/797 753/863/794 723/832/764
f 692/775/733 726/835/767 723/832/764 693/776/734
f 659/777/700 693/776/734 690/771/731 660/770/701
f 629/707/670 662/740/703 659/737/700 630/708/671
f 597/674/638 630/708/671 627/705/668 594/671/635
f 563/640/604 597/674/638 594/671/635 564/641/605
f 536/597/562 566/643/607 563/640/604 533/594/559
f 500/537/503 536/597/562 533/594/559 497/532/498
f 439/470/439 472/503/472 469/500/469 440/471/440
f 408/439/408 440/471/440 437/468/437 405/436/405
f 376/407/376 408/439/408 405/436/405 373/404/373
f 343/348/343 376/407/376 373/404/373 340/343/340
f 309/349/309 343/348/343 340/343/340 310/342/310
f 279/279/279 312/312/312 309/309/309 280/280/280
f 190/189/189 280/280/280 277/277/277 185/184/184
f 247/248/248 187/190/190 184/183/183 246/245/245
f 187/190/190 190/189/189 185/184/184 184/183/183
f 70/71/71 86/87/87 85/84/84 69/68/68
f 29/31/31 70/71/71 69/68/68 63/61/61
f 30/32/32 29/31/31 63/61/61 62/60/60
f 1400/1546/1440 1470/1640/1480 1468/1634/1476 1399/1547/1441
f 1470/1638/1480 1450/1612/1458 1449/1613/1459 1468/1632/1476
f 1449/1613/1459 61/63/63 102/100/100 101/99/99
f 1406/1553/1446 1407/1555/1446 245/246/246 244/243/243
f 1394/1541/1435 1399/1547/1441 1469/1636/1478 1391/1538/1432
f 1362/1509/1403 1394/1541/1435 1391/1538/1432 1359/1506/1400
f 1330/1477/1371 1362/1509/1403 1359/1506/1400 1327/1474/1368
f 1298/1445/1339 1330/1477/1371 1327/1474/1368 1295/1442/1336
f 1266/1413/1307 1298/1445/1339 1295/1442/1336 1263/1410/1304
f 1266/1413/1307 1263/1410/1304 1231/1378/1272 1234/1381/1275
f 1202/1349/1243 1234/1381/1275 1231/1378/1272 1199/1346/1240
f 1170/1317/1211 1202/1349/1243 1199/1346/1240 1167/1314/1208
f 1138/1256/1179 1170/1317/1211 1167/1314/1208 1135/1251/1176
f 1105/1257/1146 1138/1256/1179 1135/1251/1176 1102/1250/1143
f 1072/1186/1113 1071/1185/1112 1105/1219/1146 1102/1216/1143
f 1044/1157/1085 1074/1188/1115 1071/1185/1112 1041/1154/1082
f 1011/1124/1052 1044/1157/1085 1041/1154/1082 1012/1125/1053
f 980/1093/1021 1012/1125/1053 1009/1122/1050 977/1090/1018
f 980/1093/1021 977/1090/1018 945/1058/986 948/1061/989
f 948/1061/989 945/1058/986 913/1026/954 916/1029/957
f 884/997/925 916/1029/957 913/1026/954 881/994/922
f 851/963/892 884/997/925 881/994/922 848/959/888
f 817/928/858 851/963/892 848/959/888 818/929/859
f 820/931/861 817/928/858 787/897/828 786/896/827
f 751/861/792 787/897/828 784/893/824 752/862/793
f 724/833/765 754/864/795 751/861/792 721/830/762
f 690/771/731 724/833/765 721/830/762 691/772/732
f 657/773/698 691/772/732 688/767/728 658/766/699
f 627/705/668 660/738/701 657/735/698 628/706/669
f 595/672/636 628/706/669 625/703/666 592/668/632
f 561/638/602 595/672/636 592/668/632 562/639/603
f 534/595/560 564/641/605 561/638/602 531/592/557
f 498/533/499 534/595/560 531/592/557 525/570/536
f 437/468/437 470/501/470 467/498/467 438/469/438
f 406/437/406 438/469/438 435/466/435 403/434/403
f 374/405/374 406/437/406 403/434/403 371/402/371
f 341/344/341 374/405/374 371/402/371 338/339/337
f 307/345/307 341/344/341 338/339/337 308/338/308
f 277/277/277 310/310/310 307/307/307 278/278/278
f 186/185/185 278/278/278 275/275/275 181/180/180
f 245/246/246 183/186/186 180/179/179 244/243/243
f 183/186/186 186/185/185 181/180/180 180/179/179
f 84/85/85 83/82/82 67/65/65 68/69/69
f 60/62/62 68/69/69 67/65/65 66/64/64
f 61/63/63 60/62/62 66/64/64 102/100/100
f 435/466/435 468/499/468 530/1701/1513 436/467/436
f 532/593/558 562/639/603 591/670/634 1501/1698/1510
f 526/571/537 532/593/558 1501/1698/1510 529/575/541
f 625/703/666 658/736/699 687/1696/730 626/704/667
f 722/831/763 752/862/793 783/895/826 781/891/822
f 818/929/859 847/961/890 785/894/825 784/893/824
f 1042/1155/1083 1072/1186/1113 1101/1215/1142 1499/1694/1508
f 1042/1155/1083 1499/1694/1508 1010/1123/1051 1009/1122/1050
f 99/101/101 65/67/67 1504/1702/1514 1503/1703/1515
f 1466/1631/1475 1403/1550/1444 1397/1544/1438 1392/1539/1433
f 1469/1636/1478 1467/1635/1477 1465/1629/1474 1466/1631/1475
f 1467/1633/1477 101/99/99 100/102/102 1465/1628/1474
f 1436/1583/1446 1405/1552/1446 243/244/244 274/274/274
f 1392/1539/1433 1397/1544/1438 1389/1536/1430 1360/1507/1401
f 1360/1507/1401 1389/1536/1430 1357/1505/1399 1328/1475/1369
f 1296/1443/1337 1328/1475/1369 1357/1505/1399 1325/1473/1367
f 1264/1411/1305 1296/1443/1337 1325/1473/1367 1293/1440/1334
f 1264/1411/1305 1293/1440/1334 1261/1408/1302 1232/1379/1273
f 1232/1379/1273 1261/1408/1302 1229/1376/1270 1200/1347/1241
f 1200/1347/1241 1229/1376/1270 1197/1345/1239 1168/1315/1209
f 1136/1252/1177 1168/1315/1209 1197/1345/1239 1165/1313/1207
f 1103/1253/1144 1136/1252/1177 1165/1313/1207 1133/1312/1174
f 1132/1247/1173 1101/1215/1142 1103/1217/1144 1133/1248/1174
f 978/1091/1019 1010/1123/1051 1039/1153/1081 1007/1120/1048
f 978/1091/1019 1007/1120/1048 975/1088/1016 946/1059/987
f 946/1059/987 975/1088/1016 943/1056/984 914/1027/955
f 914/1027/955 943/1056/984 911/1024/952 882/995/923
f 882/995/923 911/1024/952 879/991/919 849/960/889
f 849/960/889 879/991/919 878/993/921 847/961/890
f 785/894/825 815/925/855 814/927/857 783/895/826
f 688/767/728 722/831/763 781/891/822 689/768/729
f 718/827/759 687/769/730 689/768/729 719/828/760
f 626/704/667 655/733/696 623/702/665 593/669/633
f 591/670/634 593/669/633 623/702/665 622/701/664
f 275/275/275 308/308/308 337/529/339 276/276/276
f 404/435/404 436/467/436 465/497/466 433/465/434
f 372/403/372 404/435/404 433/465/434 401/433/402
f 339/340/338 372/403/372 401/433/402 369/401/370
f 337/341/339 339/340/338 369/401/370 368/400/369
f 182/181/181 276/276/276 305/306/306 241/242/242
f 274/274/274 243/244/244 179/182/182 240/241/241
f 179/182/182 182/181/181 241/242/242 240/241/241
f 100/102/102 99/101/101 1503/1703/1515 1463/1626/1472
f 82/83/83 178/178/178 1505/1704/1516 64/66/66
f 65/67/67 64/66/66 1505/1704/1516 1504/1702/1514
f 55/54/54 1483/1662/1492 1463/1626/1472 1503/1703/1515
f 1486/1668/1495 1484/1667/1494 1482/1663/1491 1483/1662/1492
f 1484/1665/1494 106/106/106 1404/1551/1445 1482/1661/1491
f 1434/1581/1446 1435/1582/1446 273/273/273 272/272/272
f 106/106/106 105/105/105 1398/1545/1439 1404/1551/1445
f 1398/1545/1439 105/105/105 1387/1535/1429 1390/1537/1431
f 1387/1535/1429 1355/1503/1397 1358/1504/1398 1390/1537/1431
f 1355/1503/1397 1323/1471/1365 1326/1472/1366 1358/1504/1398
f 1323/1471/1365 1291/1438/1332 1294/1441/1335 1326/1472/1366
f 1294/1441/1335 1291/1438/1332 1259/1407/1301 1262/1409/1303
f 1262/1409/1303 1259/1407/1301 1227/1375/1269 1230/1377/1271
f 1230/1377/1271 1227/1375/1269 1195/1343/1237 1198/1344/1238
f 1195/1343/1237 1163/1309/1205 1166/1310/1206 1198/1344/1238
f 1163/1309/1205 1130/1308/1171 1134/1311/1175 1166/1310/1206
f 1100/1213/1140 1099/1214/1141 1134/1249/1175 1130/1245/1171
f 1132/1247/1173 1099/1214/1141 1069/1183/1110 1500/1695/1509
f 1500/1695/1509 1069/1183/1110 1040/1152/1080 1039/1153/1081
f 1037/1151/1079 1005/1118/1046 1008/1121/1049 1040/1152/1080
f 1008/1121/1049 1005/1118/1046 973/1086/1014 976/1089/1017
f 976/1089/1017 973/1086/1014 941/1055/983 944/1057/985
f 944/1057/985 941/1055/983 909/1023/951 912/1025/953
f 912/1025/953 909/1023/951 876/990/918 880/992/920
f 876/990/918 846/958/887 845/957/886 880/992/920
f 878/993/921 845/957/886 816/926/856 815/925/855
f 812/924/854 780/889/820 779/890/821 816/926/856
f 779/890/821 749/860/791 782/892/823 814/927/857
f 749/860/791 720/829/761 719/828/760 782/892/823
f 716/825/758 686/824/726 685/826/727 720/829/761
f 685/765/727 656/734/697 655/733/696 718/1697/759
f 653/732/695 620/699/662 624/700/663 656/734/697
f 620/699/662 590/666/630 589/667/631 624/700/663
f 622/701/664 589/667/631 559/637/601 1502/1699/1511
f 559/637/601 523/636/600 528/1700/1512 1502/1699/1511
f 495/528/496 466/496/465 465/497/466 527/579/544
f 463/495/464 431/463/432 434/464/433 466/496/465
f 431/463/432 399/431/400 402/432/401 434/464/433
f 399/431/400 366/397/367 370/398/368 402/432/401
f 366/397/367 336/396/335 335/399/336 370/398/368
f 335/337/336 306/305/305 305/306/306 368/530/369
f 303/304/304 237/238/238 242/239/239 306/305/305
f 236/237/237 272/272/272 273/273/273 239/240/240
f 237/238/238 236/237/237 239/240/240 242/239/239
f 178/178/178 163/163/163 148/149/149 1505/1704/1516
f 148/149/149 52/55/55 1504/1702/1514 1505/1704/1516
f 52/55/55 55/54/54 1503/1703/1515 1504/1702/1514
f 1451/1614/1460 1487/1672/1497 1485/1666/1493 1452/1615/1461
f 1487/1670/1497 109/110/110 103/103/103 1485/1664/1493
f 59/58/58 1452/1615/1461 1486/1668/1495 54/53/53
f 270/270/270 1432/1579/1446 1433/1580/1446 271/271/271
f 108/109/109 1385/1533/1427 1388/1534/1428 104/104/104
f 1385/1533/1427 1353/1501/1395 1356/1502/1396 1388/1534/1428
f 1353/1501/1395 1321/1469/1363 1324/1470/1364 1356/1502/1396
f 1321/1469/1363 1289/1437/1331 1292/1439/1333 1324/1470/1364
f 1292/1439/1333 1289/1437/1331 1257/1405/1299 1260/1406/1300
f 1257/1405/1299 1225/1373/1267 1228/1374/1268 1260/1406/1300
f 1225/1373/1267 1193/1341/1235 1196/1342/1236 1228/1374/1268
f 1193/1341/1235 1161/1305/1203 1164/1306/1204 1196/1342/1236
f 1161/1305/1203 1128/1304/1170 1131/1307/1172 1164/1306/1204
f 1128/1244/1170 1098/1211/1138 1097/1212/1139 1131/1246/1172
f 1097/1212/1139 1067/1182/1109 1070/1184/1111 1100/1213/1140
f 1067/1182/1109 1038/1150/1078 1037/1151/1079 1070/1184/1111
f 1035/1149/1077 1003/1117/1045 1006/1119/1047 1038/1150/1078
f 1003/1117/1045 971/1085/1013 974/1087/1015 1006/1119/1047
f 971/1085/1013 939/1053/981 942/1054/982 974/1087/1015
f 939/1053/981 907/1021/949 910/1022/950 942/1054/982
f 907/1021/949 874/988/916 877/989/917 910/1022/950
f 874/988/916 844/956/885 843/955/884 877/989/917
f 846/958/887 843/955/884 813/923/853 812/924/854
f 810/922/852 778/887/818 777/888/819 813/923/853
f 777/888/819 747/858/789 750/859/790 780/889/820
f 747/858/789 717/822/757 716/825/758 750/859/790
f 714/821/756 684/820/724 683/823/725 717/822/757
f 683/763/725 654/731/694 653/732/695 686/764/726
f 651/730/693 618/697/660 621/698/661 654/731/694
f 618/697/660 588/664/628 587/665/629 621/698/661
f 587/665/629 557/633/597 560/634/598 590/666/630
f 557/633/597 521/632/596 524/635/599 560/634/598
f 493/526/494 464/494/463 463/495/464 496/527/495
f 461/493/462 429/461/430 432/462/431 464/494/463
f 429/461/430 397/429/398 400/430/399 432/462/431
f 397/429/398 364/393/365 367/394/366 400/430/399
f 364/393/365 334/392/333 333/395/334 367/394/366
f 333/335/334 304/303/303 303/304/304 336/336/335
f 301/302/302 233/234/234 238/235/235 304/303/303
f 232/233/233 270/270/270 271/271/271 235/236/236
f 233/234/234 232/233/233 235/236/236 238/235/235
f 164/164/164 165/165/165 150/151/151 149/148/148
f 150/151/151 56/59/59 53/52/52 149/148/148
f 109/110/110 108/109/109 104/104/104 103/103/103
f 56/59/59 59/58/58 54/53/53 53/52/52
f 1453/1616/1462 1489/1676/1499 1488/1671/1496 1454/1617/1463
f 1489/1674/1499 113/114/114 110/107/107 1488/1669/1496
f 130/129/129 1454/1617/1463 1451/1614/1460 58/57/57
f 268/268/268 1430/1577/1446 1431/1578/1446 269/269/269
f 112/113/113 1383/1531/1425 1386/1532/1426 107/108/108
f 1383/1531/1425 1351/1499/1393 1354/1500/1394 1386/1532/1426
f 1351/1499/1393 1319/1467/1361 1322/1468/1362 1354/1500/1394
f 1319/1467/1361 1287/1435/1329 1290/1436/1330 1322/1468/1362
f 1287/1435/1329 1255/1403/1297 1258/1404/1298 1290/1436/1330
f 1255/1403/1297 1223/1371/1265 1226/1372/1266 1258/1404/1298
f 1223/1371/1265 1191/1339/1233 1194/1340/1234 1226/1372/1266
f 1191/1339/1233 1159/1301/1201 1162/1302/1202 1194/1340/1234
f 1159/1301/1201 1126/1300/1168 1129/1303/1169 1162/1302/1202
f 1126/1242/1168 1096/1209/1136 1095/1210/1137 1129/1243/1169
f 1095/1210/1137 1065/1180/1107 1068/1181/1108 1098/1211/1138
f 1065/1180/1107 1036/1148/1076 1035/1149/1077 1068/1181/1108
f 1033/1147/1075 1001/1115/1043 1004/1116/1044 1036/1148/1076
f 1001/1115/1043 969/1083/1011 972/1084/1012 1004/1116/1044
f 969/1083/1011 937/1051/979 940/1052/980 972/1084/1012
f 937/1051/979 905/1019/947 908/1020/948 940/1052/980
f 905/1019/947 872/986/914 875/987/915 908/1020/948
f 872/986/914 842/953/882 841/954/883 875/987/915
f 841/954/883 811/921/851 810/922/852 844/956/885
f 808/920/850 776/885/816 775/886/817 811/921/851
f 775/886/817 745/856/787 748/857/788 778/887/818
f 745/856/787 715/818/755 714/821/756 748/857/788
f 712/817/754 682/816/722 681/819/723 715/818/755
f 681/761/723 652/729/692 651/730/693 684/762/724
f 649/728/691 616/695/658 619/696/659 652/729/692
f 616/695/658 586/662/626 585/663/627 619/696/659
f 585/663/627 555/629/593 558/630/594 588/664/628
f 555/629/593 519/628/592 522/631/595 558/630/594
f 491/524/492 462/492/461 461/493/462 494/525/493
f 459/491/460 427/459/428 430/460/429 462/492/461
f 427/459/428 395/427/396 398/428/397 430/460/429
f 395/427/396 362/389/363 365/390/364 398/428/397
f 362/389/363 332/388/331 331/391/332 365/390/364
f 331/333/332 302/301/301 301/302/302 334/334/333
f 299/300/300 229/230/230 234/231/231 302/301/301
f 228/229/229 268/268/268 269/269/269 231/232/232
f 229/230/230 228/229/229 231/232/232 234/231/231
f 167/168/168 152/153/153 151/150/150 166/166/166
f 152/153/153 127/130/130 57/56/56 151/150/150
f 127/130/130 130/129/129 58/57/57 57/56/56
f 113/114/114 112/113/113 107/108/108 110/107/107
f 1455/1618/1464 1491/1680/1501 1490/1675/1498 1456/1619/1465
f 1491/1678/1501 117/118/118 114/111/111 1490/1673/1498
f 134/133/133 1456/1619/1465 1453/1616/1462 129/128/128
f 266/266/266 1428/1575/1446 1429/1576/1446 267/267/267
f 116/117/117 1381/1529/1423 1384/1530/1424 111/112/112
f 1381/1529/1423 1349/1497/1391 1352/1498/1392 1384/1530/1424
f 1349/1497/1391 1317/1465/1359 1320/1466/1360 1352/1498/1392
f 1317/1465/1359 1285/1433/1327 1288/1434/1328 1320/1466/1360
f 1285/1433/1327 1253/1401/1295 1256/1402/1296 1288/1434/1328
f 1253/1401/1295 1221/1369/1263 1224/1370/1264 1256/1402/1296
f 1221/1369/1263 1189/1337/1231 1192/1338/1232 1224/1370/1264
f 1189/1337/1231 1157/1297/1199 1160/1298/1200 1192/1338/1232
f 1157/1297/1199 1124/1296/1166 1127/1299/1167 1160/1298/1200
f 1124/1240/1166 1094/1207/1134 1093/1208/1135 1127/1241/1167
f 1093/1208/1135 1063/1178/1105 1066/1179/1106 1096/1209/1136
f 1063/1178/1105 1034/1146/1074 1033/1147/1075 1066/1179/1106
f 1031/1145/1073 999/1113/1041 1002/1114/1042 1034/1146/1074
f 999/1113/1041 967/1081/1009 970/1082/1010 1002/1114/1042
f 967/1081/1009 935/1049/977 938/1050/978 970/1082/1010
f 935/1049/977 903/1017/945 906/1018/946 938/1050/978
f 903/1017/945 870/984/912 873/985/913 906/1018/946
f 870/984/912 840/951/880 839/952/881 873/985/913
f 839/952/881 809/919/849 808/920/850 842/953/882
f 806/918/848 774/883/814 773/884/815 809/919/849
f 773/884/815 743/854/785 746/855/786 776/885/816
f 743/854/785 713/814/753 712/817/754 746/855/786
f 710/813/752 680/812/720 679/815/721 713/814/753
f 679/759/721 650/727/690 649/728/691 682/760/722
f 647/726/689 614/693/656 617/694/657 650/727/690
f 614/693/656 584/660/624 583/661/625 617/694/657
f 583/661/625 553/625/589 556/626/590 586/662/626
f 553/625/589 517/624/588 520/627/591 556/626/590
f 489/522/490 460/490/459 459/491/460 492/523/491
f 457/489/458 425/457/426 428/458/427 460/490/459
f 425/457/426 393/425/394 396/426/395 428/458/427
f 393/425/394 360/385/361 363/386/362 396/426/395
f 360/385/361 330/384/329 329/387/330 363/386/362
f 329/331/330 300/299/299 299/300/300 332/332/331
f 297/298/298 225/226/226 230/227/227 300/299/299
f 224/225/225 266/266/266 267/267/267 227/228/228
f 225/226/226 224/225/225 227/228/228 230/227/227
f 169/170/170 154/155/155 153/152/152 168/167/167
f 154/155/155 131/134/134 128/127/127 153/152/152
f 131/134/134 134/133/133 129/128/128 128/127/127
f 117/118/118 116/117/117 111/112/112 114/111/111
f 1457/1620/1466 1493/1684/1503 1492/1679/1500 1458/1621/1467
f 1493/1682/1503 121/122/122 118/115/115 1492/1677/1500
f 138/137/137 1458/1621/1467 1455/1618/1464 133/132/132
f 264/264/264 1426/1573/1446 1427/1574/1446 265/265/265
f 120/121/121 1379/1527/1421 1382/1528/1422 115/116/116
f 1379/1527/1421 1347/1495/1389 1350/1496/1390 1382/1528/1422
f 1347/1495/1389 1315/1463/1357 1318/1464/1358 1350/1496/1390
f 1315/1463/1357 1283/1431/1325 1286/1432/1326 1318/1464/1358
f 1283/1431/1325 1251/1399/1293 1254/1400/1294 1286/1432/1326
f 1251/1399/1293 1219/1367/1261 1222/1368/1262 1254/1400/1294
f 1219/1367/1261 1187/1335/1229 1190/1336/1230 1222/1368/1262
f 1187/1335/1229 1155/1293/1197 1158/1294/1198 1190/1336/1230
f 1155/1293/1197 1122/1292/1164 1125/1295/1165 1158/1294/1198
f 1122/1238/1164 1092/1205/1132 1091/1206/1133 1125/1239/1165
f 1091/1206/1133 1061/1176/1103 1064/1177/1104 1094/1207/1134
f 1061/1176/1103 1032/1144/1072 1031/1145/1073 1064/1177/1104
f 1029/1143/1071 997/1111/1039 1000/1112/1040 1032/1144/1072
f 997/1111/1039 965/1079/1007 968/1080/1008 1000/1112/1040
f 965/1079/1007 933/1047/975 936/1048/976 968/1080/1008
f 933/1047/975 901/1015/943 904/1016/944 936/1048/976
f 901/1015/943 868/982/910 871/983/911 904/1016/944
f 868/982/910 838/949/878 837/950/879 871/983/911
f 837/950/879 807/917/847 806/918/848 840/951/880
f 804/916/846 772/881/812 771/882/813 807/917/847
f 771/882/813 741/852/783 744/853/784 774/883/814
f 741/852/783 711/810/751 710/813/752 744/853/784
f 708/809/750 678/808/718 677/811/719 711/810/751
f 677/757/719 648/725/688 647/726/689 680/758/720
f 645/724/687 612/691/654 615/692/655 648/725/688
f 612/691/654 582/658/622 581/659/623 615/692/655
f 581/659/623 551/621/585 554/622/586 584/660/624
f 551/621/585 515/620/584 518/623/587 554/622/586
f 487/520/488 458/488/457 457/489/458 490/521/489
f 455/487/456 423/455/424 426/456/425 458/488/457
f 423/455/424 391/423/392 394/424/393 426/456/425
f 391/423/392 358/381/359 361/382/360 394/424/393
f 358/381/359 328/380/327 327/383/328 361/382/360
f 327/329/328 298/297/297 297/298/298 330/330/329
f 295/296/296 221/222/222 226/223/223 298/297/297
f 220/221/221 264/264/264 265/265/265 223/224/224
f 221/222/222 220/221/221 223/224/224 226/223/223
f 171/172/172 156/157/157 155/154/154 170/169/169
f 156/157/157 135/138/138 132/131/131 155/154/154
f 135/138/138 138/137/137 133/132/132 132/131/131
f 121/122/122 120/121/121 115/116/116 118/115/115
f 1459/1622/1468 1495/1688/1505 1494/1683/1502 1460/1623/1469
f 1495/1686/1505 125/126/126 122/119/119 1494/1681/1502
f 142/141/141 1460/1623/1469 1457/1620/1466 137/136/136
f 262/262/262 1424/1571/1446 1425/1572/1446 263/263/263
f 124/125/125 1377/1525/1419 1380/1526/1420 119/120/120
f 1377/1525/1419 1345/1493/1387 1348/1494/1388 1380/1526/1420
f 1345/1493/1387 1313/1461/1355 1316/1462/1356 1348/1494/1388
f 1313/1461/1355 1281/1428/1322 1284/1430/1324 1316/1462/1356
f 1281/1428/1322 1249/1397/1291 1252/1398/1292 1284/1430/1324
f 1249/1397/1291 1217/1365/1259 1220/1366/1260 1252/1398/1292
f 1217/1365/1259 1185/1333/1227 1188/1334/1228 1220/1366/1260
f 1185/1333/1227 1153/1289/1195 1156/1290/1196 1188/1334/1228
f 1153/1289/1195 1120/1288/1162 1123/1291/1163 1156/1290/1196
f 1120/1236/1162 1090/1203/1130 1089/1204/1131 1123/1237/1163
f 1089/1204/1131 1059/1174/1101 1062/1175/1102 1092/1205/1132
f 1059/1174/1101 1030/1142/1070 1029/1143/1071 1062/1175/1102
f 1027/1141/1069 995/1109/1037 998/1110/1038 1030/1142/1070
f 995/1109/1037 963/1077/1005 966/1078/1006 998/1110/1038
f 963/1077/1005 931/1045/973 934/1046/974 966/1078/1006
f 931/1045/973 899/1013/941 902/1014/942 934/1046/974
f 899/1013/941 866/980/908 869/981/909 902/1014/942
f 866/980/908 836/947/876 835/948/877 869/981/909
f 835/948/877 805/915/845 804/916/846 838/949/878
f 802/914/844 770/879/810 769/880/811 805/915/845
f 769/880/811 739/850/781 742/851/782 772/881/812
f 739/850/781 709/806/749 708/809/750 742/851/782
f 706/805/748 676/804/716 675/807/717 709/806/749
f 675/755/717 646/723/686 645/724/687 678/756/718
f 643/722/685 610/689/652 613/690/653 646/723/686
f 610/689/652 580/656/620 579/657/621 613/690/653
f 579/657/621 549/617/581 552/618/582 582/658/622
f 549/617/581 513/616/580 516/619/583 552/618/582
f 485/518/486 456/486/455 455/487/456 488/519/487
f 453/485/454 421/453/422 424/454/423 456/486/455
f 421/453/422 389/421/390 392/422/391 424/454/423
f 389/421/390 356/377/357 359/378/358 392/422/391
f 356/377/357 326/376/325 325/379/326 359/378/358
f 325/327/326 296/295/295 295/296/296 328/328/327
f 293/294/294 217/218/218 222/219/219 296/295/295
f 216/217/217 262/262/262 263/263/263 219/220/220
f 217/218/218 216/217/217 219/220/220 222/219/219
f 173/174/174 158/159/159 157/156/156 172/171/171
f 158/159/159 139/142/142 136/135/135 157/156/156
f 139/142/142 142/141/141 137/136/136 136/135/135
f 125/126/126 124/125/125 119/120/120 122/119/119
f 1461/1624/1470 1497/1692/1507 1496/1687/1504 1462/1625/1471
f 1497/1690/1507 23/24/24 126/123/123 1496/1685/1504
f 146/145/145 1462/1625/1471 1459/1622/1468 141/140/140
f 261/261/261 260/260/260 1422/1569/1446 1423/1570/1446
f 22/23/23 1375/1523/1417 1378/1524/1418 123/124/124
f 1375/1523/1417 1343/1491/1385 1346/1492/1386 1378/1524/1418
f 1343/1491/1385 1311/1459/1353 1314/1460/1354 1346/1492/1386
f 1311/1459/1353 1279/1426/1320 1282/1429/1323 1314/1460/1354
f 1247/1394/1288 1250/1396/1290 1282/1429/1323 1279/1426/1320
f 1247/1394/1288 1215/1362/1256 1218/1364/1258 1250/1396/1290
f 1215/1362/1256 1183/1331/1225 1186/1332/1226 1218/1364/1258
f 1183/1331/1225 1151/1285/1193 1154/1286/1194 1186/1332/1226
f 1151/1285/1193 1118/1284/1159 1121/1287/1161 1154/1286/1194
f 1121/1235/1161 1118/1233/1159 1088/1201/1128 1087/1202/1129
f 1087/1202/1129 1057/1172/1099 1060/1173/1100 1090/1203/1130
f 1057/1172/1099 1028/1140/1068 1027/1141/1069 1060/1173/1100
f 1025/1139/1067 993/1106/1034 996/1108/1036 1028/1140/1068
f 961/1074/1002 964/1076/1004 996/1108/1036 993/1106/1034
f 929/1042/970 932/1044/972 964/1076/1004 961/1074/1002
f 929/1042/970 897/1010/938 900/1012/940 932/1044/972
f 897/1010/938 864/978/906 867/979/907 900/1012/940
f 864/978/906 834/946/875 833/945/874 867/979/907
f 803/913/843 802/914/844 836/947/876 833/945/874
f 800/912/842 768/877/808 767/878/809 803/913/843
f 767/878/809 737/848/779 740/849/780 770/879/810
f 737/848/779 707/802/747 706/805/748 740/849/780
f 704/801/746 674/800/714 673/803/715 707/802/747
f 673/753/715 644/721/684 643/722/685 676/754/716
f 641/720/683 608/687/650 611/688/651 644/721/684
f 608/687/650 578/654/618 577/655/619 611/688/651
f 577/655/619 547/613/577 550/614/578 580/656/620
f 547/613/577 511/612/576 514/615/579 550/614/578
f 483/516/484 454/484/453 453/485/454 486/517/485
f 451/483/452 419/451/420 422/452/421 454/484/453
f 419/451/420 387/419/388 390/420/389 422/452/421
f 387/419/388 354/373/355 357/374/356 390/420/389
f 354/373/355 324/372/323 323/375/324 357/374/356
f 323/325/324 294/293/293 293/294/294 326/326/325
f 291/292/292 213/214/214 218/215/215 294/293/293
f 212/213/213 260/260/260 261/261/261 215/216/216
f 213/214/214 212/213/213 215/216/216 218/215/215
f 160/161/161 159/158/158 174/173/173 175/175/175
f 160/161/161 143/146/146 140/139/139 159/158/158
f 143/146/146 146/145/145 141/140/140 140/139/139
f 23/24/24 22/23/23 123/124/124 126/123/123
f 1506/1705/1517 1498/1691/1506 28/27/27 27/26/26
f 19/1706/19 24/21/21 1498/1689/1506 1506/1707/1517
f 259/259/259 258/1708/258 1420/1709/1446 1421/1568/1446
f 1373/1710/1414 1376/1522/1416 21/22/22 18/1711/18
f 1341/1712/1382 1344/1490/1384 1376/1522/1416 1373/1710/1414
f 1341/1712/1382 1309/1713/1350 1312/1458/1352 1344/1490/1384
f 1309/1713/1350 1277/1714/1318 1280/1427/1321 1312/1458/1352
f 1245/1715/1286 1248/1395/1289 1280/1427/1321 1277/1714/1318
f 1213/1716/1254 1216/1363/1257 1248/1395/1289 1245/1715/1286
f 1181/1717/1222 1184/1330/1224 1216/1363/1257 1213/1716/1254
f 1181/1717/1222 1149/1718/1190 1152/1282/1192 1184/1330/1224
f 1149/1718/1190 1116/1719/1157 1119/1283/1160 1152/1282/1192
f 1119/1234/1160 1116/1720/1157 1086/1200/1127 1085/1199/1126
f 1085/1199/1126 1055/1169/1096 1058/1171/1098 1088/1201/1128
f 1026/1138/1066 1025/1139/1067 1058/1171/1098 1055/1169/1096
f 1023/1168/1064 991/1721/1032 994/1107/1035 1026/1138/1066
f 959/1722/1000 962/1075/1003 994/1107/1035 991/1721/1032
f 927/1723/968 930/1043/971 962/1075/1003 959/1722/1000
f 895/1724/936 898/1011/939 930/1043/971 927/1723/968
f 862/1725/903 865/977/905 898/1011/939 895/1724/936
f 832/944/873 831/943/872 865/977/905 862/1725/903
f 801/911/841 800/912/842 834/946/875 831/943/872
f 766/875/806 765/876/807 801/911/841 798/942/839
f 765/876/807 735/846/777 738/847/778 768/877/808
f 735/846/777 705/798/745 704/801/746 738/847/778
f 705/798/745 702/845/743 672/1726/712 671/799/713
f 671/751/713 642/719/682 641/720/683 674/752/714
f 606/1727/647 609/686/649 642/719/682 639/750/680
f 606/1727/647 576/653/617 575/652/616 609/686/649
f 575/652/616 545/609/573 548/610/574 578/654/618
f 545/609/573 509/608/572 512/611/575 548/610/574
f 481/514/482 452/482/451 451/483/452 484/515/483
f 449/513/449 417/1728/417 420/450/419 452/482/451
f 417/1728/417 385/1729/385 388/418/387 420/450/419
f 385/1729/385 352/1730/352 355/370/354 388/418/387
f 352/1730/352 322/1731/321 321/371/322 355/370/354
f 321/323/322 292/291/291 291/292/292 324/324/323
f 289/322/289 209/1732/208 214/211/211 292/291/291
f 211/212/212 208/1733/207 258/1708/258 259/259/259
f 209/1732/208 208/1733/207 211/212/212 214/211/211
f 162/162/162 161/160/160 176/176/176 177/177/177
f 162/162/162 147/147/147 144/143/143 161/160/160
f 147/147/147 25/28/28 145/144/144 144/143/143
f 25/28/28 28/27/27 1461/1624/1470 145/144/144
f 18/1711/18 21/22/22 24/21/21 19/1706/19
f 20/20/20 19/19/19 1506/1734/1517 1481/1659/1489
f 1481/1657/1489 1506/1705/1517 27/26/26 1438/1601/1447
f 1438/1601/1447 50/51/51 47/45/45 1440/1602/1448
f 257/257/257 256/255/255 1418/1565/1446 1419/1566/1446
f 1371/1518/1412 1374/1521/1415 17/17/17 14/13/13
f 1342/1489/1383 1374/1521/1415 1371/1518/1412 1339/1486/1380
f 1310/1457/1351 1342/1489/1383 1339/1486/1380 1307/1454/1348
f 1278/1425/1319 1310/1457/1351 1307/1454/1348 1275/1422/1316
f 1243/1390/1284 1246/1393/1287 1278/1425/1319 1275/1422/1316
f 1211/1358/1252 1214/1361/1255 1246/1393/1287 1243/1390/1284
f 1179/1326/1220 1182/1329/1223 1214/1361/1255 1211/1358/1252
f 1150/1280/1191 1182/1329/1223 1179/1326/1220 1147/1275/1188
f 1117/1281/1158 1150/1280/1191 1147/1275/1188 1114/1274/1155
f 1117/1231/1158 1114/1228/1155 1084/1198/1125 1083/1197/1124
f 1053/1166/1094 1056/1735/1097 1086/1232/1127 1083/1197/1124
f 1024/1137/1065 1023/1136/1064 1056/1735/1097 1053/1166/1094
f 992/1105/1033 1024/1137/1065 1021/1134/1062 989/1102/1030
f 957/1070/998 960/1073/1001 992/1105/1033 989/1102/1030
f 925/1038/966 928/1041/969 960/1073/1001 957/1070/998
f 893/1006/934 896/1009/937 928/1041/969 925/1038/966
f 860/972/901 863/976/904 896/1009/937 893/1006/934
f 829/940/870 863/976/904 860/972/901 830/941/871
f 799/910/840 798/909/839 832/974/873 829/940/870
f 763/873/804 799/910/840 796/906/837 764/874/805
f 736/1736/776 766/908/806 763/873/804 733/842/774
f 702/794/743 736/1736/776 733/842/774 703/795/744
f 669/796/710 703/795/744 700/791/741 670/790/711
f 639/717/680 672/1737/712 669/747/710 640/718/681
f 607/685/648 640/718/681 637/715/678 604/681/645
f 573/650/614 607/685/648 604/681/645 574/651/615
f 543/604/569 546/1738/571 576/683/617 573/650/614
f 510/578/543 546/1738/571 543/604/569 507/552/518
f 449/480/449 482/1739/481 479/510/479 450/481/450
f 418/449/418 450/481/450 447/478/447 415/446/415
f 386/417/386 418/449/418 415/446/415 383/414/383
f 353/368/353 386/417/386 383/414/383 350/363/350
f 319/369/319 353/368/353 350/363/350 320/362/320
f 289/289/289 322/1740/321 319/319/319 290/290/290
f 210/209/209 290/290/290 287/287/287 205/204/204
f 257/257/257 207/210/210 204/203/203 256/255/255
f 207/210/210 210/209/209 205/204/204 204/203/203
f 79/78/78 80/81/81 96/97/97 95/94/94
f 49/50/50 80/81/81 79/78/78 48/46/46
f 50/51/51 49/50/50 48/46/46 47/45/45
f 17/17/17 20/20/20 15/14/14 14/13/13
f 96/97/97 97/96/96 98/98/98
f 97/96/96 177/177/177 98/98/98
f 177/177/177 176/176/176 98/98/98
f 176/176/176 175/175/175 98/98/98
f 175/175/175 174/173/173 98/98/98
f 174/173/173 173/174/174 98/98/98
f 173/174/174 172/171/171 98/98/98
f 172/171/171 171/172/172 98/98/98
f 171/172/172 170/169/169 98/98/98
f 170/169/169 169/170/170 98/98/98
f 169/170/170 168/167/167 98/98/98
f 168/167/167 167/168/168 98/98/98
f 167/168/168 166/166/166 98/98/98
f 166/166/166 165/165/165 98/98/98
f 165/165/165 164/164/164 98/98/98
f 164/164/164 163/163/163 98/98/98
f 163/163/163 178/178/178 98/98/98
f 1421/1693/1446 1420/1741/1446 1437/1586/1446
f 1420/1741/1446 1419/1742/1446 1437/1586/1446
f 1419/1742/1446 1418/1743/1446 1437/1586/1446
f 1418/1743/1446 1417/1744/1446 1437/1586/1446
f 1417/1744/1446 1416/1745/1446 1437/1586/1446
f 1416/1745/1446 1415/1746/1446 1437/1586/1446
f 1415/1746/1446 1414/1747/1446 1437/1586/1446
f 1414/1747/1446 1413/1748/1446 1437/1586/1446
f 1413/1748/1446 1412/1749/1446 1437/1586/1446
f 1412/1749/1446 1411/1750/1446 1437/1586/1446
f 1411/1750/1446 1410/1751/1446 1437/1586/1446
f 1410/1751/1446 1409/1752/1446 1437/1586/1446
f 1409/1752/1446 1408/1753/1446 1437/1586/1446
f 1408/1753/1446 1407/1754/1446 1437/1586/1446
f 1407/1754/1446 1406/1755/1446 1437/1586/1446
f 1406/1755/1446 1405/1600/1446 1437/1586/1446
f 1510/576/542 529/575/541 528/1700/1512 1532/1756/1518
f 1525/1757/1519 1552/1758/1520 1560/573/539 1536/1759/1521
f 521/632/596 1525/1757/1519 1536/1759/1521 524/635/599
f 519/628/592 1514/588/553 1529/1760/1522 522/631/595
f 517/624/588 1509/1761/1523 1518/585/550 520/627/591
f 515/620/584 1530/568/534 1513/590/555 518/623/587
f 513/616/580 1524/584/549 1535/565/531 516/619/583
f 511/612/576 1517/1762/1524 1528/582/547 514/615/579
f 509/608/572 1508/1763/1525 1521/1764/1526 512/611/575
f 1539/1765/1527 1510/576/542 1532/1756/1518 1557/580/545
f 1543/1766/521 1512/577/521 1534/551/517 1559/1767/517
f 1554/1768/1528 1527/550/516 1516/543/509 1545/1769/1529
f 1548/1770/1530 1520/546/512 1507/539/505 1540/1771/1531
f 1542/1772/1532 1511/542/508 1533/535/501 1558/1773/501
f 1561/1774/504 1537/538/504 1522/531/497 1550/1775/1533
f 1553/1776/1534 1526/534/500 1515/569/535 1544/1777/1535
f 523/636/600 1531/1778/1536 1532/1756/1518 528/1700/1512
f 1547/1779/1537 1519/572/538 1510/576/542 1539/1765/1527
f 1544/1777/1535 1515/569/535 1519/572/538 1547/1779/1537
f 524/635/599 1536/1759/1521 1531/1778/1536 523/636/600
f 522/631/595 1529/1760/1522 1525/1757/1519 521/632/596
f 520/627/591 1518/585/550 1514/588/553 519/628/592
f 518/623/587 1513/590/555 1509/1761/1523 517/624/588
f 516/619/583 1535/565/531 1530/568/534 515/620/584
f 514/615/579 1528/582/547 1524/584/549 513/616/580
f 512/611/575 1521/1764/1526 1517/1762/1524 511/612/576
f 510/607/543 1512/1780/521 1508/1763/1525 509/608/572
f 1562/1781/1538 1538/554/520 1523/547/513 1551/1782/1539
f 1559/1767/517 1534/551/517 1538/554/520 1562/1781/1538
f 1551/1782/1539 1523/547/513 1527/550/516 1554/1768/1528
f 1545/1769/1529 1516/543/509 1520/546/512 1548/1770/1530
f 1540/1771/1531 1507/539/505 1511/542/508 1542/1772/1532
f 1558/1773/501 1533/535/501 1537/538/504 1561/1774/504
f 1572/1783/528 492/523/491 491/524/492 1570/1784/529
f 1566/1785/1540 490/521/489 489/522/490 1564/1786/527
f 1582/1787/1541 487/520/488 490/521/489 1566/1788/1540
f 1555/581/546 486/517/485 485/518/486 1575/559/525
f 1517/1762/1524 1546/558/524 1555/581/546 1528/582/547
f 1508/1763/1525 1541/556/522 1549/557/523 1521/1764/1526
f 1531/1778/1536 1556/574/540 1557/580/545 1532/1756/1518
f 1536/1759/1521 1560/573/539 1556/574/540 1531/1778/1536
f 1579/564/530 494/525/493 493/526/494 1552/1758/1520
f 1514/588/553 1569/1789/552 1578/1790/1542 1529/1760/1522
f 1509/1761/1523 1563/1791/1543 1573/586/551 1518/585/550
f 1584/560/526 488/519/487 487/520/488 1582/1792/1541
f 1524/584/549 1576/1793/548 1585/566/532 1535/565/531
f 1521/1764/1526 1549/557/523 1546/558/524 1517/1762/1524
f 1512/1780/521 1543/555/521 1541/556/522 1508/1763/1525
f 1552/1758/1520 493/526/494 496/527/495 1560/573/539
f 530/1701/1513 1539/1765/1527 1557/580/545 527/579/544
f 482/1739/481 1543/1766/521 1559/1767/517 479/510/479
f 478/509/478 1554/1768/1528 1545/1769/1529 475/506/475
f 476/507/476 1548/1770/1530 1540/1771/1531 473/504/473
f 474/505/474 1542/1772/1532 1558/1773/501 471/502/471
f 472/503/472 1561/1774/504 1550/1775/1533 469/500/469
f 470/501/470 1553/1776/1534 1544/1777/1535 467/498/467
f 468/499/468 1547/1779/1537 1539/1765/1527 530/1701/1513
f 467/498/467 1544/1777/1535 1547/1779/1537 468/499/468
f 480/511/480 1562/1781/1538 1551/1782/1539 477/508/477
f 479/510/479 1559/1767/517 1562/1781/1538 480/511/480
f 477/508/477 1551/1782/1539 1554/1768/1528 478/509/478
f 475/506/475 1545/1769/1529 1548/1770/1530 476/507/476
f 473/504/473 1540/1771/1531 1542/1772/1532 474/505/474
f 471/502/471 1558/1773/501 1561/1774/504 472/503/472
f 469/500/469 1550/1775/1533 1553/1776/1534 470/501/470
f 1550/1775/1533 1522/531/497 1526/534/500 1553/1776/1534
f 1570/563/529 1579/564/530 1580/1794/1544 1571/1795/1545
f 1571/1795/1545 1580/1794/1544 1578/1790/1542 1569/1789/552
f 1564/561/527 1572/562/528 1574/1796/1546 1565/1797/1547
f 1565/1797/1547 1574/1796/1546 1573/586/551 1563/1791/1543
f 1582/1787/1541 1566/1788/1540 1568/1798/1548 1583/1799/1549
f 1583/1799/1549 1568/1798/1548 1567/589/554 1581/567/533
f 1575/559/525 1584/560/526 1586/1800/1550 1577/1801/556
f 1577/1801/556 1586/1800/1550 1585/566/532 1576/1793/548
f 1572/1783/528 1570/1784/529 1571/1795/1545 1574/1796/1546
f 1574/1796/1546 1571/1795/1545 1569/587/552 1573/586/551
f 1566/1785/1540 1564/1786/527 1565/1797/1547 1568/1798/1548
f 1568/1798/1548 1565/1797/1547 1563/1802/1543 1567/1803/554
f 1584/560/526 1582/1792/1541 1583/1799/1549 1586/1800/1550
f 1586/1800/1550 1583/1799/1549 1581/567/533 1585/566/532
f 1513/590/555 1567/1803/554 1563/1802/1543 1509/1761/1523
f 1529/1760/1522 1578/1804/1542 1552/1758/1520 1525/1757/1519
f 1580/1805/1544 1579/564/530 1552/1758/1520 1578/1790/1542
o spray_paint_bottles_02_dented
v 0.094387 0.170966 0.000452
v 0.094394 0.170740 -0.001522
v 0.093566 0.170059 -0.001400
v 0.093559 0.170276 0.000492
v 0.094017 0.170716 -0.003472
v 0.093347 0.170853 -0.005338
v 0.092563 0.170167 -0.005058
v 0.093204 0.170036 -0.003270
v 0.092338 0.171187 -0.007017
v 0.091095 0.171666 -0.008490
v 0.090404 0.170947 -0.008078
v 0.091596 0.170487 -0.006666
v 0.089608 0.172308 -0.009641
v 0.087979 0.173057 -0.010498
v 0.087418 0.172280 -0.010003
v 0.088979 0.171562 -0.009182
v 0.086241 0.173909 -0.010946
v 0.084476 0.174813 -0.011056
v 0.084060 0.173962 -0.010538
v 0.085752 0.173096 -0.010433
v 0.082751 0.175745 -0.010734
v 0.081117 0.176667 -0.010080
v 0.080841 0.175739 -0.009602
v 0.082407 0.174856 -0.010229
v 0.082909 0.175443 -0.009619
v 0.084442 0.174615 -0.009906
v 0.084079 0.173940 -0.010023
v 0.082513 0.174786 -0.009731
v 0.096459 0.179610 0.002836
v 0.092369 0.172026 0.003619
v 0.092975 0.171532 0.002035
v 0.097046 0.179051 0.001232
v 0.097260 0.178578 -0.000495
v 0.093252 0.171195 0.000324
v 0.093258 0.170994 -0.001431
v 0.097198 0.178244 -0.002266
v 0.096746 0.178007 -0.004005
v 0.092923 0.170973 -0.003165
v 0.092328 0.171095 -0.004823
v 0.096029 0.177917 -0.005668
v 0.094982 0.177959 -0.007157
v 0.091431 0.171392 -0.006315
v 0.090325 0.171818 -0.007625
v 0.093722 0.178134 -0.008460
v 0.092256 0.178480 -0.009475
v 0.089004 0.172389 -0.008648
v 0.087556 0.173054 -0.009410
v 0.090661 0.178923 -0.010224
v 0.089031 0.179580 -0.010617
v 0.086011 0.173811 -0.009808
v 0.087376 0.180285 -0.010703
v 0.088568 0.184323 0.007199
v 0.086994 0.185089 0.006794
v 0.083020 0.177319 0.007519
v 0.084565 0.176562 0.007918
v 0.085512 0.185748 0.006021
v 0.084158 0.186311 0.004982
v 0.080251 0.178556 0.005734
v 0.081572 0.177985 0.006757
v 0.094502 0.181019 0.005474
v 0.090408 0.173337 0.006219
v 0.091522 0.172627 0.005047
v 0.095627 0.180278 0.004283
v 0.092400 0.183961 0.006860
v 0.091725 0.182662 0.007007
v 0.093201 0.181824 0.006416
v 0.093876 0.183124 0.006269
v 0.095178 0.182320 0.005327
v 0.096302 0.181580 0.004137
v 0.097135 0.180913 0.002689
v 0.097723 0.180355 0.001084
v 0.097937 0.179884 -0.000642
v 0.097877 0.179550 -0.002413
v 0.097426 0.179318 -0.004153
v 0.096711 0.179232 -0.005817
v 0.095667 0.179280 -0.007306
v 0.094410 0.179459 -0.008610
v 0.092944 0.179805 -0.009625
v 0.091349 0.180248 -0.010373
v 0.089713 0.180895 -0.010765
v 0.088053 0.181589 -0.010850
v 0.092191 0.184387 0.005335
v 0.093431 0.183713 0.004840
v 0.094518 0.183051 0.004055
v 0.095458 0.182443 0.003064
v 0.096148 0.181883 0.001861
v 0.096634 0.181414 0.000526
v 0.096807 0.181009 -0.000909
v 0.096750 0.180720 -0.002381
v 0.096372 0.180522 -0.003829
v 0.095775 0.180444 -0.005212
v 0.094902 0.180477 -0.006450
v 0.093853 0.180619 -0.007534
v 0.092627 0.180896 -0.008377
v 0.091295 0.181254 -0.008999
v 0.089922 0.181771 -0.009322
v 0.088529 0.182326 -0.009391
v 0.089870 0.184015 -0.001963
v 0.087668 0.174930 0.007729
v 0.087375 0.174262 0.007989
v 0.088858 0.173425 0.007396
v 0.089120 0.174111 0.007147
v 0.080966 0.177596 0.007428
v 0.081248 0.178604 0.007690
v 0.082876 0.177855 0.008546
v 0.082527 0.176878 0.008249
v 0.078517 0.179725 0.005065
v 0.079761 0.179246 0.006538
v 0.079541 0.178211 0.006325
v 0.078349 0.178671 0.004913
v 0.076839 0.180196 0.001521
v 0.077508 0.180059 0.003386
v 0.077382 0.178991 0.003304
v 0.076741 0.179122 0.001516
v 0.076468 0.179946 -0.002404
v 0.076461 0.180172 -0.000430
v 0.076379 0.179099 -0.000353
v 0.076385 0.178882 -0.002245
v 0.077462 0.179012 -0.006110
v 0.076779 0.179567 -0.004329
v 0.076684 0.178519 -0.004091
v 0.077338 0.177987 -0.005798
v 0.079668 0.177537 -0.009036
v 0.078414 0.178336 -0.007718
v 0.078251 0.177339 -0.007338
v 0.079452 0.176573 -0.008602
v 0.083004 0.186687 0.003656
v 0.082062 0.186933 0.002144
v 0.078248 0.179279 0.002932
v 0.079145 0.178982 0.004424
v 0.081389 0.186926 0.000471
v 0.080980 0.186775 -0.001278
v 0.077318 0.179379 -0.000460
v 0.077653 0.179400 0.001273
v 0.080875 0.186355 -0.003039
v 0.081045 0.185798 -0.004756
v 0.077601 0.178841 -0.003926
v 0.077324 0.179178 -0.002215
v 0.081527 0.185036 -0.006338
v 0.082254 0.184166 -0.007762
v 0.079054 0.177747 -0.006938
v 0.078207 0.178348 -0.005510
v 0.083266 0.183208 -0.008928
v 0.084455 0.182187 -0.009846
v 0.081456 0.176263 -0.009038
v 0.080168 0.177036 -0.008110
v 0.085874 0.181241 -0.010424
v 0.089243 0.185622 0.007053
v 0.087669 0.186389 0.006647
v 0.086187 0.187049 0.005874
v 0.084834 0.187613 0.004835
v 0.083680 0.187990 0.003509
v 0.082739 0.188237 0.001997
v 0.082067 0.188232 0.000324
v 0.081658 0.188081 -0.001426
v 0.081555 0.187666 -0.003187
v 0.081728 0.187113 -0.004905
v 0.082213 0.186357 -0.006487
v 0.082942 0.185491 -0.007912
v 0.083954 0.184534 -0.009077
v 0.085143 0.183512 -0.009995
v 0.086557 0.182555 -0.010573
v 0.089564 0.185768 0.005495
v 0.088267 0.186429 0.005155
v 0.087038 0.186986 0.004511
v 0.085916 0.187462 0.003645
v 0.084953 0.187771 0.002542
v 0.084167 0.187971 0.001285
v 0.083602 0.187955 -0.000105
v 0.083256 0.187818 -0.001560
v 0.083167 0.187467 -0.003025
v 0.083308 0.187002 -0.004453
v 0.083708 0.186365 -0.005769
v 0.084311 0.185638 -0.006953
v 0.085148 0.184831 -0.007922
v 0.086131 0.183970 -0.008685
v 0.087296 0.183152 -0.009163
v 0.090883 0.185068 0.005580
v 0.060277 -0.000233 0.035004
v 0.066939 -0.000138 0.032405
v 0.067320 0.001846 0.033216
v 0.060515 0.001749 0.035872
v 0.072876 0.000040 0.028420
v 0.078035 0.000278 0.023473
v 0.078656 0.002271 0.024092
v 0.073385 0.002027 0.029145
v 0.081993 0.000581 0.017524
v 0.084864 0.000925 0.010984
v 0.085633 0.002932 0.011332
v 0.082699 0.002580 0.018014
v 0.086242 0.001308 0.003976
v 0.086388 0.001707 -0.003163
v 0.087190 0.003730 -0.003120
v 0.087040 0.003323 0.004173
v 0.084975 0.002109 -0.010162
v 0.082374 0.002502 -0.016812
v 0.083089 0.004543 -0.017064
v 0.085746 0.004142 -0.010270
v 0.078386 0.002864 -0.022738
v 0.073434 0.003190 -0.027887
v 0.073955 0.005246 -0.028378
v 0.079015 0.004913 -0.023118
v 0.067478 0.003457 -0.031837
v 0.060928 0.003667 -0.034701
v 0.061179 0.005733 -0.035339
v 0.067871 0.005519 -0.032413
v 0.053911 0.003798 -0.036073
v 0.046761 0.003860 -0.036216
v 0.046706 0.005930 -0.036888
v 0.054010 0.005867 -0.036741
v 0.039750 0.003834 -0.034803
v 0.033088 0.003739 -0.032203
v 0.032738 0.005807 -0.032787
v 0.039544 0.005904 -0.035443
v 0.027152 0.003561 -0.028218
v 0.021993 0.003323 -0.023272
v 0.021403 0.005382 -0.023663
v 0.026674 0.005625 -0.028717
v 0.018035 0.003020 -0.017323
v 0.015163 0.002676 -0.010782
v 0.014426 0.004720 -0.010904
v 0.017359 0.005072 -0.017586
v 0.013786 0.002293 -0.003775
v 0.013639 0.001895 0.003365
v 0.012869 0.003922 0.003549
v 0.013018 0.004330 -0.003745
v 0.015052 0.001492 0.010364
v 0.017653 0.001099 0.017014
v 0.016969 0.003110 0.017493
v 0.014312 0.003511 0.010699
v 0.021641 0.000737 0.022940
v 0.026593 0.000411 0.028089
v 0.026103 0.002406 0.028807
v 0.021044 0.002740 0.023546
v 0.032550 0.000144 0.032038
v 0.039099 -0.000066 0.034903
v 0.038879 0.001919 0.035768
v 0.032188 0.002134 0.032842
v 0.046117 -0.000197 0.036275
v 0.053267 -0.000259 0.036418
v 0.053353 0.001722 0.037316
v 0.046048 0.001786 0.037170
v 0.059694 -0.001921 0.032964
v 0.065985 -0.001831 0.030509
v 0.071592 -0.001663 0.026746
v 0.076464 -0.001438 0.022074
v 0.080203 -0.001152 0.016456
v 0.082915 -0.000826 0.010278
v 0.084216 -0.000466 0.003660
v 0.084354 -0.000089 -0.003082
v 0.083019 0.000292 -0.009693
v 0.080563 0.000662 -0.015974
v 0.076796 0.001005 -0.021570
v 0.072119 0.001313 -0.026433
v 0.066494 0.001564 -0.030163
v 0.060308 0.001763 -0.032868
v 0.053680 0.001886 -0.034164
v 0.046928 0.001945 -0.034300
v 0.040306 0.001921 -0.032964
v 0.034015 0.001831 -0.030509
v 0.028408 0.001663 -0.026746
v 0.023536 0.001438 -0.022074
v 0.019797 0.001152 -0.016456
v 0.017086 0.000826 -0.010278
v 0.015785 0.000466 -0.003660
v 0.015646 0.000089 0.003082
v 0.016981 -0.000292 0.009693
v 0.019437 -0.000662 0.015974
v 0.023064 -0.001047 0.021619
v 0.027881 -0.001313 0.026433
v 0.033506 -0.001564 0.030163
v 0.039692 -0.001763 0.032868
v 0.046320 -0.001886 0.034164
v 0.053073 -0.001945 0.034300
v 0.067445 0.003943 0.033542
v 0.060597 0.003846 0.036215
v 0.078852 0.004371 0.024360
v 0.073548 0.004126 0.029446
v 0.085873 0.005037 0.011520
v 0.082921 0.004682 0.018245
v 0.087440 0.005840 -0.003023
v 0.087289 0.005430 0.004317
v 0.083313 0.006657 -0.017055
v 0.085987 0.006254 -0.010218
v 0.074122 0.007365 -0.028440
v 0.079213 0.007030 -0.023146
v 0.061266 0.007855 -0.035445
v 0.067999 0.007639 -0.032500
v 0.046701 0.008054 -0.037003
v 0.054051 0.007989 -0.036856
v 0.032645 0.007930 -0.032877
v 0.039494 0.008027 -0.035549
v 0.021239 0.007502 -0.023695
v 0.026543 0.007746 -0.028781
v 0.014218 0.006836 -0.010855
v 0.017169 0.007190 -0.017579
v 0.012651 0.006033 0.003688
v 0.012802 0.006443 -0.003651
v 0.016777 0.005215 0.017720
v 0.014103 0.005619 0.010883
v 0.025968 0.004508 0.029105
v 0.020877 0.004843 0.023812
v 0.038825 0.004017 0.036110
v 0.032092 0.004233 0.033165
v 0.053390 0.003819 0.037668
v 0.046039 0.003883 0.037521
v 0.073166 0.005485 0.029035
v 0.067165 0.005305 0.033063
v 0.082383 0.006032 0.018020
v 0.078382 0.005725 0.024034
v 0.086678 0.006767 0.004325
v 0.085286 0.006380 0.011408
v 0.085398 0.007577 -0.009968
v 0.086826 0.007170 -0.002892
v 0.078737 0.008340 -0.022680
v 0.082768 0.007974 -0.016690
v 0.067710 0.008939 -0.031878
v 0.073731 0.008670 -0.027886
v 0.053995 0.009284 -0.036161
v 0.061089 0.009152 -0.034774
v 0.039680 0.009321 -0.034877
v 0.046767 0.009347 -0.036306
v 0.026945 0.009045 -0.028221
v 0.032946 0.009225 -0.032249
v 0.017728 0.008498 -0.017206
v 0.021729 0.008804 -0.023220
v 0.013433 0.007763 -0.003511
v 0.014825 0.008150 -0.010594
v 0.014713 0.006953 0.010782
v 0.013285 0.007360 0.003706
v 0.021374 0.006190 0.023494
v 0.017342 0.006556 0.017504
v 0.032401 0.005590 0.032692
v 0.026380 0.005860 0.028700
v 0.046116 0.005246 0.036975
v 0.039022 0.005378 0.035588
v 0.060431 0.005209 0.035691
v 0.067536 0.006358 0.033816
v 0.060659 0.006260 0.036500
v 0.078990 0.006787 0.024596
v 0.073664 0.006541 0.029703
v 0.086041 0.007456 0.011703
v 0.083077 0.007100 0.018455
v 0.087614 0.008262 -0.002901
v 0.087463 0.007850 0.004469
v 0.083470 0.009083 -0.016992
v 0.086155 0.008678 -0.010126
v 0.074241 0.009794 -0.028424
v 0.079353 0.009457 -0.023108
v 0.061331 0.010286 -0.035458
v 0.068092 0.010069 -0.032501
v 0.046705 0.010485 -0.037023
v 0.054086 0.010421 -0.036875
v 0.032591 0.010361 -0.032880
v 0.039468 0.010459 -0.035563
v 0.021137 0.009931 -0.023660
v 0.026463 0.010177 -0.028766
v 0.014087 0.009262 -0.010766
v 0.017051 0.009618 -0.017518
v 0.012513 0.008456 0.003837
v 0.012665 0.008868 -0.003532
v 0.016657 0.007635 0.017928
v 0.013972 0.008040 0.011063
v 0.025886 0.006924 0.029361
v 0.020774 0.007261 0.024045
v 0.038797 0.006432 0.036395
v 0.032035 0.006649 0.033438
v 0.053344 0.005183 0.037120
v 0.053422 0.006233 0.037959
v 0.046041 0.006297 0.037812
v 0.067804 0.008126 0.034402
v 0.060827 0.008027 0.037124
v 0.079425 0.008562 0.025048
v 0.074021 0.008312 0.030229
v 0.086577 0.009240 0.011967
v 0.083570 0.008879 0.018817
v 0.088173 0.010058 -0.002849
v 0.088020 0.009640 0.004628
v 0.083970 0.010891 -0.017145
v 0.086694 0.010480 -0.010179
v 0.074606 0.011612 -0.028743
v 0.079793 0.011271 -0.023350
v 0.061508 0.012112 -0.035880
v 0.068368 0.011891 -0.032880
v 0.046670 0.012314 -0.037467
v 0.054159 0.012248 -0.037317
v 0.032351 0.012187 -0.033264
v 0.039328 0.012287 -0.035986
v 0.020730 0.011751 -0.023909
v 0.026134 0.012001 -0.029090
v 0.013577 0.011073 -0.010829
v 0.016585 0.011434 -0.017679
v 0.011982 0.010255 0.003987
v 0.012135 0.010673 -0.003490
v 0.016185 0.009422 0.018283
v 0.013461 0.009833 0.011318
v 0.025549 0.008701 0.029881
v 0.020362 0.009043 0.024489
v 0.038647 0.008201 0.037018
v 0.031787 0.008422 0.034018
v 0.053485 0.008000 0.038605
v 0.045996 0.008065 0.038455
v 0.067782 0.010084 0.034442
v 0.060820 0.009985 0.037159
v 0.079379 0.010519 0.025107
v 0.073987 0.010270 0.030277
v 0.086517 0.011196 0.012053
v 0.083516 0.010836 0.018889
v 0.088110 0.012012 -0.002733
v 0.087957 0.011595 0.004729
v 0.083915 0.012843 -0.016999
v 0.086634 0.012433 -0.010048
v 0.074571 0.013563 -0.028574
v 0.079747 0.013222 -0.023192
v 0.061500 0.014062 -0.035696
v 0.068345 0.013842 -0.032702
v 0.046692 0.014263 -0.037280
v 0.054165 0.014198 -0.037130
v 0.032402 0.014137 -0.033085
v 0.039365 0.014236 -0.035802
v 0.020805 0.013702 -0.023750
v 0.026198 0.013951 -0.028920
v 0.013667 0.013025 -0.010696
v 0.016668 0.013385 -0.017532
v 0.012074 0.012209 0.004090
v 0.012227 0.012626 -0.003372
v 0.016269 0.011377 0.018356
v 0.013551 0.011788 0.011405
v 0.025614 0.010658 0.029931
v 0.020438 0.010999 0.024549
v 0.038685 0.010159 0.037053
v 0.031839 0.010379 0.034059
v 0.053492 0.009958 0.038637
v 0.046019 0.010023 0.038487
v 0.067642 0.011005 0.034212
v 0.060738 0.010907 0.036907
v 0.079143 0.011436 0.024955
v 0.073795 0.011190 0.030082
v 0.086222 0.012108 0.012009
v 0.083246 0.011751 0.018789
v 0.087801 0.012917 -0.002654
v 0.087650 0.012504 0.004746
v 0.083641 0.013742 -0.016801
v 0.086337 0.013335 -0.009908
v 0.074374 0.014455 -0.028280
v 0.079507 0.014117 -0.022943
v 0.061412 0.014950 -0.035343
v 0.068201 0.014732 -0.032374
v 0.046727 0.015150 -0.036914
v 0.054138 0.015085 -0.036765
v 0.032556 0.015024 -0.032754
v 0.039461 0.015123 -0.035448
v 0.021055 0.014593 -0.023496
v 0.026403 0.014840 -0.028624
v 0.013976 0.013922 -0.010551
v 0.016953 0.014279 -0.017330
v 0.012397 0.013112 0.004112
v 0.012549 0.013526 -0.003288
v 0.016557 0.012288 0.018260
v 0.013861 0.012695 0.011367
v 0.025824 0.011574 0.029739
v 0.020691 0.011912 0.024401
v 0.038786 0.011080 0.036801
v 0.031998 0.011298 0.033832
v 0.053471 0.010880 0.038372
v 0.046060 0.010945 0.038224
v 0.073404 0.012351 0.029651
v 0.067355 0.012170 0.033711
v 0.082696 0.012903 0.018548
v 0.078662 0.012594 0.024610
v 0.087025 0.013643 0.004742
v 0.085621 0.013254 0.011882
v 0.085735 0.014460 -0.009666
v 0.087174 0.014050 -0.002533
v 0.079020 0.015229 -0.022481
v 0.083084 0.014860 -0.016443
v 0.067904 0.015834 -0.031753
v 0.073974 0.015562 -0.027728
v 0.054079 0.016181 -0.036070
v 0.061230 0.016048 -0.034671
v 0.039649 0.016218 -0.034775
v 0.046793 0.016244 -0.036216
v 0.026811 0.015940 -0.028066
v 0.032860 0.016121 -0.032126
v 0.017520 0.015389 -0.016963
v 0.021554 0.015697 -0.023025
v 0.013190 0.014648 -0.003157
v 0.014594 0.015037 -0.010297
v 0.014481 0.013831 0.011251
v 0.013041 0.014241 0.004118
v 0.021195 0.013062 0.024066
v 0.017131 0.013431 0.018028
v 0.032311 0.012458 0.033338
v 0.026242 0.012729 0.029313
v 0.046137 0.012110 0.037655
v 0.038986 0.012243 0.036257
v 0.101076 0.135989 0.020911
v 0.097567 0.138478 0.026830
v 0.104734 0.132549 0.007259
v 0.103588 0.133944 0.014350
v 0.103369 0.131627 -0.007194
v 0.104759 0.131716 -0.000011
v 0.097188 0.133362 -0.020247
v 0.100904 0.132131 -0.014065
v 0.087133 0.137492 -0.029913
v 0.092608 0.135128 -0.025673
v 0.074734 0.143386 -0.034721
v 0.081135 0.140250 -0.033068
v 0.061879 0.150148 -0.033938
v 0.068231 0.146716 -0.035125
v 0.050524 0.156748 -0.027684
v 0.055861 0.153544 -0.031530
v 0.042400 0.162182 -0.016911
v 0.045908 0.159692 -0.022830
v 0.038741 0.165621 -0.003259
v 0.039888 0.164226 -0.010349
v 0.040106 0.166544 0.011194
v 0.038716 0.166455 0.004011
v 0.046287 0.164808 0.024247
v 0.042572 0.166039 0.018065
v 0.056342 0.160679 0.033913
v 0.050867 0.163042 0.029673
v 0.068742 0.154784 0.038721
v 0.062341 0.157921 0.037069
v 0.092951 0.141422 0.031684
v 0.087614 0.144627 0.035530
v 0.053423 0.012047 0.037801
v 0.075244 0.151454 0.039125
v 0.081597 0.148022 0.037938
v 0.060567 0.012073 0.036360
v 0.093155 0.142109 0.031432
v 0.087850 0.145294 0.035254
v 0.101230 0.136708 0.020724
v 0.097743 0.139183 0.026607
v 0.104867 0.133289 0.007155
v 0.103727 0.134676 0.014202
v 0.103510 0.132373 -0.007210
v 0.104892 0.132461 -0.000071
v 0.097367 0.134098 -0.020184
v 0.101059 0.132874 -0.014040
v 0.087372 0.138202 -0.029792
v 0.092814 0.135853 -0.025578
v 0.075048 0.144061 -0.034570
v 0.081410 0.140943 -0.032928
v 0.062271 0.150782 -0.033792
v 0.068585 0.147371 -0.034972
v 0.050985 0.157342 -0.027576
v 0.056290 0.154157 -0.031399
v 0.042910 0.162742 -0.016868
v 0.046397 0.160268 -0.022751
v 0.039274 0.166161 -0.003299
v 0.040413 0.164774 -0.010347
v 0.040630 0.167078 0.011066
v 0.039248 0.166989 0.003926
v 0.046774 0.165353 0.024040
v 0.043081 0.166576 0.017895
v 0.056768 0.161248 0.033647
v 0.051326 0.163598 0.029433
v 0.069092 0.155390 0.038426
v 0.062730 0.158507 0.036784
v 0.092536 0.143093 0.030028
v 0.087471 0.146134 0.033678
v 0.100247 0.137936 0.019804
v 0.096917 0.140298 0.025421
v 0.103719 0.134671 0.006847
v 0.102631 0.135995 0.013576
v 0.102423 0.133796 -0.006870
v 0.103743 0.133880 -0.000053
v 0.096557 0.135443 -0.019259
v 0.100084 0.134275 -0.013391
v 0.087014 0.139362 -0.028433
v 0.092210 0.137119 -0.024409
v 0.075246 0.144956 -0.032995
v 0.081321 0.141980 -0.031427
v 0.063045 0.151374 -0.032253
v 0.069074 0.148117 -0.033379
v 0.052269 0.157638 -0.026317
v 0.057334 0.154597 -0.029967
v 0.044558 0.162795 -0.016092
v 0.047888 0.160432 -0.021710
v 0.041086 0.166059 -0.003135
v 0.042174 0.164735 -0.009865
v 0.042382 0.166935 0.010581
v 0.041062 0.166850 0.003764
v 0.048248 0.165287 0.022970
v 0.044721 0.166456 0.017102
v 0.057791 0.161368 0.032144
v 0.052595 0.163612 0.028120
v 0.069559 0.155774 0.036707
v 0.063484 0.158751 0.035139
v 0.081760 0.149357 0.035964
v 0.087490 0.146724 0.033091
v 0.081874 0.149893 0.035339
v 0.096780 0.140986 0.024971
v 0.092471 0.143733 0.029502
v 0.102399 0.136754 0.013323
v 0.100054 0.138662 0.019447
v 0.103492 0.134674 -0.000080
v 0.103469 0.135452 0.006705
v 0.099894 0.135062 -0.013197
v 0.102195 0.134591 -0.006784
v 0.092151 0.137859 -0.024031
v 0.096426 0.136211 -0.018967
v 0.081443 0.142639 -0.030933
v 0.087041 0.140065 -0.027988
v 0.069400 0.148674 -0.032853
v 0.075469 0.145566 -0.032475
v 0.057854 0.155047 -0.029497
v 0.063471 0.151877 -0.031745
v 0.048565 0.160785 -0.021377
v 0.052873 0.158037 -0.025908
v 0.042946 0.165017 -0.009729
v 0.045290 0.163109 -0.015853
v 0.041852 0.167097 0.003674
v 0.041876 0.166319 -0.003111
v 0.045451 0.166709 0.016791
v 0.043150 0.167180 0.010378
v 0.053194 0.163912 0.027625
v 0.048919 0.165560 0.022560
v 0.063902 0.159132 0.034527
v 0.058304 0.161706 0.031582
v 0.075730 0.152614 0.037090
v 0.075945 0.153096 0.036447
v 0.069876 0.156204 0.036069
v 0.088064 0.148763 0.031980
v 0.082608 0.151842 0.034163
v 0.097088 0.143189 0.024092
v 0.092902 0.145858 0.028493
v 0.102546 0.139078 0.012777
v 0.100269 0.140932 0.018726
v 0.103608 0.137057 -0.000243
v 0.103586 0.137813 0.006348
v 0.100113 0.137434 -0.012985
v 0.102348 0.136977 -0.006756
v 0.092591 0.140151 -0.023510
v 0.096744 0.138551 -0.018590
v 0.082189 0.144795 -0.030215
v 0.087627 0.142294 -0.027354
v 0.070490 0.150658 -0.032079
v 0.076386 0.147638 -0.031713
v 0.059275 0.156848 -0.028819
v 0.064730 0.153769 -0.031003
v 0.050251 0.162422 -0.020932
v 0.054436 0.159753 -0.025333
v 0.044792 0.166533 -0.009616
v 0.047070 0.164680 -0.015565
v 0.043730 0.168554 0.003403
v 0.043753 0.167798 -0.003188
v 0.047226 0.168177 0.016145
v 0.044991 0.168634 0.009916
v 0.054747 0.165460 0.026670
v 0.050594 0.167061 0.021750
v 0.065149 0.160816 0.033375
v 0.059711 0.163317 0.030514
v 0.076849 0.154953 0.035240
v 0.070953 0.157973 0.034873
v 0.094067 0.148003 0.028309
v 0.089217 0.150915 0.031804
v 0.101449 0.143065 0.018520
v 0.098261 0.145328 0.023898
v 0.104774 0.139940 0.006115
v 0.103732 0.141208 0.012558
v 0.103533 0.139102 -0.007018
v 0.104797 0.139183 -0.000491
v 0.097917 0.140679 -0.018879
v 0.101293 0.139560 -0.013261
v 0.088780 0.144431 -0.027662
v 0.093755 0.142283 -0.023809
v 0.077513 0.149787 -0.032031
v 0.083330 0.146937 -0.030529
v 0.065832 0.155932 -0.031319
v 0.071604 0.152813 -0.032398
v 0.055515 0.161929 -0.025637
v 0.060364 0.159017 -0.029131
v 0.048132 0.166866 -0.015847
v 0.051320 0.164604 -0.021226
v 0.044808 0.169992 -0.003442
v 0.045849 0.168724 -0.009885
v 0.046048 0.170830 0.009691
v 0.044785 0.170749 0.003164
v 0.051664 0.169253 0.021552
v 0.048288 0.170371 0.015934
v 0.060801 0.165500 0.030335
v 0.055826 0.167648 0.026482
v 0.072068 0.160144 0.034704
v 0.066252 0.162995 0.033202
v 0.083749 0.154000 0.033992
v 0.089804 0.151017 0.032760
v 0.084159 0.154202 0.035019
v 0.099139 0.145250 0.024600
v 0.094809 0.148012 0.029153
v 0.104786 0.140998 0.012894
v 0.102430 0.142915 0.019048
v 0.105885 0.138907 -0.000576
v 0.105862 0.139689 0.006243
v 0.102269 0.139297 -0.013758
v 0.104581 0.138824 -0.007314
v 0.094488 0.142108 -0.024646
v 0.098784 0.140452 -0.019557
v 0.083726 0.146912 -0.031583
v 0.089352 0.144325 -0.028623
v 0.071623 0.152977 -0.033512
v 0.077722 0.149854 -0.033133
v 0.060020 0.159381 -0.030140
v 0.065664 0.156196 -0.032399
v 0.050685 0.165148 -0.021979
v 0.055014 0.162387 -0.026533
v 0.045037 0.169401 -0.010273
v 0.047393 0.167483 -0.016428
v 0.043938 0.171491 0.003196
v 0.043962 0.170710 -0.003622
v 0.047555 0.171102 0.016378
v 0.045243 0.171575 0.009934
v 0.055336 0.168291 0.027267
v 0.051040 0.169947 0.022177
v 0.066097 0.163487 0.034203
v 0.060471 0.166074 0.031244
v 0.077977 0.157118 0.035071
v 0.078201 0.157421 0.036132
v 0.072101 0.160545 0.035753
v 0.095806 0.149196 0.029456
v 0.090719 0.152250 0.033121
v 0.103550 0.144017 0.019188
v 0.100206 0.146390 0.024829
v 0.107036 0.140738 0.006176
v 0.105944 0.142068 0.012934
v 0.105735 0.139859 -0.007600
v 0.107061 0.139944 -0.000753
v 0.099844 0.141514 -0.020041
v 0.103386 0.140340 -0.014148
v 0.090260 0.145449 -0.029254
v 0.095479 0.143196 -0.025213
v 0.078443 0.151067 -0.033836
v 0.084544 0.148078 -0.032261
v 0.066190 0.157512 -0.033090
v 0.072244 0.154242 -0.034221
v 0.055368 0.163803 -0.027129
v 0.060454 0.160749 -0.030794
v 0.047624 0.168982 -0.016861
v 0.050968 0.166609 -0.022502
v 0.044137 0.172260 -0.003849
v 0.045230 0.170930 -0.010607
v 0.045438 0.173139 0.009926
v 0.044113 0.173055 0.003080
v 0.051329 0.171485 0.022367
v 0.047788 0.172659 0.016475
v 0.060913 0.167549 0.031581
v 0.055695 0.169802 0.027539
v 0.072731 0.161931 0.036163
v 0.066630 0.164921 0.034588
v 0.096232 0.150506 0.029017
v 0.091199 0.153528 0.032643
v 0.103894 0.145383 0.018858
v 0.100585 0.147730 0.024439
v 0.107343 0.142139 0.005983
v 0.106262 0.143455 0.012670
v 0.106056 0.141269 -0.007646
v 0.107367 0.141353 -0.000872
v 0.100228 0.142906 -0.019955
v 0.103731 0.141745 -0.014125
v 0.090745 0.146800 -0.029070
v 0.095908 0.144571 -0.025072
v 0.079053 0.152358 -0.033604
v 0.085089 0.149401 -0.032046
v 0.066930 0.158735 -0.032866
v 0.072920 0.155499 -0.033985
v 0.056222 0.164959 -0.026968
v 0.061255 0.161937 -0.030595
v 0.048561 0.170083 -0.016809
v 0.051869 0.167735 -0.022391
v 0.045111 0.173327 -0.003935
v 0.046192 0.172011 -0.010622
v 0.046398 0.174196 0.009694
v 0.045087 0.174113 0.002920
v 0.052227 0.172560 0.022004
v 0.048723 0.173721 0.016174
v 0.061709 0.168666 0.031119
v 0.056546 0.170895 0.027121
v 0.073402 0.163107 0.035653
v 0.067365 0.166065 0.034095
v 0.084984 0.155486 0.035417
v 0.078929 0.158757 0.036548
v 0.085524 0.156731 0.034914
v 0.091059 0.154179 0.031702
v 0.085542 0.157292 0.033910
v 0.100183 0.148542 0.023727
v 0.095951 0.151241 0.028177
v 0.105703 0.144386 0.012285
v 0.103400 0.146260 0.018301
v 0.106777 0.142343 -0.000879
v 0.106754 0.143107 0.005785
v 0.103242 0.142724 -0.013763
v 0.105502 0.142261 -0.007465
v 0.095637 0.145471 -0.024405
v 0.099836 0.143852 -0.019431
v 0.085119 0.150166 -0.031185
v 0.090618 0.147638 -0.028292
v 0.073289 0.156095 -0.033071
v 0.079251 0.153042 -0.032700
v 0.061949 0.162354 -0.029774
v 0.067466 0.159241 -0.031982
v 0.052825 0.167990 -0.021799
v 0.057056 0.165291 -0.026249
v 0.047305 0.172147 -0.010357
v 0.049608 0.170272 -0.016373
v 0.046231 0.174190 0.002807
v 0.046254 0.173426 -0.003857
v 0.049766 0.173809 0.015691
v 0.047506 0.174271 0.009393
v 0.057371 0.171062 0.026334
v 0.053172 0.172680 0.021359
v 0.067889 0.166366 0.033113
v 0.062390 0.168895 0.030220
v 0.079534 0.159967 0.036034
v 0.079719 0.160438 0.034999
v 0.073757 0.163491 0.034628
v 0.092920 0.153638 0.023014
v 0.088933 0.156032 0.025887
v 0.098989 0.149579 0.014967
v 0.096368 0.151439 0.019388
v 0.101722 0.147010 0.004769
v 0.100865 0.148052 0.010065
v 0.100702 0.146321 -0.006028
v 0.101740 0.146387 -0.000662
v 0.096085 0.147618 -0.015778
v 0.098860 0.146698 -0.011160
v 0.088573 0.150702 -0.022999
v 0.092663 0.148936 -0.019832
v 0.079311 0.155105 -0.026590
v 0.084093 0.152762 -0.025356
v 0.069708 0.160156 -0.026005
v 0.074454 0.157593 -0.026892
v 0.061227 0.165087 -0.021334
v 0.065213 0.162693 -0.024206
v 0.055157 0.169146 -0.013286
v 0.057778 0.167286 -0.017707
v 0.052425 0.171715 -0.003088
v 0.053281 0.170673 -0.008385
v 0.053444 0.172404 0.007708
v 0.052406 0.172338 0.002342
v 0.058061 0.171107 0.017459
v 0.055286 0.172027 0.012841
v 0.065573 0.168023 0.024680
v 0.061483 0.169789 0.021512
v 0.074835 0.163620 0.028271
v 0.070053 0.165963 0.027037
v 0.084438 0.158569 0.027686
v 0.089288 0.157353 0.025137
v 0.084902 0.159828 0.026893
v 0.096542 0.152872 0.018797
v 0.093178 0.155018 0.022335
v 0.100930 0.149568 0.009701
v 0.099099 0.151058 0.014483
v 0.101784 0.147943 -0.000765
v 0.101765 0.148551 0.004533
v 0.098974 0.148246 -0.011008
v 0.100770 0.147879 -0.006000
v 0.092928 0.150430 -0.019468
v 0.096266 0.149144 -0.015514
v 0.084566 0.154163 -0.024858
v 0.088937 0.152153 -0.022559
v 0.075161 0.158876 -0.026357
v 0.079901 0.156449 -0.026062
v 0.066146 0.163852 -0.023737
v 0.070531 0.161377 -0.025492
v 0.058892 0.168333 -0.017396
v 0.062256 0.166188 -0.020934
v 0.054504 0.171638 -0.008300
v 0.056335 0.170148 -0.013082
v 0.053650 0.173262 0.002166
v 0.053668 0.172654 -0.003132
v 0.056460 0.172959 0.012409
v 0.054663 0.173327 0.007401
v 0.062506 0.170775 0.020869
v 0.059168 0.172062 0.016914
v 0.070868 0.167042 0.026259
v 0.066497 0.169052 0.023959
v 0.079693 0.161132 0.028573
v 0.080273 0.162329 0.027758
v 0.075533 0.164756 0.027463
v 0.089576 0.159564 0.023326
v 0.085475 0.161878 0.024968
v 0.096359 0.155374 0.017397
v 0.093213 0.157380 0.020705
v 0.100462 0.152284 0.008891
v 0.098750 0.153677 0.013363
v 0.101261 0.150765 -0.000896
v 0.101244 0.151333 0.004059
v 0.098633 0.151048 -0.010474
v 0.100313 0.150704 -0.005791
v 0.092979 0.153090 -0.018386
v 0.096101 0.151887 -0.014688
v 0.085160 0.156581 -0.023426
v 0.089248 0.154702 -0.021275
v 0.076365 0.160988 -0.024828
v 0.080797 0.158719 -0.024552
v 0.067935 0.165641 -0.022377
v 0.072036 0.163327 -0.024018
v 0.061152 0.169832 -0.016448
v 0.064297 0.167825 -0.019756
v 0.057048 0.172922 -0.007942
v 0.058760 0.171529 -0.012414
v 0.056250 0.174441 0.001845
v 0.056267 0.173873 -0.003109
v 0.058877 0.174158 0.011423
v 0.057197 0.174501 0.006741
v 0.064531 0.172115 0.019335
v 0.061410 0.173318 0.015637
v 0.072351 0.168625 0.024375
v 0.068263 0.170504 0.022225
v 0.081145 0.164217 0.025777
v 0.076713 0.166487 0.025501
v 0.089490 0.161651 0.020969
v 0.085776 0.163747 0.022455
v 0.095634 0.157855 0.015598
v 0.092785 0.159673 0.018595
v 0.099350 0.155057 0.007895
v 0.097800 0.156319 0.011945
v 0.100074 0.153681 -0.000970
v 0.100058 0.154196 0.003518
v 0.097694 0.153938 -0.009645
v 0.099216 0.153626 -0.005404
v 0.092573 0.155787 -0.016811
v 0.095400 0.154698 -0.013461
v 0.085491 0.158949 -0.021376
v 0.089193 0.157247 -0.019428
v 0.077525 0.162941 -0.022645
v 0.081539 0.160885 -0.022396
v 0.069889 0.167155 -0.020426
v 0.073604 0.165059 -0.021912
v 0.063746 0.170951 -0.015055
v 0.066595 0.169133 -0.018052
v 0.060029 0.173749 -0.007352
v 0.061580 0.172487 -0.011402
v 0.059306 0.175125 0.001513
v 0.059322 0.174611 -0.002975
v 0.061686 0.174869 0.010188
v 0.060164 0.175180 0.005947
v 0.066807 0.173019 0.017354
v 0.063980 0.174108 0.014004
v 0.073889 0.169857 0.021919
v 0.070187 0.171560 0.019971
v 0.081854 0.165865 0.023188
v 0.077840 0.167921 0.022939
v 0.089034 0.163704 0.017975
v 0.085823 0.165516 0.019260
v 0.094346 0.160423 0.013332
v 0.091882 0.161994 0.015922
v 0.097558 0.158004 0.006672
v 0.096218 0.159094 0.010173
v 0.098184 0.156814 -0.000991
v 0.098170 0.157259 0.002888
v 0.096126 0.157036 -0.008491
v 0.097442 0.156767 -0.004824
v 0.091699 0.158635 -0.014686
v 0.094143 0.157693 -0.011790
v 0.085577 0.161368 -0.018632
v 0.088778 0.159897 -0.016948
v 0.078691 0.164819 -0.019729
v 0.082161 0.163042 -0.019514
v 0.072090 0.168462 -0.017811
v 0.075301 0.166650 -0.019096
v 0.066779 0.171744 -0.013168
v 0.069242 0.170173 -0.015758
v 0.063566 0.174163 -0.006508
v 0.064906 0.173072 -0.010010
v 0.062941 0.175352 0.001155
v 0.062954 0.174908 -0.002724
v 0.064998 0.175130 0.008655
v 0.063682 0.175400 0.004988
v 0.069425 0.173531 0.014849
v 0.066981 0.174473 0.011954
v 0.075547 0.170798 0.018796
v 0.072347 0.172270 0.017112
v 0.082433 0.167347 0.019893
v 0.078963 0.169124 0.019677
v 0.088424 0.165205 0.015283
v 0.085673 0.166757 0.016384
v 0.092975 0.162393 0.011305
v 0.090865 0.163739 0.013524
v 0.095728 0.160320 0.005598
v 0.094580 0.161255 0.008598
v 0.096264 0.159301 -0.000969
v 0.096252 0.159682 0.002356
v 0.094501 0.159491 -0.007395
v 0.095628 0.159260 -0.004253
v 0.090707 0.160861 -0.012703
v 0.092802 0.160054 -0.010222
v 0.085461 0.163203 -0.016084
v 0.088204 0.161942 -0.014642
v 0.079561 0.166160 -0.017025
v 0.082534 0.164637 -0.016840
v 0.073905 0.169282 -0.015381
v 0.076656 0.167729 -0.016482
v 0.069354 0.172094 -0.011403
v 0.071464 0.170747 -0.013622
v 0.066601 0.174167 -0.005696
v 0.067749 0.173232 -0.008696
v 0.066065 0.175186 0.000871
v 0.066076 0.174805 -0.002454
v 0.067828 0.174996 0.007297
v 0.066701 0.175226 0.004155
v 0.071621 0.173625 0.012605
v 0.069527 0.174433 0.010124
v 0.076868 0.171284 0.015986
v 0.074125 0.172545 0.014544
v 0.082768 0.168327 0.016927
v 0.079794 0.169849 0.016742
v 0.088539 0.165723 0.014944
v 0.085838 0.167246 0.016025
v 0.093005 0.162963 0.011040
v 0.090934 0.164284 0.013218
v 0.095707 0.160929 0.005439
v 0.094580 0.161846 0.008383
v 0.096233 0.159928 -0.001006
v 0.096222 0.160302 0.002257
v 0.094503 0.160115 -0.007313
v 0.095609 0.159889 -0.004229
v 0.090780 0.161460 -0.012522
v 0.092835 0.160668 -0.010087
v 0.085631 0.163758 -0.015841
v 0.088322 0.162521 -0.014425
v 0.079840 0.166660 -0.016764
v 0.082758 0.165166 -0.016583
v 0.074288 0.169724 -0.015150
v 0.076989 0.168200 -0.016231
v 0.069822 0.172484 -0.011246
v 0.071893 0.171162 -0.013425
v 0.067120 0.174518 -0.005645
v 0.068247 0.173601 -0.008590
v 0.066594 0.175518 0.000799
v 0.066606 0.175144 -0.002463
v 0.068325 0.175332 0.007106
v 0.067218 0.175558 0.004023
v 0.072048 0.173987 0.012316
v 0.069992 0.174779 0.009881
v 0.077196 0.171689 0.015635
v 0.074505 0.172926 0.014219
v 0.082987 0.168787 0.016558
v 0.080069 0.170281 0.016376
v 0.090633 0.165058 0.012327
v 0.088387 0.166407 0.013946
v 0.094053 0.162771 0.007793
v 0.092576 0.163819 0.010284
v 0.095592 0.161324 0.002047
v 0.095110 0.161911 0.005031
v 0.095018 0.160935 -0.004036
v 0.095603 0.160973 -0.001013
v 0.092416 0.161666 -0.009530
v 0.093980 0.161148 -0.006928
v 0.088184 0.163404 -0.013598
v 0.090488 0.162409 -0.011814
v 0.082965 0.165885 -0.015622
v 0.085659 0.164565 -0.014926
v 0.077555 0.168731 -0.015292
v 0.080228 0.167287 -0.015792
v 0.072776 0.171509 -0.012660
v 0.075022 0.170160 -0.014279
v 0.069356 0.173796 -0.008126
v 0.070833 0.172748 -0.010617
v 0.067816 0.175243 -0.002380
v 0.068299 0.174656 -0.005364
v 0.068391 0.175632 0.003703
v 0.067806 0.175594 0.000680
v 0.070992 0.174901 0.009197
v 0.069429 0.175419 0.006595
v 0.075225 0.173163 0.013266
v 0.072920 0.174158 0.011481
v 0.080443 0.170682 0.015289
v 0.077749 0.172002 0.014594
v 0.090796 0.165902 0.011918
v 0.088608 0.167216 0.013494
v 0.094127 0.163674 0.007501
v 0.092689 0.164695 0.009927
v 0.095627 0.162264 0.001904
v 0.095157 0.162836 0.004811
v 0.095067 0.161886 -0.004022
v 0.095637 0.161922 -0.001077
v 0.092533 0.162598 -0.009373
v 0.094056 0.162093 -0.006838
v 0.088411 0.164291 -0.013336
v 0.090655 0.163321 -0.011598
v 0.083327 0.166707 -0.015307
v 0.085952 0.165421 -0.014630
v 0.078057 0.169479 -0.014986
v 0.080661 0.168072 -0.015473
v 0.073402 0.172185 -0.012422
v 0.075590 0.170872 -0.013999
v 0.070071 0.174413 -0.008005
v 0.071509 0.173392 -0.010432
v 0.068571 0.175823 -0.002408
v 0.069041 0.175251 -0.005315
v 0.069131 0.176201 0.003517
v 0.068561 0.176165 0.000572
v 0.071665 0.175490 0.008869
v 0.070141 0.175994 0.006334
v 0.075787 0.173797 0.012832
v 0.073543 0.174766 0.011093
v 0.080871 0.171380 0.014803
v 0.078246 0.172666 0.014125
v 0.086141 0.168608 0.014482
v 0.089876 0.167960 0.015012
v 0.087118 0.169516 0.016116
v 0.094439 0.165141 0.011023
v 0.092323 0.166490 0.013249
v 0.097200 0.163062 0.005301
v 0.096048 0.163999 0.008310
v 0.097737 0.162040 -0.001282
v 0.097725 0.162422 0.002050
v 0.095969 0.162231 -0.007726
v 0.097099 0.162000 -0.004576
v 0.092166 0.163605 -0.013048
v 0.094266 0.162795 -0.010560
v 0.086906 0.165953 -0.016439
v 0.089656 0.164688 -0.014992
v 0.080989 0.168918 -0.017381
v 0.083971 0.167391 -0.017196
v 0.075318 0.172048 -0.015733
v 0.078077 0.170491 -0.016837
v 0.070755 0.174867 -0.011744
v 0.072871 0.173517 -0.013970
v 0.067995 0.176945 -0.006022
v 0.069147 0.176008 -0.009031
v 0.067458 0.177967 0.000561
v 0.067469 0.177585 -0.002771
v 0.069225 0.177777 0.007005
v 0.068095 0.178008 0.003855
v 0.073029 0.176403 0.012327
v 0.070929 0.177212 0.009839
v 0.078289 0.174055 0.015718
v 0.075539 0.175319 0.014271
v 0.083537 0.170015 0.014968
v 0.084205 0.171090 0.016660
v 0.081224 0.172617 0.016475
v 0.090097 0.168173 0.015188
v 0.087302 0.169750 0.016307
v 0.094721 0.165316 0.011147
v 0.092576 0.166684 0.013402
v 0.097517 0.163210 0.005349
v 0.096351 0.164160 0.008397
v 0.098062 0.162175 -0.001322
v 0.098050 0.162562 0.002055
v 0.096271 0.162368 -0.007850
v 0.097416 0.162134 -0.004659
v 0.092417 0.163760 -0.013243
v 0.094545 0.162940 -0.010722
v 0.087087 0.166139 -0.016678
v 0.089874 0.164858 -0.015212
v 0.081093 0.169143 -0.017633
v 0.084114 0.167596 -0.017446
v 0.075347 0.172315 -0.015963
v 0.078142 0.170738 -0.017082
v 0.070723 0.175171 -0.011922
v 0.072867 0.173803 -0.014177
v 0.067926 0.177277 -0.006124
v 0.069093 0.176328 -0.009172
v 0.067382 0.178313 0.000547
v 0.067394 0.177925 -0.002830
v 0.069173 0.178119 0.007075
v 0.068028 0.178354 0.003883
v 0.073027 0.176727 0.012468
v 0.070899 0.177547 0.009947
v 0.078357 0.174348 0.015903
v 0.075570 0.175629 0.014437
v 0.084351 0.171344 0.016858
v 0.081330 0.172891 0.016670
v 0.091099 0.170229 0.014836
v 0.088325 0.171794 0.015946
v 0.095686 0.167395 0.010826
v 0.093558 0.168752 0.013063
v 0.098461 0.165306 0.005074
v 0.097303 0.166248 0.008098
v 0.099001 0.164278 -0.001545
v 0.098989 0.164662 0.001806
v 0.097224 0.164470 -0.008022
v 0.098360 0.164237 -0.004855
v 0.093400 0.165851 -0.013372
v 0.095511 0.165037 -0.010871
v 0.088112 0.168212 -0.016781
v 0.090877 0.166941 -0.015327
v 0.082165 0.171192 -0.017729
v 0.085162 0.169657 -0.017542
v 0.076464 0.174339 -0.016071
v 0.079237 0.172774 -0.017181
v 0.071876 0.177173 -0.012062
v 0.074004 0.175816 -0.014299
v 0.069102 0.179262 -0.006310
v 0.070259 0.178320 -0.009334
v 0.068561 0.180290 0.000309
v 0.068573 0.179905 -0.003041
v 0.070339 0.180098 0.006787
v 0.069202 0.180331 0.003620
v 0.074162 0.178717 0.012137
v 0.072051 0.179531 0.009636
v 0.079450 0.176356 0.015545
v 0.076686 0.177627 0.014091
v 0.085397 0.173376 0.016493
v 0.082400 0.174911 0.016307
v 0.090987 0.170948 0.013874
v 0.088374 0.172422 0.014920
v 0.095309 0.168278 0.010096
v 0.093304 0.169557 0.012204
v 0.097923 0.166309 0.004677
v 0.096832 0.167197 0.007526
v 0.098431 0.165342 -0.001559
v 0.098421 0.165704 0.001598
v 0.096757 0.165522 -0.007661
v 0.097828 0.165303 -0.004678
v 0.093155 0.166824 -0.012702
v 0.095144 0.166057 -0.010346
v 0.088173 0.169047 -0.015913
v 0.090778 0.167850 -0.014543
v 0.082570 0.171855 -0.016806
v 0.085393 0.170409 -0.016631
v 0.077199 0.174820 -0.015245
v 0.079812 0.173346 -0.016291
v 0.072877 0.177490 -0.011467
v 0.074881 0.176212 -0.013575
v 0.070262 0.179459 -0.006048
v 0.071353 0.178571 -0.008897
v 0.069754 0.180426 0.000188
v 0.069765 0.180065 -0.002969
v 0.071428 0.180246 0.006290
v 0.070357 0.180465 0.003307
v 0.075030 0.178945 0.011331
v 0.073041 0.179711 0.008975
v 0.080012 0.176721 0.014542
v 0.077408 0.177918 0.013172
v 0.085615 0.173913 0.015435
v 0.082792 0.175359 0.015260
v 0.090562 0.171617 0.012397
v 0.088205 0.172948 0.013341
v 0.094462 0.169208 0.008988
v 0.092653 0.170362 0.010890
v 0.096821 0.167432 0.004099
v 0.095837 0.168233 0.006669
v 0.097280 0.166559 -0.001528
v 0.097270 0.166885 0.001321
v 0.095769 0.166722 -0.007034
v 0.096735 0.166524 -0.004342
v 0.092519 0.167896 -0.011582
v 0.094313 0.167204 -0.009456
v 0.088023 0.169902 -0.014479
v 0.090374 0.168822 -0.013243
v 0.082968 0.172436 -0.015285
v 0.085516 0.171131 -0.015127
v 0.078121 0.175111 -0.013876
v 0.080479 0.173781 -0.014820
v 0.074222 0.177520 -0.010468
v 0.076030 0.176366 -0.012370
v 0.071863 0.179296 -0.005578
v 0.072847 0.178495 -0.008149
v 0.071404 0.180169 0.000048
v 0.071414 0.179843 -0.002800
v 0.072915 0.180007 0.005555
v 0.071949 0.180204 0.002863
v 0.076165 0.178832 0.010103
v 0.074370 0.179524 0.007977
v 0.080660 0.176826 0.013000
v 0.078310 0.177906 0.011764
v 0.085716 0.174292 0.013806
v 0.083168 0.175597 0.013647
v 0.089697 0.172456 0.009940
v 0.087769 0.173544 0.010711
v 0.092884 0.170487 0.007154
v 0.091406 0.171430 0.008708
v 0.094812 0.169035 0.003157
v 0.094008 0.169690 0.005258
v 0.095188 0.168321 -0.001442
v 0.095180 0.168588 0.000886
v 0.093953 0.168454 -0.005944
v 0.094742 0.168293 -0.003743
v 0.091296 0.169414 -0.009661
v 0.092763 0.168849 -0.007923
v 0.087621 0.171054 -0.012030
v 0.089542 0.170171 -0.011019
v 0.083489 0.173126 -0.012688
v 0.085571 0.172059 -0.012559
v 0.079527 0.175312 -0.011537
v 0.081454 0.174225 -0.012308
v 0.076339 0.177281 -0.008750
v 0.077818 0.176338 -0.010305
v 0.074411 0.178733 -0.004753
v 0.075216 0.178079 -0.006855
v 0.074036 0.179447 -0.000154
v 0.074044 0.179180 -0.002482
v 0.075271 0.179314 0.004347
v 0.074481 0.179476 0.002146
v 0.077928 0.178354 0.008065
v 0.076461 0.178920 0.006327
v 0.081602 0.176714 0.010433
v 0.079681 0.177597 0.009422
v 0.085735 0.174643 0.011092
v 0.083652 0.175709 0.010962
v 0.089704 0.172683 0.009714
v 0.087814 0.173750 0.010471
v 0.092832 0.170751 0.006981
v 0.091381 0.171676 0.008506
v 0.094723 0.169327 0.003059
v 0.093934 0.169969 0.005121
v 0.095091 0.168627 -0.001453
v 0.095083 0.168888 0.000831
v 0.093880 0.168757 -0.005869
v 0.094654 0.168599 -0.003710
v 0.091273 0.169699 -0.009516
v 0.092712 0.169144 -0.007811
v 0.087668 0.171308 -0.011840
v 0.089553 0.170442 -0.010848
v 0.083614 0.173340 -0.012486
v 0.085657 0.172294 -0.012359
v 0.079727 0.175485 -0.011356
v 0.081618 0.174418 -0.012113
v 0.076600 0.177417 -0.008623
v 0.078050 0.176492 -0.010148
v 0.074708 0.178842 -0.004701
v 0.075497 0.178199 -0.006763
v 0.074340 0.179542 -0.000189
v 0.074348 0.179280 -0.002473
v 0.075551 0.179411 0.004227
v 0.074777 0.179570 0.002068
v 0.078158 0.178470 0.007874
v 0.076719 0.179024 0.006169
v 0.081763 0.176860 0.010198
v 0.079878 0.177727 0.009206
v 0.085818 0.174828 0.010844
v 0.083774 0.175875 0.010717
v 0.090016 0.173283 0.009647
v 0.088125 0.174350 0.010403
v 0.093143 0.171351 0.006913
v 0.091693 0.172276 0.008438
v 0.095035 0.169927 0.002992
v 0.094245 0.170569 0.005053
v 0.095403 0.169227 -0.001521
v 0.095395 0.169488 0.000764
v 0.094191 0.169357 -0.005936
v 0.094966 0.169199 -0.003778
v 0.091585 0.170299 -0.009584
v 0.093024 0.169744 -0.007879
v 0.087980 0.171908 -0.011907
v 0.089864 0.171042 -0.010916
v 0.083925 0.173940 -0.012554
v 0.085968 0.172894 -0.012427
v 0.080039 0.176085 -0.011424
v 0.081929 0.175018 -0.012181
v 0.076911 0.178017 -0.008690
v 0.078362 0.177092 -0.010215
v 0.075020 0.179442 -0.004769
v 0.075809 0.178799 -0.006830
v 0.074651 0.180142 -0.000257
v 0.074659 0.179880 -0.002541
v 0.075863 0.180011 0.004159
v 0.075088 0.180170 0.002000
v 0.078470 0.179070 0.007807
v 0.077030 0.179624 0.006102
v 0.082075 0.177460 0.010130
v 0.080190 0.178327 0.009139
v 0.086129 0.175429 0.010776
v 0.084086 0.176475 0.010649
v 0.089992 0.173688 0.009176
v 0.088179 0.174711 0.009902
v 0.092991 0.171835 0.006554
v 0.091600 0.172722 0.008017
v 0.094805 0.170469 0.002794
v 0.094048 0.171085 0.004771
v 0.095158 0.169797 -0.001534
v 0.095151 0.170048 0.000657
v 0.093996 0.169923 -0.005769
v 0.094739 0.169771 -0.003699
v 0.091496 0.170826 -0.009267
v 0.092877 0.170294 -0.007632
v 0.088039 0.172369 -0.011496
v 0.089847 0.171538 -0.010545
v 0.084151 0.174318 -0.012115
v 0.086110 0.173314 -0.011993
v 0.080423 0.176375 -0.011032
v 0.082236 0.175352 -0.011758
v 0.077424 0.178228 -0.008410
v 0.078815 0.177341 -0.009873
v 0.075609 0.179594 -0.004649
v 0.076367 0.178978 -0.006626
v 0.075257 0.180266 -0.000322
v 0.075264 0.180015 -0.002512
v 0.076418 0.180141 0.003913
v 0.075676 0.180293 0.001843
v 0.078918 0.179237 0.007411
v 0.077538 0.179770 0.005776
v 0.082376 0.177694 0.009640
v 0.080568 0.178525 0.008689
v 0.086264 0.175745 0.010260
v 0.084305 0.176749 0.010138
v 0.089739 0.174245 0.008128
v 0.088105 0.175167 0.008782
v 0.092441 0.172576 0.005766
v 0.091188 0.173375 0.007084
v 0.094076 0.171345 0.002377
v 0.093394 0.171900 0.004159
v 0.086380 0.176099 0.009105
v 0.084614 0.177003 0.008995
v 0.090493 0.172585 0.006848
v 0.091694 0.171818 0.005585
v 0.093261 0.170639 0.002337
v 0.092607 0.171171 0.004044
v 0.085885 0.175195 0.008785
v 0.084193 0.176062 0.008679
v 0.058522 -0.001689 0.028981
v 0.064054 -0.001610 0.026823
v 0.068983 -0.001462 0.023514
v 0.073267 -0.001264 0.019407
v 0.076553 -0.001013 0.014467
v 0.078937 -0.000727 0.009036
v 0.080081 -0.000409 0.003218
v 0.080203 -0.000078 -0.002710
v 0.079030 0.000256 -0.008522
v 0.076870 0.000582 -0.014044
v 0.073559 0.000883 -0.018964
v 0.069447 0.001154 -0.023239
v 0.064501 0.001375 -0.026519
v 0.059063 0.001550 -0.028897
v 0.053236 0.001658 -0.030036
v 0.047299 0.001710 -0.030155
v 0.041478 0.001689 -0.028981
v 0.035946 0.001610 -0.026823
v 0.031017 0.001462 -0.023514
v 0.026733 0.001264 -0.019407
v 0.023447 0.001013 -0.014467
v 0.021063 0.000727 -0.009036
v 0.019919 0.000409 -0.003218
v 0.019797 0.000078 0.002710
v 0.020970 -0.000256 0.008522
v 0.023130 -0.000582 0.014044
v 0.026442 -0.000883 0.018964
v 0.030554 -0.001154 0.023239
v 0.035499 -0.001375 0.026518
v 0.040938 -0.001550 0.028897
v 0.046765 -0.001658 0.030036
v 0.052701 -0.001710 0.030155
v 0.050000 0.000000 -0.000000
v 0.085682 0.173119 -0.009924
v 0.088739 0.171666 -0.008738
v 0.087260 0.172346 -0.009516
v 0.091218 0.170648 -0.006355
v 0.090089 0.171083 -0.007693
v 0.092742 0.170220 -0.003137
v 0.092134 0.170344 -0.004831
v 0.093079 0.170447 0.000426
v 0.093085 0.170242 -0.001366
v 0.092177 0.171295 0.003792
v 0.092796 0.170791 0.002174
v 0.090174 0.172634 0.006448
v 0.091312 0.171909 0.005251
v 0.079798 0.177965 0.005952
v 0.081148 0.177382 0.006997
v 0.077753 0.178704 0.003090
v 0.078669 0.178400 0.004614
v 0.076803 0.178806 -0.000375
v 0.077145 0.178828 0.001396
v 0.077092 0.178256 -0.003915
v 0.076809 0.178600 -0.002167
v 0.078576 0.177139 -0.006992
v 0.077711 0.177752 -0.005533
v 0.081030 0.175623 -0.009137
v 0.079714 0.176413 -0.008189
v 0.085808 0.175108 0.008282
v 0.085468 0.174416 0.008662
v 0.087085 0.173543 0.008359
v 0.087538 0.174302 0.008476
v 0.088617 0.172678 0.007746
v 0.089976 0.171862 0.006767
v 0.089104 0.173419 0.007849
v 0.091151 0.171113 0.005531
v 0.092045 0.170479 0.004024
v 0.092684 0.169958 0.002354
v 0.092976 0.169603 0.000548
v 0.092982 0.169391 -0.001302
v 0.092628 0.169368 -0.003131
v 0.092001 0.169497 -0.004881
v 0.091055 0.169810 -0.006455
v 0.089888 0.170260 -0.007836
v 0.088494 0.170862 -0.008916
v 0.086967 0.171564 -0.009719
v 0.085338 0.172362 -0.010140
v 0.083812 0.175264 0.008559
v 0.084205 0.175929 0.008182
v 0.082182 0.176063 0.008138
v 0.080655 0.176765 0.007335
v 0.082627 0.176702 0.007775
v 0.079261 0.177367 0.006255
v 0.078095 0.177816 0.004874
v 0.077149 0.178130 0.003300
v 0.076521 0.178258 0.001550
v 0.076168 0.178236 -0.000279
v 0.076174 0.178023 -0.002129
v 0.076466 0.177668 -0.003935
v 0.077105 0.177148 -0.005605
v 0.077999 0.176514 -0.007112
v 0.079174 0.175764 -0.008348
v 0.080533 0.174948 -0.009327
v 0.082065 0.174084 -0.009940
v 0.085854 0.167836 0.014960
v 0.083180 0.169281 0.015459
v 0.081869 0.148669 0.037648
v 0.075555 0.152080 0.038828
v 0.086134 0.175759 0.008015
v 0.090167 0.183508 0.007298
v 0.090841 0.184807 0.007152
v 0.083682 0.173210 -0.010242
v 0.087096 0.044100 -0.012924
v 0.042710 0.049539 -0.036169
v 0.051590 0.119947 -0.033522
v 0.075044 0.117146 0.038921
v 0.063152 0.046548 0.037312
v 0.049011 0.048672 -0.036720
v 0.058419 0.117936 -0.035180
v 0.025558 0.051896 0.027772
v 0.081327 0.044242 -0.023804
v 0.081812 0.115127 0.038899
v 0.085199 0.043870 -0.017835
v 0.036721 0.050365 -0.035059
v 0.045156 0.121911 -0.030662
v 0.070060 0.045786 -0.032803
v 0.036504 0.050387 0.033372
v 0.076184 0.044947 -0.028930
v 0.030690 0.051187 0.030886
v 0.050325 0.048492 0.037332
v 0.060979 0.121168 0.038918
v 0.057543 0.047502 0.037295
v 0.068015 0.119184 0.038848
v 0.056238 0.047681 -0.036765
v 0.065442 0.115953 -0.035356
v 0.043198 0.049469 0.036119
v 0.054020 0.123064 0.037729
v 0.063365 0.046704 -0.035552
v 0.072122 0.114096 -0.036581
v 0.078467 0.112420 -0.036804
v 0.017981 0.055276 0.014400
v 0.017425 0.050687 0.014323
v 0.017668 0.052984 0.014432
v 0.017114 0.051889 0.005342
v 0.017695 0.056479 0.005400
v 0.017388 0.054190 0.005390
v 0.030134 0.048224 -0.031005
v 0.030619 0.052826 -0.030946
v 0.030370 0.050523 -0.031060
v 0.021197 0.054834 0.022100
v 0.020631 0.050246 0.022026
v 0.020888 0.052542 0.022148
v 0.024426 0.053971 -0.019958
v 0.023806 0.049389 -0.019975
v 0.024149 0.051676 -0.020002
v 0.025555 0.048342 -0.025647
v 0.026090 0.052944 -0.025598
v 0.025826 0.050640 -0.025699
v 0.020098 0.055485 -0.004131
v 0.019463 0.050906 -0.004157
v 0.019799 0.053195 -0.004129
v 0.022117 0.050015 -0.012989
v 0.022781 0.054584 -0.012985
v 0.022495 0.052293 -0.012995
v 0.030041 0.131315 0.013236
v 0.028909 0.126043 0.013326
v 0.029403 0.128698 0.013325
v 0.027259 0.126133 0.006188
v 0.028366 0.131407 0.006121
v 0.027726 0.128792 0.006205
v 0.037025 0.130025 0.025912
v 0.035938 0.124742 0.025977
v 0.036428 0.127397 0.025992
v 0.039121 0.121051 -0.026464
v 0.040350 0.126289 -0.026508
v 0.039636 0.123695 -0.026454
v 0.031758 0.125601 0.020043
v 0.032867 0.130878 0.019962
v 0.032245 0.128257 0.020044
v 0.031837 0.129294 -0.015136
v 0.030758 0.124019 -0.015118
v 0.031180 0.126686 -0.015073
v 0.048104 0.127385 0.034923
v 0.047062 0.122089 0.034943
v 0.047530 0.124749 0.034961
v 0.034307 0.122685 -0.021270
v 0.035483 0.127937 -0.021319
v 0.034790 0.125338 -0.021254
v 0.041032 0.123581 0.031088
v 0.042097 0.128870 0.031043
v 0.041527 0.126234 0.031114
v 0.028218 0.131059 -0.001178
v 0.027173 0.125777 -0.001149
v 0.027587 0.128444 -0.001105
v 0.028266 0.125088 -0.008371
v 0.029284 0.130374 -0.008376
v 0.028652 0.127761 -0.008313
v 0.087450 0.112847 0.035433
v 0.087632 0.113651 0.035465
v 0.087738 0.112979 0.035484
v 0.090013 0.109706 -0.010214
v 0.089782 0.108923 -0.010270
v 0.090062 0.109049 -0.010223
v 0.090415 0.108443 0.000194
v 0.090645 0.109223 0.000216
v 0.090693 0.108568 0.000240
v 0.086042 0.111384 -0.028537
v 0.085818 0.110501 -0.028515
v 0.086105 0.110645 -0.028490
v 0.087514 0.109796 -0.020596
v 0.087748 0.110586 -0.020509
v 0.087797 0.109923 -0.020548
v 0.090190 0.111462 0.022204
v 0.089972 0.110651 0.022165
v 0.090265 0.110785 0.022231
v 0.090054 0.112368 0.029406
v 0.089854 0.111552 0.029345
v 0.090146 0.111686 0.029400
v 0.083306 0.111882 -0.033792
v 0.083095 0.110994 -0.033779
v 0.083384 0.111145 -0.033763
v 0.089872 0.109729 0.008323
v 0.089637 0.108952 0.008301
v 0.089915 0.109077 0.008352
v 0.089752 0.109770 0.015146
v 0.089986 0.110559 0.015183
v 0.090038 0.109898 0.015206
v 0.088764 0.046112 -0.006963
v 0.088502 0.041998 -0.006841
v 0.088559 0.044120 -0.006992
v 0.074936 0.047888 0.031595
v 0.074472 0.043821 0.031365
v 0.074660 0.045847 0.031449
v 0.068680 0.043480 0.036606
v 0.069152 0.047548 0.036854
v 0.068853 0.045501 0.036755
v 0.083572 0.050441 0.013414
v 0.083319 0.046335 0.013427
v 0.083409 0.048386 0.013293
v 0.079342 0.045550 0.022516
v 0.079718 0.049636 0.022611
v 0.079452 0.047588 0.022528
v 0.089622 0.046508 -0.000368
v 0.089247 0.042484 -0.000235
v 0.089380 0.044544 -0.000408
v 0.087594 0.044434 0.006123
v 0.087785 0.048564 0.006064
v 0.087705 0.046482 0.005951
v 0.047150 0.084743 -0.034845
v 0.069098 0.081847 0.038116
v 0.053715 0.083304 -0.035950
v 0.040938 0.086138 -0.032860
v 0.055652 0.084830 0.038125
v 0.062779 0.083343 0.038072
v 0.060840 0.081817 -0.036061
v 0.048609 0.086266 0.036924
v 0.067744 0.080400 -0.036067
v 0.074337 0.079074 -0.034897
v 0.022477 0.091306 0.005794
v 0.023445 0.090660 0.013863
v 0.026477 0.090218 0.021072
v 0.023636 0.090631 -0.002640
v 0.030748 0.088319 0.026875
v 0.035861 0.087384 0.030987
v 0.034870 0.086939 -0.028705
v 0.030199 0.087814 -0.023434
v 0.027592 0.088995 -0.017538
v 0.025524 0.089836 -0.010678
v 0.041783 0.086238 0.034157
v 0.087391 0.076466 -0.020424
v 0.089290 0.075961 -0.011876
v 0.085304 0.076759 -0.028256
v 0.080640 0.077592 -0.032557
v 0.090872 0.076447 -0.003806
v 0.090248 0.077329 0.003763
v 0.085809 0.080084 0.027281
v 0.081174 0.080385 0.033499
v 0.075479 0.081342 0.037882
v 0.089332 0.079270 0.021058
v 0.090009 0.078548 0.012189
v 0.055800 0.132305 -0.033692
v 0.062434 0.129713 -0.035157
v 0.084545 0.126921 0.037999
v 0.049536 0.134855 -0.031017
v 0.064156 0.134924 0.038837
v 0.070973 0.132389 0.038962
v 0.069244 0.127179 -0.035096
v 0.057425 0.137327 0.037459
v 0.075871 0.124865 -0.035226
v 0.077741 0.129772 0.038555
v 0.082176 0.123432 -0.035017
v 0.032601 0.145748 0.005257
v 0.034160 0.145730 0.012400
v 0.036838 0.145266 0.019186
v 0.032524 0.145202 -0.002030
v 0.040815 0.144258 0.025230
v 0.045686 0.142853 0.030482
v 0.044513 0.138753 -0.026989
v 0.039749 0.140931 -0.021937
v 0.036159 0.142752 -0.015862
v 0.033623 0.144226 -0.009184
v 0.051475 0.141009 0.034509
v 0.093526 0.122765 0.028961
v 0.090436 0.124530 0.034761
v 0.093127 0.119416 -0.017898
v 0.095478 0.118676 -0.008978
v 0.096421 0.118427 0.000123
v 0.095954 0.119067 0.007887
v 0.090674 0.120970 -0.026029
v 0.087306 0.122530 -0.032065
v 0.094667 0.121488 0.021730
v 0.095552 0.120128 0.014842
vn 0.1436 0.9867 -0.0765
vn -0.6934 0.7203 0.0196
vn -0.6954 0.6993 -0.1653
vn 0.1332 0.9810 -0.1414
vn 0.1774 0.9830 0.0467
vn -0.5955 0.7097 0.3764
vn -0.6607 0.7228 0.2026
vn 0.1456 0.9893 -0.0107
vn 0.2501 0.9568 0.1485
vn -0.3849 0.6336 0.6711
vn -0.5033 0.6786 0.5349
vn 0.2015 0.9736 0.1073
vn 0.3508 0.9118 0.2133
vn -0.0936 0.5036 0.8588
vn -0.2473 0.5735 0.7810
vn 0.2924 0.9363 0.1947
vn 0.4045 0.8830 0.2382
vn 0.4639 0.8551 0.2314
vn 0.2340 0.3394 0.9111
vn 0.0683 0.4235 0.9033
vn 0.3955 0.2513 0.8834
vn 0.5208 0.8218 0.2311
vn 0.5724 0.7953 0.1998
vn 0.5481 0.1661 0.8198
vn -0.0406 0.0384 -0.9984
vn 0.0488 0.2059 -0.9774
vn -0.1143 0.2928 -0.9493
vn -0.2106 0.1296 -0.9689
vn 0.9004 -0.2984 0.3167
vn 0.8482 -0.4131 0.3316
vn 0.7827 -0.3592 0.5083
vn 0.8352 -0.2452 0.4922
vn 0.9315 -0.3580 -0.0646
vn 0.8795 -0.4730 -0.0524
vn 0.8808 -0.4517 0.1423
vn 0.9326 -0.3370 0.1288
vn 0.8291 -0.3476 -0.4380
vn 0.7763 -0.4626 -0.4283
vn 0.8441 -0.4769 -0.2450
vn 0.8963 -0.3621 -0.2559
vn 0.6085 -0.2688 -0.7466
vn 0.5541 -0.3834 -0.7389
vn 0.6783 -0.4311 -0.5950
vn 0.7317 -0.3167 -0.6036
vn 0.3032 -0.1334 -0.9436
vn 0.2465 -0.2473 -0.9371
vn 0.4084 -0.3212 -0.8544
vn 0.4636 -0.2076 -0.8614
vn -0.0996 -0.0746 -0.9922
vn 0.0753 -0.1636 -0.9837
vn 0.1327 -0.0510 -0.9898
vn -0.2556 0.2285 0.9394
vn -0.1957 0.3389 0.9202
vn -0.0260 0.2555 0.9665
vn -0.0845 0.1450 0.9858
vn -0.5626 0.3656 0.7415
vn -0.5006 0.4750 0.7238
vn -0.3563 0.4125 0.8384
vn -0.4170 0.3030 0.8569
vn 0.7404 -0.1778 0.6482
vn 0.6871 -0.2917 0.6654
vn 0.5648 -0.2135 0.7971
vn 0.6189 -0.1004 0.7790
vn 0.4208 -0.1272 0.8982
vn 0.6127 0.4155 0.6723
vn 0.4809 0.4980 0.7216
vn 0.2603 -0.0364 0.9648
vn 0.8359 0.2732 0.4761
vn 0.7325 0.3425 0.5884
vn 0.9685 0.1703 0.1815
vn 0.9155 0.2148 0.3401
vn 0.9802 0.1180 -0.1591
vn 0.9910 0.1333 0.0134
vn 0.8688 0.1177 -0.4810
vn 0.9385 0.1080 -0.3280
vn 0.6609 0.1720 -0.7305
vn 0.7719 0.1412 -0.6199
vn 0.4019 0.2695 -0.8751
vn 0.5314 0.2268 -0.8162
vn 0.1469 0.3847 -0.9113
vn 0.2702 0.3488 -0.8974
vn 0.5016 0.8651 0.0011
vn 0.4749 0.8801 0.0029
vn 0.5499 0.8344 -0.0361
vn 0.5250 0.8510 -0.0121
vn 0.5797 0.8068 -0.1139
vn 0.5672 0.8207 -0.0685
vn 0.5754 0.7892 -0.2145
vn 0.5827 0.7960 -0.1637
vn 0.5364 0.7846 -0.3111
vn 0.5593 0.7847 -0.2672
vn 0.4725 0.7951 -0.3803
vn 0.5023 0.7892 -0.3534
vn 0.4106 0.8149 -0.4091
vn 0.4331 0.8078 -0.3999
vn 0.4049 0.8172 -0.4102
vn 0.3846 0.8300 -0.4040
vn 0.4435 0.8686 -0.2210
vn 0.5434 0.1526 0.8255
vn 0.4760 -0.0144 0.8793
vn 0.3165 0.0754 0.9456
vn 0.3901 0.2384 0.8894
vn 0.5364 -0.0167 -0.8438
vn 0.5708 0.7266 -0.3824
vn 0.5155 0.7569 -0.4017
vn 0.3836 0.0549 -0.9219
vn 0.7924 -0.1218 -0.5977
vn 0.6617 0.6893 -0.2950
vn 0.6161 0.7120 -0.3368
vn 0.6749 -0.0751 -0.7341
vn 0.9497 -0.1660 -0.2655
vn 0.7176 0.6736 -0.1770
vn 0.6889 0.6857 -0.2350
vn 0.8855 -0.1511 -0.4394
vn 0.9845 -0.1425 0.1025
vn 0.7300 0.6819 -0.0463
vn 0.7227 0.6820 -0.1118
vn 0.9834 -0.1617 -0.0826
vn 0.8913 -0.0550 0.4500
vn 0.6969 0.7130 0.0772
vn 0.7124 0.7016 0.0141
vn 0.9536 -0.1051 0.2820
vn 0.6845 0.0834 0.7242
vn 0.6234 0.7621 0.1746
vn 0.6596 0.7414 0.1235
vn 0.8008 0.0100 0.5989
vn -0.7846 0.4457 0.4310
vn -0.7211 0.5545 0.4154
vn -0.6241 0.5224 0.5810
vn -0.6867 0.4137 0.5977
vn -0.8880 0.4566 0.0552
vn -0.8238 0.5653 0.0422
vn -0.7888 0.5685 0.2336
vn -0.8526 0.4600 0.2479
vn -0.8571 0.3966 -0.3288
vn -0.7932 0.5057 -0.3392
vn -0.8256 0.5436 -0.1511
vn -0.8895 0.4350 -0.1395
vn -0.6967 0.2745 -0.6628
vn -0.6339 0.3847 -0.6710
vn -0.7288 0.4516 -0.5147
vn -0.7920 0.3423 -0.5055
vn -0.4309 0.1090 -0.8958
vn -0.3697 0.2206 -0.9026
vn -0.5130 0.3062 -0.8019
vn -0.5747 0.1959 -0.7946
vn -0.2703 0.0181 -0.9626
vn 0.0609 0.7057 0.7058
vn 0.2075 0.6418 0.7383
vn -0.2000 0.8181 0.5392
vn -0.0744 0.7669 0.6375
vn -0.3872 0.8834 0.2640
vn -0.3058 0.8572 0.4145
vn -0.4691 0.8803 -0.0708
vn -0.4462 0.8892 0.1009
vn -0.4373 0.8047 -0.4015
vn -0.4699 0.8488 -0.2423
vn -0.2996 0.6773 -0.6720
vn -0.3767 0.7454 -0.5499
vn -0.0877 0.5270 -0.8453
vn -0.1900 0.6063 -0.7722
vn 0.0493 0.4649 -0.8840
vn 0.4565 0.8897 0.0040
vn 0.4290 0.9033 0.0055
vn 0.4031 0.9152 -0.0047
vn 0.3731 0.9274 -0.0253
vn 0.3262 0.9401 -0.0985
vn 0.3490 0.9355 -0.0553
vn 0.3046 0.9317 -0.1981
vn 0.3110 0.9390 -0.1472
vn 0.3136 0.9017 -0.2976
vn 0.3050 0.9185 -0.2518
vn 0.3515 0.8587 -0.3730
vn 0.3325 0.8785 -0.3431
vn 0.3823 0.8345 -0.3968
vn 0.3998 0.8206 -0.4084
vn 0.4274 0.8075 -0.4066
vn 0.4657 0.8849 0.0035
vn 0.3786 -0.6063 0.6993
vn 0.4485 -0.2876 0.8462
vn 0.2719 -0.2902 0.9175
vn 0.2283 -0.6093 0.7594
vn 0.6297 -0.5969 0.4973
vn 0.7437 -0.2765 0.6086
vn 0.6078 -0.2829 0.7420
vn 0.5138 -0.6031 0.6102
vn 0.7842 -0.5822 0.2147
vn 0.9254 -0.2593 0.2763
vn 0.8510 -0.2685 0.4514
vn 0.7204 -0.5908 0.3633
vn 0.8187 -0.5645 -0.1053
vn 0.9660 -0.2385 -0.1001
vn 0.9643 -0.2491 0.0901
vn 0.8167 -0.5744 0.0563
vn 0.7278 -0.5466 -0.4142
vn 0.8592 -0.2173 -0.4632
vn 0.9305 -0.2277 -0.2869
vn 0.7880 -0.5562 -0.2641
vn 0.5256 -0.5310 -0.6647
vn 0.6213 -0.1990 -0.7579
vn 0.7548 -0.2076 -0.6222
vn 0.6387 -0.5391 -0.5491
vn 0.2426 -0.5202 -0.8189
vn 0.2886 -0.1863 -0.9391
vn 0.4639 -0.1918 -0.8649
vn 0.3915 -0.5257 -0.7553
vn -0.0779 -0.5158 -0.8532
vn -0.0884 -0.1812 -0.9795
vn 0.1021 -0.1827 -0.9779
vn 0.0840 -0.5179 -0.8513
vn -0.2755 -0.1817 -0.9440
vn -0.2369 -0.5171 -0.8225
vn -0.3872 -0.5185 -0.7624
vn -0.4521 -0.1844 -0.8727
vn -0.6114 -0.1890 -0.7684
vn -0.5224 -0.5233 -0.6733
vn -0.6382 -0.5280 -0.5603
vn -0.7473 -0.1955 -0.6351
vn -0.8546 -0.2034 -0.4778
vn -0.7290 -0.5356 -0.4264
vn -0.7927 -0.5426 -0.2777
vn -0.9290 -0.2127 -0.3028
vn -0.9679 -0.2228 -0.1166
vn -0.8252 -0.5520 -0.1194
vn -0.8272 -0.5603 0.0423
vn -0.9696 -0.2335 0.0736
vn -0.9341 -0.2442 0.2604
vn -0.7965 -0.5702 0.2010
vn -0.7401 -0.5734 0.3513
vn -0.8628 -0.2547 0.4368
vn -0.7584 -0.2643 0.5958
vn -0.6517 -0.5785 0.4905
vn -0.5348 -0.5894 0.6054
vn -0.6249 -0.2730 0.7314
vn -0.4675 -0.2801 0.8384
vn -0.4000 -0.6007 0.6922
vn -0.2512 -0.6046 0.7558
vn -0.2922 -0.2857 0.9127
vn -0.1057 -0.2892 0.9514
vn -0.0926 -0.6085 0.7882
vn 0.0693 -0.6090 0.7901
vn 0.0848 -0.2908 0.9530
vn 0.1675 -0.9449 0.2813
vn 0.0980 -0.9472 0.3052
vn 0.2820 -0.9406 0.1892
vn 0.2268 -0.9444 0.2378
vn 0.3524 -0.9339 0.0604
vn 0.3201 -0.9389 0.1264
vn 0.3681 -0.9258 -0.0855
vn 0.3636 -0.9315 -0.0123
vn 0.3267 -0.9176 -0.2263
vn 0.3506 -0.9233 -0.1569
vn 0.2345 -0.9105 -0.3405
vn 0.2832 -0.9155 -0.2856
vn 0.1055 -0.9056 -0.4108
vn 0.1716 -0.9095 -0.3787
vn 0.0328 -0.9060 -0.4220
vn -0.0406 -0.9036 -0.4264
vn -0.1121 -0.9056 -0.4090
vn -0.1816 -0.9049 -0.3850
vn -0.2410 -0.9084 -0.3416
vn -0.2960 -0.9092 -0.2929
vn -0.3342 -0.9139 -0.2302
vn -0.3665 -0.9158 -0.1641
vn -0.3777 -0.9214 -0.0916
vn -0.3822 -0.9239 -0.0182
vn -0.3648 -0.9296 0.0531
vn -0.3450 -0.9307 0.1213
vn -0.3071 -0.9327 0.1891
vn -0.2482 -0.9382 0.2411
vn -0.1857 -0.9434 0.2748
vn -0.1196 -0.9441 0.3071
vn -0.0469 -0.9469 0.3182
vn 0.0265 -0.9461 0.3227
vn 0.4586 0.1082 0.8820
vn 0.2792 0.1058 0.9544
vn 0.7585 0.1195 0.6406
vn 0.6204 0.1132 0.7760
vn 0.9431 0.1369 0.3031
vn 0.8674 0.1279 0.4809
vn 0.9842 0.1581 -0.0792
vn 0.9825 0.1476 0.1140
vn 0.8758 0.1796 -0.4481
vn 0.9482 0.1693 -0.2690
vn 0.6342 0.1982 -0.7474
vn 0.7697 0.1897 -0.6096
vn 0.2962 0.2111 -0.9315
vn 0.4742 0.2058 -0.8560
vn -0.0867 0.2163 -0.9725
vn 0.1068 0.2150 -0.9708
vn -0.2768 0.2160 -0.9363
vn -0.4562 0.2130 -0.8640
vn -0.6180 0.2086 -0.7580
vn -0.7560 0.2018 -0.6226
vn -0.8649 0.1940 -0.4629
vn -0.9406 0.1843 -0.2851
vn -0.9800 0.1743 -0.0959
vn -0.9818 0.1631 0.0972
vn -0.9457 0.1526 0.2870
vn -0.8733 0.1417 0.4661
vn -0.7672 0.1321 0.6276
vn -0.6317 0.1230 0.7654
vn -0.4718 0.1161 0.8740
vn -0.2937 0.1102 0.9495
vn -0.1043 0.1068 0.9888
vn 0.0891 0.1050 0.9905
vn 0.6240 -0.1405 0.7687
vn 0.4607 -0.1461 0.8754
vn 0.8732 -0.1258 0.4709
vn 0.7632 -0.1348 0.6320
vn 0.9893 -0.1059 0.1007
vn 0.9494 -0.1171 0.2915
vn 0.9547 -0.0840 -0.2856
vn 0.9909 -0.0958 -0.0942
vn 0.7746 -0.0633 -0.6293
vn 0.8815 -0.0741 -0.4663
vn 0.4765 -0.0472 -0.8779
vn 0.6378 -0.0554 -0.7682
vn 0.1058 -0.0379 -0.9937
vn 0.2968 -0.0424 -0.9540
vn -0.0894 -0.0371 -0.9953
vn -0.2812 -0.0369 -0.9589
vn -0.4621 -0.0404 -0.8859
vn -0.6254 -0.0443 -0.7790
vn -0.7646 -0.0517 -0.6424
vn -0.8746 -0.0591 -0.4813
vn -0.9508 -0.0694 -0.3019
vn -0.9907 -0.0790 -0.1111
vn -0.9923 -0.0907 0.0837
vn -0.9561 -0.1009 0.2753
vn -0.8829 -0.1124 0.4559
vn -0.7760 -0.1215 0.6189
vn -0.6392 -0.1311 0.7578
vn -0.4779 -0.1377 0.8675
vn -0.2983 -0.1442 0.9435
vn -0.1072 -0.1470 0.9833
vn 0.4134 -0.4846 0.7709
vn 0.2499 -0.4872 0.8367
vn 0.2798 -0.1480 0.9486
vn 0.6866 -0.4744 0.5510
vn 0.5608 -0.4805 0.6743
vn 0.8547 -0.4584 0.2435
vn 0.7857 -0.4671 0.4054
vn 0.8922 -0.4392 -0.1048
vn 0.8906 -0.4492 0.0711
vn 0.7934 -0.4196 -0.4409
vn 0.8593 -0.4294 -0.2777
vn 0.5733 -0.4027 -0.7136
vn 0.6968 -0.4108 -0.5880
vn 0.2654 -0.3909 -0.8813
vn 0.4276 -0.3962 -0.8125
vn -0.0834 -0.3862 -0.9186
vn 0.0928 -0.3878 -0.9171
vn -0.2566 -0.3869 -0.8857
vn -0.4200 -0.3892 -0.8198
vn -0.5674 -0.3936 -0.7233
vn -0.6932 -0.3994 -0.5999
vn -0.7924 -0.4070 -0.4544
vn -0.8614 -0.4154 -0.2924
vn -0.8972 -0.4249 -0.1201
vn -0.8989 -0.4346 0.0559
vn -0.8660 -0.4447 0.2287
vn -0.8001 -0.4542 0.3919
vn -0.7034 -0.4633 0.5390
vn -0.5800 -0.4711 0.6646
vn -0.4342 -0.4779 0.7636
vn -0.2720 -0.4829 0.8324
vn -0.0995 -0.4863 0.8681
vn 0.0880 -0.1494 0.9849
vn 0.0768 -0.4876 0.8697
vn 0.4588 -0.1784 0.8704
vn 0.2785 -0.1811 0.9432
vn 0.7602 -0.1671 0.6278
vn 0.6215 -0.1737 0.7639
vn 0.9457 -0.1495 0.2886
vn 0.8697 -0.1590 0.4673
vn 0.9871 -0.1283 -0.0957
vn 0.9854 -0.1392 0.0985
vn 0.8781 -0.1067 -0.4665
vn 0.9509 -0.1174 -0.2865
vn 0.6352 -0.0880 -0.7673
vn 0.7715 -0.0968 -0.6288
vn 0.2955 -0.0750 -0.9524
vn 0.4745 -0.0807 -0.8765
vn -0.0893 -0.0698 -0.9936
vn 0.1051 -0.0714 -0.9919
vn -0.2804 -0.0704 -0.9573
vn -0.4607 -0.0731 -0.8845
vn -0.6234 -0.0779 -0.7780
vn -0.7621 -0.0844 -0.6419
vn -0.8716 -0.0926 -0.4814
vn -0.9476 -0.1020 -0.3027
vn -0.9873 -0.1123 -0.1125
vn -0.9890 -0.1232 0.0816
vn -0.9528 -0.1342 0.2724
vn -0.8800 -0.1448 0.4524
vn -0.7734 -0.1547 0.6147
vn -0.6371 -0.1635 0.7532
vn -0.4764 -0.1709 0.8625
vn -0.2974 -0.1765 0.9383
vn -0.1070 -0.1801 0.9778
vn 0.0874 -0.1817 0.9795
vn 0.4568 0.1329 0.8796
vn 0.2782 0.1302 0.9517
vn 0.7554 0.1441 0.6393
vn 0.6180 0.1376 0.7741
vn 0.9391 0.1615 0.3032
vn 0.8638 0.1522 0.4802
vn 0.9802 0.1825 -0.0774
vn 0.9784 0.1717 0.1149
vn 0.8721 0.2039 -0.4447
vn 0.9443 0.1934 -0.2664
vn 0.6316 0.2224 -0.7427
vn 0.7666 0.2137 -0.6056
vn 0.2951 0.2353 -0.9260
vn 0.4724 0.2297 -0.8509
vn -0.0861 0.2405 -0.9668
vn 0.1065 0.2389 -0.9652
vn -0.2754 0.2399 -0.9309
vn -0.4540 0.2372 -0.8588
vn -0.6151 0.2325 -0.7533
vn -0.7526 0.2260 -0.6185
vn -0.8610 0.2179 -0.4595
vn -0.9363 0.2086 -0.2825
vn -0.9756 0.1983 -0.0941
vn -0.9773 0.1875 0.0982
vn -0.9415 0.1767 0.2871
vn -0.8693 0.1662 0.4655
vn -0.7638 0.1563 0.6263
vn -0.6288 0.1476 0.7634
vn -0.4696 0.1404 0.8717
vn -0.2923 0.1348 0.9468
vn -0.1037 0.1312 0.9859
vn 0.0889 0.1296 0.9876
vn 0.4258 0.3608 0.8297
vn 0.2601 0.3581 0.8967
vn 0.7029 0.3712 0.6067
vn 0.5755 0.3649 0.7319
vn 0.8735 0.3874 0.2947
vn 0.8037 0.3785 0.4591
vn 0.9116 0.4069 -0.0586
vn 0.9101 0.3966 0.1199
vn 0.8113 0.4268 -0.3995
vn 0.8784 0.4167 -0.2340
vn 0.5881 0.4440 -0.6761
vn 0.7134 0.4356 -0.5489
vn 0.2757 0.4559 -0.8463
vn 0.4403 0.4504 -0.7767
vn -0.0781 0.4607 -0.8841
vn 0.1007 0.4590 -0.8827
vn -0.2538 0.4599 -0.8509
vn -0.4196 0.4577 -0.7839
vn -0.5692 0.4531 -0.6861
vn -0.6967 0.4473 -0.5608
vn -0.7975 0.4395 -0.4133
vn -0.8673 0.4311 -0.2489
vn -0.9039 0.4213 -0.0741
vn -0.9054 0.4116 0.1044
vn -0.8722 0.4012 0.2799
vn -0.8051 0.3917 0.4453
vn -0.7072 0.3823 0.5947
vn -0.5818 0.3745 0.7219
vn -0.4341 0.3675 0.8225
vn -0.2695 0.3626 0.8921
vn -0.0944 0.3590 0.9286
vn 0.0844 0.3578 0.9300
vn 0.6584 0.2092 0.7230
vn 0.4383 0.1962 0.8771
vn 0.8479 0.2572 0.4636
vn 0.7818 0.2425 0.5745
vn 0.9665 0.2268 0.1204
vn 0.9093 0.2517 0.3314
vn 0.9385 0.2202 -0.2660
vn 0.9713 0.2200 -0.0909
vn 0.7644 0.2281 -0.6030
vn 0.8712 0.2248 -0.4365
vn 0.4642 0.2474 -0.8505
vn 0.6248 0.2380 -0.7436
vn 0.0972 0.2696 -0.9581
vn 0.2856 0.2600 -0.9224
vn -0.0775 0.2763 -0.9579
vn -0.2421 0.2715 -0.9315
vn -0.4325 0.2729 -0.8594
vn -0.6178 0.2826 -0.7338
vn -0.7673 0.3105 -0.5611
vn -0.8567 0.3368 -0.3906
vn -0.9007 0.3484 -0.2597
vn -0.9323 0.3366 -0.1322
vn -0.9483 0.3138 0.0470
vn -0.9210 0.2850 0.2656
vn -0.8408 0.2648 0.4721
vn -0.7187 0.2526 0.6478
vn -0.5729 0.2527 0.7797
vn -0.4341 0.2536 0.8644
vn -0.2790 0.2507 0.9270
vn -0.0960 0.2397 0.9661
vn 0.9972 -0.0263 0.0698
vn 0.9887 -0.0716 0.1319
vn 0.9422 -0.1029 0.3187
vn 0.9934 -0.0782 0.0834
vn 0.8502 -0.2599 -0.4578
vn 0.6852 -0.0564 -0.7261
vn 0.6995 -0.0489 -0.7129
vn 0.8148 -0.1887 -0.5482
vn 0.9838 -0.0769 -0.1618
vn 0.9862 -0.0791 -0.1453
vn 0.9639 -0.0714 -0.2565
vn 0.9902 -0.0554 -0.1283
vn 0.0211 0.0287 -0.9994
vn 0.1457 0.0662 -0.9871
vn 0.2949 0.0596 -0.9537
vn 0.0973 0.1029 -0.9899
vn -0.0702 -0.0030 -0.9975
vn -0.1977 0.0072 -0.9802
vn -0.8660 0.0463 0.4980
vn -0.6957 0.0647 0.7154
vn -0.9477 0.1577 -0.2774
vn -0.9599 0.1478 -0.2383
vn -0.9910 0.1180 -0.0630
vn -0.6444 0.1426 -0.7512
vn -0.6241 0.1690 -0.7628
vn -0.4615 0.1240 -0.8784
vn -0.6452 0.1274 -0.7533
vn -0.5262 0.0487 0.8490
vn -0.4158 0.0388 0.9086
vn -0.2747 0.0313 0.9610
vn -0.0870 0.0148 0.9961
vn 0.5418 -0.1380 -0.8291
vn 0.8543 -0.0960 -0.5109
vn 0.7924 -0.1182 -0.5985
vn 0.5903 -0.1207 -0.7981
vn 0.0664 0.2298 0.9710
vn 0.0244 -0.0015 0.9997
vn 0.3374 0.0170 0.9412
vn 0.4611 0.0951 0.8822
vn 0.2811 0.1222 0.9518
vn 0.1155 0.0201 0.9931
vn 0.3977 -0.1003 0.9120
vn 0.3750 -0.0984 0.9218
vn 0.1001 -0.0346 0.9944
vn 0.4367 -0.0852 0.8956
vn 0.9551 -0.1410 0.2607
vn 0.9013 -0.1686 0.3990
vn 0.9957 -0.0476 0.0789
vn -0.0897 0.0254 -0.9956
vn -0.0180 0.1159 -0.9931
vn -0.4044 0.0363 -0.9138
vn -0.6436 0.1332 -0.7537
vn -0.8266 0.1277 -0.5482
vn -0.7927 0.1350 -0.5944
vn -0.9257 0.1108 -0.3616
vn -0.9577 0.0996 -0.2698
vn -0.9563 0.1242 -0.2647
vn -0.8974 0.1295 -0.4218
vn -0.8462 0.2585 0.4659
vn -0.8429 0.2365 0.4833
vn -0.7364 0.2067 0.6442
vn -0.7440 0.2280 0.6281
vn -0.9537 0.1464 0.2628
vn -0.8515 0.1452 0.5038
vn -0.8565 0.1487 0.4942
vn -0.9414 0.1581 0.2978
vn 0.6735 0.0319 0.7385
vn 0.7302 0.4254 0.5347
vn 0.6213 0.4881 0.6129
vn 0.8859 -0.2126 0.4123
vn 0.8944 0.3156 0.3168
vn 0.8227 0.3637 0.4370
vn 0.8248 -0.0833 0.5592
vn 0.9277 -0.3529 0.1218
vn 0.9684 0.2460 0.0408
vn 0.9444 0.2720 0.1845
vn 0.9148 -0.2994 0.2710
vn 0.9107 -0.3398 -0.2348
vn 0.9408 0.2274 -0.2514
vn 0.9681 0.2269 -0.1059
vn 0.9314 -0.3602 -0.0521
vn 0.8158 0.2625 -0.5153
vn 0.8902 0.2353 -0.3902
vn 0.8718 -0.2865 -0.3973
vn 0.4950 0.0477 -0.8676
vn 0.6125 0.3460 -0.7107
vn 0.7223 0.2960 -0.6250
vn 0.3619 0.4651 -0.8079
vn 0.4903 0.3996 -0.7746
vn 0.2293 0.5304 -0.8162
vn -0.1943 0.1844 -0.9634
vn 0.1020 0.6018 -0.7921
vn -0.0209 0.6684 -0.7435
vn -0.3644 0.2541 -0.8959
vn -0.5149 0.3195 -0.7955
vn -0.1276 0.7353 -0.6656
vn -0.2222 0.7928 -0.5675
vn -0.6455 0.3798 -0.6627
vn -0.7474 0.4308 -0.5058
vn -0.2919 0.8451 -0.4478
vn -0.3440 0.8845 -0.3150
vn -0.8187 0.4713 -0.3280
vn -0.8557 0.4985 -0.1390
vn -0.3659 0.9147 -0.1718
vn -0.3677 0.9296 -0.0246
vn -0.8572 0.5119 0.0560
vn -0.8235 0.5101 0.2482
vn -0.3382 0.9333 0.1204
vn -0.2897 0.9212 0.2597
vn -0.7558 0.4936 0.4302
vn -0.6566 0.4624 0.5960
vn -0.2132 0.8983 0.3843
vn -0.1219 0.8606 0.4945
vn -0.5305 0.4184 0.7372
vn -0.3805 0.3625 0.8508
vn -0.0100 0.8148 0.5797
vn 0.1101 0.7570 0.6441
vn -0.2154 0.2984 0.9298
vn -0.0371 0.2274 0.9731
vn 0.2407 0.6956 0.6769
vn 0.6973 0.6200 0.3596
vn 0.6169 0.6699 0.4131
vn 0.8184 0.5390 0.1990
vn 0.7642 0.5789 0.2844
vn 0.8730 0.4878 -0.0045
vn 0.8533 0.5118 0.0997
vn 0.8526 0.4740 -0.2199
vn 0.8706 0.4788 -0.1128
vn 0.7605 0.4999 -0.4144
vn 0.8136 0.4850 -0.3207
vn 0.6106 0.5614 -0.5585
vn 0.6908 0.5293 -0.4925
vn 0.4258 0.6493 -0.6302
vn 0.5211 0.6051 -0.6020
vn 0.2342 0.7501 -0.6185
vn 0.3301 0.7008 -0.6324
vn 0.1471 0.8018 -0.5792
vn 0.0650 0.8485 -0.5253
vn -0.0002 0.8928 -0.4504
vn -0.0561 0.9294 -0.3647
vn -0.0893 0.9599 -0.2658
vn -0.1106 0.9807 -0.1612
vn -0.1066 0.9929 -0.0533
vn -0.0903 0.9944 0.0542
vn -0.0496 0.9867 0.1547
vn 0.0018 0.9686 0.2487
vn 0.0732 0.9424 0.3265
vn 0.1517 0.9070 0.3928
vn 0.2429 0.8666 0.4359
vn 0.3365 0.8192 0.4644
vn 0.6115 0.4118 0.6756
vn 0.4799 0.4842 0.7316
vn 0.5281 0.7184 0.4528
vn 0.8291 0.2774 0.4854
vn 0.7291 0.3393 0.5944
vn 0.9608 0.1783 0.2125
vn 0.9075 0.2200 0.3579
vn 0.9864 0.1296 -0.1014
vn 0.9878 0.1445 0.0582
vn 0.9021 0.1387 -0.4087
vn 0.9578 0.1243 -0.2591
vn 0.7207 0.2042 -0.6625
vn 0.8221 0.1624 -0.5456
vn 0.4699 0.3161 -0.8242
vn 0.6014 0.2530 -0.7578
vn 0.1877 0.4575 -0.8692
vn 0.3292 0.3824 -0.8634
vn 0.0470 0.5308 -0.8462
vn -0.0827 0.6068 -0.7905
vn -0.2022 0.6757 -0.7089
vn -0.3003 0.7412 -0.6003
vn -0.3806 0.7950 -0.4724
vn -0.4319 0.8403 -0.3275
vn -0.4609 0.8705 -0.1727
vn -0.4576 0.8891 -0.0135
vn -0.4309 0.8907 0.1446
vn -0.3733 0.8800 0.2938
vn -0.2952 0.8526 0.4311
vn -0.1919 0.8145 0.5476
vn -0.0745 0.7620 0.6433
vn 0.0589 0.7025 0.7093
vn 0.1977 0.6326 0.7488
vn 0.4339 0.7709 0.4663
vn 0.3411 0.5611 0.7542
vn 0.5085 0.0609 0.8589
vn 0.3509 0.1489 0.9245
vn 0.7694 -0.1003 0.6308
vn 0.6493 -0.0246 0.7601
vn 0.9272 -0.2192 0.3037
vn 0.8628 -0.1674 0.4770
vn 0.9579 -0.2776 -0.0728
vn 0.9589 -0.2578 0.1183
vn 0.8569 -0.2667 -0.4412
vn 0.9231 -0.2820 -0.2616
vn 0.6394 -0.1881 -0.7455
vn 0.7606 -0.2364 -0.6046
vn 0.3386 -0.0539 -0.9394
vn 0.4964 -0.1279 -0.8586
vn 0.0004 0.1157 -0.9933
vn 0.1705 0.0270 -0.9850
vn -0.1673 0.2047 -0.9644
vn -0.3239 0.2946 -0.8990
vn -0.4657 0.3782 -0.8001
vn -0.5848 0.4558 -0.6710
vn -0.6792 0.5210 -0.5169
vn -0.7427 0.5747 -0.3438
vn -0.7754 0.6114 -0.1582
vn -0.7734 0.6331 0.0327
vn -0.7395 0.6356 0.2217
vn -0.6723 0.6222 0.4011
vn -0.5771 0.5900 0.5647
vn -0.4548 0.5437 0.7054
vn -0.3128 0.4815 0.8187
vn -0.1541 0.4094 0.8993
vn 0.1842 0.2399 0.9532
vn 0.0131 0.3266 0.9451
vn 0.1370 -0.7283 0.6714
vn 0.0232 -0.6663 0.7453
vn 0.3031 -0.8394 0.4512
vn 0.2251 -0.7911 0.5688
vn 0.3779 -0.9097 0.1720
vn 0.3472 -0.8831 0.3155
vn 0.3500 -0.9286 -0.1235
vn 0.3710 -0.9283 0.0242
vn 0.2236 -0.8931 -0.3904
vn 0.2928 -0.9199 -0.2609
vn 0.0181 -0.8086 -0.5880
vn 0.1245 -0.8591 -0.4965
vn -0.2355 -0.6881 -0.6863
vn -0.1083 -0.7552 -0.6465
vn -0.3701 -0.6240 -0.6883
vn -0.4983 -0.5499 -0.6703
vn -0.6211 -0.4854 -0.6153
vn -0.7305 -0.4149 -0.5424
vn -0.8230 -0.3607 -0.4388
vn -0.8966 -0.3038 -0.3222
vn -0.9452 -0.2687 -0.1856
vn -0.9714 -0.2335 -0.0430
vn -0.9689 -0.2235 0.1058
vn -0.9435 -0.2146 0.2525
vn -0.8907 -0.2319 0.3909
vn -0.8171 -0.2501 0.5194
vn -0.7224 -0.2927 0.6264
vn -0.6115 -0.3346 0.7170
vn -0.4896 -0.3966 0.7765
vn -0.3580 -0.4551 0.8153
vn -0.0496 -0.7306 0.6810
vn -0.1604 -0.6716 0.7234
vn -0.0951 -0.5933 0.7993
vn 0.1307 -0.8421 0.5233
vn 0.0449 -0.7909 0.6103
vn 0.2398 -0.9242 0.2971
vn 0.1918 -0.8891 0.4155
vn 0.2610 -0.9646 0.0369
vn 0.2579 -0.9513 0.1687
vn 0.1912 -0.9571 -0.2178
vn 0.2332 -0.9680 -0.0926
vn 0.0409 -0.9028 -0.4282
vn 0.1215 -0.9366 -0.3286
vn -0.1671 -0.8100 -0.5622
vn -0.0603 -0.8620 -0.5034
vn -0.4009 -0.6928 -0.5994
vn -0.2845 -0.7554 -0.5903
vn -0.5169 -0.6331 -0.5761
vn -0.6251 -0.5691 -0.5343
vn -0.7222 -0.5138 -0.4631
vn -0.8054 -0.4576 -0.3766
vn -0.8691 -0.4156 -0.2683
vn -0.9145 -0.3755 -0.1505
vn -0.9352 -0.3534 -0.0215
vn -0.9358 -0.3351 0.1098
vn -0.9106 -0.3367 0.2398
vn -0.8659 -0.3426 0.3645
vn -0.7988 -0.3681 0.4758
vn -0.7156 -0.3969 0.5748
vn -0.6170 -0.4427 0.6506
vn -0.5077 -0.4897 0.7088
vn -0.2278 -0.5278 0.8182
vn -0.2738 -0.6069 0.7461
vn -0.3928 -0.5493 0.7375
vn 0.5451 -0.2500 0.8002
vn 0.4012 -0.1638 0.9012
vn 0.7627 -0.3956 0.5116
vn 0.6672 -0.3281 0.6687
vn 0.8607 -0.4877 0.1459
vn 0.8281 -0.4493 0.3351
vn 0.8242 -0.5124 -0.2412
vn 0.8595 -0.5089 -0.0487
vn 0.6586 -0.4659 -0.5909
vn 0.7564 -0.4978 -0.4244
vn 0.3892 -0.3553 -0.8499
vn 0.5347 -0.4176 -0.7346
vn 0.0571 -0.1974 -0.9787
vn 0.2280 -0.2808 -0.9323
vn -0.1169 -0.1079 -0.9873
vn -0.2873 -0.0162 -0.9577
vn -0.4475 0.0746 -0.8912
vn -0.5915 0.1606 -0.7902
vn -0.7135 0.2389 -0.6586
vn -0.8092 0.3061 -0.5016
vn -0.8745 0.3601 -0.3251
vn -0.9071 0.3983 -0.1358
vn -0.9058 0.4197 0.0588
vn -0.8706 0.4230 0.2513
vn -0.8027 0.4086 0.4344
vn -0.7050 0.3765 0.6010
vn -0.5810 0.3285 0.7447
vn -0.4356 0.2659 0.8600
vn -0.2743 0.1916 0.9424
vn -0.1035 0.1080 0.9888
vn 0.7298 0.3533 0.5853
vn 0.6130 0.4212 0.6684
vn 0.9061 0.2354 0.3516
vn 0.8288 0.2879 0.4798
vn 0.9854 0.1608 0.0554
vn 0.9593 0.1896 0.2093
vn 0.9558 0.1408 -0.2580
vn 0.9847 0.1413 -0.1020
vn 0.8217 0.1784 -0.5412
vn 0.9011 0.1503 -0.4067
vn 0.6036 0.2680 -0.7509
vn 0.7213 0.2153 -0.6583
vn 0.3347 0.3959 -0.8551
vn 0.4726 0.3263 -0.8187
vn 0.1928 0.4665 -0.8632
vn 0.0558 0.5426 -0.8382
vn -0.0753 0.6145 -0.7853
vn -0.1905 0.6857 -0.7025
vn -0.2911 0.7478 -0.5967
vn -0.3667 0.8036 -0.4688
vn -0.4216 0.8461 -0.3262
vn -0.4460 0.8782 -0.1727
vn -0.4470 0.8944 -0.0149
vn -0.4165 0.8982 0.1408
vn -0.3634 0.8854 0.2898
vn -0.2824 0.8605 0.4239
vn -0.1836 0.8204 0.5415
vn -0.0643 0.7710 0.6336
vn 0.0651 0.7094 0.7018
vn 0.2047 0.6431 0.7379
vn 0.2409 -0.0732 0.9678
vn 0.0706 0.0187 0.9973
vn 0.5842 0.7741 0.2438
vn 0.5240 0.8087 0.2672
vn 0.4835 0.4964 0.7209
vn 0.6840 0.7125 0.1565
vn 0.6376 0.7427 0.2046
vn 0.7444 0.6670 0.0314
vn 0.7189 0.6883 0.0968
vn 0.7561 0.6447 -0.1126
vn 0.7555 0.6539 -0.0398
vn 0.7175 0.6488 -0.2535
vn 0.7419 0.6447 -0.1845
vn 0.6343 0.6789 -0.3698
vn 0.6800 0.6620 -0.3151
vn 0.5193 0.7302 -0.4440
vn 0.5794 0.7033 -0.4118
vn 0.3899 0.7951 -0.4646
vn 0.4553 0.7623 -0.4599
vn 0.3267 0.8300 -0.4521
vn 0.2659 0.8635 -0.4285
vn 0.2131 0.8960 -0.3895
vn 0.1661 0.9251 -0.3413
vn 0.1318 0.9504 -0.2817
vn 0.1058 0.9706 -0.2162
vn 0.0952 0.9848 -0.1451
vn 0.0940 0.9929 -0.0722
vn 0.1088 0.9941 -0.0005
vn 0.1327 0.9888 0.0687
vn 0.1707 0.9767 0.1302
vn 0.2158 0.9587 0.1850
vn 0.2713 0.9354 0.2269
vn 0.3309 0.9074 0.2592
vn 0.4602 0.8426 0.2798
vn 0.3954 0.8764 0.2750
vn 0.3449 0.5692 0.7464
vn 0.7071 0.5874 0.3938
vn 0.6209 0.6425 0.4492
vn 0.8368 0.5006 0.2218
vn 0.7781 0.5453 0.3118
vn 0.8952 0.4457 0.0039
vn 0.8732 0.4737 0.1146
vn 0.8734 0.4310 -0.2268
vn 0.8917 0.4385 -0.1122
vn 0.7747 0.4587 -0.4352
vn 0.8308 0.4451 -0.3342
vn 0.6142 0.5246 -0.5895
vn 0.6997 0.4924 -0.5176
vn 0.4163 0.6187 -0.6663
vn 0.5185 0.5733 -0.6344
vn 0.2110 0.7267 -0.6538
vn 0.3147 0.6755 -0.6669
vn 0.0298 0.8320 -0.5539
vn 0.1193 0.7833 -0.6101
vn -0.0379 0.8804 -0.4726
vn -0.0999 0.9188 -0.3820
vn -0.1330 0.9521 -0.2755
vn -0.1583 0.9737 -0.1640
vn -0.1515 0.9873 -0.0487
vn -0.1365 0.9884 0.0667
vn -0.0906 0.9807 0.1733
vn -0.0378 0.9607 0.2750
vn 0.1227 0.8948 0.4293
vn 0.0404 0.9334 0.3567
vn 0.3206 0.8007 0.5061
vn 0.2217 0.8525 0.4735
vn 0.6023 0.3621 0.7114
vn 0.4657 0.4392 0.7683
vn 0.5258 0.6927 0.4936
vn 0.8290 0.2220 0.5133
vn 0.7250 0.2885 0.6255
vn 0.9662 0.1187 0.2290
vn 0.9105 0.1644 0.3795
vn 0.9929 0.0680 -0.0981
vn 0.9940 0.0859 0.0678
vn 0.9050 0.0774 -0.4182
vn 0.9628 0.0649 -0.2622
vn 0.7161 0.1457 -0.6827
vn 0.8217 0.1045 -0.5603
vn 0.4547 0.2624 -0.8511
vn 0.5921 0.1988 -0.7810
vn 0.1608 0.4097 -0.8980
vn 0.3090 0.3334 -0.8907
vn 0.0155 0.4877 -0.8729
vn -0.1210 0.5652 -0.8161
vn -0.2438 0.6384 -0.7301
vn -0.3477 0.7052 -0.6179
vn -0.4293 0.7625 -0.4841
vn -0.4848 0.8085 -0.3336
vn -0.5128 0.8410 -0.1724
vn -0.5115 0.8593 -0.0065
vn -0.4816 0.8621 0.1576
vn -0.4237 0.8498 0.3136
vn -0.3405 0.8225 0.4557
vn -0.2347 0.7815 0.5780
vn -0.1109 0.7282 0.6764
vn 0.0266 0.6649 0.7465
vn 0.3206 0.5176 0.7933
vn 0.1722 0.5936 0.7861
vn 0.4255 0.7503 0.5060
vn 0.6238 0.5217 0.5820
vn 0.5075 0.5875 0.6303
vn 0.8169 0.4024 0.4131
vn 0.7283 0.4591 0.5087
vn 0.9337 0.3144 0.1710
vn 0.8863 0.3535 0.2992
vn 0.9565 0.2712 -0.1077
vn 0.9575 0.2866 0.0336
vn 0.8817 0.2793 -0.3804
vn 0.9309 0.2686 -0.2474
vn 0.7207 0.3374 -0.6056
vn 0.8107 0.3024 -0.5013
vn 0.4981 0.4368 -0.7491
vn 0.6151 0.3827 -0.6893
vn 0.2477 0.5623 -0.7890
vn 0.3740 0.4973 -0.7828
vn 0.0077 0.6947 -0.7192
vn 0.1240 0.6288 -0.7676
vn -0.0969 0.7572 -0.6459
vn -0.1854 0.8140 -0.5504
vn -0.2549 0.8629 -0.4364
vn -0.3022 0.9020 -0.3083
vn -0.3260 0.9298 -0.1709
vn -0.3250 0.9453 -0.0296
vn -0.2995 0.9477 0.1102
vn -0.2502 0.9372 0.2431
vn -0.1793 0.9140 0.3641
vn -0.0892 0.8790 0.4683
vn 0.0163 0.8337 0.5520
vn 0.1334 0.7797 0.6118
vn 0.3838 0.6542 0.6517
vn 0.2575 0.7190 0.6455
vn 0.6208 0.6434 0.4480
vn 0.5263 0.6968 0.4873
vn 0.7776 0.5465 0.3108
vn 0.7057 0.5925 0.3885
vn 0.8725 0.4750 0.1141
vn 0.8340 0.5067 0.2183
vn 0.8910 0.4399 -0.1122
vn 0.8918 0.4523 0.0026
vn 0.8302 0.4465 -0.3338
vn 0.8703 0.4378 -0.2258
vn 0.6995 0.4937 -0.5167
vn 0.7726 0.4652 -0.4321
vn 0.5186 0.5744 -0.6333
vn 0.6137 0.5304 -0.5848
vn 0.3152 0.6763 -0.6657
vn 0.4178 0.6236 -0.6608
vn 0.1202 0.7840 -0.6090
vn 0.2147 0.7304 -0.6484
vn 0.0353 0.8347 -0.5496
vn -0.0366 0.8809 -0.4719
vn -0.0931 0.9206 -0.3793
vn -0.1315 0.9523 -0.2752
vn -0.1509 0.9749 -0.1636
vn -0.1500 0.9875 -0.0488
vn -0.1294 0.9895 0.0648
vn -0.0892 0.9809 0.1727
vn -0.0317 0.9621 0.2710
vn 0.0415 0.9337 0.3557
vn 0.1272 0.8968 0.4237
vn 0.2224 0.8530 0.4722
vn 0.4258 0.7510 0.5047
vn 0.3231 0.8037 0.4997
vn 0.6049 0.7217 0.3366
vn 0.5290 0.7645 0.3683
vn 0.7309 0.6438 0.2265
vn 0.6731 0.6808 0.2889
vn 0.8071 0.5864 0.0685
vn 0.7762 0.6118 0.1522
vn 0.8219 0.5582 -0.1133
vn 0.8227 0.5682 -0.0211
vn 0.7731 0.5635 -0.2911
vn 0.8053 0.5565 -0.2045
vn 0.6681 0.6014 -0.4381
vn 0.7269 0.5785 -0.3701
vn 0.5229 0.6663 -0.5317
vn 0.5993 0.6309 -0.4928
vn 0.3595 0.7481 -0.5577
vn 0.4419 0.7057 -0.5538
vn 0.2030 0.8345 -0.5122
vn 0.2788 0.7915 -0.5439
vn 0.1347 0.8753 -0.4645
vn 0.0770 0.9124 -0.4021
vn 0.0316 0.9442 -0.3278
vn 0.0008 0.9697 -0.2441
vn -0.0149 0.9879 -0.1545
vn -0.0140 0.9980 -0.0624
vn 0.0025 0.9996 0.0289
vn 0.0348 0.9927 0.1155
vn 0.0809 0.9776 0.1945
vn 0.1398 0.9548 0.2625
vn 0.2850 0.8899 0.3561
vn 0.2085 0.9251 0.3172
vn 0.4483 0.8081 0.3821
vn 0.3659 0.8503 0.3782
vn 0.6249 0.5844 0.5177
vn 0.5185 0.6418 0.5651
vn 0.8007 0.4758 0.3639
vn 0.7206 0.5243 0.4537
vn 0.9071 0.3957 0.1434
vn 0.8651 0.4277 0.2620
vn 0.9278 0.3563 -0.1104
vn 0.9303 0.3664 0.0190
vn 0.8597 0.3636 -0.3587
vn 0.9060 0.3499 -0.2382
vn 0.7131 0.4166 -0.5639
vn 0.7960 0.3809 -0.4705
vn 0.5104 0.5071 -0.6945
vn 0.6170 0.4544 -0.6425
vn 0.2823 0.6214 -0.7309
vn 0.3963 0.5593 -0.7281
vn 0.0637 0.7420 -0.6674
vn 0.1675 0.6796 -0.7142
vn -0.0346 0.7971 -0.6029
vn -0.1121 0.8507 -0.5136
vn -0.1792 0.8938 -0.4111
vn -0.2185 0.9308 -0.2931
vn -0.2443 0.9550 -0.1682
vn -0.2392 0.9702 -0.0393
vn -0.2200 0.9714 0.0891
vn -0.1711 0.9628 0.2091
vn -0.1100 0.9405 0.3214
vn -0.0245 0.9099 0.4142
vn 0.1782 0.8194 0.5449
vn 0.0690 0.8670 0.4934
vn 0.4063 0.7051 0.5812
vn 0.2897 0.7621 0.5790
vn 0.6240 0.5250 0.5788
vn 0.5084 0.5915 0.6259
vn 0.8163 0.4062 0.4107
vn 0.7279 0.4639 0.5049
vn 0.9326 0.3186 0.1696
vn 0.8850 0.3588 0.2966
vn 0.9552 0.2755 -0.1078
vn 0.9558 0.2923 0.0326
vn 0.8807 0.2836 -0.3793
vn 0.9294 0.2744 -0.2468
vn 0.7205 0.3415 -0.6036
vn 0.8099 0.3080 -0.4992
vn 0.4988 0.4404 -0.7465
vn 0.6154 0.3879 -0.6862
vn 0.2495 0.5654 -0.7862
vn 0.3757 0.5018 -0.7791
vn 0.1271 0.6326 -0.7640
vn 0.0105 0.6973 -0.7167
vn -0.0925 0.7602 -0.6431
vn -0.1818 0.8160 -0.5487
vn -0.2496 0.8653 -0.4347
vn -0.2981 0.9036 -0.3075
vn -0.3203 0.9318 -0.1707
vn -0.3207 0.9467 -0.0301
vn -0.2939 0.9496 0.1087
vn -0.2462 0.9387 0.2414
vn -0.1744 0.9161 0.3611
vn -0.0860 0.8808 0.4657
vn 0.0200 0.8362 0.5480
vn 0.1357 0.7818 0.6086
vn 0.2598 0.7222 0.6410
vn 0.3850 0.6569 0.6483
vn 0.7292 0.4460 0.5190
vn 0.6233 0.5124 0.5908
vn 0.8897 0.3387 0.3061
vn 0.8187 0.3916 0.4199
vn 0.9620 0.2707 0.0365
vn 0.9370 0.3026 0.1748
vn 0.9350 0.2525 -0.2490
vn 0.9600 0.2588 -0.1072
vn 0.8129 0.2869 -0.5069
vn 0.8842 0.2670 -0.3832
vn 0.6143 0.3684 -0.6978
vn 0.7213 0.3258 -0.6112
vn 0.3693 0.4848 -0.7928
vn 0.4960 0.4264 -0.7564
vn 0.1154 0.6184 -0.7773
vn 0.2426 0.5534 -0.7968
vn -0.0004 0.6875 -0.7262
vn -0.1089 0.7488 -0.6538
vn -0.1958 0.8082 -0.5553
vn -0.2694 0.8561 -0.4410
vn -0.3141 0.8973 -0.3102
vn -0.3417 0.9241 -0.1713
vn -0.3371 0.9411 -0.0282
vn -0.3147 0.9423 0.1142
vn -0.2613 0.9329 0.2478
vn -0.1926 0.9080 0.3721
vn -0.0984 0.8740 0.4758
vn 0.0060 0.8264 0.5630
vn 0.2510 0.7100 0.6580
vn 0.1269 0.7735 0.6210
vn 0.4050 -0.4614 0.7894
vn 0.2656 -0.3819 0.8852
vn 0.6128 -0.6004 0.5138
vn 0.5194 -0.5386 0.6634
vn 0.7064 -0.6885 0.1645
vn 0.6729 -0.6542 0.3452
vn 0.6714 -0.7121 -0.2053
vn 0.7028 -0.7111 -0.0210
vn 0.5134 -0.6676 -0.5392
vn 0.6045 -0.7005 -0.3794
vn 0.2561 -0.5620 -0.7865
vn 0.3930 -0.6240 -0.6754
vn -0.0611 -0.4112 -0.9095
vn 0.1004 -0.4935 -0.8640
vn -0.3900 -0.2382 -0.8895
vn -0.2286 -0.3286 -0.9164
vn -0.5440 -0.1545 -0.8247
vn -0.6805 -0.0693 -0.7295
vn -0.7978 0.0023 -0.6029
vn -0.8883 0.0697 -0.4539
vn -0.9514 0.1179 -0.2846
vn -0.9819 0.1577 -0.1046
vn -0.9812 0.1748 0.0815
vn -0.9470 0.1813 0.2652
vn -0.8829 0.1642 0.4399
vn -0.7889 0.1368 0.5991
vn -0.6714 0.0877 0.7359
vn -0.5316 0.0312 0.8464
vn -0.3788 -0.0428 0.9245
vn -0.2144 -0.1196 0.9694
vn 0.1145 -0.2926 0.9494
vn -0.0664 -0.7441 0.6648
vn -0.1722 -0.6848 0.7081
vn 0.1087 -0.8522 0.5118
vn 0.0278 -0.8011 0.5979
vn 0.2146 -0.9319 0.2923
vn 0.1709 -0.8968 0.4082
vn 0.2352 -0.9711 0.0398
vn 0.2353 -0.9573 0.1678
vn 0.1674 -0.9638 -0.2074
vn 0.2112 -0.9736 -0.0868
vn 0.0215 -0.9111 -0.4116
vn 0.1024 -0.9430 -0.3166
vn -0.1803 -0.8211 -0.5416
vn -0.0747 -0.8703 -0.4869
vn -0.4073 -0.7073 -0.5778
vn -0.2930 -0.7665 -0.5715
vn -0.6248 -0.5873 -0.5145
vn -0.5194 -0.6474 -0.5577
vn -0.7194 -0.5312 -0.4476
vn -0.7998 -0.4791 -0.3615
vn -0.8625 -0.4355 -0.2579
vn -0.9057 -0.3994 -0.1421
vn -0.9269 -0.3749 -0.0174
vn -0.9263 -0.3602 0.1105
vn -0.9028 -0.3587 0.2371
vn -0.8585 -0.3675 0.3577
vn -0.7940 -0.3892 0.4670
vn -0.7126 -0.4202 0.5618
vn -0.5108 -0.5103 0.6919
vn -0.6169 -0.4619 0.6372
vn -0.0498 -0.2077 0.9769
vn -0.2839 -0.6240 0.7280
vn -0.3986 -0.5658 0.7219
vn 0.2646 -0.3832 0.8849
vn 0.1113 -0.2977 0.9482
vn 0.5183 -0.5400 0.6632
vn 0.4012 -0.4662 0.7885
vn 0.6717 -0.6555 0.3451
vn 0.6087 -0.6049 0.5134
vn 0.7016 -0.7123 -0.0208
vn 0.7021 -0.6927 0.1648
vn 0.6033 -0.7017 -0.3790
vn 0.6672 -0.7163 -0.2042
vn 0.3919 -0.6253 -0.6748
vn 0.5094 -0.6720 -0.5375
vn 0.0995 -0.4948 -0.8633
vn 0.2527 -0.5665 -0.7843
vn -0.2293 -0.3300 -0.9157
vn -0.0639 -0.4160 -0.9071
vn -0.3922 -0.2434 -0.8871
vn -0.5446 -0.1560 -0.8241
vn -0.6821 -0.0749 -0.7274
vn -0.7982 0.0007 -0.6024
vn -0.8896 0.0638 -0.4523
vn -0.9517 0.1162 -0.2843
vn -0.9830 0.1517 -0.1038
vn -0.9815 0.1730 0.0817
vn -0.9481 0.1752 0.2653
vn -0.8832 0.1625 0.4399
vn -0.7903 0.1310 0.5986
vn -0.6718 0.0861 0.7357
vn -0.5335 0.0255 0.8454
vn -0.3794 -0.0444 0.9241
vn -0.2169 -0.1250 0.9681
vn -0.0506 -0.2092 0.9766
vn 0.5929 0.3195 0.7392
vn 0.4528 0.4010 0.7963
vn 0.8265 0.1752 0.5350
vn 0.7196 0.2460 0.6494
vn 0.9678 0.0687 0.2420
vn 0.9105 0.1183 0.3963
vn 0.9953 0.0164 -0.0951
vn 0.9964 0.0375 0.0755
vn 0.9048 0.0262 -0.4250
vn 0.9644 0.0158 -0.2641
vn 0.7101 0.0965 -0.6975
vn 0.8191 0.0566 -0.5708
vn 0.4408 0.2168 -0.8711
vn 0.5829 0.1536 -0.7979
vn 0.1379 0.3685 -0.9193
vn 0.2916 0.2921 -0.9109
vn -0.0105 0.4510 -0.8925
vn -0.1525 0.5288 -0.8349
vn -0.2773 0.6061 -0.7455
vn -0.3861 0.6731 -0.6307
vn -0.4682 0.7337 -0.4924
vn -0.5274 0.7796 -0.3377
vn -0.5542 0.8145 -0.1716
vn -0.5550 0.8319 -0.0007
vn -0.5221 0.8362 0.1680
vn -0.4644 0.8221 0.3292
vn -0.3769 0.7954 0.4746
vn -0.2697 0.7518 0.6017
vn -0.1406 0.6984 0.7018
vn -0.0004 0.6316 0.7753
vn 0.1508 0.5599 0.8147
vn 0.3025 0.4798 0.8236
vn 0.6016 0.7320 0.3198
vn 0.5286 0.7737 0.3494
vn 0.7229 0.6571 0.2138
vn 0.6670 0.6932 0.2731
vn 0.7963 0.6018 0.0617
vn 0.7660 0.6270 0.1418
vn 0.8105 0.5747 -0.1132
vn 0.8106 0.5850 -0.0247
vn 0.7635 0.5797 -0.2845
vn 0.7940 0.5738 -0.2008
vn 0.6625 0.6163 -0.4259
vn 0.7186 0.5950 -0.3600
vn 0.5227 0.6786 -0.5160
vn 0.5960 0.6453 -0.4778
vn 0.3655 0.7574 -0.5410
vn 0.4449 0.7172 -0.5364
vn 0.2148 0.8406 -0.4972
vn 0.2882 0.7996 -0.5269
vn 0.1498 0.8801 -0.4506
vn 0.0935 0.9155 -0.3912
vn 0.0507 0.9463 -0.3193
vn 0.0201 0.9708 -0.2392
vn 0.0061 0.9882 -0.1529
vn 0.0059 0.9979 -0.0642
vn 0.0228 0.9995 0.0233
vn 0.0528 0.9929 0.1070
vn 0.0981 0.9783 0.1824
vn 0.1539 0.9563 0.2484
vn 0.2207 0.9280 0.3003
vn 0.2937 0.8939 0.3385
vn 0.4509 0.8152 0.3636
vn 0.3718 0.8561 0.3589
vn 0.5573 0.8167 0.1499
vn 0.5133 0.8416 0.1679
vn 0.6302 0.7716 0.0861
vn 0.5967 0.7932 0.1220
vn 0.6744 0.7384 -0.0053
vn 0.6563 0.7533 0.0430
vn 0.6829 0.7221 -0.1106
vn 0.6832 0.7280 -0.0573
vn 0.6547 0.7251 -0.2136
vn 0.6731 0.7213 -0.1633
vn 0.5939 0.7471 -0.2987
vn 0.6278 0.7340 -0.2591
vn 0.5098 0.7846 -0.3529
vn 0.5540 0.7643 -0.3301
vn 0.4152 0.8320 -0.3679
vn 0.4630 0.8076 -0.3654
vn 0.3246 0.8820 -0.3416
vn 0.3686 0.8572 -0.3596
vn 0.2852 0.9057 -0.3137
vn 0.2516 0.9271 -0.2778
vn 0.2256 0.9455 -0.2347
vn 0.2075 0.9603 -0.1863
vn 0.1988 0.9708 -0.1345
vn 0.1989 0.9767 -0.0811
vn 0.2088 0.9776 -0.0284
vn 0.2272 0.9736 0.0219
vn 0.2541 0.9648 0.0674
vn 0.2880 0.9516 0.1070
vn 0.3280 0.9345 0.1384
vn 0.3721 0.9141 0.1612
vn 0.4666 0.8667 0.1762
vn 0.4190 0.8912 0.1737
vn 0.6035 0.7263 0.3292
vn 0.5289 0.7665 0.3642
vn 0.7274 0.6497 0.2209
vn 0.6718 0.6835 0.2855
vn 0.8023 0.5933 0.0655
vn 0.7740 0.6151 0.1499
vn 0.8169 0.5656 -0.1133
vn 0.8200 0.5719 -0.0218
vn 0.7689 0.5707 -0.2882
vn 0.8029 0.5602 -0.2037
vn 0.6656 0.6080 -0.4327
vn 0.7251 0.5821 -0.3679
vn 0.5228 0.6718 -0.5247
vn 0.5986 0.6341 -0.4895
vn 0.3622 0.7523 -0.5503
vn 0.4426 0.7082 -0.5500
vn 0.2082 0.8373 -0.5056
vn 0.2808 0.7933 -0.5402
vn 0.0843 0.9138 -0.3973
vn 0.1380 0.8763 -0.4615
vn 0.0357 0.9447 -0.3260
vn 0.0093 0.9702 -0.2420
vn -0.0103 0.9880 -0.1542
vn -0.0052 0.9980 -0.0632
vn 0.0069 0.9996 0.0277
vn 0.0428 0.9928 0.1118
vn 0.0846 0.9778 0.1919
vn 0.1461 0.9555 0.2563
vn 0.2889 0.8918 0.3483
vn 0.2112 0.9258 0.3136
vn 0.4495 0.8113 0.3739
vn 0.3672 0.8516 0.3740
vn 0.5707 0.2368 0.7863
vn 0.4222 0.3179 0.8489
vn 0.8157 0.0854 0.5721
vn 0.7027 0.1549 0.6944
vn 0.9639 -0.0261 0.2649
vn 0.9034 0.0207 0.4283
vn 0.9928 -0.0810 -0.0886
vn 0.9938 -0.0642 0.0910
vn 0.8978 -0.0708 -0.4346
vn 0.9600 -0.0871 -0.2660
vn 0.6936 0.0030 -0.7203
vn 0.8074 -0.0442 -0.5884
vn 0.4112 0.1291 -0.9024
vn 0.5590 0.0579 -0.8272
vn 0.0936 0.2882 -0.9530
vn 0.2527 0.2034 -0.9459
vn -0.0649 0.3705 -0.9266
vn -0.2109 0.4563 -0.8645
vn -0.3453 0.5335 -0.7721
vn -0.4559 0.6076 -0.6503
vn -0.5461 0.6677 -0.5060
vn -0.6041 0.7192 -0.3431
vn -0.6364 0.7527 -0.1687
vn -0.6330 0.7741 0.0104
vn -0.6027 0.7755 0.1883
vn -0.5381 0.7639 0.3564
vn -0.4500 0.7326 0.5107
vn -0.3338 0.6901 0.6421
vn -0.2016 0.6306 0.7495
vn -0.0514 0.5640 0.8242
vn 0.1047 0.4850 0.8682
vn 0.2662 0.4048 0.8748
vn 0.5774 0.2599 0.7740
vn 0.4322 0.3440 0.8336
vn 0.8195 0.1103 0.5624
vn 0.7087 0.1833 0.6813
vn 0.9659 0.0001 0.2588
vn 0.9066 0.0509 0.4189
vn 0.9944 -0.0542 -0.0905
vn 0.9957 -0.0329 0.0863
vn 0.9006 -0.0441 -0.4323
vn 0.9625 -0.0553 -0.2657
vn 0.6989 0.0289 -0.7147
vn 0.8119 -0.0131 -0.5836
vn 0.4198 0.1534 -0.8946
vn 0.5670 0.0875 -0.8191
vn 0.1059 0.3107 -0.9446
vn 0.2650 0.2311 -0.9362
vn -0.0481 0.3958 -0.9171
vn -0.1950 0.4768 -0.8571
vn -0.3247 0.5565 -0.7647
vn -0.4371 0.6263 -0.6455
vn -0.5226 0.6889 -0.5023
vn -0.5835 0.7366 -0.3419
vn -0.6116 0.7727 -0.1698
vn -0.6120 0.7908 0.0074
vn -0.5784 0.7951 0.1822
vn -0.5182 0.7807 0.3492
vn -0.4279 0.7528 0.5002
vn -0.3164 0.7078 0.6316
vn -0.1830 0.6523 0.7356
vn -0.0374 0.5832 0.8114
vn 0.1191 0.5087 0.8527
vn 0.2765 0.4259 0.8615
vn 0.6135 0.6878 0.3879
vn 0.5290 0.7360 0.4224
vn 0.7538 0.6011 0.2653
vn 0.6892 0.6429 0.3341
vn 0.8387 0.5372 0.0894
vn 0.8039 0.5662 0.1821
vn 0.8552 0.5058 -0.1131
vn 0.8555 0.5177 -0.0106
vn 0.8008 0.5117 -0.3112
vn 0.8363 0.5047 -0.2145
vn 0.6839 0.5539 -0.4748
vn 0.7490 0.5291 -0.3987
vn 0.5222 0.6261 -0.5791
vn 0.6071 0.5874 -0.5351
vn 0.3403 0.7173 -0.6081
vn 0.4321 0.6706 -0.6029
vn 0.2507 0.7660 -0.5919
vn 0.1659 0.8135 -0.5574
vn 0.0905 0.8592 -0.5036
vn 0.0256 0.9002 -0.4347
vn -0.0241 0.9358 -0.3516
vn -0.0593 0.9641 -0.2588
vn -0.0758 0.9844 -0.1590
vn -0.0758 0.9955 -0.0564
vn -0.0565 0.9974 0.0450
vn -0.0214 0.9897 0.1418
vn 0.0307 0.9729 0.2292
vn 0.0955 0.9474 0.3054
vn 0.1726 0.9146 0.3656
vn 0.2572 0.8752 0.4096
vn 0.4391 0.7841 0.4386
vn 0.3476 0.8314 0.4335
vn 0.2939 0.8735 -0.3882
vn 0.3425 0.8410 -0.4188
vn 0.2067 0.9274 -0.3119
vn 0.2398 0.9007 -0.3622
vn 0.1539 0.9671 -0.2024
vn 0.1664 0.9498 -0.2648
vn 0.4024 0.8136 -0.4197
vn 0.4587 0.7799 -0.4259
vn -0.5108 0.5486 -0.6619
vn -0.3955 0.4735 -0.7870
vn -0.6637 0.6637 -0.3450
vn -0.6023 0.6118 -0.5128
vn 0.0559 0.2191 -0.9741
vn 0.2208 0.1333 -0.9662
vn -0.0076 -0.9984 -0.0559
vn -0.0070 -0.9983 -0.0574
vn -0.0055 -0.9983 -0.0576
vn -0.0061 -0.9984 -0.0562
vn 0.2145 0.1198 -0.9693
vn 0.3781 0.0409 -0.9249
vn 0.5317 -0.0310 -0.8464
vn 0.6708 -0.0898 -0.7362
vn 0.7889 -0.1366 -0.5991
vn 0.8825 -0.1663 -0.4400
vn 0.9470 -0.1811 -0.2652
vn 0.9809 -0.1769 -0.0814
vn 0.9820 -0.1575 0.1045
vn 0.9510 -0.1200 0.2850
vn 0.8884 -0.0694 0.4538
vn 0.7974 -0.0043 0.6035
vn 0.6806 0.0696 0.7294
vn -0.3943 0.6225 0.6760
vn -0.2560 0.5622 0.7864
vn -0.6060 0.6989 0.3798
vn -0.5132 0.6678 0.5391
vn -0.7043 0.7096 0.0212
vn -0.6713 0.7122 0.2052
vn -0.6744 0.6527 -0.3452
vn -0.7062 0.6886 -0.1645
vn -0.5208 0.5370 -0.6636
vn -0.6126 0.6006 -0.5138
vn -0.2668 0.3801 -0.8856
vn -0.4048 0.4616 -0.7893
vn 0.2277 0.3268 0.9172
vn 0.4430 0.8681 -0.2237
vn 0.4260 0.8808 -0.2069
vn -0.1065 0.3055 -0.9462
vn 0.3919 0.9006 -0.1882
vn 0.4014 0.8911 -0.2116
vn -0.2581 0.3925 -0.8828
vn 0.3674 0.9169 -0.1558
vn 0.3680 0.9118 -0.1824
vn 0.3565 0.9272 -0.1148
vn 0.3477 0.9270 -0.1404
vn 0.3606 0.9300 -0.0714
vn 0.3438 0.9345 -0.0921
vn 0.3791 0.9248 -0.0322
vn 0.3567 0.9331 -0.0448
vn 0.4094 0.9124 -0.0032
vn 0.3846 0.9231 -0.0058
vn 0.4466 0.8947 0.0112
vn 0.4232 0.9058 0.0191
vn 0.4646 0.8604 -0.2093
vn 0.0612 0.4114 0.9094
vn 0.5018 0.8427 -0.1949
vn 0.4864 0.8464 -0.2168
vn -0.1015 0.4918 0.8648
vn 0.5320 0.8303 -0.1658
vn 0.5250 0.8292 -0.1919
vn 0.5505 0.8251 -0.1267
vn 0.5529 0.8191 -0.1529
vn 0.5547 0.8279 -0.0832
vn 0.5659 0.8177 -0.1056
vn 0.5437 0.8382 -0.0422
vn 0.5620 0.8252 -0.0573
vn 0.5192 0.8546 -0.0099
vn 0.5416 0.8405 -0.0154
vn 0.4852 0.8744 0.0089
vn 0.5082 0.8611 0.0139
vn 0.5049 0.5764 0.6425
vn 0.3803 0.6464 0.6614
vn 0.5006 0.5589 0.6611
vn 0.3711 0.6262 0.6857
vn 0.1280 0.1631 0.9783
vn 0.2194 0.2088 0.9530
vn 0.0897 0.0555 0.9944
vn 0.1472 0.1671 0.9749
vn 0.3454 0.5704 0.7452
vn 0.4666 0.8841 0.0260
vn 0.0249 0.0048 0.9997
vn -0.8633 0.0980 0.4951
vn -0.8422 0.1177 0.5261
vn -0.5377 0.0769 0.8396
vn -0.4228 0.0451 0.9051
vn -0.4458 0.0583 0.8932
vn -0.5949 0.0941 0.7983
vn -0.6022 0.1686 0.7803
vn -0.6138 0.1881 0.7667
vn -0.9682 0.0808 0.2369
vn -0.9911 0.1332 -0.0019
vn -0.9849 0.1509 0.0844
vn -0.6504 0.0215 -0.7593
vn -0.8411 0.0779 -0.5353
vn -0.9759 0.1099 -0.1884
vn -0.9853 0.1333 -0.1070
vn -0.9350 0.1328 -0.3288
vn -0.2703 0.0141 0.9627
vn -0.2784 0.0557 0.9588
vn -0.2085 0.0728 -0.9753
vn -0.4202 0.0962 -0.9023
vn -0.2769 0.0934 -0.9564
vn -0.2793 0.0825 -0.9566
vn -0.4504 0.1329 -0.8829
vn -0.0825 0.0229 -0.9963
vn -0.0932 0.0388 -0.9949
vn -0.0410 0.0207 -0.9989
vn -0.0186 0.0046 -0.9998
vn 0.0747 -0.0112 -0.9971
vn 0.9108 -0.0943 -0.4019
vn 0.8900 0.0066 0.4558
vn 0.8784 -0.0238 0.4773
vn 0.2981 -0.0833 -0.9509
vn 0.4070 -0.0802 -0.9099
vn 0.2344 -0.0505 -0.9708
vn 0.0742 -0.0267 -0.9969
vn 0.9323 -0.0071 0.3616
vn 0.8614 -0.4770 0.1748
vn 0.8433 -0.5251 0.1145
vn 0.8494 -0.5277 -0.0069
vn -0.0768 -0.0189 0.9969
vn 0.0071 -0.0223 0.9997
vn 0.0057 0.0032 1.0000
vn -0.0887 -0.0036 0.9960
vn -0.1014 0.0355 0.9942
vn 0.7526 -0.0694 0.6548
vn 0.9573 -0.0551 -0.2839
vn -0.2843 0.0882 0.9547
vn -0.9177 0.2705 -0.2911
vn -0.9294 0.2471 -0.2743
vn -0.9623 0.2592 -0.0827
vn -0.9536 0.2843 -0.0994
vn -0.4549 0.0946 0.8855
vn -0.4478 0.1276 0.8850
vn -0.6979 0.1136 0.7071
vn -0.7378 0.1261 0.6631
vn -0.9582 0.2632 0.1126
vn -0.9532 0.2870 0.0954
vn -0.9168 0.2784 0.2862
vn -0.9177 0.2559 0.3037
vn -0.4608 0.1376 0.8768
vn -0.8463 0.2464 -0.4724
vn -0.8598 0.2284 -0.4567
vn -0.7415 0.2134 -0.6361
vn -0.7567 0.2019 -0.6218
vn -0.6076 0.1746 -0.7748
vn -0.0130 0.0573 -0.9983
vn 0.8568 -0.4066 -0.3169
vn 0.8871 -0.1809 0.4246
vn 0.8805 -0.1848 0.4366
vn 0.6440 -0.3951 -0.6550
vn 0.6478 -0.1565 -0.7455
vn 0.2471 -0.0100 -0.9689
vn 0.6968 -0.1225 -0.7067
vn 0.8519 -0.4885 -0.1888
vn 0.0123 -0.0345 0.9993
vn 0.3268 -0.0912 0.9407
vn 0.2709 -0.0457 0.9615
vn 0.0245 0.0053 0.9997
vn 0.8950 -0.3744 0.2424
vn 0.6947 -0.0506 0.7175
vn 0.9770 -0.0393 -0.2096
vn 0.8834 -0.2318 0.4072
vn 0.7515 -0.1079 0.6508
vn 0.7681 -0.1630 0.6192
vn -0.6731 0.0817 -0.7350
vn -0.6445 0.0998 -0.7580
vn -0.9677 0.1149 0.2242
vn -0.9627 0.1406 0.2310
vn -0.9864 0.1277 -0.1036
vn -0.9517 0.1321 -0.2772
vn -0.9878 0.1333 -0.0805
vn -0.9590 0.1173 -0.2580
vn -0.9533 0.1353 -0.2699
vn -0.9536 0.1284 -0.2724
vn -0.9567 0.1103 -0.2693
vn -0.9483 0.1158 -0.2954
vn -0.8665 0.1077 -0.4874
vn -0.8577 0.1240 -0.4989
vn -0.6048 0.1285 0.7859
vn -0.7421 0.1608 0.6507
vn -0.8512 0.1865 0.4906
vn -0.9287 0.2023 0.3107
vn -0.9717 0.2042 0.1185
vn -0.9778 0.1952 -0.0762
vn -0.9462 0.1856 -0.2650
vn -0.8767 0.1782 -0.4468
vn -0.7720 0.1655 -0.6137
vn 0.3643 0.0822 -0.9277
vn 0.7529 -0.5265 -0.3948
vn 0.8321 -0.4509 -0.3228
vn 0.9135 -0.1280 -0.3861
vn 0.8269 -0.5350 -0.1730
vn 0.8227 -0.5191 -0.2317
vn 0.8447 -0.4858 -0.2249
vn 0.8585 -0.4919 -0.1449
vn 0.9534 -0.1784 -0.2435
vn 0.9627 -0.2171 -0.1612
vn 0.8455 -0.5275 0.0831
vn 0.8414 -0.5403 0.0004
vn 0.8565 -0.5156 0.0243
vn 0.8412 -0.5343 0.0830
vn 0.9723 -0.2335 0.0129
vn 0.9706 -0.2315 0.0660
vn 0.8042 -0.5722 0.1609
vn 0.8344 -0.5462 0.0731
vn 0.8549 -0.5170 0.0430
vn 0.8651 -0.4983 0.0569
vn 0.9769 -0.2109 0.0351
vn 0.9864 -0.1543 0.0557
vn 0.7119 -0.6077 0.3521
vn 0.8536 -0.4643 0.2361
vn 0.9646 -0.0814 0.2510
vn 0.6213 -0.4347 0.6519
vn 0.6099 -0.3882 0.6908
vn 0.7121 -0.1376 0.6884
vn 0.9947 -0.0716 0.0742
vn 0.9183 -0.0522 0.3924
vn 0.8899 -0.0612 0.4520
vn 0.9022 -0.0924 0.4213
vn 0.7898 -0.1150 0.6025
vn 0.9969 -0.0329 -0.0716
vt 0.898993 0.548733
vt 0.896316 0.548733
vt 0.896316 0.540338
vt 0.898993 0.540338
vt 0.898993 0.565524
vt 0.896316 0.565524
vt 0.896316 0.557129
vt 0.898993 0.557129
vt 0.898993 0.582317
vt 0.896316 0.582317
vt 0.896316 0.573921
vt 0.898993 0.573921
vt 0.898993 0.599109
vt 0.896316 0.599109
vt 0.896316 0.590713
vt 0.898993 0.590713
vt 0.898993 0.607504
vt 0.898993 0.615898
vt 0.896316 0.615898
vt 0.896316 0.607504
vt 0.896316 0.355653
vt 0.898993 0.355653
vt 0.898993 0.364048
vt 0.896316 0.364048
vt 0.749102 0.650737
vt 0.747338 0.653963
vt 0.740035 0.649035
vt 0.742386 0.646203
vt 0.807406 0.619520
vt 0.782101 0.617931
vt 0.781954 0.615155
vt 0.807249 0.611971
vt 0.803376 0.634093
vt 0.780944 0.623472
vt 0.781803 0.620731
vt 0.806045 0.626968
vt 0.793993 0.646263
vt 0.777796 0.628531
vt 0.779645 0.626118
vt 0.799267 0.640575
vt 0.780319 0.653996
vt 0.772695 0.632349
vt 0.775481 0.630655
vt 0.787562 0.650753
vt 0.764424 0.655655
vt 0.766080 0.633919
vt 0.769521 0.633444
vt 0.772480 0.655590
vt 0.759187 0.632286
vt 0.762584 0.633448
vt 0.756544 0.653941
vt 0.769334 0.602713
vt 0.772478 0.576780
vt 0.779986 0.578333
vt 0.771969 0.603328
vt 0.763919 0.603002
vt 0.757374 0.578094
vt 0.764845 0.576776
vt 0.766624 0.602600
vt 0.805778 0.604551
vt 0.781280 0.612491
vt 0.780157 0.609996
vt 0.802854 0.597551
vt 0.778599 0.607777
vt 0.777011 0.609089
vt 0.775339 0.607499
vt 0.776659 0.605891
vt 0.779296 0.613115
vt 0.778323 0.610999
vt 0.779998 0.617735
vt 0.779856 0.615384
vt 0.779019 0.622430
vt 0.779727 0.620106
vt 0.776338 0.626702
vt 0.777896 0.624658
vt 0.772002 0.629908
vt 0.774360 0.628479
vt 0.766393 0.631216
vt 0.769309 0.630821
vt 0.760509 0.629866
vt 0.763419 0.630834
vt 0.775438 0.610424
vt 0.774051 0.609093
vt 0.777328 0.613767
vt 0.776520 0.612018
vt 0.777894 0.617614
vt 0.777771 0.615662
vt 0.777034 0.621512
vt 0.777630 0.619586
vt 0.774737 0.624995
vt 0.776046 0.623333
vt 0.771117 0.627519
vt 0.773063 0.626399
vt 0.766563 0.628462
vt 0.768914 0.628196
vt 0.761899 0.627323
vt 0.764192 0.628130
vt 0.767531 0.617019
vt 0.801427 0.588982
vt 0.798729 0.591128
vt 0.793368 0.585647
vt 0.795635 0.582981
vt 0.896316 0.456396
vt 0.898993 0.456396
vt 0.898993 0.464790
vt 0.896316 0.464790
vt 0.896316 0.439608
vt 0.898993 0.439608
vt 0.898993 0.448002
vt 0.896316 0.448002
vt 0.896316 0.422819
vt 0.898993 0.422819
vt 0.898993 0.431213
vt 0.896316 0.431213
vt 0.896316 0.406028
vt 0.898993 0.406028
vt 0.898993 0.414424
vt 0.896316 0.414424
vt 0.896316 0.389236
vt 0.898993 0.389236
vt 0.898993 0.397633
vt 0.896316 0.397633
vt 0.896316 0.372444
vt 0.898993 0.372444
vt 0.898993 0.380840
vt 0.896316 0.380840
vt 0.758897 0.605248
vt 0.743896 0.584807
vt 0.750334 0.580863
vt 0.761312 0.603872
vt 0.754857 0.609214
vt 0.733806 0.596067
vt 0.738362 0.589974
vt 0.756701 0.607010
vt 0.752299 0.614595
vt 0.728629 0.610536
vt 0.730569 0.603026
vt 0.753332 0.611736
vt 0.751840 0.620950
vt 0.729503 0.626221
vt 0.728321 0.618373
vt 0.751761 0.617691
vt 0.754090 0.627366
vt 0.736689 0.640496
vt 0.732394 0.633680
vt 0.752632 0.624213
vt 0.756374 0.630054
vt 0.769087 0.604758
vt 0.771328 0.605307
vt 0.764465 0.605008
vt 0.766771 0.604685
vt 0.760197 0.606912
vt 0.762252 0.605763
vt 0.756773 0.610272
vt 0.758347 0.608420
vt 0.754625 0.614835
vt 0.755505 0.612419
vt 0.754268 0.620215
vt 0.754197 0.617459
vt 0.756196 0.625642
vt 0.754954 0.622975
vt 0.758123 0.627940
vt 0.770682 0.607252
vt 0.768813 0.606803
vt 0.766887 0.606752
vt 0.764979 0.607017
vt 0.761435 0.608617
vt 0.763145 0.607668
vt 0.758618 0.611446
vt 0.759917 0.609905
vt 0.756927 0.615261
vt 0.757619 0.613261
vt 0.756757 0.619670
vt 0.756649 0.617428
vt 0.757377 0.621890
vt 0.758423 0.624013
vt 0.759982 0.625829
vt 0.772461 0.608000
vt 0.955638 0.684512
vt 0.949574 0.684512
vt 0.949575 0.665310
vt 0.955638 0.665310
vt 0.955638 0.722917
vt 0.949574 0.722917
vt 0.949574 0.703715
vt 0.955638 0.703715
vt 0.955638 0.761323
vt 0.949574 0.761323
vt 0.949574 0.742120
vt 0.955638 0.742120
vt 0.955638 0.799731
vt 0.949575 0.799731
vt 0.949574 0.780527
vt 0.955638 0.780527
vt 0.955638 0.838143
vt 0.949575 0.838143
vt 0.949574 0.818937
vt 0.955638 0.818937
vt 0.955638 0.876559
vt 0.949574 0.876559
vt 0.949574 0.857351
vt 0.955638 0.857351
vt 0.955638 0.914973
vt 0.949574 0.914973
vt 0.949575 0.895766
vt 0.955638 0.895766
vt 0.955638 0.953381
vt 0.949574 0.953381
vt 0.949574 0.934177
vt 0.955638 0.934177
vt 0.949574 0.358037
vt 0.955638 0.358037
vt 0.955638 0.377241
vt 0.949574 0.377241
vt 0.949574 0.396448
vt 0.955638 0.396448
vt 0.955638 0.415655
vt 0.949574 0.415655
vt 0.949574 0.434863
vt 0.955638 0.434863
vt 0.955638 0.454070
vt 0.949574 0.454070
vt 0.949574 0.473277
vt 0.955638 0.473277
vt 0.955638 0.492483
vt 0.949574 0.492483
vt 0.949574 0.511687
vt 0.955638 0.511687
vt 0.955638 0.530891
vt 0.949574 0.530891
vt 0.949574 0.550093
vt 0.955638 0.550093
vt 0.955638 0.569296
vt 0.949575 0.569296
vt 0.949574 0.588499
vt 0.955638 0.588499
vt 0.955638 0.607702
vt 0.949575 0.607702
vt 0.949575 0.626904
vt 0.955638 0.626904
vt 0.955638 0.646107
vt 0.949574 0.646107
vt 0.963196 0.684512
vt 0.963196 0.665310
vt 0.963196 0.722917
vt 0.963196 0.703715
vt 0.963196 0.761323
vt 0.963196 0.742120
vt 0.963196 0.799731
vt 0.963196 0.780527
vt 0.963196 0.838143
vt 0.963196 0.818937
vt 0.963196 0.876559
vt 0.963196 0.857351
vt 0.963196 0.914973
vt 0.963196 0.895766
vt 0.963196 0.934177
vt 0.963196 0.953381
vt 0.963196 0.358037
vt 0.963196 0.377241
vt 0.963196 0.396448
vt 0.963196 0.415655
vt 0.963196 0.434863
vt 0.963196 0.454070
vt 0.963196 0.473277
vt 0.963196 0.492483
vt 0.963196 0.511687
vt 0.963196 0.530891
vt 0.963196 0.550093
vt 0.963196 0.569296
vt 0.963196 0.588499
vt 0.963196 0.607702
vt 0.963196 0.626904
vt 0.963196 0.646107
vt 0.943651 0.684512
vt 0.943651 0.665310
vt 0.943651 0.722917
vt 0.943651 0.703715
vt 0.943651 0.761323
vt 0.943651 0.742120
vt 0.943651 0.799731
vt 0.943651 0.780527
vt 0.943651 0.838143
vt 0.943651 0.818937
vt 0.943651 0.876559
vt 0.943651 0.857351
vt 0.943651 0.914973
vt 0.943651 0.895766
vt 0.943651 0.953381
vt 0.943651 0.934177
vt 0.943651 0.358037
vt 0.943651 0.377241
vt 0.943651 0.396448
vt 0.943651 0.415655
vt 0.943651 0.434863
vt 0.943651 0.454070
vt 0.943651 0.473277
vt 0.943651 0.492483
vt 0.943651 0.511687
vt 0.943651 0.530891
vt 0.943651 0.550093
vt 0.943651 0.569296
vt 0.943651 0.588499
vt 0.943651 0.607702
vt 0.943651 0.626904
vt 0.943651 0.646107
vt 0.939555 0.703715
vt 0.939555 0.684512
vt 0.939555 0.742120
vt 0.939555 0.722917
vt 0.939555 0.780527
vt 0.939555 0.761323
vt 0.939555 0.818937
vt 0.939555 0.799731
vt 0.939555 0.857351
vt 0.939555 0.838143
vt 0.939555 0.895766
vt 0.939555 0.876559
vt 0.939555 0.934177
vt 0.939555 0.914973
vt 0.939555 0.338834
vt 0.943651 0.338833
vt 0.939555 0.358037
vt 0.939555 0.377241
vt 0.939555 0.396448
vt 0.939555 0.415655
vt 0.939554 0.434863
vt 0.939554 0.454070
vt 0.939554 0.473277
vt 0.939554 0.492483
vt 0.939555 0.511687
vt 0.939555 0.530891
vt 0.939554 0.550093
vt 0.939555 0.569296
vt 0.939555 0.588499
vt 0.939555 0.607702
vt 0.939555 0.626904
vt 0.285884 0.998235
vt 0.285884 0.994485
vt 0.306177 0.994485
vt 0.306177 0.998235
vt 0.245299 0.998235
vt 0.245299 0.994485
vt 0.265592 0.994485
vt 0.265592 0.998235
vt 0.204714 0.998235
vt 0.204714 0.994485
vt 0.225007 0.994485
vt 0.225007 0.998235
vt 0.164127 0.998235
vt 0.164127 0.994485
vt 0.184420 0.994485
vt 0.184420 0.998235
vt 0.123535 0.998235
vt 0.123535 0.994485
vt 0.143831 0.994485
vt 0.143831 0.998235
vt 0.082939 0.998235
vt 0.082939 0.994485
vt 0.103237 0.994485
vt 0.103237 0.998235
vt 0.042345 0.998235
vt 0.042345 0.994485
vt 0.062642 0.994485
vt 0.062642 0.998235
vt 0.001758 0.998235
vt 0.001758 0.994485
vt 0.022052 0.994485
vt 0.022052 0.998235
vt 0.630886 0.994485
vt 0.630886 0.998235
vt 0.610593 0.998235
vt 0.610593 0.994485
vt 0.590296 0.994485
vt 0.590296 0.998235
vt 0.569999 0.998235
vt 0.569999 0.994485
vt 0.549701 0.994485
vt 0.549701 0.998235
vt 0.529403 0.998235
vt 0.529403 0.994485
vt 0.509107 0.994485
vt 0.509107 0.998235
vt 0.488811 0.998235
vt 0.488811 0.994485
vt 0.468517 0.994485
vt 0.468517 0.998235
vt 0.448224 0.998235
vt 0.448224 0.994485
vt 0.427931 0.994485
vt 0.427931 0.998235
vt 0.407638 0.998235
vt 0.407638 0.994485
vt 0.387346 0.994485
vt 0.387346 0.998235
vt 0.367054 0.998235
vt 0.367054 0.994485
vt 0.346761 0.994485
vt 0.346761 0.998235
vt 0.326469 0.998235
vt 0.326469 0.994485
vt 0.285884 0.989243
vt 0.306177 0.989243
vt 0.245299 0.989243
vt 0.265592 0.989243
vt 0.204714 0.989243
vt 0.225007 0.989243
vt 0.164127 0.989243
vt 0.184420 0.989243
vt 0.123535 0.989243
vt 0.143831 0.989243
vt 0.082939 0.989243
vt 0.103237 0.989243
vt 0.042345 0.989243
vt 0.062642 0.989243
vt 0.001758 0.989243
vt 0.022052 0.989243
vt 0.630886 0.989243
vt 0.610593 0.989243
vt 0.590296 0.989243
vt 0.569999 0.989243
vt 0.549701 0.989243
vt 0.529403 0.989243
vt 0.509107 0.989243
vt 0.488811 0.989243
vt 0.468517 0.989243
vt 0.448224 0.989243
vt 0.427931 0.989243
vt 0.407638 0.989243
vt 0.387346 0.989243
vt 0.367054 0.989243
vt 0.346761 0.989243
vt 0.326469 0.989243
vt 0.285884 0.983787
vt 0.306177 0.983787
vt 0.245299 0.983787
vt 0.265592 0.983787
vt 0.204714 0.983787
vt 0.225007 0.983787
vt 0.164127 0.983787
vt 0.184420 0.983787
vt 0.123535 0.983787
vt 0.143831 0.983787
vt 0.082939 0.983787
vt 0.103237 0.983787
vt 0.042345 0.983787
vt 0.062642 0.983787
vt 0.001758 0.983787
vt 0.022052 0.983787
vt 0.630886 0.983787
vt 0.610593 0.983787
vt 0.590296 0.983787
vt 0.569999 0.983787
vt 0.549701 0.983787
vt 0.529403 0.983787
vt 0.509107 0.983787
vt 0.488811 0.983787
vt 0.468517 0.983787
vt 0.448224 0.983787
vt 0.427931 0.983787
vt 0.407638 0.983787
vt 0.387346 0.983787
vt 0.367054 0.983787
vt 0.346761 0.983787
vt 0.326469 0.983787
vt 0.285884 0.981113
vt 0.306177 0.981113
vt 0.245299 0.981113
vt 0.265592 0.981113
vt 0.204714 0.981113
vt 0.225007 0.981113
vt 0.164127 0.981113
vt 0.184420 0.981113
vt 0.123535 0.981113
vt 0.143831 0.981113
vt 0.082939 0.981113
vt 0.103237 0.981113
vt 0.042345 0.981113
vt 0.062642 0.981113
vt 0.001758 0.981113
vt 0.022052 0.981113
vt 0.630886 0.981113
vt 0.610593 0.981113
vt 0.590296 0.981113
vt 0.569999 0.981113
vt 0.549701 0.981113
vt 0.529403 0.981113
vt 0.509107 0.981113
vt 0.488811 0.981113
vt 0.468517 0.981113
vt 0.448224 0.981113
vt 0.427931 0.981113
vt 0.407638 0.981113
vt 0.387346 0.981113
vt 0.367054 0.981113
vt 0.346761 0.981113
vt 0.326469 0.981113
vt 0.265592 0.977614
vt 0.285884 0.977614
vt 0.225007 0.977614
vt 0.245299 0.977614
vt 0.184420 0.977614
vt 0.204714 0.977614
vt 0.143831 0.977614
vt 0.164127 0.977614
vt 0.103237 0.977614
vt 0.123535 0.977614
vt 0.062642 0.977614
vt 0.082939 0.977614
vt 0.022052 0.977614
vt 0.042345 0.977614
vt 0.651180 0.977614
vt 0.651180 0.981113
vt 0.630886 0.977614
vt 0.610593 0.977614
vt 0.590296 0.977614
vt 0.569999 0.977614
vt 0.549701 0.977614
vt 0.529403 0.977614
vt 0.509107 0.977614
vt 0.488811 0.977614
vt 0.468517 0.977614
vt 0.448224 0.977614
vt 0.427931 0.977614
vt 0.407638 0.977614
vt 0.387346 0.977614
vt 0.367054 0.977614
vt 0.346761 0.977614
vt 0.939555 0.665310
vt 0.939555 0.646107
vt 0.184415 0.748254
vt 0.204764 0.748204
vt 0.204973 0.856925
vt 0.184684 0.857065
vt 0.103448 0.590428
vt 0.083456 0.590568
vt 0.082939 0.524754
vt 0.103237 0.524754
vt 0.165112 0.864390
vt 0.164759 0.872295
vt 0.143831 0.864399
vt 0.164526 0.857184
vt 0.022082 0.591628
vt 0.022052 0.524754
vt 0.042345 0.524754
vt 0.042387 0.591607
vt 0.651180 0.864399
vt 0.630886 0.864399
vt 0.448205 0.870224
vt 0.427931 0.864399
vt 0.529403 0.870382
vt 0.509107 0.870239
vt 0.488811 0.870113
vt 0.590476 0.637969
vt 0.590459 0.629266
vt 0.610593 0.637969
vt 0.590296 0.646285
vt 0.407638 0.864399
vt 0.387346 0.864399
vt 0.367054 0.864399
vt 0.346761 0.864399
vt 0.083387 0.751903
vt 0.103472 0.751905
vt 0.103237 0.864399
vt 0.082939 0.864399
vt 0.326469 0.977614
vt 0.326469 0.864399
vt 0.285874 0.591669
vt 0.285884 0.524754
vt 0.306177 0.524754
vt 0.306153 0.591658
vt 0.285649 0.864369
vt 0.285799 0.857627
vt 0.306177 0.864399
vt 0.285894 0.871182
vt 0.225058 0.748235
vt 0.225238 0.856973
vt 0.184680 0.871953
vt 0.001754 0.591838
vt 0.001758 0.524754
vt 0.610593 0.864399
vt 0.590298 0.752221
vt 0.569999 0.752227
vt 0.569999 0.646144
vt 0.549701 0.752227
vt 0.529403 0.752222
vt 0.529403 0.646106
vt 0.549701 0.646148
vt 0.448224 0.587056
vt 0.448224 0.630179
vt 0.427931 0.630080
vt 0.427932 0.586995
vt 0.468517 0.752199
vt 0.448224 0.752197
vt 0.448224 0.645974
vt 0.468517 0.645974
vt 0.265592 0.524754
vt 0.265592 0.522638
vt 0.285884 0.522638
vt 0.225007 0.524754
vt 0.225007 0.522638
vt 0.245299 0.522638
vt 0.245299 0.524754
vt 0.184420 0.524754
vt 0.184420 0.522638
vt 0.204714 0.522638
vt 0.204714 0.524754
vt 0.143831 0.524754
vt 0.143831 0.522638
vt 0.164127 0.522638
vt 0.164127 0.524754
vt 0.103237 0.522638
vt 0.123535 0.522638
vt 0.123535 0.524754
vt 0.062642 0.524754
vt 0.062642 0.522638
vt 0.082939 0.522638
vt 0.022052 0.522638
vt 0.042345 0.522638
vt 0.651180 0.522638
vt 0.651180 0.524754
vt 0.630886 0.524754
vt 0.630886 0.522638
vt 0.610593 0.522638
vt 0.610593 0.524754
vt 0.590296 0.524754
vt 0.590296 0.522638
vt 0.569999 0.522638
vt 0.569999 0.524754
vt 0.549701 0.524754
vt 0.549701 0.522638
vt 0.529403 0.522638
vt 0.529403 0.524754
vt 0.509107 0.524754
vt 0.509107 0.522638
vt 0.488811 0.522638
vt 0.488811 0.524754
vt 0.468517 0.524754
vt 0.468517 0.522638
vt 0.448224 0.522638
vt 0.448224 0.524754
vt 0.427931 0.524754
vt 0.427931 0.522638
vt 0.407638 0.522638
vt 0.407638 0.524754
vt 0.387346 0.524754
vt 0.387346 0.522638
vt 0.367054 0.522638
vt 0.367054 0.524754
vt 0.346761 0.524754
vt 0.346761 0.522638
vt 0.265592 0.517556
vt 0.285884 0.517556
vt 0.225007 0.517556
vt 0.245299 0.517556
vt 0.184420 0.517556
vt 0.204714 0.517556
vt 0.143831 0.517556
vt 0.164127 0.517556
vt 0.103237 0.517556
vt 0.123535 0.517556
vt 0.062642 0.517556
vt 0.082939 0.517556
vt 0.022052 0.517556
vt 0.042345 0.517556
vt 0.630886 0.517556
vt 0.651180 0.517556
vt 0.610593 0.517556
vt 0.590296 0.517556
vt 0.569999 0.517556
vt 0.549701 0.517556
vt 0.529403 0.517556
vt 0.509107 0.517556
vt 0.488811 0.517556
vt 0.468517 0.517556
vt 0.448224 0.517556
vt 0.427931 0.517556
vt 0.407638 0.517556
vt 0.387346 0.517556
vt 0.367054 0.517556
vt 0.346761 0.517556
vt 0.285884 0.515237
vt 0.306177 0.515237
vt 0.306177 0.517556
vt 0.245299 0.515237
vt 0.265592 0.515237
vt 0.204714 0.515237
vt 0.225007 0.515237
vt 0.164127 0.515237
vt 0.184420 0.515237
vt 0.123535 0.515237
vt 0.143831 0.515237
vt 0.082939 0.515237
vt 0.103237 0.515237
vt 0.042345 0.515237
vt 0.062642 0.515237
vt 0.001758 0.517556
vt 0.001758 0.515237
vt 0.022052 0.515237
vt 0.630886 0.515237
vt 0.610593 0.515237
vt 0.590296 0.515237
vt 0.569999 0.515237
vt 0.549701 0.515237
vt 0.529403 0.515237
vt 0.509107 0.515237
vt 0.488811 0.515237
vt 0.468517 0.515237
vt 0.448224 0.515237
vt 0.427931 0.515237
vt 0.407638 0.515237
vt 0.387346 0.515237
vt 0.367054 0.515237
vt 0.346761 0.515237
vt 0.326469 0.517556
vt 0.326469 0.515237
vt 0.285884 0.508575
vt 0.306177 0.508575
vt 0.245299 0.508575
vt 0.265592 0.508575
vt 0.204714 0.508575
vt 0.225007 0.508575
vt 0.164127 0.508575
vt 0.184420 0.508575
vt 0.123535 0.508575
vt 0.143831 0.508575
vt 0.082939 0.508575
vt 0.103237 0.508575
vt 0.042345 0.508575
vt 0.062642 0.508575
vt 0.001758 0.508575
vt 0.022052 0.508575
vt 0.630886 0.508575
vt 0.610593 0.508575
vt 0.590296 0.508575
vt 0.569999 0.508575
vt 0.549701 0.508575
vt 0.529403 0.508575
vt 0.509107 0.508575
vt 0.488811 0.508575
vt 0.468517 0.508575
vt 0.448224 0.508575
vt 0.427931 0.508575
vt 0.407638 0.508575
vt 0.387346 0.508575
vt 0.367054 0.508575
vt 0.326469 0.508575
vt 0.346761 0.508575
vt 0.265592 0.501757
vt 0.285884 0.501757
vt 0.225007 0.501757
vt 0.245299 0.501757
vt 0.184420 0.501757
vt 0.204714 0.501757
vt 0.143831 0.501757
vt 0.164127 0.501757
vt 0.103237 0.501757
vt 0.123535 0.501757
vt 0.062642 0.501757
vt 0.082939 0.501757
vt 0.022052 0.501757
vt 0.042345 0.501757
vt 0.651180 0.501757
vt 0.651180 0.508575
vt 0.630886 0.501757
vt 0.610593 0.501757
vt 0.590296 0.501757
vt 0.569999 0.501757
vt 0.549701 0.501757
vt 0.529403 0.501757
vt 0.509107 0.501757
vt 0.488811 0.501757
vt 0.468517 0.501757
vt 0.448224 0.501757
vt 0.427931 0.501757
vt 0.407638 0.501757
vt 0.387346 0.501757
vt 0.367054 0.501757
vt 0.346761 0.501757
vt 0.815856 0.278005
vt 0.812999 0.278005
vt 0.812999 0.262660
vt 0.815856 0.262660
vt 0.815856 0.308697
vt 0.812999 0.308697
vt 0.812999 0.293351
vt 0.815856 0.293351
vt 0.815856 0.339388
vt 0.812999 0.339388
vt 0.812999 0.324043
vt 0.815856 0.324043
vt 0.815856 0.370082
vt 0.812999 0.370082
vt 0.812999 0.354735
vt 0.815856 0.354735
vt 0.815856 0.400779
vt 0.812999 0.400779
vt 0.812999 0.385430
vt 0.815856 0.385430
vt 0.815856 0.431478
vt 0.812999 0.431478
vt 0.812999 0.416128
vt 0.815856 0.416128
vt 0.815856 0.462176
vt 0.812999 0.462176
vt 0.812999 0.446827
vt 0.815856 0.446827
vt 0.812999 0.492869
vt 0.812999 0.477522
vt 0.815856 0.477522
vt 0.815856 0.492869
vt 0.812999 0.017105
vt 0.815856 0.017105
vt 0.815856 0.032451
vt 0.812999 0.032451
vt 0.812999 0.047800
vt 0.815856 0.047800
vt 0.815856 0.063150
vt 0.812999 0.063150
vt 0.812999 0.078499
vt 0.815856 0.078499
vt 0.815856 0.093849
vt 0.812999 0.093849
vt 0.812999 0.109197
vt 0.815856 0.109197
vt 0.815856 0.124546
vt 0.812999 0.124546
vt 0.812999 0.139893
vt 0.815856 0.139893
vt 0.815856 0.155239
vt 0.812999 0.155239
vt 0.812999 0.170585
vt 0.815856 0.170585
vt 0.815856 0.185931
vt 0.812999 0.185931
vt 0.812999 0.201277
vt 0.815856 0.201277
vt 0.815856 0.216622
vt 0.812999 0.216622
vt 0.815856 0.231968
vt 0.815856 0.247314
vt 0.812999 0.247314
vt 0.812999 0.231968
vt 0.808995 0.293351
vt 0.808995 0.278005
vt 0.808995 0.324043
vt 0.808995 0.308697
vt 0.808995 0.354735
vt 0.808995 0.339388
vt 0.808995 0.385430
vt 0.808995 0.370082
vt 0.808995 0.416128
vt 0.808995 0.400779
vt 0.808995 0.446827
vt 0.808995 0.431478
vt 0.808995 0.477522
vt 0.808995 0.462176
vt 0.808995 0.001758
vt 0.812999 0.001758
vt 0.808995 0.017105
vt 0.808995 0.032451
vt 0.808995 0.047800
vt 0.808995 0.063150
vt 0.808995 0.078499
vt 0.808995 0.093849
vt 0.808995 0.109197
vt 0.808995 0.124546
vt 0.808995 0.139893
vt 0.808995 0.155239
vt 0.808995 0.170585
vt 0.808995 0.185931
vt 0.808995 0.201277
vt 0.808995 0.216622
vt 0.808995 0.231968
vt 0.805321 0.293351
vt 0.805321 0.278005
vt 0.805321 0.324043
vt 0.805321 0.308697
vt 0.805321 0.354735
vt 0.805321 0.339388
vt 0.805321 0.385430
vt 0.805321 0.370082
vt 0.805321 0.416128
vt 0.805321 0.400779
vt 0.805321 0.446827
vt 0.805321 0.431478
vt 0.805321 0.477522
vt 0.805321 0.462176
vt 0.805321 0.001758
vt 0.805321 0.017105
vt 0.805321 0.032451
vt 0.805321 0.047800
vt 0.805321 0.063150
vt 0.805321 0.078499
vt 0.805321 0.093849
vt 0.805321 0.109197
vt 0.805321 0.124546
vt 0.805321 0.139893
vt 0.805321 0.155239
vt 0.805321 0.170585
vt 0.805321 0.185931
vt 0.805321 0.201277
vt 0.805321 0.216622
vt 0.805321 0.231968
vt 0.808995 0.262660
vt 0.808995 0.247314
vt 0.802397 0.278005
vt 0.802397 0.262660
vt 0.805321 0.262660
vt 0.802397 0.308697
vt 0.802397 0.293351
vt 0.802397 0.339388
vt 0.802397 0.324043
vt 0.802397 0.370082
vt 0.802397 0.354735
vt 0.802397 0.400779
vt 0.802397 0.385430
vt 0.802397 0.431478
vt 0.802397 0.416128
vt 0.802397 0.462176
vt 0.802397 0.446827
vt 0.805321 0.492869
vt 0.802397 0.492869
vt 0.802397 0.477522
vt 0.802397 0.017105
vt 0.802397 0.032451
vt 0.802397 0.047800
vt 0.802397 0.063150
vt 0.802397 0.078499
vt 0.802397 0.093849
vt 0.802397 0.109197
vt 0.802397 0.124546
vt 0.802397 0.139893
vt 0.802397 0.155239
vt 0.802397 0.170585
vt 0.802397 0.185931
vt 0.802397 0.201277
vt 0.802397 0.216622
vt 0.802397 0.247314
vt 0.802397 0.231968
vt 0.805321 0.247314
vt 0.786003 0.293351
vt 0.786003 0.278005
vt 0.786003 0.324043
vt 0.786003 0.308697
vt 0.786003 0.354735
vt 0.786003 0.339388
vt 0.786003 0.385430
vt 0.786003 0.370082
vt 0.786003 0.416128
vt 0.786003 0.400779
vt 0.786003 0.446827
vt 0.786003 0.431478
vt 0.786003 0.477522
vt 0.786003 0.462176
vt 0.802397 0.001758
vt 0.786003 0.017105
vt 0.786003 0.001758
vt 0.786003 0.047800
vt 0.786003 0.032451
vt 0.786003 0.063150
vt 0.786003 0.078499
vt 0.786003 0.093849
vt 0.786003 0.109197
vt 0.786003 0.124546
vt 0.786003 0.139893
vt 0.786003 0.155239
vt 0.786003 0.170585
vt 0.786003 0.201277
vt 0.786003 0.185931
vt 0.786003 0.231968
vt 0.786003 0.216622
vt 0.782042 0.278005
vt 0.782042 0.262660
vt 0.786003 0.262660
vt 0.782042 0.308697
vt 0.782042 0.293351
vt 0.782042 0.339388
vt 0.782042 0.324043
vt 0.782042 0.370082
vt 0.782042 0.354735
vt 0.782042 0.400779
vt 0.782042 0.385430
vt 0.782042 0.431478
vt 0.782042 0.416128
vt 0.782042 0.462176
vt 0.782042 0.446827
vt 0.786003 0.492869
vt 0.782042 0.492869
vt 0.782042 0.477522
vt 0.782042 0.017105
vt 0.782042 0.032451
vt 0.782042 0.047800
vt 0.782042 0.063150
vt 0.782042 0.078499
vt 0.782042 0.093849
vt 0.782042 0.109197
vt 0.782042 0.124546
vt 0.782042 0.139893
vt 0.782042 0.155239
vt 0.782042 0.170585
vt 0.782042 0.185931
vt 0.782042 0.201277
vt 0.782042 0.216622
vt 0.782042 0.247314
vt 0.782042 0.231968
vt 0.786003 0.247314
vt 0.774751 0.278005
vt 0.774751 0.262660
vt 0.774751 0.308697
vt 0.774751 0.293351
vt 0.774751 0.339388
vt 0.774751 0.324043
vt 0.774751 0.370082
vt 0.774751 0.354735
vt 0.774751 0.400779
vt 0.774751 0.385430
vt 0.774751 0.431478
vt 0.774751 0.416128
vt 0.774751 0.462176
vt 0.774751 0.446827
vt 0.774751 0.492869
vt 0.774751 0.477522
vt 0.774751 0.032451
vt 0.774751 0.017105
vt 0.774751 0.047800
vt 0.774751 0.063150
vt 0.774751 0.078499
vt 0.774751 0.093849
vt 0.774751 0.109197
vt 0.774751 0.124546
vt 0.774751 0.139893
vt 0.774751 0.155239
vt 0.774751 0.170585
vt 0.774751 0.185931
vt 0.774751 0.201277
vt 0.774751 0.216622
vt 0.774751 0.247314
vt 0.774751 0.231968
vt 0.766759 0.278005
vt 0.766759 0.262660
vt 0.766759 0.308697
vt 0.766759 0.293351
vt 0.766759 0.339388
vt 0.766759 0.324043
vt 0.766759 0.370082
vt 0.766759 0.354735
vt 0.766759 0.400779
vt 0.766759 0.385430
vt 0.766759 0.431478
vt 0.766759 0.416128
vt 0.766759 0.462176
vt 0.766759 0.446827
vt 0.766759 0.492869
vt 0.766759 0.477522
vt 0.766759 0.032451
vt 0.766759 0.017105
vt 0.766759 0.047800
vt 0.766759 0.063150
vt 0.766759 0.078499
vt 0.766759 0.093849
vt 0.766759 0.109197
vt 0.766759 0.124546
vt 0.766759 0.139893
vt 0.766759 0.155239
vt 0.766759 0.170585
vt 0.766759 0.185931
vt 0.766759 0.201277
vt 0.766759 0.216622
vt 0.766759 0.247314
vt 0.766759 0.231968
vt 0.757475 0.278005
vt 0.757475 0.262660
vt 0.757475 0.308697
vt 0.757475 0.293351
vt 0.757475 0.339388
vt 0.757475 0.324043
vt 0.757475 0.370082
vt 0.757475 0.354735
vt 0.757475 0.400779
vt 0.757475 0.385430
vt 0.757475 0.431478
vt 0.757475 0.416128
vt 0.757475 0.462176
vt 0.757475 0.446827
vt 0.757475 0.492869
vt 0.757475 0.477522
vt 0.757475 0.032451
vt 0.757475 0.017105
vt 0.757475 0.047800
vt 0.757475 0.063150
vt 0.757475 0.078499
vt 0.757475 0.093849
vt 0.757475 0.109197
vt 0.757475 0.124546
vt 0.757475 0.139893
vt 0.757475 0.155239
vt 0.757475 0.170585
vt 0.757475 0.185931
vt 0.757475 0.216622
vt 0.757475 0.201277
vt 0.757475 0.247314
vt 0.757475 0.231968
vt 0.749505 0.278005
vt 0.749505 0.262660
vt 0.749505 0.308697
vt 0.749505 0.293351
vt 0.749505 0.339388
vt 0.749505 0.324043
vt 0.749505 0.370082
vt 0.749505 0.354735
vt 0.749505 0.400779
vt 0.749505 0.385430
vt 0.749505 0.431478
vt 0.749505 0.416128
vt 0.749505 0.462176
vt 0.749505 0.446827
vt 0.749505 0.492869
vt 0.749505 0.477522
vt 0.749505 0.032451
vt 0.749505 0.017105
vt 0.749505 0.047800
vt 0.749505 0.063150
vt 0.749505 0.078499
vt 0.749505 0.093849
vt 0.749505 0.109197
vt 0.749505 0.124546
vt 0.749505 0.139893
vt 0.749505 0.155239
vt 0.749505 0.170585
vt 0.749505 0.185931
vt 0.749505 0.216622
vt 0.749505 0.201277
vt 0.749505 0.247314
vt 0.749505 0.231968
vt 0.747907 0.278005
vt 0.747907 0.262660
vt 0.747907 0.308697
vt 0.747907 0.293351
vt 0.747907 0.339388
vt 0.747907 0.324043
vt 0.747907 0.370082
vt 0.747907 0.354735
vt 0.747907 0.400779
vt 0.747907 0.385430
vt 0.747907 0.431478
vt 0.747907 0.416128
vt 0.747907 0.462176
vt 0.747907 0.446827
vt 0.747907 0.492869
vt 0.747907 0.477522
vt 0.747907 0.017105
vt 0.747907 0.032451
vt 0.747907 0.047800
vt 0.747907 0.063150
vt 0.747907 0.078499
vt 0.747907 0.093849
vt 0.747907 0.109197
vt 0.747907 0.124546
vt 0.747907 0.139893
vt 0.747907 0.155239
vt 0.747907 0.170585
vt 0.747907 0.185931
vt 0.747907 0.201277
vt 0.747907 0.216622
vt 0.747907 0.231968
vt 0.747907 0.247314
vt 0.744813 0.293351
vt 0.744813 0.278005
vt 0.744813 0.324043
vt 0.744813 0.308697
vt 0.744813 0.354735
vt 0.744813 0.339388
vt 0.744813 0.385430
vt 0.744813 0.370082
vt 0.744813 0.416128
vt 0.744813 0.400779
vt 0.744813 0.446827
vt 0.744813 0.431478
vt 0.744813 0.477522
vt 0.744813 0.462176
vt 0.747907 0.001758
vt 0.744813 0.017105
vt 0.744813 0.001758
vt 0.744813 0.032451
vt 0.744813 0.047800
vt 0.744813 0.063150
vt 0.744813 0.078499
vt 0.744813 0.093849
vt 0.744813 0.109197
vt 0.744813 0.124546
vt 0.744813 0.139893
vt 0.744813 0.155239
vt 0.744813 0.170585
vt 0.744813 0.185931
vt 0.744813 0.201277
vt 0.744813 0.231968
vt 0.744813 0.216622
vt 0.742395 0.293351
vt 0.742395 0.278005
vt 0.742395 0.324043
vt 0.742395 0.308697
vt 0.742395 0.354735
vt 0.742395 0.339388
vt 0.742395 0.385430
vt 0.742395 0.370082
vt 0.742395 0.416128
vt 0.742395 0.400779
vt 0.742395 0.446827
vt 0.742395 0.431478
vt 0.742395 0.477522
vt 0.742395 0.462176
vt 0.742395 0.017105
vt 0.742395 0.001758
vt 0.742395 0.032451
vt 0.742395 0.047800
vt 0.742395 0.063150
vt 0.742395 0.078499
vt 0.742395 0.093849
vt 0.742395 0.109197
vt 0.742395 0.124546
vt 0.742395 0.139893
vt 0.742395 0.155239
vt 0.742395 0.170585
vt 0.742395 0.185931
vt 0.742395 0.201277
vt 0.742395 0.216622
vt 0.742395 0.231968
vt 0.742395 0.262660
vt 0.737033 0.278005
vt 0.737033 0.262660
vt 0.737033 0.308697
vt 0.737033 0.293351
vt 0.737033 0.339388
vt 0.737033 0.324043
vt 0.737033 0.370082
vt 0.737033 0.354735
vt 0.737033 0.400779
vt 0.737033 0.385430
vt 0.737033 0.431478
vt 0.737033 0.416128
vt 0.737033 0.462176
vt 0.737033 0.446827
vt 0.737033 0.492869
vt 0.737033 0.477522
vt 0.742395 0.492869
vt 0.737033 0.032451
vt 0.737033 0.017105
vt 0.737033 0.047800
vt 0.737033 0.063150
vt 0.737033 0.078499
vt 0.737033 0.093849
vt 0.737033 0.109197
vt 0.737033 0.124546
vt 0.737033 0.139893
vt 0.737033 0.155239
vt 0.737033 0.170585
vt 0.737033 0.185931
vt 0.737033 0.216622
vt 0.737033 0.201277
vt 0.742395 0.247314
vt 0.737033 0.247314
vt 0.737033 0.231968
vt 0.926573 0.498367
vt 0.925695 0.498367
vt 0.925695 0.489973
vt 0.926573 0.489973
vt 0.926573 0.515155
vt 0.925695 0.515155
vt 0.925695 0.506761
vt 0.926573 0.506761
vt 0.926573 0.531944
vt 0.925695 0.531944
vt 0.925695 0.523549
vt 0.926573 0.523549
vt 0.926573 0.548733
vt 0.925695 0.548733
vt 0.925695 0.540338
vt 0.926573 0.540338
vt 0.926573 0.565524
vt 0.925695 0.565524
vt 0.925695 0.557129
vt 0.926573 0.557129
vt 0.926573 0.582317
vt 0.925695 0.582317
vt 0.925695 0.573921
vt 0.926573 0.573921
vt 0.926573 0.599109
vt 0.925695 0.599109
vt 0.925695 0.590713
vt 0.926573 0.590713
vt 0.926573 0.615898
vt 0.925695 0.615898
vt 0.925695 0.607504
vt 0.926573 0.607504
vt 0.925695 0.355653
vt 0.926573 0.355653
vt 0.926573 0.364048
vt 0.925695 0.364048
vt 0.925695 0.372444
vt 0.926573 0.372444
vt 0.926573 0.380840
vt 0.925695 0.380840
vt 0.925695 0.389236
vt 0.926573 0.389236
vt 0.926573 0.397633
vt 0.925695 0.397633
vt 0.925695 0.406028
vt 0.926573 0.406028
vt 0.926573 0.414424
vt 0.925695 0.414424
vt 0.925695 0.422819
vt 0.926573 0.422819
vt 0.926573 0.431213
vt 0.925695 0.431213
vt 0.925695 0.439608
vt 0.926573 0.439608
vt 0.926573 0.448002
vt 0.925695 0.448002
vt 0.925695 0.456396
vt 0.926573 0.456396
vt 0.926573 0.464790
vt 0.925695 0.464790
vt 0.925695 0.473184
vt 0.926573 0.473184
vt 0.926573 0.481578
vt 0.925695 0.481578
vt 0.919952 0.498367
vt 0.919952 0.489973
vt 0.919952 0.515155
vt 0.919952 0.506761
vt 0.919952 0.531944
vt 0.919952 0.523549
vt 0.919952 0.548733
vt 0.919952 0.540338
vt 0.919952 0.565524
vt 0.919952 0.557129
vt 0.919952 0.582317
vt 0.919952 0.573921
vt 0.919952 0.599109
vt 0.919952 0.590713
vt 0.919952 0.615898
vt 0.919952 0.607504
vt 0.919952 0.355653
vt 0.919952 0.364048
vt 0.919952 0.372444
vt 0.919952 0.380840
vt 0.919952 0.389236
vt 0.919952 0.397633
vt 0.919952 0.406028
vt 0.919952 0.414424
vt 0.919952 0.422819
vt 0.919952 0.431213
vt 0.919952 0.439608
vt 0.919952 0.448002
vt 0.919952 0.456396
vt 0.919952 0.464790
vt 0.919952 0.473184
vt 0.919952 0.481578
vt 0.916961 0.498367
vt 0.916961 0.489973
vt 0.916961 0.515155
vt 0.916961 0.506761
vt 0.916961 0.531944
vt 0.916961 0.523549
vt 0.916961 0.548733
vt 0.916961 0.540338
vt 0.916961 0.565524
vt 0.916961 0.557129
vt 0.916961 0.582317
vt 0.916961 0.573921
vt 0.916961 0.599109
vt 0.916961 0.590713
vt 0.916961 0.615898
vt 0.916961 0.607504
vt 0.916961 0.364048
vt 0.916961 0.355653
vt 0.916961 0.372444
vt 0.916961 0.380840
vt 0.916961 0.389236
vt 0.916961 0.397633
vt 0.916961 0.406028
vt 0.916961 0.414424
vt 0.916961 0.422819
vt 0.916961 0.431213
vt 0.916961 0.439608
vt 0.916961 0.448002
vt 0.916961 0.456396
vt 0.916961 0.464790
vt 0.916961 0.481578
vt 0.916961 0.473184
vt 0.912806 0.498367
vt 0.912806 0.489973
vt 0.912806 0.515155
vt 0.912806 0.506761
vt 0.912806 0.531944
vt 0.912806 0.523549
vt 0.912806 0.548733
vt 0.912806 0.540338
vt 0.912806 0.565524
vt 0.912806 0.557129
vt 0.912806 0.582317
vt 0.912806 0.573921
vt 0.912806 0.599109
vt 0.912806 0.590713
vt 0.912806 0.615898
vt 0.912806 0.607504
vt 0.912806 0.364048
vt 0.912806 0.355653
vt 0.912806 0.372444
vt 0.912806 0.380840
vt 0.912806 0.389236
vt 0.912806 0.397633
vt 0.912806 0.406028
vt 0.912806 0.414424
vt 0.912806 0.422819
vt 0.912806 0.431213
vt 0.912806 0.439608
vt 0.912806 0.448002
vt 0.912806 0.456396
vt 0.912806 0.464790
vt 0.912806 0.481578
vt 0.912806 0.473184
vt 0.906022 0.498367
vt 0.906022 0.489973
vt 0.906022 0.515155
vt 0.906022 0.506761
vt 0.906022 0.531944
vt 0.906022 0.523549
vt 0.906022 0.548733
vt 0.906022 0.540338
vt 0.906022 0.565524
vt 0.906022 0.557129
vt 0.906022 0.582317
vt 0.906022 0.573921
vt 0.906022 0.599109
vt 0.906022 0.590713
vt 0.906022 0.615898
vt 0.906022 0.607504
vt 0.906022 0.364048
vt 0.906022 0.355653
vt 0.906022 0.380840
vt 0.906022 0.372444
vt 0.906022 0.389236
vt 0.906022 0.397633
vt 0.906022 0.406028
vt 0.906022 0.414424
vt 0.906022 0.422819
vt 0.906022 0.431213
vt 0.906022 0.439608
vt 0.906022 0.448002
vt 0.906022 0.464790
vt 0.906022 0.456396
vt 0.906022 0.481578
vt 0.906022 0.473184
vt 0.905227 0.498367
vt 0.905227 0.489973
vt 0.905227 0.515155
vt 0.905228 0.506761
vt 0.905228 0.531944
vt 0.905227 0.523549
vt 0.905227 0.548733
vt 0.905228 0.540338
vt 0.905228 0.565524
vt 0.905228 0.557129
vt 0.905228 0.582317
vt 0.905228 0.573921
vt 0.905228 0.599109
vt 0.905228 0.590713
vt 0.905228 0.615898
vt 0.905228 0.607504
vt 0.905228 0.355653
vt 0.905228 0.364048
vt 0.905227 0.372444
vt 0.905227 0.380840
vt 0.905228 0.389236
vt 0.905228 0.397633
vt 0.905228 0.406028
vt 0.905227 0.414424
vt 0.905228 0.422819
vt 0.905227 0.431213
vt 0.905228 0.439608
vt 0.905227 0.448002
vt 0.905228 0.456396
vt 0.905228 0.464790
vt 0.905228 0.473184
vt 0.905227 0.481578
vt 0.903541 0.498367
vt 0.903541 0.489973
vt 0.903541 0.515155
vt 0.903541 0.506761
vt 0.903541 0.531944
vt 0.903541 0.523549
vt 0.903541 0.548733
vt 0.903541 0.540338
vt 0.903541 0.565524
vt 0.903541 0.557129
vt 0.903541 0.582317
vt 0.903541 0.573921
vt 0.903541 0.599109
vt 0.903541 0.590713
vt 0.903541 0.615898
vt 0.903541 0.607504
vt 0.903541 0.355653
vt 0.903541 0.364048
vt 0.903541 0.372444
vt 0.903541 0.380840
vt 0.903541 0.389236
vt 0.903541 0.397633
vt 0.903541 0.406028
vt 0.903541 0.414424
vt 0.903541 0.422819
vt 0.903541 0.431213
vt 0.903541 0.439608
vt 0.903541 0.448002
vt 0.903541 0.456396
vt 0.903541 0.464790
vt 0.903541 0.473184
vt 0.903541 0.481578
vt 0.902002 0.498367
vt 0.902002 0.489973
vt 0.902002 0.515155
vt 0.902002 0.506761
vt 0.902002 0.531944
vt 0.902002 0.523549
vt 0.902002 0.548733
vt 0.902002 0.540338
vt 0.902002 0.565524
vt 0.902002 0.557129
vt 0.902002 0.582317
vt 0.902002 0.573921
vt 0.902002 0.599109
vt 0.902002 0.590713
vt 0.902002 0.615898
vt 0.902002 0.607504
vt 0.902002 0.355653
vt 0.902002 0.364048
vt 0.902002 0.372444
vt 0.902002 0.380840
vt 0.902002 0.389236
vt 0.902002 0.397633
vt 0.902002 0.406028
vt 0.902002 0.414424
vt 0.902002 0.422819
vt 0.902002 0.431213
vt 0.902002 0.439608
vt 0.902002 0.448002
vt 0.902002 0.456396
vt 0.902002 0.464790
vt 0.902002 0.481578
vt 0.902002 0.473184
vt 0.898993 0.498367
vt 0.898993 0.489973
vt 0.898993 0.515155
vt 0.898993 0.506761
vt 0.898993 0.531944
vt 0.898993 0.523549
vt 0.898993 0.481578
vt 0.898993 0.473184
vt 0.896316 0.515155
vt 0.896316 0.506761
vt 0.896316 0.531944
vt 0.896316 0.523549
vt 0.896316 0.481578
vt 0.896316 0.473184
vt 0.974793 0.665310
vt 0.974793 0.684512
vt 0.974793 0.722917
vt 0.974793 0.703715
vt 0.974793 0.761323
vt 0.974793 0.742120
vt 0.974793 0.799731
vt 0.974793 0.780527
vt 0.974793 0.838143
vt 0.974793 0.818937
vt 0.974793 0.876559
vt 0.974793 0.857351
vt 0.974793 0.895766
vt 0.974793 0.914973
vt 0.974793 0.934177
vt 0.974793 0.953381
vt 0.974793 0.358037
vt 0.974793 0.377241
vt 0.974793 0.396448
vt 0.974793 0.415655
vt 0.974793 0.434863
vt 0.974793 0.454070
vt 0.974793 0.473277
vt 0.974793 0.492483
vt 0.974793 0.511687
vt 0.974793 0.530891
vt 0.974793 0.550093
vt 0.974793 0.569296
vt 0.974793 0.588499
vt 0.974793 0.607702
vt 0.974793 0.626904
vt 0.974793 0.646107
vt 0.877962 0.178115
vt 0.894116 0.174513
vt 0.903375 0.258520
vt 0.862673 0.184451
vt 0.849127 0.193961
vt 0.837426 0.205665
vt 0.828551 0.219635
vt 0.822219 0.234926
vt 0.819366 0.251228
vt 0.819368 0.267779
vt 0.822971 0.283932
vt 0.829306 0.299222
vt 0.838816 0.312767
vt 0.850520 0.324469
vt 0.864489 0.333343
vt 0.879781 0.339675
vt 0.896083 0.342529
vt 0.755430 0.657449
vt 0.764056 0.659270
vt 0.772861 0.659234
vt 0.781425 0.657417
vt 0.789339 0.653884
vt 0.796309 0.648910
vt 0.802054 0.642716
vt 0.806461 0.635620
vt 0.809374 0.627885
vt 0.810798 0.619790
vt 0.810664 0.611600
vt 0.809040 0.603561
vt 0.805920 0.595945
vt 0.756446 0.574814
vt 0.764541 0.573328
vt 0.741837 0.582097
vt 0.748802 0.577788
vt 0.730854 0.594296
vt 0.735793 0.587667
vt 0.725150 0.610016
vt 0.727261 0.601836
vt 0.726026 0.627137
vt 0.724727 0.618568
vt 0.733845 0.642757
vt 0.729120 0.635326
vt 0.788757 0.578185
vt 0.790772 0.574499
vt 0.798386 0.579753
vt 0.894102 0.489973
vt 0.894102 0.481578
vt 0.896316 0.489973
vt 0.809621 0.594018
vt 0.804697 0.586399
vt 0.894102 0.506761
vt 0.894102 0.498367
vt 0.896316 0.498367
vt 0.814778 0.611156
vt 0.812978 0.602373
vt 0.894102 0.523549
vt 0.894102 0.515155
vt 0.813392 0.628982
vt 0.814894 0.620109
vt 0.894102 0.540338
vt 0.894102 0.531944
vt 0.805440 0.645292
vt 0.810202 0.637450
vt 0.894102 0.557129
vt 0.894102 0.548733
vt 0.791516 0.657677
vt 0.799141 0.652104
vt 0.894102 0.573921
vt 0.894102 0.565524
vt 0.773338 0.663673
vt 0.782791 0.661574
vt 0.894102 0.590713
vt 0.894102 0.582317
vt 0.754082 0.661710
vt 0.763608 0.663671
vt 0.894102 0.607504
vt 0.894102 0.599109
vt 0.894102 0.473184
vt 0.781007 0.574986
vt 0.782239 0.570927
vt 0.894102 0.456396
vt 0.894102 0.464790
vt 0.764165 0.569173
vt 0.773236 0.569204
vt 0.772828 0.573351
vt 0.894102 0.439608
vt 0.894102 0.448002
vt 0.746955 0.574086
vt 0.755320 0.570858
vt 0.894102 0.422819
vt 0.894102 0.431213
vt 0.732700 0.584877
vt 0.739357 0.578822
vt 0.894102 0.406028
vt 0.894102 0.414424
vt 0.723265 0.600377
vt 0.727294 0.592134
vt 0.894102 0.389236
vt 0.894102 0.397633
vt 0.720358 0.618784
vt 0.720933 0.609356
vt 0.894102 0.372444
vt 0.894102 0.380840
vt 0.725127 0.637322
vt 0.721789 0.628232
vt 0.894102 0.355653
vt 0.894102 0.364048
vt 0.737176 0.652469
vt 0.730382 0.645510
vt 0.910666 0.174511
vt 0.744813 0.262660
vt 0.744813 0.247314
vt 0.306177 0.501757
vt 0.326469 0.501757
vt 0.306177 0.522638
vt 0.326469 0.522638
vt 0.326469 0.524754
vt 0.306177 0.977614
vt 0.774427 0.604402
vt 0.787106 0.581206
vt 0.773431 0.606225
vt 0.745214 0.657848
vt 0.896316 0.347259
vt 0.894102 0.347259
vt 0.963196 0.338834
vt 0.974793 0.338834
vt 0.902001 0.347259
vt 0.898993 0.347259
vt 0.903541 0.347259
vt 0.905228 0.347259
vt 0.906022 0.347259
vt 0.912806 0.347259
vt 0.916961 0.347259
vt 0.919952 0.347259
vt 0.925695 0.347259
vt 0.926573 0.347259
vt 0.737033 0.001758
vt 0.749505 0.001758
vt 0.757475 0.001758
vt 0.766759 0.001758
vt 0.774751 0.001758
vt 0.782042 0.001758
vt 0.815856 0.001758
vt 0.651180 0.515237
vt 0.651180 0.983787
vt 0.651180 0.989243
vt 0.651180 0.994485
vt 0.651180 0.998235
vt 0.949574 0.338834
vt 0.955638 0.338834
vt 0.894102 0.615898
vt 0.744812 0.492869
vt 0.808995 0.492869
vt 0.001758 0.501757
vt 0.001758 0.522638
vt 0.001758 0.977614
vt 0.939555 0.953381
vt 0.926969 0.177364
vt 0.942260 0.183696
vt 0.956230 0.192571
vt 0.967934 0.204272
vt 0.977444 0.217818
vt 0.983779 0.233107
vt 0.987382 0.249261
vt 0.987383 0.265811
vt 0.984530 0.282114
vt 0.978198 0.297405
vt 0.969324 0.311375
vt 0.957622 0.323079
vt 0.944077 0.332589
vt 0.928787 0.338924
vt 0.912634 0.342527
vt 0.326472 0.591675
vt 0.448200 0.864395
vt 0.448224 0.858421
vt 0.407638 0.755224
vt 0.387320 0.755251
vt 0.387294 0.646103
vt 0.407638 0.646049
vt 0.407638 0.629929
vt 0.407641 0.586911
vt 0.468517 0.870212
vt 0.488811 0.752221
vt 0.488811 0.646102
vt 0.590295 0.870958
vt 0.569999 0.870883
vt 0.509107 0.752217
vt 0.509107 0.646087
vt 0.549701 0.870573
vt 0.367054 0.751184
vt 0.367054 0.637969
vt 0.630886 0.751184
vt 0.610593 0.751184
vt 0.630886 0.637969
vt 0.630886 0.591658
vt 0.610594 0.591675
vt 0.001758 0.751184
vt 0.001758 0.637969
vt 0.022052 0.637969
vt 0.022052 0.751184
vt 0.001758 0.864399
vt 0.022052 0.864399
vt 0.123535 0.864399
vt 0.225232 0.870937
vt 0.245438 0.871005
vt 0.062842 0.751190
vt 0.062642 0.864399
vt 0.042345 0.864399
vt 0.042345 0.751184
vt 0.204968 0.871307
vt 0.204570 0.590556
vt 0.184317 0.590642
vt 0.164197 0.590556
vt 0.346761 0.751184
vt 0.326469 0.751184
vt 0.326469 0.637969
vt 0.346761 0.637969
vt 0.346766 0.591671
vt 0.265623 0.871190
vt 0.123705 0.751905
vt 0.367059 0.591679
vt 0.529402 0.586937
vt 0.529403 0.629975
vt 0.509107 0.630111
vt 0.509107 0.587013
vt 0.387289 0.637962
vt 0.387346 0.629713
vt 0.427931 0.755200
vt 0.427931 0.646001
vt 0.488811 0.630194
vt 0.488811 0.587064
vt 0.468517 0.587072
vt 0.468517 0.630212
vt 0.387349 0.586794
vt 0.549700 0.586816
vt 0.549701 0.629774
vt 0.570001 0.586669
vt 0.569999 0.629517
vt 0.590384 0.586529
vt 0.651180 0.751184
vt 0.651180 0.637969
vt 0.651187 0.591466
vt 0.042345 0.637969
vt 0.123635 0.590460
vt 0.245248 0.748333
vt 0.245440 0.857212
vt 0.084051 0.638002
vt 0.083835 0.639407
vt 0.063043 0.637981
vt 0.083912 0.636196
vt 0.143928 0.590479
vt 0.306177 0.751184
vt 0.285842 0.747798
vt 0.285884 0.637969
vt 0.306177 0.637969
vt 0.224878 0.590529
vt 0.265347 0.590707
vt 0.143872 0.751909
vt 0.245120 0.590588
vt 0.265520 0.748469
vt 0.265624 0.857493
vt 0.590330 0.864402
vt 0.590301 0.858157
vt 0.468482 0.864399
vt 0.468517 0.858424
vt 0.488781 0.864399
vt 0.508988 0.864399
vt 0.488811 0.858339
vt 0.509107 0.858348
vt 0.529228 0.864399
vt 0.549538 0.864399
vt 0.529403 0.858339
vt 0.549701 0.858306
vt 0.569968 0.864399
vt 0.569999 0.858310
vt 0.407541 0.637969
vt 0.427876 0.637969
vt 0.448231 0.637969
vt 0.468567 0.637969
vt 0.488908 0.637969
vt 0.509255 0.637969
vt 0.529607 0.637969
vt 0.549916 0.637969
vt 0.570203 0.637969
vt 0.062891 0.591664
vt 0.103707 0.639410
vt 0.103784 0.637969
vt 0.103773 0.636043
vt 0.143913 0.639418
vt 0.123876 0.639412
vt 0.123925 0.637969
vt 0.143930 0.637969
vt 0.123839 0.636016
vt 0.143919 0.636016
vt 0.184146 0.639442
vt 0.164071 0.639424
vt 0.164064 0.637969
vt 0.184113 0.637969
vt 0.164093 0.636084
vt 0.184137 0.636172
vt 0.224879 0.639497
vt 0.204555 0.639482
vt 0.204524 0.637969
vt 0.224843 0.637969
vt 0.204467 0.636130
vt 0.224793 0.636154
vt 0.245057 0.639455
vt 0.244998 0.637970
vt 0.244986 0.636255
vt 0.265415 0.639446
vt 0.265193 0.637963
vt 0.265223 0.636382
vt 0.184979 0.864399
vt 0.205197 0.864399
vt 0.225391 0.864399
vt 0.245536 0.864399
vt 0.265547 0.864399
vt 0.164299 0.748304
s 1
usemtl spray_paint_bottles_02
f 1588/1806/1551 1589/1807/1552 1590/1808/1553 1587/1809/1554
f 1592/1810/1555 1593/1811/1556 1594/1812/1557 1591/1813/1558
f 1596/1814/1559 1597/1815/1560 1598/1816/1561 1595/1817/1562
f 1600/1818/1563 1601/1819/1564 1602/1820/1565 1599/1821/1566
f 1603/1822/1567 1604/1823/1568 1605/1824/1569 1606/1825/1570
f 1610/1826/1571 1607/1827/1572 1608/1828/1573 1609/1829/1574
f 1612/1830/1575 1613/1831/1576 1614/1832/1577 1611/1833/1578
f 1617/1834/1579 1618/1835/1580 1615/1836/1581 1616/1837/1582
f 1621/1838/1583 1622/1839/1584 1619/1840/1585 1620/1841/1586
f 1625/1842/1587 1626/1843/1588 1623/1844/1589 1624/1845/1590
f 1629/1846/1591 1630/1847/1592 1627/1848/1593 1628/1849/1594
f 1633/1850/1595 1634/1851/1596 1631/1852/1597 1632/1853/1598
f 1612/1830/1575 1637/1854/1599 1635/1855/1600 1636/1856/1601
f 1639/1857/1602 1640/1858/1603 1641/1859/1604 1638/1860/1605
f 1643/1861/1606 1644/1862/1607 1645/1863/1608 1642/1864/1609
f 1648/1865/1610 1649/1866/1611 1646/1867/1612 1647/1868/1613
f 1652/1869/1614 1653/1870/1615 1650/1871/1616 1651/1872/1617
f 1649/1866/1611 1655/1873/1618 1654/1874/1619 1646/1867/1612
f 1618/1835/1580 1657/1875/1620 1656/1876/1621 1615/1836/1581
f 1622/1839/1584 1659/1877/1622 1658/1878/1623 1619/1840/1585
f 1626/1843/1588 1661/1879/1624 1660/1880/1625 1623/1844/1589
f 1630/1847/1592 1663/1881/1626 1662/1882/1627 1627/1848/1593
f 1634/1851/1596 1665/1883/1628 1664/1884/1629 1631/1852/1597
f 1637/1854/1599 1667/1885/1630 1666/1886/1631 1635/1855/1600
f 1669/1887/1632 1668/1888/1633 1650/1871/1616 1653/1870/1615
f 1671/1889/1634 1670/1890/1635 1654/1874/1619 1655/1873/1618
f 1657/1875/1620 1673/1891/1636 1672/1892/1637 1656/1876/1621
f 1659/1877/1622 1675/1893/1638 1674/1894/1639 1658/1878/1623
f 1661/1879/1624 1677/1895/1640 1676/1896/1641 1660/1880/1625
f 1663/1881/1626 1679/1897/1642 1678/1898/1643 1662/1882/1627
f 1664/1884/1629 1665/1883/1628 1681/1899/1644 1680/1900/1645
f 1666/1886/1631 1667/1885/1630 1683/1901/1646 1682/1902/1647
f 1681/1899/1644 1682/1902/1647 1684/1903/1648
f 1680/1900/1645 1681/1899/1644 1684/1903/1648
f 1679/1897/1642 1680/1900/1645 1684/1903/1648
f 1678/1898/1643 1679/1897/1642 1684/1903/1648
f 1677/1895/1640 1678/1898/1643 1684/1903/1648
f 1676/1896/1641 1677/1895/1640 1684/1903/1648
f 1675/1893/1638 1676/1896/1641 1684/1903/1648
f 1674/1894/1639 1675/1893/1638 1684/1903/1648
f 1687/1904/1649 1688/1905/1650 1685/1906/1651 1686/1907/1652
f 1689/1908/1653 1690/1909/1654 1691/1910/1655 1692/1911/1656
f 1696/1912/1657 1693/1913/1658 1694/1914/1659 1695/1915/1660
f 1700/1916/1661 1697/1917/1662 1698/1918/1663 1699/1919/1664
f 1704/1920/1665 1701/1921/1666 1702/1922/1667 1703/1923/1668
f 1708/1924/1669 1705/1925/1670 1706/1926/1671 1707/1927/1672
f 1712/1928/1673 1709/1929/1674 1710/1930/1675 1711/1931/1676
f 1714/1932/1677 1715/1933/1678 1716/1934/1679 1713/1935/1680
f 1718/1936/1681 1719/1937/1682 1720/1938/1683 1717/1939/1684
f 1722/1940/1685 1723/1941/1686 1724/1942/1687 1721/1943/1688
f 1726/1944/1689 1727/1945/1690 1728/1946/1691 1725/1947/1692
f 1730/1948/1693 1731/1949/1694 1732/1950/1695 1729/1951/1696
f 1637/1854/1599 1612/1830/1575 1611/1833/1578 1733/1952/1697
f 1735/1953/1698 1639/1857/1602 1638/1860/1605 1734/1954/1699
f 1737/1955/1700 1643/1861/1606 1642/1864/1609 1736/1956/1701
f 1739/1957/1702 1714/1932/1677 1713/1935/1680 1738/1958/1703
f 1741/1959/1704 1718/1936/1681 1717/1939/1684 1740/1960/1705
f 1743/1961/1706 1722/1940/1685 1721/1943/1688 1742/1962/1707
f 1745/1963/1708 1726/1944/1689 1725/1947/1692 1744/1964/1709
f 1747/1965/1710 1730/1948/1693 1729/1951/1696 1746/1966/1711
f 1667/1885/1630 1637/1854/1599 1733/1952/1697 1748/1967/1712
f 1749/1968/1713 1750/1969/1714 1735/1953/1698 1734/1954/1699
f 1751/1970/1715 1752/1971/1716 1737/1955/1700 1736/1956/1701
f 1754/1972/1717 1739/1957/1702 1738/1958/1703 1753/1973/1718
f 1756/1974/1719 1741/1959/1704 1740/1960/1705 1755/1975/1720
f 1758/1976/1721 1743/1961/1706 1742/1962/1707 1757/1977/1722
f 1760/1978/1723 1745/1963/1708 1744/1964/1709 1759/1979/1724
f 1747/1965/1710 1746/1966/1711 1761/1980/1725 1762/1981/1726
f 1667/1885/1630 1748/1967/1712 1763/1982/1727 1683/1901/1646
f 1673/1891/1636 1674/1894/1639 1684/1903/1648
f 1672/1892/1637 1673/1891/1636 1684/1903/1648
f 1671/1889/1634 1672/1892/1637 1684/1903/1648
f 1670/1890/1635 1671/1889/1634 1684/1903/1648
f 1669/1887/1632 1670/1890/1635 1684/1903/1648
f 1668/1888/1633 1669/1887/1632 1684/1903/1648
f 1764/1983/1728 1668/1888/1633 1684/1903/1648
f 1766/1984/1729 1767/1985/1730 1768/1986/1731 1765/1987/1732
f 1770/1988/1733 1771/1989/1734 1772/1990/1735 1769/1991/1736
f 1774/1992/1737 1775/1993/1738 1776/1994/1739 1773/1995/1740
f 1778/1996/1741 1779/1997/1742 1780/1998/1743 1777/1999/1744
f 1782/2000/1745 1783/2001/1746 1784/2002/1747 1781/2003/1748
f 1786/2004/1749 1787/2005/1750 1788/2006/1751 1785/2007/1752
f 1790/2008/1753 1791/2009/1754 1792/2010/1755 1789/2011/1756
f 1794/2012/1757 1795/2013/1758 1796/2014/1759 1793/2015/1760
f 1800/2016/1761 1797/2017/1762 1798/2018/1763 1799/2019/1764
f 1804/2020/1765 1801/2021/1766 1802/2022/1767 1803/2023/1768
f 1808/2024/1769 1805/2025/1770 1806/2026/1771 1807/2027/1772
f 1812/2028/1773 1809/2029/1774 1810/2030/1775 1811/2031/1776
f 1816/2032/1777 1813/2033/1778 1814/2034/1779 1815/2035/1780
f 1820/2036/1781 1817/2037/1782 1818/2038/1783 1819/2039/1784
f 1824/2040/1785 1821/2041/1786 1822/2042/1787 1823/2043/1788
f 1828/2044/1789 1825/2045/1790 1826/2046/1791 1827/2047/1792
f 1830/2048/1793 1766/1984/1729 1765/1987/1732 1829/2049/1794
f 1832/2050/1795 1770/1988/1733 1769/1991/1736 1831/2051/1796
f 1834/2052/1797 1774/1992/1737 1773/1995/1740 1833/2053/1798
f 1836/2054/1799 1778/1996/1741 1777/1999/1744 1835/2055/1800
f 1838/2056/1801 1782/2000/1745 1781/2003/1748 1837/2057/1802
f 1840/2058/1803 1786/2004/1749 1785/2007/1752 1839/2059/1804
f 1842/2060/1805 1790/2008/1753 1789/2011/1756 1841/2061/1806
f 1794/2012/1757 1793/2015/1760 1843/2062/1807 1844/2063/1808
f 1797/2017/1762 1845/2064/1809 1846/2065/1810 1798/2018/1763
f 1801/2021/1766 1847/2066/1811 1848/2067/1812 1802/2022/1767
f 1805/2025/1770 1849/2068/1813 1850/2069/1814 1806/2026/1771
f 1809/2029/1774 1851/2070/1815 1852/2071/1816 1810/2030/1775
f 1813/2033/1778 1853/2072/1817 1854/2073/1818 1814/2034/1779
f 1817/2037/1782 1855/2074/1819 1856/2075/1820 1818/2038/1783
f 1821/2041/1786 1857/2076/1821 1858/2077/1822 1822/2042/1787
f 1859/2078/1823 1860/2079/1824 1826/2046/1791 1825/2045/1790
f 1767/1985/1730 1861/2080/1825 1862/2081/1826 1768/1986/1731
f 1771/1989/1734 1863/2082/1827 1864/2083/1828 1772/1990/1735
f 1775/1993/1738 1865/2084/1829 1866/2085/1830 1776/1994/1739
f 1779/1997/1742 1867/2086/1831 1868/2087/1832 1780/1998/1743
f 1783/2001/1746 1869/2088/1833 1870/2089/1834 1784/2002/1747
f 1787/2005/1750 1871/2090/1835 1872/2091/1836 1788/2006/1751
f 1791/2009/1754 1873/2092/1837 1874/2093/1838 1792/2010/1755
f 1795/2013/1758 1875/2094/1839 1876/2095/1840 1796/2014/1759
f 1878/2096/1841 1800/2016/1761 1799/2019/1764 1877/2097/1842
f 1880/2098/1843 1804/2020/1765 1803/2023/1768 1879/2099/1844
f 1882/2100/1845 1808/2024/1769 1807/2027/1772 1881/2101/1846
f 1884/2102/1847 1812/2028/1773 1811/2031/1776 1883/2103/1848
f 1886/2104/1849 1816/2032/1777 1815/2035/1780 1885/2105/1850
f 1888/2106/1851 1820/2036/1781 1819/2039/1784 1887/2107/1852
f 1890/2108/1853 1824/2040/1785 1823/2043/1788 1889/2109/1854
f 1892/2110/1855 1828/2044/1789 1827/2047/1792 1891/2111/1856
f 1864/2083/1828 1893/2112/1857 1894/2113/1858 1861/2080/1825
f 1866/2085/1830 1895/2114/1859 1896/2115/1860 1863/2082/1827
f 1868/2087/1832 1897/2116/1861 1898/2117/1862 1865/2084/1829
f 1870/2089/1834 1899/2118/1863 1900/2119/1864 1867/2086/1831
f 1872/2091/1836 1901/2120/1865 1902/2121/1866 1869/2088/1833
f 1874/2093/1838 1903/2122/1867 1904/2123/1868 1871/2090/1835
f 1876/2095/1840 1905/2124/1869 1906/2125/1870 1873/2092/1837
f 1908/2126/1871 1875/2127/1839 1878/2096/1841 1907/2128/1872
f 1910/2129/1873 1877/2097/1842 1880/2098/1843 1909/2130/1874
f 1912/2131/1875 1879/2099/1844 1882/2100/1845 1911/2132/1876
f 1914/2133/1877 1881/2101/1846 1884/2102/1847 1913/2134/1878
f 1916/2135/1879 1883/2103/1848 1886/2104/1849 1915/2136/1880
f 1918/2137/1881 1885/2105/1850 1888/2106/1851 1917/2138/1882
f 1920/2139/1883 1887/2107/1852 1890/2108/1853 1919/2140/1884
f 1922/2141/1885 1889/2109/1854 1892/2110/1855 1921/2142/1886
f 1894/2143/1858 1924/2144/1887 1925/2145/1888 1923/2146/1889
f 1896/2147/1860 1926/2148/1890 1927/2149/1891 1893/2150/1857
f 1898/2151/1862 1928/2152/1892 1929/2153/1893 1895/2154/1859
f 1900/2155/1864 1930/2156/1894 1931/2157/1895 1897/2158/1861
f 1902/2159/1866 1932/2160/1896 1933/2161/1897 1899/2162/1863
f 1904/2163/1868 1934/2164/1898 1935/2165/1899 1901/2166/1865
f 1906/2167/1870 1936/2168/1900 1937/2169/1901 1903/2170/1867
f 1908/2171/1871 1938/2172/1902 1939/2173/1903 1905/2174/1869
f 1941/2175/1904 1907/2176/1872 1910/2177/1873 1940/2178/1905
f 1943/2179/1906 1909/2180/1874 1912/2181/1875 1942/2182/1907
f 1945/2183/1908 1911/2184/1876 1914/2185/1877 1944/2186/1909
f 1947/2187/1910 1913/2188/1878 1916/2189/1879 1946/2190/1911
f 1949/2191/1912 1915/2192/1880 1918/2193/1881 1948/2194/1913
f 1951/2195/1914 1917/2196/1882 1920/2197/1883 1950/2198/1915
f 1953/2199/1916 1919/2200/1884 1922/2201/1885 1952/2202/1917
f 1956/2203/1918 1921/2204/1886 1954/2205/1919 1955/2206/1920
f 1924/2144/1887 1957/2207/1921 1958/2208/1922 1925/2145/1888
f 1926/2148/1890 1959/2209/1923 1960/2210/1924 1927/2149/1891
f 1928/2152/1892 1961/2211/1925 1962/2212/1926 1929/2153/1893
f 1930/2156/1894 1963/2213/1927 1964/2214/1928 1931/2157/1895
f 1932/2160/1896 1965/2215/1929 1966/2216/1930 1933/2161/1897
f 1934/2164/1898 1967/2217/1931 1968/2218/1932 1935/2165/1899
f 1936/2168/1900 1969/2219/1933 1970/2220/1934 1937/2169/1901
f 1938/2172/1902 1971/2221/1935 1972/2222/1936 1939/2173/1903
f 1974/2223/1937 1941/2175/1904 1940/2178/1905 1973/2224/1938
f 1976/2225/1939 1943/2179/1906 1942/2182/1907 1975/2226/1940
f 1978/2227/1941 1945/2183/1908 1944/2186/1909 1977/2228/1942
f 1980/2229/1943 1947/2187/1910 1946/2190/1911 1979/2230/1944
f 1982/2231/1945 1949/2191/1912 1948/2194/1913 1981/2232/1946
f 1984/2233/1947 1951/2195/1914 1950/2198/1915 1983/2234/1948
f 1986/2235/1949 1953/2199/1916 1952/2202/1917 1985/2236/1950
f 1988/2237/1951 1956/2203/1918 1955/2206/1920 1987/2238/1952
f 1957/2207/1921 1989/2239/1953 1990/2240/1954 1958/2208/1922
f 1959/2209/1923 1991/2241/1955 1992/2242/1956 1960/2210/1924
f 1961/2211/1925 1993/2243/1957 1994/2244/1958 1962/2212/1926
f 1963/2213/1927 1995/2245/1959 1996/2246/1960 1964/2214/1928
f 1965/2215/1929 1997/2247/1961 1998/2248/1962 1966/2216/1930
f 1967/2217/1931 1999/2249/1963 2000/2250/1964 1968/2218/1932
f 1969/2219/1933 2001/2251/1965 2002/2252/1966 1970/2220/1934
f 1971/2221/1935 2003/2253/1967 2004/2254/1968 1972/2222/1936
f 2006/2255/1969 1974/2223/1937 1973/2224/1938 2005/2256/1970
f 2008/2257/1971 1976/2225/1939 1975/2226/1940 2007/2258/1972
f 2010/2259/1973 1978/2227/1941 1977/2228/1942 2009/2260/1974
f 2012/2261/1975 1980/2229/1943 1979/2230/1944 2011/2262/1976
f 2014/2263/1977 1982/2231/1945 1981/2232/1946 2013/2264/1978
f 2016/2265/1979 1984/2233/1947 1983/2234/1948 2015/2266/1980
f 2018/2267/1981 1986/2235/1949 1985/2236/1950 2017/2268/1982
f 2020/2269/1983 1988/2237/1951 1987/2238/1952 2019/2270/1984
f 1989/2239/1953 2021/2271/1985 2022/2272/1986 1990/2240/1954
f 1991/2241/1955 2023/2273/1987 2024/2274/1988 1992/2242/1956
f 1993/2243/1957 2025/2275/1989 2026/2276/1990 1994/2244/1958
f 1995/2245/1959 2027/2277/1991 2028/2278/1992 1996/2246/1960
f 1997/2247/1961 2029/2279/1993 2030/2280/1994 1998/2248/1962
f 1999/2249/1963 2031/2281/1995 2032/2282/1996 2000/2250/1964
f 2001/2251/1965 2033/2283/1997 2034/2284/1998 2002/2252/1966
f 2003/2253/1967 2035/2285/1999 2036/2286/2000 2004/2254/1968
f 2038/2287/2001 2006/2255/1969 2005/2256/1970 2037/2288/2002
f 2040/2289/2003 2008/2257/1971 2007/2258/1972 2039/2290/2004
f 2042/2291/2005 2010/2259/1973 2009/2260/1974 2041/2292/2006
f 2044/2293/2007 2012/2261/1975 2011/2262/1976 2043/2294/2008
f 2046/2295/2009 2014/2263/1977 2013/2264/1978 2045/2296/2010
f 2048/2297/2011 2016/2265/1979 2015/2266/1980 2047/2298/2012
f 2050/2299/2013 2018/2267/1981 2017/2268/1982 2049/2300/2014
f 2052/2301/2015 2020/2269/1983 2019/2270/1984 2051/2302/2016
f 2024/2274/1988 2053/2303/2017 2054/2304/2018 2021/2271/1985
f 2026/2276/1990 2055/2305/2019 2056/2306/2020 2023/2273/1987
f 2028/2278/1992 2057/2307/2021 2058/2308/2022 2025/2275/1989
f 2030/2280/1994 2059/2309/2023 2060/2310/2024 2027/2277/1991
f 2032/2282/1996 2061/2311/2025 2062/2312/2026 2029/2279/1993
f 2034/2284/1998 2063/2313/2027 2064/2314/2028 2031/2281/1995
f 2036/2286/2000 2065/2315/2029 2066/2316/2030 2033/2283/1997
f 2068/2317/2031 2035/2318/1999 2038/2287/2001 2067/2319/2032
f 2070/2320/2033 2037/2288/2002 2040/2289/2003 2069/2321/2034
f 2072/2322/2035 2039/2290/2004 2042/2291/2005 2071/2323/2036
f 2074/2324/2037 2041/2292/2006 2044/2293/2007 2073/2325/2038
f 2076/2326/2039 2043/2294/2008 2046/2295/2009 2075/2327/2040
f 2078/2328/2041 2045/2296/2010 2048/2297/2011 2077/2329/2042
f 2080/2330/2043 2047/2298/2012 2050/2299/2013 2079/2331/2044
f 2082/2332/2045 2049/2300/2014 2052/2301/2015 2081/2333/2046
f 1862/2081/1826 1923/2334/1889 1954/2335/1919 1891/2111/1856
f 3255/2336/2047 3260/2337/2048 3227/2338/2049 3223/2339/2050
f 3289/2340/2051 3290/2341/2052 2092/2342/2053 2089/2343/2054
f 3210/2344/2055 3209/2345/2056 3093/2346/2057 3208/2347/2058
f 3267/2348/2059 2093/2349/2060 2094/2350/2061 3269/2351/2062
f 3098/2352/2063 2068/2317/2031 2067/2319/2032 3094/2353/2064
f 3131/2354/2065 2078/2328/2041 2077/2329/2042 3100/2355/2066
f 3142/2356/2067 2074/2324/2037 2073/2325/2038 3140/2357/2068
f 3140/2357/2068 2073/2325/2038 2076/2326/2039 3124/2358/2069
f 3156/2359/2070 3155/2360/2071 3105/2361/2072 3154/2362/2073
f 3109/2363/2074 2080/2330/2043 2079/2331/2044 3107/2364/2075
f 3116/2365/2076 2082/2332/2045 2081/2333/2046 3110/2366/2077
f 3253/2367/2078 3252/2368/2079 3101/2369/2080 3108/2370/2081
f 3110/2366/2077 2081/2333/2046 2113/2371/2082 3112/2372/2083
f 3263/2373/2084 2112/2374/2085 2115/2375/2086 3270/2376/2087
f 3216/2377/2088 3215/2378/2089 3097/2379/2090 3214/2380/2091
f 3260/2337/2048 3259/2381/2092 3217/2382/2093 3227/2338/2049
f 3209/2345/2056 3224/2383/2094 2057/2307/2021 2060/2310/2024
f 3262/2384/2095 2096/2385/2096 2093/2349/2060 3267/2348/2059
f 3094/2353/2064 2067/2319/2032 2070/2320/2033 3104/2386/2097
f 3245/2387/2098 3246/2388/2099 3166/2389/2100 3154/2362/2073
f 3247/2390/2101 3248/2391/2102 3175/2392/2103 3161/2393/2104
f 3274/2394/2105 3158/2395/2106 3151/2396/2107 3276/2397/2108
f 3240/2398/2109 3241/2399/2110 3157/2400/2111 3146/2401/2112
f 3100/2355/2066 2077/2329/2042 2080/2330/2043 3109/2363/2074
f 3107/2364/2075 2079/2331/2044 2082/2332/2045 3116/2365/2076
f 2111/2402/2113 2117/2403/2114 2118/2404/2115 2112/2374/2085
f 2083/2405/2116 2119/2406/2117 2120/2407/2118 2084/2408/2119
f 2085/2409/2120 2121/2410/2121 2122/2411/2122 2086/2412/2123
f 2087/2413/2124 2123/2414/2125 2124/2415/2126 2088/2416/2127
f 2089/2343/2054 2125/2417/2128 2126/2418/2129 2090/2419/2130
f 2091/2420/2131 2127/2421/2132 2128/2422/2133 2092/2342/2053
f 2093/2349/2060 2129/2423/2134 2130/2424/2135 2094/2350/2061
f 2132/2425/2136 2096/2426/2096 2095/2427/2137 2131/2428/2138
f 2134/2429/2139 2098/2430/2140 2097/2431/2141 2133/2432/2142
f 2136/2433/2143 2100/2434/2144 2099/2435/2145 2135/2436/2146
f 2138/2437/2147 2102/2438/2148 2101/2439/2149 2137/2440/2150
f 2140/2441/2151 2104/2442/2152 2103/2443/2153 2139/2444/2154
f 2142/2445/2155 2106/2446/2156 2105/2447/2157 2141/2448/2158
f 2144/2449/2159 2108/2450/2160 2107/2451/2161 2143/2452/2162
f 2146/2453/2163 2110/2454/2164 2109/2455/2165 2145/2456/2166
f 2117/2403/2114 2147/2457/2167 2148/2458/2168 2118/2404/2115
f 2119/2406/2117 2149/2459/2169 2150/2460/2170 2120/2407/2118
f 2121/2410/2121 2151/2461/2171 2152/2462/2172 2122/2411/2122
f 2123/2414/2125 2153/2463/2173 2154/2464/2174 2124/2415/2126
f 2125/2417/2128 2155/2465/2175 2156/2466/2176 2126/2418/2129
f 2127/2421/2132 2157/2467/2177 2158/2468/2178 2128/2422/2133
f 2129/2423/2134 2159/2469/2179 2160/2470/2180 2130/2424/2135
f 2132/2425/2136 2131/2428/2138 2161/2471/2181 2162/2472/2182
f 2164/2473/2183 2134/2429/2139 2133/2432/2142 2163/2474/2184
f 2166/2475/2185 2136/2433/2143 2135/2436/2146 2165/2476/2186
f 2168/2477/2187 2138/2437/2147 2137/2440/2150 2167/2478/2188
f 2170/2479/2189 2140/2441/2151 2139/2444/2154 2169/2480/2190
f 2172/2481/2191 2142/2445/2155 2141/2448/2158 2171/2482/2192
f 2174/2483/2193 2144/2449/2159 2143/2452/2162 2173/2484/2194
f 2176/2485/2195 2146/2453/2163 2145/2456/2166 2175/2486/2196
f 2148/2458/2168 2178/2487/2197 2179/2488/2198 2177/2489/2199
f 2150/2460/2170 2180/2490/2200 2181/2491/2201 2147/2457/2167
f 2152/2462/2172 2182/2492/2202 2183/2493/2203 2149/2459/2169
f 2154/2464/2174 2184/2494/2204 2185/2495/2205 2151/2461/2171
f 2156/2466/2176 2186/2496/2206 2187/2497/2207 2153/2463/2173
f 2158/2468/2178 2188/2498/2208 2189/2499/2209 2155/2465/2175
f 2160/2470/2180 2190/2500/2210 2191/2501/2211 2157/2467/2177
f 2162/2502/2182 2192/2503/2212 2193/2504/2213 2159/2469/2179
f 2195/2505/2214 2161/2471/2181 2164/2473/2183 2194/2506/2215
f 2197/2507/2216 2163/2474/2184 2166/2475/2185 2196/2508/2217
f 2199/2509/2218 2165/2476/2186 2168/2477/2187 2198/2510/2219
f 2201/2511/2220 2167/2478/2188 2170/2479/2189 2200/2512/2221
f 2203/2513/2222 2169/2480/2190 2172/2481/2191 2202/2514/2223
f 2205/2515/2224 2171/2482/2192 2174/2483/2193 2204/2516/2225
f 2207/2517/2226 2173/2484/2194 2176/2485/2195 2206/2518/2227
f 2210/2519/2228 2175/2486/2196 2208/2520/2229 2209/2521/2230
f 2178/2487/2197 2211/2522/2231 2212/2523/2232 2179/2488/2198
f 2180/2490/2200 2213/2524/2233 2214/2525/2234 2181/2491/2201
f 2182/2492/2202 2215/2526/2235 2216/2527/2236 2183/2493/2203
f 2184/2494/2204 2217/2528/2237 2218/2529/2238 2185/2495/2205
f 2186/2496/2206 2219/2530/2239 2220/2531/2240 2187/2497/2207
f 2188/2498/2208 2221/2532/2241 2222/2533/2242 2189/2499/2209
f 2190/2500/2210 2223/2534/2243 2224/2535/2244 2191/2501/2211
f 2193/2504/2213 2192/2503/2212 2225/2536/2245 2226/2537/2246
f 2228/2538/2247 2195/2505/2214 2194/2506/2215 2227/2539/2248
f 2230/2540/2249 2197/2507/2216 2196/2508/2217 2229/2541/2250
f 2232/2542/2251 2199/2509/2218 2198/2510/2219 2231/2543/2252
f 2234/2544/2253 2201/2511/2220 2200/2512/2221 2233/2545/2254
f 2236/2546/2255 2203/2513/2222 2202/2514/2223 2235/2547/2256
f 2238/2548/2257 2205/2515/2224 2204/2516/2225 2237/2549/2258
f 2240/2550/2259 2207/2517/2226 2206/2518/2227 2239/2551/2260
f 2241/2552/2261 2242/2553/2262 2210/2519/2228 2209/2521/2230
f 2214/2525/2234 2243/2554/2263 2244/2555/2264 2211/2522/2231
f 2216/2527/2236 2245/2556/2265 2246/2557/2266 2213/2524/2233
f 2218/2529/2238 2247/2558/2267 2248/2559/2268 2215/2526/2235
f 2220/2531/2240 2249/2560/2269 2250/2561/2270 2217/2528/2237
f 2222/2533/2242 2251/2562/2271 2252/2563/2272 2219/2530/2239
f 2224/2535/2244 2253/2564/2273 2254/2565/2274 2221/2532/2241
f 2226/2537/2246 2255/2566/2275 2256/2567/2276 2223/2534/2243
f 2258/2568/2277 2225/2569/2245 2228/2538/2247 2257/2570/2278
f 2260/2571/2279 2227/2539/2248 2230/2540/2249 2259/2572/2280
f 2262/2573/2281 2229/2541/2250 2232/2542/2251 2261/2574/2282
f 2264/2575/2283 2231/2543/2252 2234/2544/2253 2263/2576/2284
f 2266/2577/2285 2233/2545/2254 2236/2546/2255 2265/2578/2286
f 2268/2579/2287 2235/2547/2256 2238/2548/2257 2267/2580/2288
f 2270/2581/2289 2237/2549/2258 2240/2550/2259 2269/2582/2290
f 2272/2583/2291 2239/2551/2260 2242/2553/2262 2271/2584/2292
f 2244/2585/2264 2274/2586/2293 2275/2587/2294 2273/2588/2295
f 2246/2589/2266 2276/2590/2296 2277/2591/2297 2243/2592/2263
f 2248/2593/2268 2278/2594/2298 2279/2595/2299 2245/2596/2265
f 2250/2597/2270 2280/2598/2300 2281/2599/2301 2247/2600/2267
f 2252/2601/2272 2282/2602/2302 2283/2603/2303 2249/2604/2269
f 2254/2605/2274 2284/2606/2304 2285/2607/2305 2251/2608/2271
f 2256/2609/2276 2286/2610/2306 2287/2611/2307 2253/2612/2273
f 2288/2613/2308 2289/2614/2309 2255/2615/2275 2258/2616/2277
f 2291/2617/2310 2257/2618/2278 2260/2619/2279 2290/2620/2311
f 2293/2621/2312 2259/2622/2280 2262/2623/2281 2292/2624/2313
f 2295/2625/2314 2261/2626/2282 2264/2627/2283 2294/2628/2315
f 2297/2629/2316 2263/2630/2284 2266/2631/2285 2296/2632/2317
f 2299/2633/2318 2265/2634/2286 2268/2635/2287 2298/2636/2319
f 2301/2637/2320 2267/2638/2288 2270/2639/2289 2300/2640/2321
f 2303/2641/2322 2269/2642/2290 2272/2643/2291 2302/2644/2323
f 2271/2645/2292 2304/2646/2324 2305/2647/2325 2306/2648/2326
f 2277/2591/2297 2307/2649/2327 2308/2650/2328 2274/2586/2293
f 2279/2595/2299 2309/2651/2329 2310/2652/2330 2276/2590/2296
f 2281/2599/2301 2311/2653/2331 2312/2654/2332 2278/2594/2298
f 2283/2603/2303 2313/2655/2333 2314/2656/2334 2280/2598/2300
f 2285/2607/2305 2315/2657/2335 2316/2658/2336 2282/2602/2302
f 2287/2611/2307 2317/2659/2337 2318/2660/2338 2284/2606/2304
f 2289/2614/2309 2319/2661/2339 2320/2662/2340 2286/2610/2306
f 2322/2663/2341 2288/2664/2308 2291/2617/2310 2321/2665/2342
f 2324/2666/2343 2290/2620/2311 2293/2621/2312 2323/2667/2344
f 2326/2668/2345 2292/2624/2313 2295/2625/2314 2325/2669/2346
f 2328/2670/2347 2294/2628/2315 2297/2629/2316 2327/2671/2348
f 2330/2672/2349 2296/2632/2317 2299/2633/2318 2329/2673/2350
f 2332/2674/2351 2298/2636/2319 2301/2637/2320 2331/2675/2352
f 2334/2676/2353 2300/2640/2321 2303/2641/2322 2333/2677/2354
f 2336/2678/2355 2302/2644/2323 2306/2648/2326 2335/2679/2356
f 2307/2649/2327 2337/2680/2357 2338/2681/2358 2308/2650/2328
f 2309/2651/2329 2339/2682/2359 2340/2683/2360 2310/2652/2330
f 2311/2653/2331 2341/2684/2361 2342/2685/2362 2312/2654/2332
f 2313/2655/2333 2343/2686/2363 2344/2687/2364 2314/2656/2334
f 2315/2657/2335 2345/2688/2365 2346/2689/2366 2316/2658/2336
f 2317/2659/2337 2347/2690/2367 2348/2691/2368 2318/2660/2338
f 2319/2661/2339 2349/2692/2369 2350/2693/2370 2320/2662/2340
f 2352/2694/2371 2322/2663/2341 2321/2665/2342 2351/2695/2372
f 2354/2696/2373 2324/2666/2343 2323/2667/2344 2353/2697/2374
f 2356/2698/2375 2326/2668/2345 2325/2669/2346 2355/2699/2376
f 2358/2700/2377 2328/2670/2347 2327/2671/2348 2357/2701/2378
f 2360/2702/2379 2330/2672/2349 2329/2673/2350 2359/2703/2380
f 2362/2704/2381 2332/2674/2351 2331/2675/2352 2361/2705/2382
f 2364/2706/2383 2334/2676/2353 2333/2677/2354 2363/2707/2384
f 2366/2708/2385 2336/2678/2355 2335/2679/2356 2365/2709/2386
f 2275/2587/2294 2367/2710/2387 2368/2711/2388 2305/2647/2325
f 2338/2681/2358 2370/2712/2389 2371/2713/2390 2369/2714/2391
f 2340/2683/2360 2372/2715/2392 2373/2716/2393 2337/2680/2357
f 2342/2685/2362 2374/2717/2394 2375/2718/2395 2339/2682/2359
f 2344/2687/2364 2376/2719/2396 2377/2720/2397 2341/2684/2361
f 2346/2689/2366 2378/2721/2398 2379/2722/2399 2343/2686/2363
f 2348/2691/2368 2380/2723/2400 2381/2724/2401 2345/2688/2365
f 2350/2693/2370 2382/2725/2402 2383/2726/2403 2347/2690/2367
f 2349/2692/2369 2352/2727/2371 2384/2728/2404 2385/2729/2405
f 2387/2730/2406 2351/2695/2372 2354/2696/2373 2386/2731/2407
f 2389/2732/2408 2353/2697/2374 2356/2698/2375 2388/2733/2409
f 2391/2734/2410 2355/2699/2376 2358/2700/2377 2390/2735/2411
f 2393/2736/2412 2357/2701/2378 2360/2702/2379 2392/2737/2413
f 2395/2738/2414 2359/2703/2380 2362/2704/2381 2394/2739/2415
f 2397/2740/2416 2361/2705/2382 2364/2706/2383 2396/2741/2417
f 2399/2742/2418 2363/2707/2384 2366/2708/2385 2398/2743/2419
f 2401/2744/2420 2402/2745/2421 2365/2709/2386 2400/2746/2422
f 2403/2747/2423 2404/2748/2424 2370/2712/2389 2373/2716/2393
f 2375/2718/2395 2405/2749/2425 2406/2750/2426 2372/2715/2392
f 2377/2720/2397 2407/2751/2427 2408/2752/2428 2374/2717/2394
f 2379/2722/2399 2409/2753/2429 2410/2754/2430 2376/2719/2396
f 2381/2724/2401 2411/2755/2431 2412/2756/2432 2378/2721/2398
f 2380/2723/2400 2383/2726/2403 2413/2757/2433 2414/2758/2434
f 2382/2725/2402 2385/2729/2405 2415/2759/2435 2416/2760/2436
f 2384/2761/2404 2387/2730/2406 2417/2762/2437 2418/2763/2438
f 2386/2731/2407 2389/2732/2408 2419/2764/2439 2420/2765/2440
f 2422/2766/2441 2388/2733/2409 2391/2734/2410 2421/2767/2442
f 2424/2768/2443 2390/2735/2411 2393/2736/2412 2423/2769/2444
f 2426/2770/2445 2392/2737/2413 2395/2738/2414 2425/2771/2446
f 2428/2772/2447 2394/2739/2415 2397/2740/2416 2427/2773/2448
f 2429/2774/2449 2430/2775/2450 2396/2741/2417 2399/2742/2418
f 2431/2776/2451 2432/2777/2452 2398/2743/2419 2402/2745/2421
f 2404/2748/2424 2434/2778/2453 2435/2779/2454 2433/2780/2455
f 2406/2750/2426 2436/2781/2456 2437/2782/2457 2403/2747/2423
f 2408/2752/2428 2438/2783/2458 2439/2784/2459 2405/2749/2425
f 2410/2754/2430 2440/2785/2460 2441/2786/2461 2407/2751/2427
f 2412/2756/2432 2442/2787/2462 2443/2788/2463 2409/2753/2429
f 2414/2758/2434 2444/2789/2464 2445/2790/2465 2411/2755/2431
f 2416/2760/2436 2446/2791/2466 2447/2792/2467 2413/2757/2433
f 2415/2759/2435 2418/2793/2438 2448/2794/2468 2449/2795/2469
f 2451/2796/2470 2417/2762/2437 2420/2765/2440 2450/2797/2471
f 2453/2798/2472 2419/2764/2439 2422/2766/2441 2452/2799/2473
f 2455/2800/2474 2421/2767/2442 2424/2768/2443 2454/2801/2475
f 2457/2802/2476 2423/2769/2444 2426/2770/2445 2456/2803/2477
f 2459/2804/2478 2425/2771/2446 2428/2772/2447 2458/2805/2479
f 2461/2806/2480 2427/2773/2448 2430/2775/2450 2460/2807/2481
f 2463/2808/2482 2429/2774/2449 2432/2777/2452 2462/2809/2483
f 2465/2810/2484 2466/2811/2485 2431/2776/2451 2464/2812/2486
f 2467/2813/2487 2468/2814/2488 2435/2779/2454 2434/2778/2453
f 2436/2781/2456 2469/2815/2489 2470/2816/2490 2437/2782/2457
f 2438/2783/2458 2471/2817/2491 2472/2818/2492 2439/2784/2459
f 2440/2785/2460 2473/2819/2493 2474/2820/2494 2441/2786/2461
f 2442/2787/2462 2475/2821/2495 2476/2822/2496 2443/2788/2463
f 2444/2789/2464 2477/2823/2497 2478/2824/2498 2445/2790/2465
f 2446/2791/2466 2479/2825/2499 2480/2826/2500 2447/2792/2467
f 2449/2795/2469 2448/2794/2468 2481/2827/2501 2482/2828/2502
f 2451/2796/2470 2450/2797/2471 2483/2829/2503 2484/2830/2504
f 2486/2831/2505 2453/2798/2472 2452/2799/2473 2485/2832/2506
f 2488/2833/2507 2455/2800/2474 2454/2801/2475 2487/2834/2508
f 2490/2835/2509 2457/2802/2476 2456/2803/2477 2489/2836/2510
f 2492/2837/2511 2459/2804/2478 2458/2805/2479 2491/2838/2512
f 2494/2839/2513 2461/2806/2480 2460/2807/2481 2493/2840/2514
f 2496/2841/2515 2463/2808/2482 2462/2809/2483 2495/2842/2516
f 2497/2843/2517 2498/2844/2518 2466/2811/2485 2465/2810/2484
f 2499/2845/2519 2500/2846/2520 2468/2814/2488 2467/2813/2487
f 2469/2815/2489 2501/2847/2521 2502/2848/2522 2470/2816/2490
f 2471/2817/2491 2503/2849/2523 2504/2850/2524 2472/2818/2492
f 2473/2819/2493 2505/2851/2525 2506/2852/2526 2474/2820/2494
f 2475/2821/2495 2507/2853/2527 2508/2854/2528 2476/2822/2496
f 2477/2823/2497 2509/2855/2529 2510/2856/2530 2478/2824/2498
f 2479/2825/2499 2511/2857/2531 2512/2858/2532 2480/2826/2500
f 2482/2828/2502 2481/2827/2501 2513/2859/2533 2514/2860/2534
f 2484/2830/2504 2483/2829/2503 2515/2861/2535 2516/2862/2536
f 2518/2863/2537 2486/2831/2505 2485/2832/2506 2517/2864/2538
f 2520/2865/2539 2488/2833/2507 2487/2834/2508 2519/2866/2540
f 2522/2867/2541 2490/2835/2509 2489/2836/2510 2521/2868/2542
f 2524/2869/2543 2492/2837/2511 2491/2838/2512 2523/2870/2544
f 2526/2871/2545 2494/2839/2513 2493/2840/2514 2525/2872/2546
f 2528/2873/2547 2496/2841/2515 2495/2842/2516 2527/2874/2548
f 2529/2875/2549 2530/2876/2550 2498/2844/2518 2497/2843/2517
f 2531/2877/2551 2532/2878/2552 2500/2846/2520 2499/2845/2519
f 2501/2847/2521 2533/2879/2553 2534/2880/2554 2502/2848/2522
f 2503/2849/2523 2535/2881/2555 2536/2882/2556 2504/2850/2524
f 2505/2851/2525 2537/2883/2557 2538/2884/2558 2506/2852/2526
f 2507/2853/2527 2539/2885/2559 2540/2886/2560 2508/2854/2528
f 2509/2855/2529 2541/2887/2561 2542/2888/2562 2510/2856/2530
f 2512/2858/2532 2511/2857/2531 2543/2889/2563 2544/2890/2564
f 2514/2860/2534 2513/2859/2533 2545/2891/2565 2546/2892/2566
f 2516/2862/2536 2515/2861/2535 2547/2893/2567 2548/2894/2568
f 2550/2895/2569 2518/2863/2537 2517/2864/2538 2549/2896/2570
f 2552/2897/2571 2520/2865/2539 2519/2866/2540 2551/2898/2572
f 2554/2899/2573 2522/2867/2541 2521/2868/2542 2553/2900/2574
f 2556/2901/2575 2524/2869/2543 2523/2870/2544 2555/2902/2576
f 2558/2903/2577 2526/2871/2545 2525/2872/2546 2557/2904/2578
f 2559/2905/2579 2560/2906/2580 2528/2873/2547 2527/2874/2548
f 2561/2907/2581 2562/2908/2582 2530/2876/2550 2529/2875/2549
f 2563/2909/2583 2564/2910/2584 2532/2878/2552 2531/2877/2551
f 2533/2879/2553 2565/2911/2585 2566/2912/2586 2534/2880/2554
f 2535/2881/2555 2567/2913/2587 2568/2914/2588 2536/2882/2556
f 2537/2883/2557 2569/2915/2589 2570/2916/2590 2538/2884/2558
f 2539/2885/2559 2571/2917/2591 2572/2918/2592 2540/2886/2560
f 2541/2887/2561 2573/2919/2593 2574/2920/2594 2542/2888/2562
f 2544/2890/2564 2543/2889/2563 2575/2921/2595 2576/2922/2596
f 2546/2892/2566 2545/2891/2565 2577/2923/2597 2578/2924/2598
f 2548/2894/2568 2547/2893/2567 2579/2925/2599 2580/2926/2600
f 2582/2927/2601 2550/2895/2569 2549/2896/2570 2581/2928/2602
f 2584/2929/2603 2552/2897/2571 2551/2898/2572 2583/2930/2604
f 2586/2931/2605 2554/2899/2573 2553/2900/2574 2585/2932/2606
f 2588/2933/2607 2556/2901/2575 2555/2902/2576 2587/2934/2608
f 2590/2935/2609 2558/2903/2577 2557/2904/2578 2589/2936/2610
f 2591/2937/2611 2592/2938/2612 2560/2906/2580 2559/2905/2579
f 2593/2939/2613 2594/2940/2614 2562/2908/2582 2561/2907/2581
f 2563/2909/2583 2595/2941/2615 2596/2942/2616 2564/2910/2584
f 2565/2911/2585 2597/2943/2617 2598/2944/2618 2566/2912/2586
f 2567/2913/2587 2599/2945/2619 2600/2946/2620 2568/2914/2588
f 2569/2915/2589 2601/2947/2621 2602/2948/2622 2570/2916/2590
f 2571/2917/2591 2603/2949/2623 2604/2950/2624 2572/2918/2592
f 2573/2919/2593 2605/2951/2625 2606/2952/2626 2574/2920/2594
f 2575/2921/2595 2607/2953/2627 2608/2954/2628 2576/2922/2596
f 2577/2923/2597 2609/2955/2629 2610/2956/2630 2578/2924/2598
f 2612/2957/2631 2580/2926/2600 2579/2925/2599 2611/2958/2632
f 2614/2959/2633 2582/2927/2601 2581/2928/2602 2613/2960/2634
f 2616/2961/2635 2584/2929/2603 2583/2930/2604 2615/2962/2636
f 2618/2963/2637 2586/2931/2605 2585/2932/2606 2617/2964/2638
f 2620/2965/2639 2588/2933/2607 2587/2934/2608 2619/2966/2640
f 2622/2967/2641 2590/2935/2609 2589/2936/2610 2621/2968/2642
f 2624/2969/2643 2592/2938/2612 2591/2937/2611 2623/2970/2644
f 2626/2971/2645 2594/2940/2614 2593/2939/2613 2625/2972/2646
f 2598/2944/2618 2627/2973/2647 2628/2974/2648 2595/2941/2615
f 2600/2946/2620 2629/2975/2649 2630/2976/2650 2597/2943/2617
f 2602/2948/2622 2631/2977/2651 2632/2978/2652 2599/2945/2619
f 2604/2950/2624 2633/2979/2653 2634/2980/2654 2601/2947/2621
f 2606/2952/2626 2635/2981/2655 2636/2982/2656 2603/2949/2623
f 2608/2954/2628 2637/2983/2657 2638/2984/2658 2605/2951/2625
f 2607/2953/2627 2610/2956/2630 2639/2985/2659 2640/2986/2660
f 2609/2987/2629 2612/2957/2631 2641/2988/2661 2642/2989/2662
f 2644/2990/2663 2611/2958/2632 2614/2959/2633 2643/2991/2664
f 2646/2992/2665 2613/2960/2634 2616/2961/2635 2645/2993/2666
f 2648/2994/2667 2615/2962/2636 2618/2963/2637 2647/2995/2668
f 2650/2996/2669 2617/2964/2638 2620/2965/2639 2649/2997/2670
f 2652/2998/2671 2619/2966/2640 2622/2967/2641 2651/2999/2672
f 2654/3000/2673 2621/2968/2642 2624/2969/2643 2653/3001/2674
f 2655/3002/2675 2656/3003/2676 2623/2970/2644 2626/2971/2645
f 2627/2973/2647 2657/3004/2677 2658/3005/2678 2628/2974/2648
f 2629/2975/2649 2659/3006/2679 2660/3007/2680 2630/2976/2650
f 2631/2977/2651 2661/3008/2681 2662/3009/2682 2632/2978/2652
f 2633/2979/2653 2663/3010/2683 2664/3011/2684 2634/2980/2654
f 2635/2981/2655 2665/3012/2685 2666/3013/2686 2636/2982/2656
f 2637/2983/2657 2667/3014/2687 2668/3015/2688 2638/2984/2658
f 2639/2985/2659 2669/3016/2689 2670/3017/2690 2640/2986/2660
f 2642/2989/2662 2641/2988/2661 2671/3018/2691 2672/3019/2692
f 2674/3020/2693 2644/2990/2663 2643/2991/2664 2673/3021/2694
f 2676/3022/2695 2646/2992/2665 2645/2993/2666 2675/3023/2696
f 2678/3024/2697 2648/2994/2667 2647/2995/2668 2677/3025/2698
f 2680/3026/2699 2650/2996/2669 2649/2997/2670 2679/3027/2700
f 2682/3028/2701 2652/2998/2671 2651/2999/2672 2681/3029/2702
f 2684/3030/2703 2654/3000/2673 2653/3001/2674 2683/3031/2704
f 2686/3032/2705 2656/3003/2676 2655/3002/2675 2685/3033/2706
f 2687/3034/2707 2658/3005/2678 2688/3035/2708 2689/3036/2709
f 2660/3007/2680 2690/3037/2710 2691/3038/2711 2657/3004/2677
f 2662/3009/2682 2692/3039/2712 2693/3040/2713 2659/3006/2679
f 2664/3011/2684 2694/3041/2714 2695/3042/2715 2661/3008/2681
f 2666/3013/2686 2696/3043/2716 2697/3044/2717 2663/3010/2683
f 2668/3015/2688 2698/3045/2718 2699/3046/2719 2665/3012/2685
f 2700/3047/2720 2701/3048/2721 2667/3014/2687 2670/3017/2690
f 2702/3049/2722 2703/3050/2723 2669/3016/2689 2672/3051/2692
f 2704/3052/2724 2705/3053/2725 2671/3018/2691 2674/3020/2693
f 2707/3054/2726 2673/3021/2694 2676/3022/2695 2706/3055/2727
f 2709/3056/2728 2675/3023/2696 2678/3024/2697 2708/3057/2729
f 2711/3058/2730 2677/3025/2698 2680/3026/2699 2710/3059/2731
f 2713/3060/2732 2679/3027/2700 2682/3028/2701 2712/3061/2733
f 2715/3062/2734 2681/3029/2702 2684/3030/2703 2714/3063/2735
f 2683/3031/2704 2686/3032/2705 2716/3064/2736 2717/3065/2737
f 2685/3033/2706 2718/3066/2738 2719/3067/2739 2720/3068/2740
f 2688/3069/2708 2721/3070/2741 2722/3071/2742 2689/3072/2709
f 2690/3073/2710 2723/3074/2743 2724/3075/2744 2691/3076/2711
f 2692/3077/2712 2725/3078/2745 2726/3079/2746 2693/3080/2713
f 2694/3081/2714 2727/3082/2747 2728/3083/2748 2695/3084/2715
f 2696/3085/2716 2729/3086/2749 2730/3087/2750 2697/3088/2717
f 2698/3089/2718 2731/3090/2751 2732/3091/2752 2699/3092/2719
f 2700/3093/2720 2733/3094/2753 2734/3095/2754 2701/3096/2721
f 2702/3097/2722 2735/3098/2755 2736/3099/2756 2703/3100/2723
f 2738/3101/2757 2705/3102/2725 2704/3103/2724 2737/3104/2758
f 2740/3105/2759 2707/3106/2726 2706/3107/2727 2739/3108/2760
f 2742/3109/2761 2709/3110/2728 2708/3111/2729 2741/3112/2762
f 2744/3113/2763 2711/3114/2730 2710/3115/2731 2743/3116/2764
f 2746/3117/2765 2713/3118/2732 2712/3119/2733 2745/3120/2766
f 2748/3121/2767 2715/3122/2734 2714/3123/2735 2747/3124/2768
f 2750/3125/2769 2717/3126/2737 2716/3127/2736 2749/3128/2770
f 2752/3129/2771 2720/3130/2740 2719/3131/2739 2751/3132/2772
f 2721/3070/2741 2753/3133/2773 2754/3134/2774 2722/3071/2742
f 2723/3074/2743 2755/3135/2775 2756/3136/2776 2724/3075/2744
f 2725/3078/2745 2757/3137/2777 2758/3138/2778 2726/3079/2746
f 2727/3082/2747 2759/3139/2779 2760/3140/2780 2728/3083/2748
f 2729/3086/2749 2761/3141/2781 2762/3142/2782 2730/3087/2750
f 2731/3090/2751 2763/3143/2783 2764/3144/2784 2732/3091/2752
f 2733/3094/2753 2765/3145/2785 2766/3146/2786 2734/3095/2754
f 2735/3098/2755 2767/3147/2787 2768/3148/2788 2736/3099/2756
f 2770/3149/2789 2738/3101/2757 2737/3104/2758 2769/3150/2790
f 2772/3151/2791 2740/3105/2759 2739/3108/2760 2771/3152/2792
f 2774/3153/2793 2742/3109/2761 2741/3112/2762 2773/3154/2794
f 2776/3155/2795 2744/3113/2763 2743/3116/2764 2775/3156/2796
f 2778/3157/2797 2746/3117/2765 2745/3120/2766 2777/3158/2798
f 2780/3159/2799 2748/3121/2767 2747/3124/2768 2779/3160/2800
f 2782/3161/2801 2750/3125/2769 2749/3128/2770 2781/3162/2802
f 2784/3163/2803 2752/3129/2771 2751/3132/2772 2783/3164/2804
f 2785/3165/2805 2786/3166/2806 2754/3134/2774 2753/3133/2773
f 2755/3135/2775 2787/3167/2807 2788/3168/2808 2756/3136/2776
f 2757/3137/2777 2789/3169/2809 2790/3170/2810 2758/3138/2778
f 2759/3139/2779 2791/3171/2811 2792/3172/2812 2760/3140/2780
f 2761/3141/2781 2793/3173/2813 2794/3174/2814 2762/3142/2782
f 2763/3143/2783 2795/3175/2815 2796/3176/2816 2764/3144/2784
f 2765/3145/2785 2797/3177/2817 2798/3178/2818 2766/3146/2786
f 2768/3148/2788 2767/3147/2787 2799/3179/2819 2800/3180/2820
f 2770/3149/2789 2769/3150/2790 2801/3181/2821 2802/3182/2822
f 2804/3183/2823 2772/3151/2791 2771/3152/2792 2803/3184/2824
f 2806/3185/2825 2774/3153/2793 2773/3154/2794 2805/3186/2826
f 2808/3187/2827 2776/3155/2795 2775/3156/2796 2807/3188/2828
f 2810/3189/2829 2778/3157/2797 2777/3158/2798 2809/3190/2830
f 2812/3191/2831 2780/3159/2799 2779/3160/2800 2811/3192/2832
f 2814/3193/2833 2782/3161/2801 2781/3162/2802 2813/3194/2834
f 2815/3195/2835 2816/3196/2836 2784/3163/2803 2783/3164/2804
f 2817/3197/2837 2818/3198/2838 2786/3166/2806 2785/3165/2805
f 2787/3167/2807 2819/3199/2839 2820/3200/2840 2788/3168/2808
f 2789/3169/2809 2821/3201/2841 2822/3202/2842 2790/3170/2810
f 2791/3171/2811 2823/3203/2843 2824/3204/2844 2792/3172/2812
f 2793/3173/2813 2825/3205/2845 2826/3206/2846 2794/3174/2814
f 2795/3175/2815 2827/3207/2847 2828/3208/2848 2796/3176/2816
f 2797/3177/2817 2829/3209/2849 2830/3210/2850 2798/3178/2818
f 2800/3180/2820 2799/3179/2819 2831/3211/2851 2832/3212/2852
f 2802/3182/2822 2801/3181/2821 2833/3213/2853 2834/3214/2854
f 2836/3215/2855 2804/3183/2823 2803/3184/2824 2835/3216/2856
f 2838/3217/2857 2806/3185/2825 2805/3186/2826 2837/3218/2858
f 2840/3219/2859 2808/3187/2827 2807/3188/2828 2839/3220/2860
f 2842/3221/2861 2810/3189/2829 2809/3190/2830 2841/3222/2862
f 2844/3223/2863 2812/3191/2831 2811/3192/2832 2843/3224/2864
f 2846/3225/2865 2814/3193/2833 2813/3194/2834 2845/3226/2866
f 2847/3227/2867 2848/3228/2868 2816/3196/2836 2815/3195/2835
f 2849/3229/2869 2850/3230/2870 2818/3198/2838 2817/3197/2837
f 2851/3231/2871 2852/3232/2872 2820/3200/2840 2819/3199/2839
f 2821/3201/2841 2853/3233/2873 2854/3234/2874 2822/3202/2842
f 2823/3203/2843 2855/3235/2875 2856/3236/2876 2824/3204/2844
f 2825/3205/2845 2857/3237/2877 2858/3238/2878 2826/3206/2846
f 2827/3207/2847 2859/3239/2879 2860/3240/2880 2828/3208/2848
f 2830/3210/2850 2829/3209/2849 2861/3241/2881 2862/3242/2882
f 2832/3212/2852 2831/3211/2851 2863/3243/2883 2864/3244/2884
f 2834/3214/2854 2833/3213/2853 2865/3245/2885 2866/3246/2886
f 2836/3215/2855 2835/3216/2856 2867/3247/2887 2868/3248/2888
f 2870/3249/2889 2838/3217/2857 2837/3218/2858 2869/3250/2890
f 2872/3251/2891 2840/3219/2859 2839/3220/2860 2871/3252/2892
f 2874/3253/2893 2842/3221/2861 2841/3222/2862 2873/3254/2894
f 2876/3255/2895 2844/3223/2863 2843/3224/2864 2875/3256/2896
f 2877/3257/2897 2878/3258/2898 2846/3225/2865 2845/3226/2866
f 2879/3259/2899 2880/3260/2900 2848/3228/2868 2847/3227/2867
f 2849/3229/2869 2881/3261/2901 2882/3262/2902 2850/3230/2870
f 2851/3231/2871 2883/3263/2903 2884/3264/2904 2852/3232/2872
f 2853/3233/2873 2885/3265/2905 2886/3266/2906 2854/3234/2874
f 2855/3235/2875 2887/3267/2907 2888/3268/2908 2856/3236/2876
f 2857/3237/2877 2889/3269/2909 2890/3270/2910 2858/3238/2878
f 2859/3239/2879 2891/3271/2911 2892/3272/2912 2860/3240/2880
f 2861/3241/2881 2893/3273/2913 2894/3274/2914 2862/3242/2882
f 2863/3243/2883 2895/3275/2915 2896/3276/2916 2864/3244/2884
f 2898/3277/2917 2866/3246/2886 2865/3245/2885 2897/3278/2918
f 2900/3279/2919 2868/3248/2888 2867/3247/2887 2899/3280/2920
f 2902/3281/2921 2870/3249/2889 2869/3250/2890 2901/3282/2922
f 2904/3283/2923 2872/3251/2891 2871/3252/2892 2903/3284/2924
f 2906/3285/2925 2874/3253/2893 2873/3254/2894 2905/3286/2926
f 2908/3287/2927 2876/3255/2895 2875/3256/2896 2907/3288/2928
f 2910/3289/2929 2878/3258/2898 2877/3257/2897 2909/3290/2930
f 2912/3291/2931 2880/3260/2900 2879/3259/2899 2911/3292/2932
f 2881/3261/2901 2913/3293/2933 2914/3294/2934 2882/3262/2902
f 2883/3263/2903 2915/3295/2935 2916/3296/2936 2884/3264/2904
f 2885/3265/2905 2917/3297/2937 2918/3298/2938 2886/3266/2906
f 2887/3267/2907 2919/3299/2939 2920/3300/2940 2888/3268/2908
f 2889/3269/2909 2921/3301/2941 2922/3302/2942 2890/3270/2910
f 2891/3271/2911 2923/3303/2943 2924/3304/2944 2892/3272/2912
f 2893/3273/2913 2925/3305/2945 2926/3306/2946 2894/3274/2914
f 2895/3275/2915 2927/3307/2947 2928/3308/2948 2896/3276/2916
f 2930/3309/2949 2898/3277/2917 2897/3278/2918 2929/3310/2950
f 2932/3311/2951 2900/3279/2919 2899/3280/2920 2931/3312/2952
f 2934/3313/2953 2902/3281/2921 2901/3282/2922 2933/3314/2954
f 2936/3315/2955 2904/3283/2923 2903/3284/2924 2935/3316/2956
f 2938/3317/2957 2906/3285/2925 2905/3286/2926 2937/3318/2958
f 2940/3319/2959 2908/3287/2927 2907/3288/2928 2939/3320/2960
f 2942/3321/2961 2910/3289/2929 2909/3290/2930 2941/3322/2962
f 2944/3323/2963 2912/3291/2931 2911/3292/2932 2943/3324/2964
f 2913/3293/2933 2945/3325/2965 2946/3326/2966 2914/3294/2934
f 2915/3295/2935 2947/3327/2967 2948/3328/2968 2916/3296/2936
f 2917/3297/2937 2949/3329/2969 2950/3330/2970 2918/3298/2938
f 2919/3299/2939 2951/3331/2971 2952/3332/2972 2920/3300/2940
f 2921/3301/2941 2953/3333/2973 2954/3334/2974 2922/3302/2942
f 2923/3303/2943 2955/3335/2975 2956/3336/2976 2924/3304/2944
f 2925/3305/2945 2957/3337/2977 2958/3338/2978 2926/3306/2946
f 2928/3308/2948 2927/3307/2947 2959/3339/2979 2960/3340/2980
f 2962/3341/2981 2930/3309/2949 2929/3310/2950 2961/3342/2982
f 2964/3343/2983 2932/3311/2951 2931/3312/2952 2963/3344/2984
f 2966/3345/2985 2934/3313/2953 2933/3314/2954 2965/3346/2986
f 2968/3347/2987 2936/3315/2955 2935/3316/2956 2967/3348/2988
f 2970/3349/2989 2938/3317/2957 2937/3318/2958 2969/3350/2990
f 2972/3351/2991 2940/3319/2959 2939/3320/2960 2971/3352/2992
f 2974/3353/2993 2942/3321/2961 2941/3322/2962 2973/3354/2994
f 2975/3355/2995 2976/3356/2996 2944/3323/2963 2943/3324/2964
f 2977/3357/2997 2978/3358/2998 2946/3326/2966 2945/3325/2965
f 2947/3327/2967 2979/3359/2999 2980/3360/3000 2948/3328/2968
f 2949/3329/2969 2981/3361/3001 2982/3362/3002 2950/3330/2970
f 2951/3331/2971 1588/1806/1551 1587/1809/1554 2952/3332/2972
f 2953/3333/2973 1592/1810/1555 1591/1813/1558 2954/3334/2974
f 2955/3335/2975 1596/1814/1559 1595/1817/1562 2956/3336/2976
f 2957/3337/2977 1600/1818/1563 1599/1821/1566 2958/3338/2978
f 2960/3340/2980 2959/3339/2979 1604/1823/1568 1603/1822/1567
f 2962/3341/2981 2961/3342/2982 1608/1828/1573 1607/1827/1572
f 1709/1929/1674 2964/3343/2983 2963/3344/2984 1710/1930/1675
f 1705/1925/1670 2966/3345/2985 2965/3346/2986 1706/1926/1671
f 1701/1921/1666 2968/3347/2987 2967/3348/2988 1702/1922/1667
f 1697/1917/1662 2970/3349/2989 2969/3350/2990 1698/1918/1663
f 1693/1913/1658 2972/3351/2991 2971/3352/2992 1694/1914/1659
f 1690/1909/1654 2974/3353/2993 2973/3354/2994 1691/1910/1655
f 2983/3363/3003 2984/3364/3004 2976/3356/2996 2975/3355/2995
f 2979/3359/2999 2986/3365/3005 2985/3366/3006 2980/3360/3000
f 2981/3361/3001 2987/3367/3007 2988/3368/3008 2982/3362/3002
f 2989/3369/3009 2990/3370/3010 2984/3364/3004 2983/3363/3003
f 2991/3371/3011 2992/3372/3011 1830/2048/1793 1829/2049/1794
f 2994/3373/3011 1832/2050/1795 1831/2051/1796 2993/3374/3011
f 2996/3375/3011 1834/2052/1797 1833/2053/1798 2995/3376/3011
f 2998/3377/3011 1836/2054/1799 1835/2055/1800 2997/3378/3011
f 3000/3379/3011 1838/2056/1801 1837/2057/1802 2999/3380/3011
f 3002/3381/3011 1840/2058/1803 1839/2059/1804 3001/3382/3011
f 1842/2060/1805 1841/2061/1806 3003/3383/3011 3004/3384/3011
f 1844/2063/1808 1843/2062/1807 3005/3385/3011 3006/3386/3011
f 1846/2065/1810 1845/2064/1809 3007/3387/3011 3008/3388/3011
f 1847/2066/1811 3009/3389/3011 3010/3390/3011 1848/2067/1812
f 1849/2068/1813 3011/3391/3011 3012/3392/3011 1850/2069/1814
f 1851/2070/1815 3013/3393/3011 3014/3394/3011 1852/2071/1816
f 1853/2072/1817 3015/3395/3011 3016/3396/3012 1854/2073/1818
f 1855/2074/1819 3017/3397/3013 3018/3398/3014 1856/2075/1820
f 3019/3399/3011 3020/3400/3011 1858/2077/1822 1857/2076/1821
f 3021/3401/3011 3022/3402/3011 1860/2079/1824 1859/2078/1823
f 3009/3403/3011 3008/3404/3011 3023/3405/3011
f 3010/3406/3011 3009/3403/3011 3023/3405/3011
f 3011/3407/3011 3010/3406/3011 3023/3405/3011
f 3012/3408/3011 3011/3407/3011 3023/3405/3011
f 3013/3409/3011 3012/3408/3011 3023/3405/3011
f 3014/3410/3011 3013/3409/3011 3023/3405/3011
f 3015/3411/3011 3014/3410/3011 3023/3405/3011
f 3016/3412/3012 3015/3411/3011 3023/3405/3011
f 3017/3413/3013 3016/3412/3012 3023/3405/3011
f 3018/3414/3014 3017/3413/3013 3023/3405/3011
f 3019/3415/3011 3018/3414/3014 3023/3405/3011
f 3020/3416/3011 3019/3415/3011 3023/3405/3011
f 3021/3417/3011 3020/3416/3011 3023/3405/3011
f 3022/3418/3011 3021/3417/3011 3023/3405/3011
f 2991/3419/3011 3022/3418/3011 3023/3405/3011
f 1613/1831/1576 1612/1830/1575 1636/1856/1601 3024/3420/3015
f 3026/3421/3016 1633/1850/1595 1632/1853/1598 3025/3422/3017
f 3028/3423/3018 1629/1846/1591 1628/1849/1594 3027/3424/3019
f 3030/3425/3020 1625/1842/1587 1624/1845/1590 3029/3426/3021
f 3032/3427/3022 1621/1838/1583 1620/1841/1586 3031/3428/3023
f 3034/3429/3024 1617/1834/1579 1616/1837/1582 3033/3430/3025
f 3036/3431/3026 1648/1865/1610 1647/1868/1613 3035/3432/3027
f 1644/1862/1607 3037/3433/3028 3038/3434/3029 1645/1863/1608
f 1715/1933/1678 3039/3435/3030 3040/3436/3031 1716/1934/1679
f 1719/1937/1682 3041/3437/3032 3042/3438/3033 1720/1938/1683
f 1723/1941/1686 3043/3439/3034 3044/3440/3035 1724/1942/1687
f 1727/1945/1690 3045/3441/3036 3046/3442/3037 1728/1946/1691
f 1731/1949/1694 3047/3443/3038 3048/3444/3039 1732/1950/1695
f 1686/1907/1652 3049/3445/3040 3050/3446/3041 3051/3447/3042
f 3051/3448/3042 3050/3449/3041 2989/3369/3009 3052/3450/3043
f 3054/3451/3044 3035/3432/3027 1687/1904/1649 3053/3452/3045
f 2985/3366/3006 3054/3453/3044 3053/3454/3045 3055/3455/3046
f 3057/3456/3047 3033/3430/3025 3036/3431/3026 3056/3457/3048
f 2988/3368/3008 3057/3458/3047 3056/3459/3048 2986/3365/3005
f 3059/3460/3049 3031/3428/3023 3034/3429/3024 3058/3461/3050
f 1590/1808/1553 3059/3462/3049 3058/3463/3050 2987/3367/3007
f 3061/3464/3051 3029/3426/3021 3032/3427/3022 3060/3465/3052
f 1594/1812/1557 3061/3466/3051 3060/3467/3052 1589/1807/1552
f 3063/3468/3053 3027/3424/3019 3030/3425/3020 3062/3469/3054
f 1598/1816/1561 3063/3470/3053 3062/3471/3054 1593/1811/1556
f 3065/3472/3055 3025/3422/3017 3028/3423/3018 3064/3473/3056
f 1602/1820/1565 3065/3474/3055 3064/3475/3056 1597/1815/1560
f 3067/3476/3057 3024/3420/3015 3026/3421/3016 3066/3477/3058
f 1606/1825/1570 3067/3478/3057 3066/3479/3058 1601/1819/1564
f 3050/3449/3041 3068/3480/3059 2990/3370/3010 2989/3369/3009
f 3049/3445/3040 3069/3481/3060 3068/3482/3059 3050/3446/3041
f 3071/3483/3061 1689/1908/1653 1692/1911/1656 3070/3484/3062
f 3038/3434/3029 3071/3485/3061 3070/3486/3062 3072/3487/3063
f 3074/3488/3064 1696/1912/1657 1695/1915/1660 3073/3489/3065
f 3040/3436/3031 3074/3490/3064 3073/3491/3065 3037/3433/3028
f 3076/3492/3066 1700/1916/1661 1699/1919/1664 3075/3493/3067
f 3042/3438/3033 3076/3494/3066 3075/3495/3067 3039/3435/3030
f 3078/3496/3068 1704/1920/1665 1703/1923/1668 3077/3497/3069
f 3044/3440/3035 3078/3498/3068 3077/3499/3069 3041/3437/3032
f 3080/3500/3070 1708/1924/1669 1707/1927/1672 3079/3501/3071
f 3046/3442/3037 3080/3502/3070 3079/3503/3071 3043/3439/3034
f 3082/3504/3072 1712/1928/1673 1711/1931/1676 3081/3505/3073
f 3048/3444/3039 3082/3506/3072 3081/3507/3073 3045/3441/3036
f 3084/3508/3074 1610/1826/1571 1609/1829/1574 3083/3509/3075
f 1614/1832/1577 3084/3510/3074 3083/3511/3075 3047/3443/3038
f 1640/1858/1603 3072/3487/3063 3069/3481/3060 1641/1859/1604
f 2977/3357/2997 3055/3455/3046 3052/3450/3043 2978/3358/2998
f 1688/1905/1650 1652/1869/1614 1651/1872/1617 1685/1906/1651
f 3008/3404/3011 3007/3512/3011 3023/3405/3011
f 3085/3513/3076 3086/3514/3077 2625/2972/2646 2596/2942/2616
f 2687/3034/2707 2718/3066/2738 3086/3514/3077 3085/3513/3076
f 2433/2780/2455 2464/2812/2486 2401/2744/2420 2371/2713/2390
f 2367/2710/2387 2369/2714/2391 2400/2746/2422 2368/2711/2388
f 2212/2523/2232 2273/3515/2295 2304/3516/2324 2241/2552/2261
f 2115/2375/2086 3087/3517/3078 3088/3518/3079 2114/3519/3080
f 2177/2489/2199 2208/2520/2229 3088/3518/3079 3087/3517/3078
f 2022/2272/1986 2116/3520/3081 2113/2371/2082 2051/2302/2016
f 1601/1819/1564 3066/3479/3058 3065/3474/3055 1602/1820/1565
f 3066/3477/3058 3026/3421/3016 3025/3422/3017 3065/3472/3055
f 3025/3422/3017 1632/1853/1598 1629/1846/1591 3028/3423/3018
f 3003/3383/3011 1841/2061/1806 1840/2058/1803 3002/3381/3011
f 2958/3338/2978 1599/1821/1566 1596/1814/1559 2955/3335/2975
f 2926/3306/2946 2958/3338/2978 2955/3335/2975 2923/3303/2943
f 2894/3274/2914 2926/3306/2946 2923/3303/2943 2891/3271/2911
f 2862/3242/2882 2894/3274/2914 2891/3271/2911 2859/3239/2879
f 2827/3207/2847 2830/3210/2850 2862/3242/2882 2859/3239/2879
f 2798/3178/2818 2830/3210/2850 2827/3207/2847 2795/3175/2815
f 2766/3146/2786 2798/3178/2818 2795/3175/2815 2763/3143/2783
f 2734/3095/2754 2766/3146/2786 2763/3143/2783 2731/3090/2751
f 2701/3096/2721 2734/3095/2754 2731/3090/2751 2698/3089/2718
f 2667/3014/2687 2701/3048/2721 2698/3045/2718 2668/3015/2688
f 2640/2986/2660 2670/3017/2690 2667/3014/2687 2637/2983/2657
f 2607/2953/2627 2640/2986/2660 2637/2983/2657 2608/2954/2628
f 2576/2922/2596 2608/2954/2628 2605/2951/2625 2573/2919/2593
f 2544/2890/2564 2576/2922/2596 2573/2919/2593 2541/2887/2561
f 2512/2858/2532 2544/2890/2564 2541/2887/2561 2509/2855/2529
f 2480/2826/2500 2512/2858/2532 2509/2855/2529 2477/2823/2497
f 2447/2792/2467 2480/2826/2500 2477/2823/2497 2444/2789/2464
f 2413/2757/2433 2447/2792/2467 2444/2789/2464 2414/2758/2434
f 2383/2726/2403 2382/2725/2402 2416/2760/2436 2413/2757/2433
f 2347/2690/2367 2383/2726/2403 2380/2723/2400 2348/2691/2368
f 2320/2662/2340 2350/2693/2370 2347/2690/2367 2317/2659/2337
f 2286/2610/2306 2320/2662/2340 2317/2659/2337 2287/2611/2307
f 2253/2612/2273 2287/2611/2307 2284/2606/2304 2254/2605/2274
f 2223/2534/2243 2256/2567/2276 2253/2564/2273 2224/2535/2244
f 2191/2501/2211 2224/2535/2244 2221/2532/2241 2188/2498/2208
f 2157/2467/2177 2191/2501/2211 2188/2498/2208 2158/2468/2178
f 2130/2424/2135 2160/2470/2180 2157/2467/2177 2127/2421/2132
f 2094/2350/2061 2130/2424/2135 2127/2421/2132 2091/2420/2131
f 2033/2283/1997 2066/2316/2030 2063/2313/2027 2034/2284/1998
f 2002/2252/1966 2034/2284/1998 2031/2281/1995 1999/2249/1963
f 1970/2220/1934 2002/2252/1966 1999/2249/1963 1967/2217/1931
f 1937/2169/1901 1970/2220/1934 1967/2217/1931 1934/2164/1898
f 1903/2170/1867 1937/2169/1901 1934/2164/1898 1904/2163/1868
f 1873/2092/1837 1906/2125/1870 1903/2122/1867 1874/2093/1838
f 1792/2010/1755 1874/2093/1838 1871/2090/1835 1787/2005/1750
f 1841/2061/1806 1789/2011/1756 1786/2004/1749 1840/2058/1803
f 1789/2011/1756 1792/2010/1755 1787/2005/1750 1786/2004/1749
f 1663/1881/1626 1664/1884/1629 1680/1900/1645 1679/1897/1642
f 1631/1852/1597 1664/1884/1629 1663/1881/1626 1630/1847/1592
f 1632/1853/1598 1631/1852/1597 1630/1847/1592 1629/1846/1591
f 1599/1821/1566 1602/1820/1565 1597/1815/1560 1596/1814/1559
f 1597/1815/1560 3064/3475/3056 3063/3470/3053 1598/1816/1561
f 3064/3473/3056 3028/3423/3018 3027/3424/3019 3063/3468/3053
f 3027/3424/3019 1628/1849/1594 1625/1842/1587 3030/3425/3020
f 3001/3382/3011 1839/2059/1804 1838/2056/1801 3000/3379/3011
f 2956/3336/2976 1595/1817/1562 1592/1810/1555 2953/3333/2973
f 2924/3304/2944 2956/3336/2976 2953/3333/2973 2921/3301/2941
f 2892/3272/2912 2924/3304/2944 2921/3301/2941 2889/3269/2909
f 2860/3240/2880 2892/3272/2912 2889/3269/2909 2857/3237/2877
f 2828/3208/2848 2860/3240/2880 2857/3237/2877 2825/3205/2845
f 2796/3176/2816 2828/3208/2848 2825/3205/2845 2793/3173/2813
f 2764/3144/2784 2796/3176/2816 2793/3173/2813 2761/3141/2781
f 2732/3091/2752 2764/3144/2784 2761/3141/2781 2729/3086/2749
f 2699/3092/2719 2732/3091/2752 2729/3086/2749 2696/3085/2716
f 2665/3012/2685 2699/3046/2719 2696/3043/2716 2666/3013/2686
f 2638/2984/2658 2668/3015/2688 2665/3012/2685 2635/2981/2655
f 2605/2951/2625 2638/2984/2658 2635/2981/2655 2606/2952/2626
f 2574/2920/2594 2606/2952/2626 2603/2949/2623 2571/2917/2591
f 2542/2888/2562 2574/2920/2594 2571/2917/2591 2539/2885/2559
f 2510/2856/2530 2542/2888/2562 2539/2885/2559 2507/2853/2527
f 2478/2824/2498 2510/2856/2530 2507/2853/2527 2475/2821/2495
f 2445/2790/2465 2478/2824/2498 2475/2821/2495 2442/2787/2462
f 2411/2755/2431 2445/2790/2465 2442/2787/2462 2412/2756/2432
f 2380/2723/2400 2414/2758/2434 2411/2755/2431 2381/2724/2401
f 2345/2688/2365 2381/2724/2401 2378/2721/2398 2346/2689/2366
f 2318/2660/2338 2348/2691/2368 2345/2688/2365 2315/2657/2335
f 2284/2606/2304 2318/2660/2338 2315/2657/2335 2285/2607/2305
f 2251/2608/2271 2285/2607/2305 2282/2602/2302 2252/2601/2272
f 2221/2532/2241 2254/2565/2274 2251/2562/2271 2222/2533/2242
f 2189/2499/2209 2222/2533/2242 2219/2530/2239 2186/2496/2206
f 2155/2465/2175 2189/2499/2209 2186/2496/2206 2156/2466/2176
f 2128/2422/2133 2158/2468/2178 2155/2465/2175 2125/2417/2128
f 2092/2342/2053 2128/2422/2133 2125/2417/2128 2089/2343/2054
f 2031/2281/1995 2064/2314/2028 2061/2311/2025 2032/2282/1996
f 2000/2250/1964 2032/2282/1996 2029/2279/1993 1997/2247/1961
f 1968/2218/1932 2000/2250/1964 1997/2247/1961 1965/2215/1929
f 1935/2165/1899 1968/2218/1932 1965/2215/1929 1932/2160/1896
f 1901/2166/1865 1935/2165/1899 1932/2160/1896 1902/2159/1866
f 1871/2090/1835 1904/2123/1868 1901/2120/1865 1872/2091/1836
f 1788/2006/1751 1872/2091/1836 1869/2088/1833 1783/2001/1746
f 1839/2059/1804 1785/2007/1752 1782/2000/1745 1838/2056/1801
f 1785/2007/1752 1788/2006/1751 1783/2001/1746 1782/2000/1745
f 1662/1882/1627 1678/1898/1643 1677/1895/1640 1661/1879/1624
f 1627/1848/1593 1662/1882/1627 1661/1879/1624 1626/1843/1588
f 1628/1849/1594 1627/1848/1593 1626/1843/1588 1625/1842/1587
f 1595/1817/1562 1598/1816/1561 1593/1811/1556 1592/1810/1555
f 1593/1811/1556 3062/3471/3054 3061/3466/3051 1594/1812/1557
f 3062/3469/3054 3030/3425/3020 3029/3426/3021 3061/3464/3051
f 3029/3426/3021 1624/1845/1590 1621/1838/1583 3032/3427/3022
f 2999/3380/3011 1837/2057/1802 1836/2054/1799 2998/3377/3011
f 2954/3334/2974 1591/1813/1558 1588/1806/1551 2951/3331/2971
f 2922/3302/2942 2954/3334/2974 2951/3331/2971 2919/3299/2939
f 2890/3270/2910 2922/3302/2942 2919/3299/2939 2887/3267/2907
f 2858/3238/2878 2890/3270/2910 2887/3267/2907 2855/3235/2875
f 2826/3206/2846 2858/3238/2878 2855/3235/2875 2823/3203/2843
f 2794/3174/2814 2826/3206/2846 2823/3203/2843 2791/3171/2811
f 2762/3142/2782 2794/3174/2814 2791/3171/2811 2759/3139/2779
f 2730/3087/2750 2762/3142/2782 2759/3139/2779 2727/3082/2747
f 2697/3088/2717 2730/3087/2750 2727/3082/2747 2694/3081/2714
f 2663/3010/2683 2697/3044/2717 2694/3041/2714 2664/3011/2684
f 2636/2982/2656 2666/3013/2686 2663/3010/2683 2633/2979/2653
f 2603/2949/2623 2636/2982/2656 2633/2979/2653 2604/2950/2624
f 2572/2918/2592 2604/2950/2624 2601/2947/2621 2569/2915/2589
f 2540/2886/2560 2572/2918/2592 2569/2915/2589 2537/2883/2557
f 2508/2854/2528 2540/2886/2560 2537/2883/2557 2505/2851/2525
f 2476/2822/2496 2508/2854/2528 2505/2851/2525 2473/2819/2493
f 2443/2788/2463 2476/2822/2496 2473/2819/2493 2440/2785/2460
f 2409/2753/2429 2443/2788/2463 2440/2785/2460 2410/2754/2430
f 2378/2721/2398 2412/2756/2432 2409/2753/2429 2379/2722/2399
f 2343/2686/2363 2379/2722/2399 2376/2719/2396 2344/2687/2364
f 2316/2658/2336 2346/2689/2366 2343/2686/2363 2313/2655/2333
f 2282/2602/2302 2316/2658/2336 2313/2655/2333 2283/2603/2303
f 2249/2604/2269 2283/2603/2303 2280/2598/2300 2250/2597/2270
f 2219/2530/2239 2252/2563/2272 2249/2560/2269 2220/2531/2240
f 2187/2497/2207 2220/2531/2240 2217/2528/2237 2184/2494/2204
f 2153/2463/2173 2187/2497/2207 2184/2494/2204 2154/2464/2174
f 2126/2418/2129 2156/2466/2176 2153/2463/2173 2123/2414/2125
f 2090/2419/2130 2126/2418/2129 2123/2414/2125 2087/2413/2124
f 2029/2279/1993 2062/2312/2026 2059/2309/2023 2030/2280/1994
f 1998/2248/1962 2030/2280/1994 2027/2277/1991 1995/2245/1959
f 1966/2216/1930 1998/2248/1962 1995/2245/1959 1963/2213/1927
f 1933/2161/1897 1966/2216/1930 1963/2213/1927 1930/2156/1894
f 1899/2162/1863 1933/2161/1897 1930/2156/1894 1900/2155/1864
f 1869/2088/1833 1902/2121/1866 1899/2118/1863 1870/2089/1834
f 1784/2002/1747 1870/2089/1834 1867/2086/1831 1779/1997/1742
f 1837/2057/1802 1781/2003/1748 1778/1996/1741 1836/2054/1799
f 1781/2003/1748 1784/2002/1747 1779/1997/1742 1778/1996/1741
f 1660/1880/1625 1676/1896/1641 1675/1893/1638 1659/1877/1622
f 1623/1844/1589 1660/1880/1625 1659/1877/1622 1622/1839/1584
f 1624/1845/1590 1623/1844/1589 1622/1839/1584 1621/1838/1583
f 1591/1813/1558 1594/1812/1557 1589/1807/1552 1588/1806/1551
f 1589/1807/1552 3060/3467/3052 3059/3462/3049 1590/1808/1553
f 3060/3465/3052 3032/3427/3022 3031/3428/3023 3059/3460/3049
f 3031/3428/3023 1620/1841/1586 1617/1834/1579 3034/3429/3024
f 2997/3378/3011 1835/2055/1800 1834/2052/1797 2996/3375/3011
f 2952/3332/2972 1587/1809/1554 2981/3361/3001 2949/3329/2969
f 2920/3300/2940 2952/3332/2972 2949/3329/2969 2917/3297/2937
f 2888/3268/2908 2920/3300/2940 2917/3297/2937 2885/3265/2905
f 2856/3236/2876 2888/3268/2908 2885/3265/2905 2853/3233/2873
f 2824/3204/2844 2856/3236/2876 2853/3233/2873 2821/3201/2841
f 2792/3172/2812 2824/3204/2844 2821/3201/2841 2789/3169/2809
f 2760/3140/2780 2792/3172/2812 2789/3169/2809 2757/3137/2777
f 2728/3083/2748 2760/3140/2780 2757/3137/2777 2725/3078/2745
f 2695/3084/2715 2728/3083/2748 2725/3078/2745 2692/3077/2712
f 2661/3008/2681 2695/3042/2715 2692/3039/2712 2662/3009/2682
f 2634/2980/2654 2664/3011/2684 2661/3008/2681 2631/2977/2651
f 2601/2947/2621 2634/2980/2654 2631/2977/2651 2602/2948/2622
f 2570/2916/2590 2602/2948/2622 2599/2945/2619 2567/2913/2587
f 2538/2884/2558 2570/2916/2590 2567/2913/2587 2535/2881/2555
f 2506/2852/2526 2538/2884/2558 2535/2881/2555 2503/2849/2523
f 2474/2820/2494 2506/2852/2526 2503/2849/2523 2471/2817/2491
f 2441/2786/2461 2474/2820/2494 2471/2817/2491 2438/2783/2458
f 2407/2751/2427 2441/2786/2461 2438/2783/2458 2408/2752/2428
f 2376/2719/2396 2410/2754/2430 2407/2751/2427 2377/2720/2397
f 2341/2684/2361 2377/2720/2397 2374/2717/2394 2342/2685/2362
f 2314/2656/2334 2344/2687/2364 2341/2684/2361 2311/2653/2331
f 2280/2598/2300 2314/2656/2334 2311/2653/2331 2281/2599/2301
f 2247/2600/2267 2281/2599/2301 2278/2594/2298 2248/2593/2268
f 2217/2528/2237 2250/2561/2270 2247/2558/2267 2218/2529/2238
f 2185/2495/2205 2218/2529/2238 2215/2526/2235 2182/2492/2202
f 2151/2461/2171 2185/2495/2205 2182/2492/2202 2152/2462/2172
f 2124/2415/2126 2154/2464/2174 2151/2461/2171 2121/2410/2121
f 2088/2416/2127 2124/2415/2126 2121/2410/2121 2085/2409/2120
f 2027/2277/1991 2060/2310/2024 2057/2307/2021 2028/2278/1992
f 1996/2246/1960 2028/2278/1992 2025/2275/1989 1993/2243/1957
f 1964/2214/1928 1996/2246/1960 1993/2243/1957 1961/2211/1925
f 1931/2157/1895 1964/2214/1928 1961/2211/1925 1928/2152/1892
f 1897/2158/1861 1931/2157/1895 1928/2152/1892 1898/2151/1862
f 1867/2086/1831 1900/2119/1864 1897/2116/1861 1868/2087/1832
f 1780/1998/1743 1868/2087/1832 1865/2084/1829 1775/1993/1738
f 1835/2055/1800 1777/1999/1744 1774/1992/1737 1834/2052/1797
f 1777/1999/1744 1780/1998/1743 1775/1993/1738 1774/1992/1737
f 1658/1878/1623 1674/1894/1639 1673/1891/1636 1657/1875/1620
f 1619/1840/1585 1658/1878/1623 1657/1875/1620 1618/1835/1580
f 1620/1841/1586 1619/1840/1585 1618/1835/1580 1617/1834/1579
f 1587/1809/1554 1590/1808/1553 2987/3367/3007 2981/3361/3001
f 2987/3367/3007 3058/3463/3050 3057/3458/3047 2988/3368/3008
f 3058/3461/3050 3034/3429/3024 3033/3430/3025 3057/3456/3047
f 3033/3430/3025 1616/1837/1582 1648/1865/1610 3036/3431/3026
f 2995/3376/3011 1833/2053/1798 1832/2050/1795 2994/3373/3011
f 2982/3362/3002 2988/3368/3008 2986/3365/3005 2979/3359/2999
f 2950/3330/2970 2982/3362/3002 2979/3359/2999 2947/3327/2967
f 2918/3298/2938 2950/3330/2970 2947/3327/2967 2915/3295/2935
f 2886/3266/2906 2918/3298/2938 2915/3295/2935 2883/3263/2903
f 2854/3234/2874 2886/3266/2906 2883/3263/2903 2851/3231/2871
f 2822/3202/2842 2854/3234/2874 2851/3231/2871 2819/3199/2839
f 2790/3170/2810 2822/3202/2842 2819/3199/2839 2787/3167/2807
f 2758/3138/2778 2790/3170/2810 2787/3167/2807 2755/3135/2775
f 2726/3079/2746 2758/3138/2778 2755/3135/2775 2723/3074/2743
f 2693/3080/2713 2726/3079/2746 2723/3074/2743 2690/3073/2710
f 2659/3006/2679 2693/3040/2713 2690/3037/2710 2660/3007/2680
f 2632/2978/2652 2662/3009/2682 2659/3006/2679 2629/2975/2649
f 2599/2945/2619 2632/2978/2652 2629/2975/2649 2600/2946/2620
f 2568/2914/2588 2600/2946/2620 2597/2943/2617 2565/2911/2585
f 2536/2882/2556 2568/2914/2588 2565/2911/2585 2533/2879/2553
f 2504/2850/2524 2536/2882/2556 2533/2879/2553 2501/2847/2521
f 2472/2818/2492 2504/2850/2524 2501/2847/2521 2469/2815/2489
f 2439/2784/2459 2472/2818/2492 2469/2815/2489 2436/2781/2456
f 2405/2749/2425 2439/2784/2459 2436/2781/2456 2406/2750/2426
f 2374/2717/2394 2408/2752/2428 2405/2749/2425 2375/2718/2395
f 2339/2682/2359 2375/2718/2395 2372/2715/2392 2340/2683/2360
f 2312/2654/2332 2342/2685/2362 2339/2682/2359 2309/2651/2329
f 2278/2594/2298 2312/2654/2332 2309/2651/2329 2279/2595/2299
f 2245/2596/2265 2279/2595/2299 2276/2590/2296 2246/2589/2266
f 2215/2526/2235 2248/2559/2268 2245/2556/2265 2216/2527/2236
f 2183/2493/2203 2216/2527/2236 2213/2524/2233 2180/2490/2200
f 2149/2459/2169 2183/2493/2203 2180/2490/2200 2150/2460/2170
f 2122/2411/2122 2152/2462/2172 2149/2459/2169 2119/2406/2117
f 2086/2412/2123 2122/2411/2122 2119/2406/2117 2083/2405/2116
f 2025/2275/1989 2058/2308/2022 2055/2305/2019 2026/2276/1990
f 1994/2244/1958 2026/2276/1990 2023/2273/1987 1991/2241/1955
f 1962/2212/1926 1994/2244/1958 1991/2241/1955 1959/2209/1923
f 1929/2153/1893 1962/2212/1926 1959/2209/1923 1926/2148/1890
f 1895/2154/1859 1929/2153/1893 1926/2148/1890 1896/2147/1860
f 1865/2084/1829 1898/2117/1862 1895/2114/1859 1866/2085/1830
f 1776/1994/1739 1866/2085/1830 1863/2082/1827 1771/1989/1734
f 1833/2053/1798 1773/1995/1740 1770/1988/1733 1832/2050/1795
f 1773/1995/1740 1776/1994/1739 1771/1989/1734 1770/1988/1733
f 1656/1876/1621 1672/1892/1637 1671/1889/1634 1655/1873/1618
f 1615/1836/1581 1656/1876/1621 1655/1873/1618 1649/1866/1611
f 1616/1837/1582 1615/1836/1581 1649/1866/1611 1648/1865/1610
f 2986/3365/3005 3056/3459/3048 3054/3453/3044 2985/3366/3006
f 3056/3457/3048 3036/3431/3026 3035/3432/3027 3054/3451/3044
f 3035/3432/3027 1647/1868/1613 1688/1905/1650 1687/1904/1649
f 2992/3372/3011 2993/3374/3011 1831/2051/1796 1830/2048/1793
f 2980/3360/3000 2985/3366/3006 3055/3455/3046 2977/3357/2997
f 2948/3328/2968 2980/3360/3000 2977/3357/2997 2945/3325/2965
f 2916/3296/2936 2948/3328/2968 2945/3325/2965 2913/3293/2933
f 2884/3264/2904 2916/3296/2936 2913/3293/2933 2881/3261/2901
f 2852/3232/2872 2884/3264/2904 2881/3261/2901 2849/3229/2869
f 2852/3232/2872 2849/3229/2869 2817/3197/2837 2820/3200/2840
f 2788/3168/2808 2820/3200/2840 2817/3197/2837 2785/3165/2805
f 2756/3136/2776 2788/3168/2808 2785/3165/2805 2753/3133/2773
f 2724/3075/2744 2756/3136/2776 2753/3133/2773 2721/3070/2741
f 2691/3076/2711 2724/3075/2744 2721/3070/2741 2688/3069/2708
f 2658/3005/2678 2657/3004/2677 2691/3038/2711 2688/3035/2708
f 2630/2976/2650 2660/3007/2680 2657/3004/2677 2627/2973/2647
f 2597/2943/2617 2630/2976/2650 2627/2973/2647 2598/2944/2618
f 2566/2912/2586 2598/2944/2618 2595/2941/2615 2563/2909/2583
f 2566/2912/2586 2563/2909/2583 2531/2877/2551 2534/2880/2554
f 2534/2880/2554 2531/2877/2551 2499/2845/2519 2502/2848/2522
f 2470/2816/2490 2502/2848/2522 2499/2845/2519 2467/2813/2487
f 2437/2782/2457 2470/2816/2490 2467/2813/2487 2434/2778/2453
f 2403/2747/2423 2437/2782/2457 2434/2778/2453 2404/2748/2424
f 2406/2750/2426 2403/2747/2423 2373/2716/2393 2372/2715/2392
f 2337/2680/2357 2373/2716/2393 2370/2712/2389 2338/2681/2358
f 2310/2652/2330 2340/2683/2360 2337/2680/2357 2307/2649/2327
f 2276/2590/2296 2310/2652/2330 2307/2649/2327 2277/2591/2297
f 2243/2592/2263 2277/2591/2297 2274/2586/2293 2244/2585/2264
f 2213/2524/2233 2246/2557/2266 2243/2554/2263 2214/2525/2234
f 2181/2491/2201 2214/2525/2234 2211/2522/2231 2178/2487/2197
f 2147/2457/2167 2181/2491/2201 2178/2487/2197 2148/2458/2168
f 2120/2407/2118 2150/2460/2170 2147/2457/2167 2117/2403/2114
f 2084/2408/2119 2120/2407/2118 2117/2403/2114 2111/2402/2113
f 2023/2273/1987 2056/2306/2020 2053/2303/2017 2024/2274/1988
f 1992/2242/1956 2024/2274/1988 2021/2271/1985 1989/2239/1953
f 1960/2210/1924 1992/2242/1956 1989/2239/1953 1957/2207/1921
f 1927/2149/1891 1960/2210/1924 1957/2207/1921 1924/2144/1887
f 1893/2150/1857 1927/2149/1891 1924/2144/1887 1894/2143/1858
f 1863/2082/1827 1896/2115/1860 1893/2112/1857 1864/2083/1828
f 1772/1990/1735 1864/2083/1828 1861/2080/1825 1767/1985/1730
f 1831/2051/1796 1769/1991/1736 1766/1984/1729 1830/2048/1793
f 1769/1991/1736 1772/1990/1735 1767/1985/1730 1766/1984/1729
f 1670/1890/1635 1669/1887/1632 1653/1870/1615 1654/1874/1619
f 1646/1867/1612 1654/1874/1619 1653/1870/1615 1652/1869/1614
f 1647/1868/1613 1646/1867/1612 1652/1869/1614 1688/1905/1650
f 2021/2271/1985 2054/2304/2018 2116/3520/3081 2022/2272/1986
f 2118/2404/2115 2148/2458/2168 2177/2489/2199 3087/3517/3078
f 2112/2374/2085 2118/2404/2115 3087/3517/3078 2115/2375/2086
f 2211/2522/2231 2244/2555/2264 2273/3515/2295 2212/2523/2232
f 2308/2650/2328 2338/2681/2358 2369/2714/2391 2367/2710/2387
f 2404/2748/2424 2433/2780/2455 2371/2713/2390 2370/2712/2389
f 2628/2974/2648 2658/3005/2678 2687/3034/2707 3085/3513/3076
f 2628/2974/2648 3085/3513/3076 2596/2942/2616 2595/2941/2615
f 1685/1906/1651 1651/1872/1617 3090/3521/3082 3089/3522/3083
f 3052/3450/3043 2989/3369/3009 2983/3363/3003 2978/3358/2998
f 3055/3455/3046 3053/3454/3045 3051/3448/3042 3052/3450/3043
f 3053/3452/3045 1687/1904/1649 1686/1907/1652 3051/3447/3042
f 3022/3402/3011 2991/3371/3011 1829/2049/1794 1860/2079/1824
f 2978/3358/2998 2983/3363/3003 2975/3355/2995 2946/3326/2966
f 2946/3326/2966 2975/3355/2995 2943/3324/2964 2914/3294/2934
f 2882/3262/2902 2914/3294/2934 2943/3324/2964 2911/3292/2932
f 2850/3230/2870 2882/3262/2902 2911/3292/2932 2879/3259/2899
f 2850/3230/2870 2879/3259/2899 2847/3227/2867 2818/3198/2838
f 2818/3198/2838 2847/3227/2867 2815/3195/2835 2786/3166/2806
f 2786/3166/2806 2815/3195/2835 2783/3164/2804 2754/3134/2774
f 2722/3071/2742 2754/3134/2774 2783/3164/2804 2751/3132/2772
f 2689/3072/2709 2722/3071/2742 2751/3132/2772 2719/3131/2739
f 2718/3066/2738 2687/3034/2707 2689/3036/2709 2719/3067/2739
f 2564/2910/2584 2596/2942/2616 2625/2972/2646 2593/2939/2613
f 2564/2910/2584 2593/2939/2613 2561/2907/2581 2532/2878/2552
f 2532/2878/2552 2561/2907/2581 2529/2875/2549 2500/2846/2520
f 2500/2846/2520 2529/2875/2549 2497/2843/2517 2468/2814/2488
f 2468/2814/2488 2497/2843/2517 2465/2810/2484 2435/2779/2454
f 2435/2779/2454 2465/2810/2484 2464/2812/2486 2433/2780/2455
f 2371/2713/2390 2401/2744/2420 2400/2746/2422 2369/2714/2391
f 2274/2586/2293 2308/2650/2328 2367/2710/2387 2275/2587/2294
f 2304/2646/2324 2273/2588/2295 2275/2587/2294 2305/2647/2325
f 2212/2523/2232 2241/2552/2261 2209/2521/2230 2179/2488/2198
f 2177/2489/2199 2179/2488/2198 2209/2521/2230 2208/2520/2229
f 1861/2080/1825 1894/2113/1858 1923/2334/1889 1862/2081/1826
f 1990/2240/1954 2022/2272/1986 2051/2302/2016 2019/2270/1984
f 1958/2208/1922 1990/2240/1954 2019/2270/1984 1987/2238/1952
f 1925/2145/1888 1958/2208/1922 1987/2238/1952 1955/2206/1920
f 1923/2146/1889 1925/2145/1888 1955/2206/1920 1954/2205/1919
f 1768/1986/1731 1862/2081/1826 1891/2111/1856 1827/2047/1792
f 1860/2079/1824 1829/2049/1794 1765/1987/1732 1826/2046/1791
f 1765/1987/1732 1768/1986/1731 1827/2047/1792 1826/2046/1791
f 1686/1907/1652 1685/1906/1651 3089/3522/3083 3049/3445/3040
f 1668/1888/1633 1764/1983/1728 3091/3523/3084 1650/1871/1616
f 1651/1872/1617 1650/1871/1616 3091/3523/3084 3090/3521/3082
f 1641/1859/1604 3069/3481/3060 3049/3445/3040 3089/3522/3083
f 3072/3487/3063 3070/3486/3062 3068/3482/3059 3069/3481/3060
f 3070/3484/3062 1692/1911/1656 2990/3370/3010 3068/3480/3059
f 3020/3400/3011 3021/3401/3011 1859/2078/1823 1858/2077/1822
f 1692/1911/1656 1691/1910/1655 2984/3364/3004 2990/3370/3010
f 2984/3364/3004 1691/1910/1655 2973/3354/2994 2976/3356/2996
f 2973/3354/2994 2941/3322/2962 2944/3323/2963 2976/3356/2996
f 2941/3322/2962 2909/3290/2930 2912/3291/2931 2944/3323/2963
f 2909/3290/2930 2877/3257/2897 2880/3260/2900 2912/3291/2931
f 2880/3260/2900 2877/3257/2897 2845/3226/2866 2848/3228/2868
f 2848/3228/2868 2845/3226/2866 2813/3194/2834 2816/3196/2836
f 2816/3196/2836 2813/3194/2834 2781/3162/2802 2784/3163/2803
f 2781/3162/2802 2749/3128/2770 2752/3129/2771 2784/3163/2803
f 2749/3128/2770 2716/3127/2736 2720/3130/2740 2752/3129/2771
f 2686/3032/2705 2685/3033/2706 2720/3068/2740 2716/3064/2736
f 2718/3066/2738 2685/3033/2706 2655/3002/2675 3086/3514/3077
f 3086/3514/3077 2655/3002/2675 2626/2971/2645 2625/2972/2646
f 2623/2970/2644 2591/2937/2611 2594/2940/2614 2626/2971/2645
f 2594/2940/2614 2591/2937/2611 2559/2905/2579 2562/2908/2582
f 2562/2908/2582 2559/2905/2579 2527/2874/2548 2530/2876/2550
f 2530/2876/2550 2527/2874/2548 2495/2842/2516 2498/2844/2518
f 2498/2844/2518 2495/2842/2516 2462/2809/2483 2466/2811/2485
f 2462/2809/2483 2432/2777/2452 2431/2776/2451 2466/2811/2485
f 2464/2812/2486 2431/2776/2451 2402/2745/2421 2401/2744/2420
f 2398/2743/2419 2366/2708/2385 2365/2709/2386 2402/2745/2421
f 2365/2709/2386 2335/2679/2356 2368/2711/2388 2400/2746/2422
f 2335/2679/2356 2306/2648/2326 2305/2647/2325 2368/2711/2388
f 2302/2644/2323 2272/2643/2291 2271/2645/2292 2306/2648/2326
f 2271/2584/2292 2242/2553/2262 2241/2552/2261 2304/3516/2324
f 2239/2551/2260 2206/2518/2227 2210/2519/2228 2242/2553/2262
f 2206/2518/2227 2176/2485/2195 2175/2486/2196 2210/2519/2228
f 2208/2520/2229 2175/2486/2196 2145/2456/2166 3088/3518/3079
f 2145/2456/2166 2109/2455/2165 2114/3519/3080 3088/3518/3079
f 2081/2333/2046 2052/2301/2015 2051/2302/2016 2113/2371/2082
f 2049/2300/2014 2017/2268/1982 2020/2269/1983 2052/2301/2015
f 2017/2268/1982 1985/2236/1950 1988/2237/1951 2020/2269/1983
f 1985/2236/1950 1952/2202/1917 1956/2203/1918 1988/2237/1951
f 1952/2202/1917 1922/2201/1885 1921/2204/1886 1956/2203/1918
f 1921/2142/1886 1892/2110/1855 1891/2111/1856 1954/2335/1919
f 1889/2109/1854 1823/2043/1788 1828/2044/1789 1892/2110/1855
f 1822/2042/1787 1858/2077/1822 1859/2078/1823 1825/2045/1790
f 1823/2043/1788 1822/2042/1787 1825/2045/1790 1828/2044/1789
f 1764/1983/1728 1749/1968/1713 1734/1954/1699 3091/3523/3084
f 1734/1954/1699 1638/1860/1605 3090/3521/3082 3091/3523/3084
f 1638/1860/1605 1641/1859/1604 3089/3522/3083 3090/3521/3082
f 3037/3433/3028 3073/3491/3065 3071/3485/3061 3038/3434/3029
f 3073/3489/3065 1695/1915/1660 1689/1908/1653 3071/3483/3061
f 1645/1863/1608 3038/3434/3029 3072/3487/3063 1640/1858/1603
f 1856/2075/1820 3018/3398/3014 3019/3399/3011 1857/2076/1821
f 1694/1914/1659 2971/3352/2992 2974/3353/2993 1690/1909/1654
f 2971/3352/2992 2939/3320/2960 2942/3321/2961 2974/3353/2993
f 2939/3320/2960 2907/3288/2928 2910/3289/2929 2942/3321/2961
f 2907/3288/2928 2875/3256/2896 2878/3258/2898 2910/3289/2929
f 2878/3258/2898 2875/3256/2896 2843/3224/2864 2846/3225/2865
f 2843/3224/2864 2811/3192/2832 2814/3193/2833 2846/3225/2865
f 2811/3192/2832 2779/3160/2800 2782/3161/2801 2814/3193/2833
f 2779/3160/2800 2747/3124/2768 2750/3125/2769 2782/3161/2801
f 2747/3124/2768 2714/3123/2735 2717/3126/2737 2750/3125/2769
f 2714/3063/2735 2684/3030/2703 2683/3031/2704 2717/3065/2737
f 2683/3031/2704 2653/3001/2674 2656/3003/2676 2686/3032/2705
f 2653/3001/2674 2624/2969/2643 2623/2970/2644 2656/3003/2676
f 2621/2968/2642 2589/2936/2610 2592/2938/2612 2624/2969/2643
f 2589/2936/2610 2557/2904/2578 2560/2906/2580 2592/2938/2612
f 2557/2904/2578 2525/2872/2546 2528/2873/2547 2560/2906/2580
f 2525/2872/2546 2493/2840/2514 2496/2841/2515 2528/2873/2547
f 2493/2840/2514 2460/2807/2481 2463/2808/2482 2496/2841/2515
f 2460/2807/2481 2430/2775/2450 2429/2774/2449 2463/2808/2482
f 2432/2777/2452 2429/2774/2449 2399/2742/2418 2398/2743/2419
f 2396/2741/2417 2364/2706/2383 2363/2707/2384 2399/2742/2418
f 2363/2707/2384 2333/2677/2354 2336/2678/2355 2366/2708/2385
f 2333/2677/2354 2303/2641/2322 2302/2644/2323 2336/2678/2355
f 2300/2640/2321 2270/2639/2289 2269/2642/2290 2303/2641/2322
f 2269/2582/2290 2240/2550/2259 2239/2551/2260 2272/2583/2291
f 2237/2549/2258 2204/2516/2225 2207/2517/2226 2240/2550/2259
f 2204/2516/2225 2174/2483/2193 2173/2484/2194 2207/2517/2226
f 2173/2484/2194 2143/2452/2162 2146/2453/2163 2176/2485/2195
f 2143/2452/2162 2107/2451/2161 2110/2454/2164 2146/2453/2163
f 2079/2331/2044 2050/2299/2013 2049/2300/2014 2082/2332/2045
f 2047/2298/2012 2015/2266/1980 2018/2267/1981 2050/2299/2013
f 2015/2266/1980 1983/2234/1948 1986/2235/1949 2018/2267/1981
f 1983/2234/1948 1950/2198/1915 1953/2199/1916 1986/2235/1949
f 1950/2198/1915 1920/2197/1883 1919/2200/1884 1953/2199/1916
f 1919/2140/1884 1890/2108/1853 1889/2109/1854 1922/2141/1885
f 1887/2107/1852 1819/2039/1784 1824/2040/1785 1890/2108/1853
f 1818/2038/1783 1856/2075/1820 1857/2076/1821 1821/2041/1786
f 1819/2039/1784 1818/2038/1783 1821/2041/1786 1824/2040/1785
f 1750/1969/1714 1751/1970/1715 1736/1956/1701 1735/1953/1698
f 1736/1956/1701 1642/1864/1609 1639/1857/1602 1735/1953/1698
f 1695/1915/1660 1694/1914/1659 1690/1909/1654 1689/1908/1653
f 1642/1864/1609 1645/1863/1608 1640/1858/1603 1639/1857/1602
f 3039/3435/3030 3075/3495/3067 3074/3490/3064 3040/3436/3031
f 3075/3493/3067 1699/1919/1664 1696/1912/1657 3074/3488/3064
f 1716/1934/1679 3040/3436/3031 3037/3433/3028 1644/1862/1607
f 1854/2073/1818 3016/3396/3012 3017/3397/3013 1855/2074/1819
f 1698/1918/1663 2969/3350/2990 2972/3351/2991 1693/1913/1658
f 2969/3350/2990 2937/3318/2958 2940/3319/2959 2972/3351/2991
f 2937/3318/2958 2905/3286/2926 2908/3287/2927 2940/3319/2959
f 2905/3286/2926 2873/3254/2894 2876/3255/2895 2908/3287/2927
f 2873/3254/2894 2841/3222/2862 2844/3223/2863 2876/3255/2895
f 2841/3222/2862 2809/3190/2830 2812/3191/2831 2844/3223/2863
f 2809/3190/2830 2777/3158/2798 2780/3159/2799 2812/3191/2831
f 2777/3158/2798 2745/3120/2766 2748/3121/2767 2780/3159/2799
f 2745/3120/2766 2712/3119/2733 2715/3122/2734 2748/3121/2767
f 2712/3061/2733 2682/3028/2701 2681/3029/2702 2715/3062/2734
f 2681/3029/2702 2651/2999/2672 2654/3000/2673 2684/3030/2703
f 2651/2999/2672 2622/2967/2641 2621/2968/2642 2654/3000/2673
f 2619/2966/2640 2587/2934/2608 2590/2935/2609 2622/2967/2641
f 2587/2934/2608 2555/2902/2576 2558/2903/2577 2590/2935/2609
f 2555/2902/2576 2523/2870/2544 2526/2871/2545 2558/2903/2577
f 2523/2870/2544 2491/2838/2512 2494/2839/2513 2526/2871/2545
f 2491/2838/2512 2458/2805/2479 2461/2806/2480 2494/2839/2513
f 2458/2805/2479 2428/2772/2447 2427/2773/2448 2461/2806/2480
f 2427/2773/2448 2397/2740/2416 2396/2741/2417 2430/2775/2450
f 2394/2739/2415 2362/2704/2381 2361/2705/2382 2397/2740/2416
f 2361/2705/2382 2331/2675/2352 2334/2676/2353 2364/2706/2383
f 2331/2675/2352 2301/2637/2320 2300/2640/2321 2334/2676/2353
f 2298/2636/2319 2268/2635/2287 2267/2638/2288 2301/2637/2320
f 2267/2580/2288 2238/2548/2257 2237/2549/2258 2270/2581/2289
f 2235/2547/2256 2202/2514/2223 2205/2515/2224 2238/2548/2257
f 2202/2514/2223 2172/2481/2191 2171/2482/2192 2205/2515/2224
f 2171/2482/2192 2141/2448/2158 2144/2449/2159 2174/2483/2193
f 2141/2448/2158 2105/2447/2157 2108/2450/2160 2144/2449/2159
f 2077/2329/2042 2048/2297/2011 2047/2298/2012 2080/2330/2043
f 2045/2296/2010 2013/2264/1978 2016/2265/1979 2048/2297/2011
f 2013/2264/1978 1981/2232/1946 1984/2233/1947 2016/2265/1979
f 1981/2232/1946 1948/2194/1913 1951/2195/1914 1984/2233/1947
f 1948/2194/1913 1918/2193/1881 1917/2196/1882 1951/2195/1914
f 1917/2138/1882 1888/2106/1851 1887/2107/1852 1920/2139/1883
f 1885/2105/1850 1815/2035/1780 1820/2036/1781 1888/2106/1851
f 1814/2034/1779 1854/2073/1818 1855/2074/1819 1817/2037/1782
f 1815/2035/1780 1814/2034/1779 1817/2037/1782 1820/2036/1781
f 1753/1973/1718 1738/1958/1703 1737/1955/1700 1752/1971/1716
f 1738/1958/1703 1713/1935/1680 1643/1861/1606 1737/1955/1700
f 1713/1935/1680 1716/1934/1679 1644/1862/1607 1643/1861/1606
f 1699/1919/1664 1698/1918/1663 1693/1913/1658 1696/1912/1657
f 3041/3437/3032 3077/3499/3069 3076/3494/3066 3042/3438/3033
f 3077/3497/3069 1703/1923/1668 1700/1916/1661 3076/3492/3066
f 1720/1938/1683 3042/3438/3033 3039/3435/3030 1715/1933/1678
f 1852/2071/1816 3014/3394/3011 3015/3395/3011 1853/2072/1817
f 1702/1922/1667 2967/3348/2988 2970/3349/2989 1697/1917/1662
f 2967/3348/2988 2935/3316/2956 2938/3317/2957 2970/3349/2989
f 2935/3316/2956 2903/3284/2924 2906/3285/2925 2938/3317/2957
f 2903/3284/2924 2871/3252/2892 2874/3253/2893 2906/3285/2925
f 2871/3252/2892 2839/3220/2860 2842/3221/2861 2874/3253/2893
f 2839/3220/2860 2807/3188/2828 2810/3189/2829 2842/3221/2861
f 2807/3188/2828 2775/3156/2796 2778/3157/2797 2810/3189/2829
f 2775/3156/2796 2743/3116/2764 2746/3117/2765 2778/3157/2797
f 2743/3116/2764 2710/3115/2731 2713/3118/2732 2746/3117/2765
f 2710/3059/2731 2680/3026/2699 2679/3027/2700 2713/3060/2732
f 2679/3027/2700 2649/2997/2670 2652/2998/2671 2682/3028/2701
f 2649/2997/2670 2620/2965/2639 2619/2966/2640 2652/2998/2671
f 2617/2964/2638 2585/2932/2606 2588/2933/2607 2620/2965/2639
f 2585/2932/2606 2553/2900/2574 2556/2901/2575 2588/2933/2607
f 2553/2900/2574 2521/2868/2542 2524/2869/2543 2556/2901/2575
f 2521/2868/2542 2489/2836/2510 2492/2837/2511 2524/2869/2543
f 2489/2836/2510 2456/2803/2477 2459/2804/2478 2492/2837/2511
f 2456/2803/2477 2426/2770/2445 2425/2771/2446 2459/2804/2478
f 2425/2771/2446 2395/2738/2414 2394/2739/2415 2428/2772/2447
f 2392/2737/2413 2360/2702/2379 2359/2703/2380 2395/2738/2414
f 2359/2703/2380 2329/2673/2350 2332/2674/2351 2362/2704/2381
f 2329/2673/2350 2299/2633/2318 2298/2636/2319 2332/2674/2351
f 2296/2632/2317 2266/2631/2285 2265/2634/2286 2299/2633/2318
f 2265/2578/2286 2236/2546/2255 2235/2547/2256 2268/2579/2287
f 2233/2545/2254 2200/2512/2221 2203/2513/2222 2236/2546/2255
f 2200/2512/2221 2170/2479/2189 2169/2480/2190 2203/2513/2222
f 2169/2480/2190 2139/2444/2154 2142/2445/2155 2172/2481/2191
f 2139/2444/2154 2103/2443/2153 2106/2446/2156 2142/2445/2155
f 2075/2327/2040 2046/2295/2009 2045/2296/2010 2078/2328/2041
f 2043/2294/2008 2011/2262/1976 2014/2263/1977 2046/2295/2009
f 2011/2262/1976 1979/2230/1944 1982/2231/1945 2014/2263/1977
f 1979/2230/1944 1946/2190/1911 1949/2191/1912 1982/2231/1945
f 1946/2190/1911 1916/2189/1879 1915/2192/1880 1949/2191/1912
f 1915/2136/1880 1886/2104/1849 1885/2105/1850 1918/2137/1881
f 1883/2103/1848 1811/2031/1776 1816/2032/1777 1886/2104/1849
f 1810/2030/1775 1852/2071/1816 1853/2072/1817 1813/2033/1778
f 1811/2031/1776 1810/2030/1775 1813/2033/1778 1816/2032/1777
f 1755/1975/1720 1740/1960/1705 1739/1957/1702 1754/1972/1717
f 1740/1960/1705 1717/1939/1684 1714/1932/1677 1739/1957/1702
f 1717/1939/1684 1720/1938/1683 1715/1933/1678 1714/1932/1677
f 1703/1923/1668 1702/1922/1667 1697/1917/1662 1700/1916/1661
f 3043/3439/3034 3079/3503/3071 3078/3498/3068 3044/3440/3035
f 3079/3501/3071 1707/1927/1672 1704/1920/1665 3078/3496/3068
f 1724/1942/1687 3044/3440/3035 3041/3437/3032 1719/1937/1682
f 1850/2069/1814 3012/3392/3011 3013/3393/3011 1851/2070/1815
f 1706/1926/1671 2965/3346/2986 2968/3347/2987 1701/1921/1666
f 2965/3346/2986 2933/3314/2954 2936/3315/2955 2968/3347/2987
f 2933/3314/2954 2901/3282/2922 2904/3283/2923 2936/3315/2955
f 2901/3282/2922 2869/3250/2890 2872/3251/2891 2904/3283/2923
f 2869/3250/2890 2837/3218/2858 2840/3219/2859 2872/3251/2891
f 2837/3218/2858 2805/3186/2826 2808/3187/2827 2840/3219/2859
f 2805/3186/2826 2773/3154/2794 2776/3155/2795 2808/3187/2827
f 2773/3154/2794 2741/3112/2762 2744/3113/2763 2776/3155/2795
f 2741/3112/2762 2708/3111/2729 2711/3114/2730 2744/3113/2763
f 2708/3057/2729 2678/3024/2697 2677/3025/2698 2711/3058/2730
f 2677/3025/2698 2647/2995/2668 2650/2996/2669 2680/3026/2699
f 2647/2995/2668 2618/2963/2637 2617/2964/2638 2650/2996/2669
f 2615/2962/2636 2583/2930/2604 2586/2931/2605 2618/2963/2637
f 2583/2930/2604 2551/2898/2572 2554/2899/2573 2586/2931/2605
f 2551/2898/2572 2519/2866/2540 2522/2867/2541 2554/2899/2573
f 2519/2866/2540 2487/2834/2508 2490/2835/2509 2522/2867/2541
f 2487/2834/2508 2454/2801/2475 2457/2802/2476 2490/2835/2509
f 2454/2801/2475 2424/2768/2443 2423/2769/2444 2457/2802/2476
f 2423/2769/2444 2393/2736/2412 2392/2737/2413 2426/2770/2445
f 2390/2735/2411 2358/2700/2377 2357/2701/2378 2393/2736/2412
f 2357/2701/2378 2327/2671/2348 2330/2672/2349 2360/2702/2379
f 2327/2671/2348 2297/2629/2316 2296/2632/2317 2330/2672/2349
f 2294/2628/2315 2264/2627/2283 2263/2630/2284 2297/2629/2316
f 2263/2576/2284 2234/2544/2253 2233/2545/2254 2266/2577/2285
f 2231/2543/2252 2198/2510/2219 2201/2511/2220 2234/2544/2253
f 2198/2510/2219 2168/2477/2187 2167/2478/2188 2201/2511/2220
f 2167/2478/2188 2137/2440/2150 2140/2441/2151 2170/2479/2189
f 2137/2440/2150 2101/2439/2149 2104/2442/2152 2140/2441/2151
f 2073/2325/2038 2044/2293/2007 2043/2294/2008 2076/2326/2039
f 2041/2292/2006 2009/2260/1974 2012/2261/1975 2044/2293/2007
f 2009/2260/1974 1977/2228/1942 1980/2229/1943 2012/2261/1975
f 1977/2228/1942 1944/2186/1909 1947/2187/1910 1980/2229/1943
f 1944/2186/1909 1914/2185/1877 1913/2188/1878 1947/2187/1910
f 1913/2134/1878 1884/2102/1847 1883/2103/1848 1916/2135/1879
f 1881/2101/1846 1807/2027/1772 1812/2028/1773 1884/2102/1847
f 1806/2026/1771 1850/2069/1814 1851/2070/1815 1809/2029/1774
f 1807/2027/1772 1806/2026/1771 1809/2029/1774 1812/2028/1773
f 1757/1977/1722 1742/1962/1707 1741/1959/1704 1756/1974/1719
f 1742/1962/1707 1721/1943/1688 1718/1936/1681 1741/1959/1704
f 1721/1943/1688 1724/1942/1687 1719/1937/1682 1718/1936/1681
f 1707/1927/1672 1706/1926/1671 1701/1921/1666 1704/1920/1665
f 3045/3441/3036 3081/3507/3073 3080/3502/3070 3046/3442/3037
f 3081/3505/3073 1711/1931/1676 1708/1924/1669 3080/3500/3070
f 1728/1946/1691 3046/3442/3037 3043/3439/3034 1723/1941/1686
f 1848/2067/1812 3010/3390/3011 3011/3391/3011 1849/2068/1813
f 1710/1930/1675 2963/3344/2984 2966/3345/2985 1705/1925/1670
f 2963/3344/2984 2931/3312/2952 2934/3313/2953 2966/3345/2985
f 2931/3312/2952 2899/3280/2920 2902/3281/2921 2934/3313/2953
f 2899/3280/2920 2867/3247/2887 2870/3249/2889 2902/3281/2921
f 2867/3247/2887 2835/3216/2856 2838/3217/2857 2870/3249/2889
f 2835/3216/2856 2803/3184/2824 2806/3185/2825 2838/3217/2857
f 2803/3184/2824 2771/3152/2792 2774/3153/2793 2806/3185/2825
f 2771/3152/2792 2739/3108/2760 2742/3109/2761 2774/3153/2793
f 2739/3108/2760 2706/3107/2727 2709/3110/2728 2742/3109/2761
f 2706/3055/2727 2676/3022/2695 2675/3023/2696 2709/3056/2728
f 2675/3023/2696 2645/2993/2666 2648/2994/2667 2678/3024/2697
f 2645/2993/2666 2616/2961/2635 2615/2962/2636 2648/2994/2667
f 2613/2960/2634 2581/2928/2602 2584/2929/2603 2616/2961/2635
f 2581/2928/2602 2549/2896/2570 2552/2897/2571 2584/2929/2603
f 2549/2896/2570 2517/2864/2538 2520/2865/2539 2552/2897/2571
f 2517/2864/2538 2485/2832/2506 2488/2833/2507 2520/2865/2539
f 2485/2832/2506 2452/2799/2473 2455/2800/2474 2488/2833/2507
f 2452/2799/2473 2422/2766/2441 2421/2767/2442 2455/2800/2474
f 2421/2767/2442 2391/2734/2410 2390/2735/2411 2424/2768/2443
f 2388/2733/2409 2356/2698/2375 2355/2699/2376 2391/2734/2410
f 2355/2699/2376 2325/2669/2346 2328/2670/2347 2358/2700/2377
f 2325/2669/2346 2295/2625/2314 2294/2628/2315 2328/2670/2347
f 2292/2624/2313 2262/2623/2281 2261/2626/2282 2295/2625/2314
f 2261/2574/2282 2232/2542/2251 2231/2543/2252 2264/2575/2283
f 2229/2541/2250 2196/2508/2217 2199/2509/2218 2232/2542/2251
f 2196/2508/2217 2166/2475/2185 2165/2476/2186 2199/2509/2218
f 2165/2476/2186 2135/2436/2146 2138/2437/2147 2168/2477/2187
f 2135/2436/2146 2099/2435/2145 2102/2438/2148 2138/2437/2147
f 2071/2323/2036 2042/2291/2005 2041/2292/2006 2074/2324/2037
f 2039/2290/2004 2007/2258/1972 2010/2259/1973 2042/2291/2005
f 2007/2258/1972 1975/2226/1940 1978/2227/1941 2010/2259/1973
f 1975/2226/1940 1942/2182/1907 1945/2183/1908 1978/2227/1941
f 1942/2182/1907 1912/2181/1875 1911/2184/1876 1945/2183/1908
f 1911/2132/1876 1882/2100/1845 1881/2101/1846 1914/2133/1877
f 1879/2099/1844 1803/2023/1768 1808/2024/1769 1882/2100/1845
f 1802/2022/1767 1848/2067/1812 1849/2068/1813 1805/2025/1770
f 1803/2023/1768 1802/2022/1767 1805/2025/1770 1808/2024/1769
f 1759/1979/1724 1744/1964/1709 1743/1961/1706 1758/1976/1721
f 1744/1964/1709 1725/1947/1692 1722/1940/1685 1743/1961/1706
f 1725/1947/1692 1728/1946/1691 1723/1941/1686 1722/1940/1685
f 1711/1931/1676 1710/1930/1675 1705/1925/1670 1708/1924/1669
f 3047/3443/3038 3083/3511/3075 3082/3506/3072 3048/3444/3039
f 3083/3509/3075 1609/1829/1574 1712/1928/1673 3082/3504/3072
f 1732/1950/1695 3048/3444/3039 3045/3441/3036 1727/1945/1690
f 1847/2066/1811 1846/2065/1810 3008/3388/3011 3009/3389/3011
f 1608/1828/1573 2961/3342/2982 2964/3343/2983 1709/1929/1674
f 2961/3342/2982 2929/3310/2950 2932/3311/2951 2964/3343/2983
f 2929/3310/2950 2897/3278/2918 2900/3279/2919 2932/3311/2951
f 2897/3278/2918 2865/3245/2885 2868/3248/2888 2900/3279/2919
f 2833/3213/2853 2836/3215/2855 2868/3248/2888 2865/3245/2885
f 2833/3213/2853 2801/3181/2821 2804/3183/2823 2836/3215/2855
f 2801/3181/2821 2769/3150/2790 2772/3151/2791 2804/3183/2823
f 2769/3150/2790 2737/3104/2758 2740/3105/2759 2772/3151/2791
f 2737/3104/2758 2704/3103/2724 2707/3106/2726 2740/3105/2759
f 2707/3054/2726 2704/3052/2724 2674/3020/2693 2673/3021/2694
f 2673/3021/2694 2643/2991/2664 2646/2992/2665 2676/3022/2695
f 2643/2991/2664 2614/2959/2633 2613/2960/2634 2646/2992/2665
f 2611/2958/2632 2579/2925/2599 2582/2927/2601 2614/2959/2633
f 2547/2893/2567 2550/2895/2569 2582/2927/2601 2579/2925/2599
f 2515/2861/2535 2518/2863/2537 2550/2895/2569 2547/2893/2567
f 2515/2861/2535 2483/2829/2503 2486/2831/2505 2518/2863/2537
f 2483/2829/2503 2450/2797/2471 2453/2798/2472 2486/2831/2505
f 2450/2797/2471 2420/2765/2440 2419/2764/2439 2453/2798/2472
f 2389/2732/2408 2388/2733/2409 2422/2766/2441 2419/2764/2439
f 2386/2731/2407 2354/2696/2373 2353/2697/2374 2389/2732/2408
f 2353/2697/2374 2323/2667/2344 2326/2668/2345 2356/2698/2375
f 2323/2667/2344 2293/2621/2312 2292/2624/2313 2326/2668/2345
f 2290/2620/2311 2260/2619/2279 2259/2622/2280 2293/2621/2312
f 2259/2572/2280 2230/2540/2249 2229/2541/2250 2262/2573/2281
f 2227/2539/2248 2194/2506/2215 2197/2507/2216 2230/2540/2249
f 2194/2506/2215 2164/2473/2183 2163/2474/2184 2197/2507/2216
f 2163/2474/2184 2133/2432/2142 2136/2433/2143 2166/2475/2185
f 2133/2432/2142 2097/2431/2141 2100/2434/2144 2136/2433/2143
f 2069/2321/2034 2040/2289/2003 2039/2290/2004 2072/2322/2035
f 2037/2288/2002 2005/2256/1970 2008/2257/1971 2040/2289/2003
f 2005/2256/1970 1973/2224/1938 1976/2225/1939 2008/2257/1971
f 1973/2224/1938 1940/2178/1905 1943/2179/1906 1976/2225/1939
f 1940/2178/1905 1910/2177/1873 1909/2180/1874 1943/2179/1906
f 1909/2130/1874 1880/2098/1843 1879/2099/1844 1912/2131/1875
f 1877/2097/1842 1799/2019/1764 1804/2020/1765 1880/2098/1843
f 1798/2018/1763 1846/2065/1810 1847/2066/1811 1801/2021/1766
f 1799/2019/1764 1798/2018/1763 1801/2021/1766 1804/2020/1765
f 1746/1966/1711 1745/1963/1708 1760/1978/1723 1761/1980/1725
f 1746/1966/1711 1729/1951/1696 1726/1944/1689 1745/1963/1708
f 1729/1951/1696 1732/1950/1695 1727/1945/1690 1726/1944/1689
f 1609/1829/1574 1608/1828/1573 1709/1929/1674 1712/1928/1673
f 3092/3524/3085 3084/3510/3074 1614/1832/1577 1613/1831/1576
f 1605/3525/1569 1610/1826/1571 3084/3508/3074 3092/3526/3085
f 1845/2064/1809 1844/3527/1808 3006/3528/3011 3007/3387/3011
f 2959/3529/2979 2962/3341/2981 1607/1827/1572 1604/3530/1568
f 2927/3531/2947 2930/3309/2949 2962/3341/2981 2959/3529/2979
f 2927/3531/2947 2895/3532/2915 2898/3277/2917 2930/3309/2949
f 2895/3532/2915 2863/3533/2883 2866/3246/2886 2898/3277/2917
f 2831/3534/2851 2834/3214/2854 2866/3246/2886 2863/3533/2883
f 2799/3535/2819 2802/3182/2822 2834/3214/2854 2831/3534/2851
f 2767/3536/2787 2770/3149/2789 2802/3182/2822 2799/3535/2819
f 2767/3536/2787 2735/3537/2755 2738/3101/2757 2770/3149/2789
f 2735/3537/2755 2702/3538/2722 2705/3102/2725 2738/3101/2757
f 2705/3053/2725 2702/3539/2722 2672/3019/2692 2671/3018/2691
f 2671/3018/2691 2641/2988/2661 2644/2990/2663 2674/3020/2693
f 2612/2957/2631 2611/2958/2632 2644/2990/2663 2641/2988/2661
f 2609/2987/2629 2577/3540/2597 2580/2926/2600 2612/2957/2631
f 2545/3541/2565 2548/2894/2568 2580/2926/2600 2577/3540/2597
f 2513/3542/2533 2516/2862/2536 2548/2894/2568 2545/3541/2565
f 2481/3543/2501 2484/2830/2504 2516/2862/2536 2513/3542/2533
f 2448/3544/2468 2451/2796/2470 2484/2830/2504 2481/3543/2501
f 2418/2763/2438 2417/2762/2437 2451/2796/2470 2448/3544/2468
f 2387/2730/2406 2386/2731/2407 2420/2765/2440 2417/2762/2437
f 2352/2694/2371 2351/2695/2372 2387/2730/2406 2384/2761/2404
f 2351/2695/2372 2321/2665/2342 2324/2666/2343 2354/2696/2373
f 2321/2665/2342 2291/2617/2310 2290/2620/2311 2324/2666/2343
f 2291/2617/2310 2288/2664/2308 2258/3545/2277 2257/2618/2278
f 2257/2570/2278 2228/2538/2247 2227/2539/2248 2260/2571/2279
f 2192/3546/2212 2195/2505/2214 2228/2538/2247 2225/2569/2245
f 2192/3546/2212 2162/2472/2182 2161/2471/2181 2195/2505/2214
f 2161/2471/2181 2131/2428/2138 2134/2429/2139 2164/2473/2183
f 2131/2428/2138 2095/2427/2137 2098/2430/2140 2134/2429/2139
f 2067/2319/2032 2038/2287/2001 2037/2288/2002 2070/2320/2033
f 2035/2318/1999 2003/3547/1967 2006/2255/1969 2038/2287/2001
f 2003/3547/1967 1971/3548/1935 1974/2223/1937 2006/2255/1969
f 1971/3548/1935 1938/3549/1902 1941/2175/1904 1974/2223/1937
f 1938/3549/1902 1908/3550/1871 1907/2176/1872 1941/2175/1904
f 1907/2128/1872 1878/2096/1841 1877/2097/1842 1910/2129/1873
f 1875/2127/1839 1795/3551/1758 1800/2016/1761 1878/2096/1841
f 1797/2017/1762 1794/3552/1757 1844/3527/1808 1845/2064/1809
f 1795/3551/1758 1794/3552/1757 1797/2017/1762 1800/2016/1761
f 1748/1967/1712 1747/1965/1710 1762/1981/1726 1763/1982/1727
f 1748/1967/1712 1733/1952/1697 1730/1948/1693 1747/1965/1710
f 1733/1952/1697 1611/1833/1578 1731/1949/1694 1730/1948/1693
f 1611/1833/1578 1614/1832/1577 3047/3443/3038 1731/1949/1694
f 1604/3530/1568 1607/1827/1572 1610/1826/1571 1605/3525/1569
f 1606/1825/1570 1605/1824/1569 3092/3553/3085 3067/3478/3057
f 3067/3476/3057 3092/3524/3085 1613/1831/1576 3024/3420/3015
f 3024/3420/3015 1636/1856/1601 1633/1850/1595 3026/3421/3016
f 1843/2062/1807 1842/2060/1805 3004/3384/3011 3005/3385/3011
f 2957/3337/2977 2960/3340/2980 1603/1822/1567 1600/1818/1563
f 2928/3308/2948 2960/3340/2980 2957/3337/2977 2925/3305/2945
f 2896/3276/2916 2928/3308/2948 2925/3305/2945 2893/3273/2913
f 2864/3244/2884 2896/3276/2916 2893/3273/2913 2861/3241/2881
f 2829/3209/2849 2832/3212/2852 2864/3244/2884 2861/3241/2881
f 2797/3177/2817 2800/3180/2820 2832/3212/2852 2829/3209/2849
f 2765/3145/2785 2768/3148/2788 2800/3180/2820 2797/3177/2817
f 2736/3099/2756 2768/3148/2788 2765/3145/2785 2733/3094/2753
f 2703/3100/2723 2736/3099/2756 2733/3094/2753 2700/3093/2720
f 2703/3050/2723 2700/3047/2720 2670/3017/2690 2669/3016/2689
f 2639/2985/2659 2642/3554/2662 2672/3051/2692 2669/3016/2689
f 2610/2956/2630 2609/2955/2629 2642/3554/2662 2639/2985/2659
f 2578/2924/2598 2610/2956/2630 2607/2953/2627 2575/2921/2595
f 2543/2889/2563 2546/2892/2566 2578/2924/2598 2575/2921/2595
f 2511/2857/2531 2514/2860/2534 2546/2892/2566 2543/2889/2563
f 2479/2825/2499 2482/2828/2502 2514/2860/2534 2511/2857/2531
f 2446/2791/2466 2449/2795/2469 2482/2828/2502 2479/2825/2499
f 2415/2759/2435 2449/2795/2469 2446/2791/2466 2416/2760/2436
f 2385/2729/2405 2384/2728/2404 2418/2793/2438 2415/2759/2435
f 2349/2692/2369 2385/2729/2405 2382/2725/2402 2350/2693/2370
f 2322/3555/2341 2352/2727/2371 2349/2692/2369 2319/2661/2339
f 2288/2613/2308 2322/3555/2341 2319/2661/2339 2289/2614/2309
f 2255/2615/2275 2289/2614/2309 2286/2610/2306 2256/2609/2276
f 2225/2536/2245 2258/3556/2277 2255/2566/2275 2226/2537/2246
f 2193/2504/2213 2226/2537/2246 2223/2534/2243 2190/2500/2210
f 2159/2469/2179 2193/2504/2213 2190/2500/2210 2160/2470/2180
f 2129/2423/2134 2132/3557/2136 2162/2502/2182 2159/2469/2179
f 2096/2385/2096 2132/3557/2136 2129/2423/2134 2093/2349/2060
f 2035/2285/1999 2068/3558/2031 2065/2315/2029 2036/2286/2000
f 2004/2254/1968 2036/2286/2000 2033/2283/1997 2001/2251/1965
f 1972/2222/1936 2004/2254/1968 2001/2251/1965 1969/2219/1933
f 1939/2173/1903 1972/2222/1936 1969/2219/1933 1936/2168/1900
f 1905/2174/1869 1939/2173/1903 1936/2168/1900 1906/2167/1870
f 1875/2094/1839 1908/3559/1871 1905/2124/1869 1876/2095/1840
f 1796/2014/1759 1876/2095/1840 1873/2092/1837 1791/2009/1754
f 1843/2062/1807 1793/2015/1760 1790/2008/1753 1842/2060/1805
f 1793/2015/1760 1796/2014/1759 1791/2009/1754 1790/2008/1753
f 1665/1883/1628 1666/1886/1631 1682/1902/1647 1681/1899/1644
f 1635/1855/1600 1666/1886/1631 1665/1883/1628 1634/1851/1596
f 1636/1856/1601 1635/1855/1600 1634/1851/1596 1633/1850/1595
f 1603/1822/1567 1606/1825/1570 1601/1819/1564 1600/1818/1563
f 1682/1902/1647 1683/1901/1646 1684/1903/1648
f 1683/1901/1646 1763/1982/1727 1684/1903/1648
f 1763/1982/1727 1762/1981/1726 1684/1903/1648
f 1762/1981/1726 1761/1980/1725 1684/1903/1648
f 1761/1980/1725 1760/1978/1723 1684/1903/1648
f 1760/1978/1723 1759/1979/1724 1684/1903/1648
f 1759/1979/1724 1758/1976/1721 1684/1903/1648
f 1758/1976/1721 1757/1977/1722 1684/1903/1648
f 1757/1977/1722 1756/1974/1719 1684/1903/1648
f 1756/1974/1719 1755/1975/1720 1684/1903/1648
f 1755/1975/1720 1754/1972/1717 1684/1903/1648
f 1754/1972/1717 1753/1973/1718 1684/1903/1648
f 1753/1973/1718 1752/1971/1716 1684/1903/1648
f 1752/1971/1716 1751/1970/1715 1684/1903/1648
f 1751/1970/1715 1750/1969/1714 1684/1903/1648
f 1750/1969/1714 1749/1968/1713 1684/1903/1648
f 1749/1968/1713 1764/1983/1728 1684/1903/1648
f 3007/3512/3011 3006/3560/3011 3023/3405/3011
f 3006/3560/3011 3005/3561/3011 3023/3405/3011
f 3005/3561/3011 3004/3562/3011 3023/3405/3011
f 3004/3562/3011 3003/3563/3011 3023/3405/3011
f 3003/3563/3011 3002/3564/3011 3023/3405/3011
f 3002/3564/3011 3001/3565/3011 3023/3405/3011
f 3001/3565/3011 3000/3566/3011 3023/3405/3011
f 3000/3566/3011 2999/3567/3011 3023/3405/3011
f 2999/3567/3011 2998/3568/3011 3023/3405/3011
f 2998/3568/3011 2997/3569/3011 3023/3405/3011
f 2997/3569/3011 2996/3570/3011 3023/3405/3011
f 2996/3570/3011 2995/3571/3011 3023/3405/3011
f 2995/3571/3011 2994/3572/3011 3023/3405/3011
f 2994/3572/3011 2993/3573/3011 3023/3405/3011
f 2993/3573/3011 2992/3574/3011 3023/3405/3011
f 2992/3574/3011 2991/3419/3011 3023/3405/3011
f 3270/2376/2087 2115/2375/2086 2114/3519/3080 3266/3575/3086
f 2116/3520/3081 3097/2379/2090 3112/2372/2083 2113/2371/2082
f 3132/3576/3087 3131/2354/2065 3100/2355/2066 3130/3577/3088
f 3244/3578/3089 3249/3579/3090 3164/3580/3091 3169/3581/3092
f 3276/2397/2108 3151/2396/2107 3170/3582/3093 3277/3583/3094
f 3124/2358/2069 2076/2326/2039 2075/2327/2040 3122/3584/3095
f 3239/3585/3096 3240/2398/2109 3146/2401/2112 3148/3586/3097
f 3127/3587/3098 2069/2321/2034 2072/2322/2035 3136/3588/3099
f 3242/3589/3100 3239/3585/3096 3148/3586/3097 3173/3590/3101
f 3136/3588/3099 2072/2322/2035 2071/2323/2036 3134/3591/3102
f 3246/2388/2099 3247/2390/2101 3161/2393/2104 3166/2389/2100
f 3104/2386/2097 2070/2320/2033 2069/2321/2034 3127/3587/3098
f 3249/3579/3090 3236/3592/3103 3117/3593/3104 3164/3580/3091
f 3229/3594/3105 3232/3595/3106 3105/2361/2072 3095/3596/3107
f 3261/3597/3108 3095/3596/3107 3105/2361/2072 3264/3598/3109
f 3231/3599/3110 3099/3600/3111 3115/3601/3112 3235/3602/3113
f 2068/3558/2031 3098/3603/2063 3114/3604/3114 2065/2315/2029
f 2064/2314/2028 3108/2370/2081 3101/2369/2080 2061/2311/2025
f 2062/2312/2026 3103/3605/3115 3093/2346/2057 2059/2309/2023
f 3218/3606/3116 3220/3607/3117 2056/2306/2020 2055/2305/2019
f 3238/3608/3118 3106/3609/3119 3118/3610/3120 3237/3611/3121
f 3224/2383/2094 3226/3612/3122 2058/2308/2022 2057/2307/2021
f 3292/3613/3123 3288/3614/3124 2085/2409/2120 2086/2412/2123
f 3288/3614/3124 3287/3615/3125 2088/2416/2127 2085/2409/2120
f 3233/3616/3126 3234/3617/3127 3113/3618/3128 3111/3619/3129
f 3265/3620/3130 3111/3619/3129 3113/3618/3128 3266/3575/3086
f 3212/3621/3131 3214/2380/2091 2054/2304/2018 2053/2303/2017
f 3220/3607/3117 3212/3621/3131 2053/2303/2017 2056/2306/2020
f 3252/2368/2079 3250/3622/3132 3103/3605/3115 3101/2369/2080
f 2066/2316/2030 3118/3610/3120 3106/3609/3119 2063/2313/2027
f 3236/3592/3103 3233/3616/3126 3111/3619/3129 3117/3593/3104
f 3268/3623/3133 3117/3593/3104 3111/3619/3129 3265/3620/3130
f 3281/3624/3134 3176/3625/3135 3172/3626/3136 3275/3627/3137
f 3165/3628/3138 3164/3580/3091 3117/3593/3104 3163/3629/3139
f 3134/3591/3102 2071/2323/2036 2074/2324/2037 3142/2356/2067
f 3243/3630/3140 3244/3578/3089 3169/3581/3092 3152/3631/3141
f 3275/3627/3137 3172/3626/3136 3149/3632/3142 3272/3633/3143
f 3273/3634/3144 3145/3635/3145 3158/2395/2106 3274/2394/2105
f 3248/2391/2102 3242/3589/3100 3173/3590/3101 3175/2392/2103
f 3277/3583/3094 3170/3582/3093 3163/3629/3139 3282/3636/3146
f 3280/3637/3147 3160/3638/3148 3176/3625/3135 3281/3624/3134
f 3279/3639/3149 3167/3640/3150 3160/3638/3148 3280/3637/3147
f 3278/3641/3151 3155/2360/2071 3167/3640/3150 3279/3639/3149
f 3231/3642/3110 3229/3594/3105 3095/3596/3107 3099/3643/3111
f 3262/3644/2095 3099/3643/3111 3095/3596/3107 3261/3597/3108
f 3235/3602/3113 3115/3601/3112 3119/3645/3152 3237/3611/3121
f 2065/2315/2029 3114/3604/3114 3118/3610/3120 2066/2316/2030
f 2063/2313/2027 3106/3609/3119 3108/2370/2081 2064/2314/2028
f 3285/3646/3153 3289/2340/2051 2089/2343/2054 2090/2419/2130
f 2061/2311/2025 3101/2369/2080 3103/3605/3115 2062/2312/2026
f 3259/2381/2092 3256/3647/3154 3221/3648/3155 3217/2382/2093
f 3201/3649/3156 3200/3650/3157 3120/3651/3158 3199/3652/3159
f 3287/3615/3125 3286/3653/3160 2087/2413/2124 2088/2416/2127
f 3230/3654/3161 3234/3617/3127 3112/2372/2083 3097/2379/2090
f 3285/3646/3153 2090/2419/2130 2087/2413/2124 3286/3653/3160
f 3226/3612/3122 3218/3606/3116 2055/2305/2019 2058/2308/2022
f 3258/3655/3162 3102/3656/3163 3096/3657/3164 3230/3654/3161
f 3291/3658/3165 3292/3613/3123 2086/2412/2123 2083/2405/2116
f 3284/3659/3166 2111/2402/2113 2112/2374/2085 3263/2373/2084
f 3250/3622/3132 3251/3660/3167 3093/2346/2057 3103/3605/3115
f 3283/3661/3168 3291/3658/3165 2083/2405/2116 2084/2408/2119
f 3256/3647/3154 3257/3662/3169 3211/3663/3170 3221/3648/3155
f 3129/3664/3171 3128/3665/3172 3104/2386/2097 3127/3587/3098
f 3122/3584/3095 3131/2354/2065 3132/3576/3087 3123/3666/3173
f 3123/3666/3173 3132/3576/3087 3130/3577/3088 3121/3667/3174
f 3140/2357/2068 3124/2358/2069 3126/3668/3175 3141/3669/3176
f 3141/3669/3176 3126/3668/3175 3125/3670/3177 3139/3671/3178
f 3134/3591/3102 3142/2356/2067 3144/3672/3179 3135/3673/3180
f 3135/3673/3180 3144/3672/3179 3143/3674/3181 3133/3675/3182
f 3127/3587/3098 3136/3588/3099 3138/3676/3183 3129/3664/3171
f 3129/3664/3171 3138/3676/3183 3137/3677/3184 3128/3665/3172
f 3124/2358/2069 3122/3584/3095 3123/3666/3173 3126/3668/3175
f 3126/3668/3175 3123/3666/3173 3121/3667/3174 3125/3670/3177
f 3142/2356/2067 3140/2357/2068 3141/3669/3176 3144/3672/3179
f 3144/3672/3179 3141/3669/3176 3139/3671/3178 3143/3674/3181
f 3136/3588/3099 3134/3591/3102 3135/3673/3180 3138/3676/3183
f 3138/3676/3183 3135/3673/3180 3133/3675/3182 3137/3677/3184
f 3122/3584/3095 2075/2327/2040 2078/2328/2041 3131/2354/2065
f 3241/2399/2110 3130/3577/3088 3100/2355/2066 3243/3630/3140
f 3152/3631/3141 3169/3581/3092 3171/3678/3185 3153/3679/3186
f 3153/3679/3186 3171/3678/3185 3170/3582/3093 3151/2396/2107
f 3146/2401/2112 3157/2400/2111 3159/3680/3187 3147/3681/3188
f 3147/3681/3188 3159/3680/3187 3158/2395/2106 3145/3635/3145
f 3173/3590/3101 3148/3586/3097 3150/3682/3189 3174/3683/3190
f 3174/3683/3190 3150/3682/3189 3149/3632/3142 3172/3626/3136
f 3161/2393/2104 3175/2392/2103 3177/3684/3191 3162/3685/3192
f 3162/3685/3192 3177/3684/3191 3176/3625/3135 3160/3638/3148
f 3154/2362/2073 3166/2389/2100 3168/3686/3193 3156/2359/2070
f 3156/2359/2070 3168/3686/3193 3167/3640/3150 3155/2360/2071
f 3169/3581/3092 3164/3580/3091 3165/3628/3138 3171/3678/3185
f 3171/3678/3185 3165/3628/3138 3163/3629/3139 3170/3582/3093
f 3157/2400/2111 3152/3631/3141 3153/3679/3186 3159/3680/3187
f 3159/3680/3187 3153/3679/3186 3151/2396/2107 3158/2395/2106
f 3148/3586/3097 3146/2401/2112 3147/3681/3188 3150/3682/3189
f 3150/3682/3189 3147/3681/3188 3145/3635/3145 3149/3632/3142
f 3175/2392/2103 3173/3590/3101 3174/3683/3190 3177/3684/3191
f 3177/3684/3191 3174/3683/3190 3172/3626/3136 3176/3625/3135
f 3166/2389/2100 3161/2393/2104 3162/3685/3192 3168/3686/3193
f 3168/3686/3193 3162/3685/3192 3160/3638/3148 3167/3640/3150
f 3272/3633/3143 3149/3632/3142 3145/3635/3145 3273/3634/3144
f 3271/3687/3194 3269/2351/2062 2094/2350/2061 2091/2420/2131
f 3188/3688/3195 3200/3650/3157 3201/3649/3156 3189/3689/3196
f 3189/3689/3196 3201/3649/3156 3199/3652/3159 3187/3690/3197
f 3182/3691/3198 3190/3692/3199 3192/3693/3200 3183/3694/3201
f 3183/3694/3201 3192/3693/3200 3191/3695/3202 3181/3696/3203
f 3203/3697/3204 3184/3698/3205 3186/3699/3206 3204/3700/3207
f 3204/3700/3207 3186/3699/3206 3185/3701/3208 3202/3702/3209
f 3194/3703/3210 3205/3704/3211 3207/3705/3212 3195/3706/3213
f 3195/3706/3213 3207/3705/3212 3206/3707/3214 3193/3708/3215
f 3190/3692/3199 3188/3688/3195 3189/3689/3196 3192/3693/3200
f 3192/3693/3200 3189/3689/3196 3187/3690/3197 3191/3695/3202
f 3184/3698/3205 3182/3691/3198 3183/3694/3201 3186/3699/3206
f 3186/3699/3206 3183/3694/3201 3181/3696/3203 3185/3701/3208
f 3205/3704/3211 3203/3697/3204 3204/3700/3207 3207/3705/3212
f 3207/3705/3212 3204/3700/3207 3202/3702/3209 3206/3707/3214
f 3197/3709/3216 3194/3703/3210 3195/3706/3213 3198/3710/3217
f 3198/3710/3217 3195/3706/3213 3193/3708/3215 3196/3711/3218
f 3178/3712/3219 3197/3709/3216 3198/3710/3217 3180/3713/3220
f 3180/3713/3220 3198/3710/3217 3196/3711/3218 3179/3714/3221
f 3283/3661/3168 2084/2408/2119 2111/2402/2113 3284/3659/3166
f 3224/2383/2094 3209/2345/2056 3210/2344/2055 3225/3715/3222
f 3225/3715/3222 3210/2344/2055 3208/2347/2058 3223/2339/2050
f 3218/3606/3116 3226/3612/3122 3228/3716/3223 3219/3717/3224
f 3219/3717/3224 3228/3716/3223 3227/2338/2049 3217/2382/2093
f 3212/3621/3131 3220/3607/3117 3222/3718/3225 3213/3719/3226
f 3213/3719/3226 3222/3718/3225 3221/3648/3155 3211/3663/3170
f 3214/2380/2091 3212/3621/3131 3213/3719/3226 3216/2377/2088
f 3216/2377/2088 3213/3719/3226 3211/3663/3170 3215/2378/2089
f 3226/3612/3122 3224/2383/2094 3225/3715/3222 3228/3716/3223
f 3228/3716/3223 3225/3715/3222 3223/2339/2050 3227/2338/2049
f 3220/3607/3117 3218/3606/3116 3219/3717/3224 3222/3718/3225
f 3222/3718/3225 3219/3717/3224 3217/2382/2093 3221/3648/3155
f 3254/3720/3227 3255/2336/2047 3223/2339/2050 3208/2347/2058
f 3180/3713/3220 3179/3714/3221 3102/3656/3163 3178/3712/3219
f 3258/3655/3162 3257/3662/3169 3178/3712/3219 3102/3656/3163
f 3290/2341/2052 3199/3652/3159 3120/3651/3158 3271/3687/3194
f 3238/3608/3118 3120/3651/3158 3200/3650/3157 3253/2367/2078
f 3264/3598/3109 3105/2361/2072 3155/2360/2071 3278/3641/3151
f 2054/2304/2018 3214/2380/2091 3097/2379/2090 2116/3520/3081
f 3282/3636/3146 3163/3629/3139 3117/3593/3104 3268/3623/3133
f 2059/2309/2023 3093/2346/2057 3209/2345/2056 2060/2310/2024
f 3232/3595/3106 3104/2386/2097 3128/3665/3172 3245/2387/2098
f 3251/3660/3167 3254/3720/3227 3208/2347/2058 3093/2346/2057
f 3182/3691/3198 3184/3698/3205 3254/3720/3227 3251/3660/3167
f 3105/2361/2072 3232/3595/3106 3245/2387/2098 3154/2362/2073
f 3106/3609/3119 3238/3608/3118 3253/2367/2078 3108/2370/2081
f 3215/2378/2089 3211/3663/3170 3257/3662/3169 3258/3655/3162
f 3184/3698/3205 3203/3697/3204 3255/2336/2047 3254/3720/3227
f 3157/2400/2111 3241/2399/2110 3243/3630/3140 3152/3631/3141
f 3197/3709/3216 3178/3712/3219 3257/3662/3169 3256/3647/3154
f 3190/3692/3199 3182/3691/3198 3251/3660/3167 3250/3622/3132
f 3215/2378/2089 3258/3655/3162 3230/3654/3161 3097/2379/2090
f 3096/3657/3164 3113/3618/3128 3234/3617/3127 3230/3654/3161
f 3194/3703/3210 3197/3709/3216 3256/3647/3154 3259/2381/2092
f 3114/3604/3114 3235/3602/3113 3237/3611/3121 3118/3610/3120
f 3098/2352/2063 3094/2353/2064 3229/3594/3105 3231/3642/3110
f 3143/3674/3181 3139/3671/3178 3242/3589/3100 3248/2391/2102
f 3100/2355/2066 3109/2363/2074 3244/3578/3089 3243/3630/3140
f 3116/2365/2076 3110/2366/2077 3233/3616/3126 3236/3592/3103
f 3188/3688/3195 3190/3692/3199 3250/3622/3132 3252/2368/2079
f 3110/2366/2077 3112/2372/2083 3234/3617/3127 3233/3616/3126
f 3120/3651/3158 3238/3608/3118 3237/3611/3121 3119/3645/3152
f 3098/3603/2063 3231/3599/3110 3235/3602/3113 3114/3604/3114
f 3094/2353/2064 3104/2386/2097 3232/3595/3106 3229/3594/3105
f 3107/2364/2075 3116/2365/2076 3236/3592/3103 3249/3579/3090
f 3137/3677/3184 3133/3675/3182 3247/2390/2101 3246/2388/2099
f 3139/3671/3178 3125/3670/3177 3239/3585/3096 3242/3589/3100
f 3125/3670/3177 3121/3667/3174 3240/2398/2109 3239/3585/3096
f 3109/2363/2074 3107/2364/2075 3249/3579/3090 3244/3578/3089
f 3121/3667/3174 3130/3577/3088 3241/2399/2110 3240/2398/2109
f 3133/3675/3182 3143/3674/3181 3248/2391/2102 3247/2390/2101
f 3128/3665/3172 3137/3677/3184 3246/2388/2099 3245/2387/2098
f 3205/3704/3211 3194/3703/3210 3259/2381/2092 3260/2337/2048
f 3200/3650/3157 3188/3688/3195 3252/2368/2079 3253/2367/2078
f 3203/3697/3204 3205/3704/3211 3260/2337/2048 3255/2336/2047
f 2107/2451/2161 3282/3636/3146 3268/3623/3133 2110/2454/2164
f 2098/2430/2140 3264/3598/3109 3278/3641/3151 2097/2431/2141
f 2092/2342/2053 3290/2341/2052 3271/3687/3194 2091/2420/2131
f 3196/3711/3218 3283/3661/3168 3284/3659/3166 3179/3714/3221
f 3120/3651/3158 3119/3645/3152 3269/2351/2062 3271/3687/3194
f 2104/2442/2152 3272/3633/3143 3273/3634/3144 2103/2443/2153
f 3196/3711/3218 3193/3708/3215 3291/3658/3165 3283/3661/3168
f 3179/3714/3221 3284/3659/3166 3263/2373/2084 3102/3656/3163
f 3193/3708/3215 3206/3707/3214 3292/3613/3123 3291/3658/3165
f 3191/3695/3202 3285/3646/3153 3286/3653/3160 3181/3696/3203
f 3185/3701/3208 3181/3696/3203 3286/3653/3160 3287/3615/3125
f 3191/3695/3202 3187/3690/3197 3289/2340/2051 3285/3646/3153
f 2096/2426/2096 3262/3644/2095 3261/3597/3108 2095/2427/2137
f 2097/2431/2141 3278/3641/3151 3279/3639/3149 2100/2434/2144
f 2100/2434/2144 3279/3639/3149 3280/3637/3147 2099/2435/2145
f 2099/2435/2145 3280/3637/3147 3281/3624/3134 2102/2438/2148
f 2108/2450/2160 3277/3583/3094 3282/3636/3146 2107/2451/2161
f 2103/2443/2153 3273/3634/3144 3274/2394/2105 2106/2446/2156
f 2101/2439/2149 3275/3627/3137 3272/3633/3143 2104/2442/2152
f 2102/2438/2148 3281/3624/3134 3275/3627/3137 2101/2439/2149
f 2110/2454/2164 3268/3623/3133 3265/3620/3130 2109/2455/2165
f 2109/2455/2165 3265/3620/3130 3266/3575/3086 2114/3519/3080
f 3202/3702/3209 3185/3701/3208 3287/3615/3125 3288/3614/3124
f 3206/3707/3214 3202/3702/3209 3288/3614/3124 3292/3613/3123
f 2095/2427/2137 3261/3597/3108 3264/3598/3109 2098/2430/2140
f 2105/2447/2157 3276/2397/2108 3277/3583/3094 2108/2450/2160
f 3096/3657/3164 3270/2376/2087 3266/3575/3086 3113/3618/3128
f 2106/2446/2156 3274/2394/2105 3276/2397/2108 2105/2447/2157
f 3099/3600/3111 3262/2384/2095 3267/2348/2059 3115/3601/3112
f 3102/3656/3163 3263/2373/2084 3270/2376/2087 3096/3657/3164
f 3115/3601/3112 3267/2348/2059 3269/2351/2062 3119/3645/3152
f 3187/3690/3197 3199/3652/3159 3290/2341/2052 3289/2340/2051
