# Blender 5.0.0
# www.blender.org
mtllib lightbulb_led_1k.mtl
o lightbulb_led
v 0.012205 0.000977 0.000043
v 0.012205 -0.000313 0.000043
v 0.011806 0.000332 0.000043
v 0.011277 -0.000087 -0.004621
v 0.011277 0.001202 -0.004621
v 0.010909 0.000557 -0.004468
v 0.008635 0.000138 -0.008575
v 0.008635 0.001427 -0.008575
v 0.008353 0.000782 -0.008293
v 0.004681 0.002615 0.011303
v 0.004681 0.003904 0.011303
v 0.004529 0.003260 0.010935
v 0.011277 0.003065 0.004707
v 0.011277 0.004355 0.004707
v 0.010909 0.003710 0.004555
v 0.011277 0.004805 -0.004621
v 0.011277 0.003516 -0.004621
v 0.010909 0.004160 -0.004468
v 0.008635 0.003741 -0.008575
v 0.008635 0.005030 -0.008575
v 0.008353 0.004386 -0.008293
v 0.004681 0.003966 -0.011217
v 0.004681 0.005255 -0.011217
v 0.004529 0.004611 -0.010849
v 0.000017 0.004191 -0.012145
v 0.000017 0.005481 -0.012145
v 0.000017 0.004836 -0.011746
v -0.004647 0.004417 -0.011217
v -0.004647 0.005706 -0.011217
v -0.004495 0.005061 -0.010849
v -0.008601 0.004642 -0.008575
v -0.008601 0.005931 -0.008575
v -0.008319 0.005286 -0.008293
v -0.011243 0.004867 -0.004621
v -0.011243 0.006156 -0.004621
v -0.010875 0.005512 -0.004468
v -0.012171 0.005092 0.000043
v -0.012171 0.006382 0.000043
v -0.011772 0.005737 0.000043
v -0.011243 0.005317 0.004707
v -0.011243 0.006638 0.004707
v -0.010875 0.005962 0.004555
v -0.008601 0.005543 0.008661
v -0.008319 0.006187 0.008379
v -0.004647 0.005768 0.011303
v -0.004495 0.006412 0.010935
v 0.000017 0.005993 0.012231
v 0.000017 0.006638 0.011832
v 0.004681 0.006218 0.011303
v 0.008635 0.006443 0.008661
v -0.011285 -0.007808 0.004725
v -0.008600 -0.007582 0.008660
v -0.004647 -0.007357 0.011302
v 0.000017 -0.007131 0.012230
v 0.000017 -0.007776 0.011832
v 0.004681 -0.006906 0.011303
v 0.004529 -0.007550 0.010935
v 0.008635 -0.006681 0.008661
v 0.008353 -0.007325 0.008379
v 0.011320 -0.007776 0.004725
v 0.011277 -0.006455 0.004707
v 0.010909 -0.007100 0.004555
v 0.012205 -0.007519 0.000043
v 0.012205 -0.006230 0.000043
v 0.011806 -0.006875 0.000043
v 0.011277 -0.007294 -0.004621
v 0.011277 -0.006005 -0.004621
v 0.010909 -0.006649 -0.004468
v 0.008635 -0.007069 -0.008575
v 0.008635 -0.005780 -0.008575
v 0.008353 -0.006424 -0.008293
v 0.004681 -0.006844 -0.011217
v 0.004681 -0.005554 -0.011217
v 0.004529 -0.006199 -0.010849
v 0.000017 -0.006618 -0.012145
v 0.000017 -0.005329 -0.012145
v 0.000017 -0.005974 -0.011746
v -0.004647 -0.006393 -0.011217
v -0.004647 -0.005104 -0.011217
v -0.004495 -0.005749 -0.010849
v -0.008601 -0.006168 -0.008575
v -0.008601 -0.004879 -0.008575
v -0.008319 -0.005523 -0.008293
v -0.011243 -0.005943 -0.004621
v -0.011243 -0.004654 -0.004621
v -0.010875 -0.005298 -0.004468
v -0.012171 -0.005718 0.000043
v -0.012171 -0.004428 0.000043
v -0.011772 -0.005073 0.000043
v -0.011243 -0.005492 0.004707
v -0.011243 -0.004203 0.004707
v -0.010875 -0.004848 0.004555
v -0.008601 -0.005267 0.008661
v -0.008601 -0.003978 0.008661
v -0.008319 -0.004623 0.008379
v -0.004647 -0.005042 0.011303
v -0.004647 -0.003753 0.011303
v -0.004495 -0.004397 0.010935
v 0.000017 -0.004817 0.012231
v 0.000017 -0.003527 0.012231
v 0.000017 -0.004172 0.011832
v 0.004681 -0.004592 0.011303
v 0.004681 -0.003302 0.011303
v 0.004529 -0.003947 0.010935
v 0.008635 -0.004366 0.008661
v 0.008635 -0.003077 0.008661
v 0.008353 -0.003722 0.008379
v 0.011277 -0.004141 0.004707
v 0.011277 -0.002852 0.004707
v 0.010909 -0.003496 0.004555
v 0.012205 -0.003916 0.000043
v 0.012205 -0.002627 0.000043
v 0.011806 -0.003271 0.000043
v 0.011277 -0.003691 -0.004621
v 0.011277 -0.002401 -0.004621
v 0.010909 -0.003046 -0.004468
v 0.008635 -0.003466 -0.008575
v 0.008635 -0.002176 -0.008575
v 0.008353 -0.002821 -0.008293
v 0.004681 -0.003240 -0.011217
v 0.004681 -0.001951 -0.011217
v 0.004529 -0.002596 -0.010849
v 0.000017 -0.003015 -0.012145
v 0.000017 -0.001726 -0.012145
v 0.000017 -0.002370 -0.011746
v -0.004647 -0.002790 -0.011217
v -0.004647 -0.001501 -0.011217
v -0.004495 -0.002145 -0.010849
v -0.008601 -0.002565 -0.008575
v -0.008601 -0.001275 -0.008575
v -0.008319 -0.001920 -0.008293
v -0.011243 -0.002339 -0.004621
v -0.011243 -0.001050 -0.004621
v -0.010875 -0.001695 -0.004468
v -0.012171 -0.002114 0.000043
v -0.012171 -0.000825 0.000043
v -0.011772 -0.001470 0.000043
v -0.011243 -0.001889 0.004707
v -0.011243 -0.000600 0.004707
v -0.010875 -0.001244 0.004555
v -0.008601 -0.001664 0.008661
v -0.008601 -0.000375 0.008661
v -0.008319 -0.001019 0.008379
v -0.004647 -0.001439 0.011303
v -0.004647 -0.000149 0.011303
v -0.004495 -0.000794 0.010935
v 0.000017 -0.001213 0.012231
v 0.000017 0.000076 0.012231
v 0.000017 -0.000569 0.011832
v 0.004681 -0.000988 0.011303
v 0.004681 0.000301 0.011303
v 0.004529 -0.000344 0.010935
v 0.008635 -0.000763 0.008661
v 0.008635 0.000526 0.008661
v 0.008353 -0.000118 0.008379
v 0.011277 -0.000538 0.004707
v 0.011277 0.000751 0.004707
v 0.010909 0.000107 0.004555
v 0.004681 0.001652 -0.011217
v 0.004681 0.000363 -0.011217
v 0.004529 0.001008 -0.010849
v 0.000017 0.000588 -0.012145
v 0.000017 0.001877 -0.012145
v 0.000017 0.001233 -0.011746
v -0.004647 0.000813 -0.011217
v -0.004647 0.002103 -0.011217
v -0.004495 0.001458 -0.010849
v -0.008601 0.001039 -0.008575
v -0.008601 0.002328 -0.008575
v -0.008319 0.001683 -0.008293
v -0.011243 0.001264 -0.004621
v -0.011243 0.002553 -0.004621
v -0.010875 0.001908 -0.004468
v -0.012171 0.001489 0.000043
v -0.012171 0.002778 0.000043
v -0.011772 0.002134 0.000043
v -0.011243 0.001714 0.004707
v -0.011243 0.003003 0.004707
v -0.010875 0.002359 0.004555
v -0.008601 0.001939 0.008661
v -0.008601 0.003229 0.008661
v -0.008319 0.002584 0.008379
v -0.004647 0.002165 0.011303
v -0.004647 0.003454 0.011303
v -0.004495 0.002809 0.010935
v 0.000017 0.002390 0.012231
v 0.000017 0.003679 0.012231
v 0.000017 0.003034 0.011832
v 0.008635 0.002840 0.008661
v 0.008635 0.004129 0.008661
v 0.008353 0.003485 0.008379
v 0.012205 0.003291 0.000043
v 0.012205 0.004580 0.000043
v 0.011806 0.003935 0.000043
v 0.011660 0.003238 -0.004780
v 0.011660 0.001480 -0.004780
v 0.012046 0.002359 -0.004939
v 0.008928 0.003463 -0.008868
v 0.008928 0.001705 -0.008868
v 0.009223 0.002584 -0.009163
v 0.004840 0.003688 -0.011600
v 0.004840 0.001930 -0.011600
v 0.004999 0.002809 -0.011985
v 0.000017 0.003914 -0.012559
v 0.000017 0.002155 -0.012559
v 0.000017 0.003034 -0.012976
v -0.004806 0.004139 -0.011600
v -0.004806 0.002380 -0.011600
v -0.004965 0.003260 -0.011985
v -0.008894 0.004364 -0.008868
v -0.008894 0.002606 -0.008868
v -0.009189 0.003485 -0.009163
v -0.011626 0.004589 -0.004780
v -0.011626 0.002831 -0.004780
v -0.012011 0.003710 -0.004939
v -0.012585 0.004814 0.000043
v -0.012585 0.003056 0.000043
v -0.013003 0.003935 0.000043
v -0.011626 0.005040 0.004866
v -0.011626 0.003281 0.004866
v -0.012011 0.004160 0.005025
v -0.008894 0.005265 0.008954
v -0.008894 0.003506 0.008954
v -0.009189 0.004386 0.009249
v -0.004806 0.005490 0.011686
v -0.004806 0.003732 0.011686
v -0.004965 0.004611 0.012072
v 0.000017 0.005715 0.012646
v 0.000017 0.003957 0.012646
v 0.000017 0.004836 0.013063
v 0.004840 0.005940 0.011686
v 0.004840 0.004182 0.011686
v 0.004999 0.005061 0.012072
v 0.008928 0.006166 0.008954
v 0.008928 0.004407 0.008954
v 0.009223 0.005286 0.009249
v 0.011660 0.006391 0.004866
v 0.011660 0.004632 0.004866
v 0.012046 0.005512 0.005025
v 0.012620 0.006638 0.000043
v 0.012620 0.004858 0.000043
v 0.013037 0.005737 0.000043
v 0.011660 0.005083 -0.004780
v 0.012046 0.005962 -0.004939
v 0.008928 0.005308 -0.008868
v 0.009223 0.006187 -0.009163
v 0.004840 0.005533 -0.011600
v 0.004999 0.006412 -0.011985
v 0.000017 0.005758 -0.012559
v 0.000018 0.006688 -0.012987
v -0.004806 0.005984 -0.011600
v -0.008894 0.006209 -0.008868
v -0.011626 0.006434 -0.004780
v 0.011660 -0.007572 -0.004780
v 0.008928 -0.007346 -0.008868
v 0.004840 -0.007121 -0.011600
v 0.000017 -0.006896 -0.012559
v 0.000016 -0.007781 -0.012977
v -0.004806 -0.006671 -0.011600
v -0.004965 -0.007550 -0.011985
v -0.008894 -0.006446 -0.008868
v -0.009189 -0.007325 -0.009163
v -0.011626 -0.006220 -0.004780
v -0.012011 -0.007100 -0.004939
v -0.012585 -0.005995 0.000043
v -0.012586 -0.007776 0.000043
v -0.013003 -0.006875 0.000043
v -0.011626 -0.005770 0.004866
v -0.011626 -0.007529 0.004866
v -0.012011 -0.006650 0.005025
v -0.008894 -0.005545 0.008954
v -0.008894 -0.007303 0.008954
v -0.009189 -0.006424 0.009249
v -0.004806 -0.005320 0.011686
v -0.004806 -0.007078 0.011686
v -0.004965 -0.006199 0.012072
v 0.000017 -0.005095 0.012646
v 0.000017 -0.006853 0.012646
v 0.000017 -0.005974 0.013063
v 0.004840 -0.004869 0.011686
v 0.004840 -0.006628 0.011686
v 0.004999 -0.005749 0.012072
v 0.008928 -0.004644 0.008954
v 0.008928 -0.006403 0.008954
v 0.009223 -0.005523 0.009249
v 0.011660 -0.004419 0.004866
v 0.011660 -0.006177 0.004866
v 0.012046 -0.005298 0.005025
v 0.012620 -0.004194 0.000043
v 0.012620 -0.005952 0.000043
v 0.013037 -0.005073 0.000043
v 0.011660 -0.003968 -0.004780
v 0.011660 -0.005727 -0.004780
v 0.012046 -0.004848 -0.004939
v 0.008928 -0.003743 -0.008868
v 0.008928 -0.005502 -0.008868
v 0.009223 -0.004623 -0.009163
v 0.004840 -0.003518 -0.011600
v 0.004840 -0.005277 -0.011600
v 0.004999 -0.004397 -0.011985
v 0.000017 -0.003293 -0.012559
v 0.000017 -0.005051 -0.012559
v 0.000017 -0.004172 -0.012976
v -0.004806 -0.003068 -0.011600
v -0.004806 -0.004826 -0.011600
v -0.004965 -0.003947 -0.011985
v -0.008894 -0.002842 -0.008868
v -0.008894 -0.004601 -0.008868
v -0.009189 -0.003722 -0.009163
v -0.011626 -0.002617 -0.004780
v -0.011626 -0.004376 -0.004780
v -0.012011 -0.003496 -0.004939
v -0.012585 -0.002392 0.000043
v -0.012585 -0.004150 0.000043
v -0.013003 -0.003271 0.000043
v -0.011626 -0.002167 0.004866
v -0.011626 -0.003925 0.004866
v -0.012011 -0.003046 0.005025
v -0.008894 -0.001942 0.008954
v -0.008894 -0.003700 0.008954
v -0.009189 -0.002821 0.009249
v -0.004806 -0.001716 0.011686
v -0.004806 -0.003475 0.011686
v -0.004965 -0.002596 0.012072
v 0.000017 -0.001491 0.012646
v 0.000017 -0.003250 0.012646
v 0.000017 -0.002370 0.013063
v 0.004840 -0.001266 0.011686
v 0.004840 -0.003024 0.011686
v 0.004999 -0.002145 0.012072
v 0.008928 -0.001041 0.008954
v 0.008928 -0.002799 0.008954
v 0.009223 -0.001920 0.009249
v 0.011660 -0.000816 0.004866
v 0.011660 -0.002574 0.004866
v 0.012046 -0.001695 0.005025
v 0.012620 -0.000590 0.000043
v 0.012620 -0.002349 0.000043
v 0.013037 -0.001470 0.000043
v 0.011660 -0.000365 -0.004780
v 0.011660 -0.002124 -0.004780
v 0.012046 -0.001244 -0.004939
v 0.008928 -0.000140 -0.008868
v 0.008928 -0.001898 -0.008868
v 0.009223 -0.001019 -0.009163
v 0.004840 0.000085 -0.011600
v 0.004840 -0.001673 -0.011600
v 0.004999 -0.000794 -0.011985
v 0.000017 0.000310 -0.012559
v 0.000017 -0.001448 -0.012559
v 0.000017 -0.000569 -0.012976
v -0.004806 0.000536 -0.011600
v -0.004806 -0.001223 -0.011600
v -0.004965 -0.000344 -0.011985
v -0.008894 0.000761 -0.008868
v -0.008894 -0.000998 -0.008868
v -0.009189 -0.000118 -0.009163
v -0.011626 0.000986 -0.004780
v -0.011626 -0.000772 -0.004780
v -0.012011 0.000107 -0.004939
v -0.012585 0.001211 0.000043
v -0.012585 -0.000547 0.000043
v -0.013003 0.000332 0.000043
v -0.011626 0.001436 0.004866
v -0.011626 -0.000322 0.004866
v -0.012011 0.000557 0.005025
v -0.008894 0.001662 0.008954
v -0.008894 -0.000097 0.008954
v -0.009189 0.000782 0.009249
v -0.004806 0.001887 0.011686
v -0.004806 0.000128 0.011686
v -0.004965 0.001008 0.012072
v 0.000017 0.002112 0.012646
v 0.000017 0.000354 0.012646
v 0.000017 0.001233 0.013063
v 0.004840 0.002337 0.011686
v 0.004840 0.000579 0.011686
v 0.004999 0.001458 0.012072
v 0.008928 0.002562 0.008954
v 0.008928 0.000804 0.008954
v 0.009223 0.001683 0.009249
v 0.011660 0.002788 0.004866
v 0.011660 0.001029 0.004866
v 0.012046 0.001908 0.005025
v 0.012620 0.001254 0.000043
v 0.012620 0.003013 0.000043
v 0.013037 0.002134 0.000043
v 0.009116 -0.007776 -0.009056
v -0.004960 -0.007776 -0.011973
v -0.004548 -0.007776 0.011063
v 0.004995 -0.007776 -0.011974
v 0.008551 -0.007776 0.008577
v -0.008516 -0.007776 0.008576
v -0.009082 -0.007776 -0.009056
v 0.004582 -0.007776 0.011064
v -0.011742 -0.007776 -0.004828
v 0.012588 -0.007797 0.000043
v 0.011777 -0.007776 -0.004828
v -0.011177 -0.009151 0.004379
v 0.000019 -0.009151 0.011855
v 0.000012 -0.009148 -0.012377
v -0.012101 -0.009150 -0.000257
v 0.008580 -0.009148 -0.008830
v -0.004625 -0.009148 -0.011453
v -0.004618 -0.009151 0.010935
v 0.004649 -0.009148 -0.011456
v 0.008585 -0.009150 0.008304
v -0.008550 -0.009151 0.008309
v -0.008555 -0.009149 -0.008825
v 0.004655 -0.009151 0.010932
v -0.011180 -0.009150 -0.004894
v 0.011210 -0.009149 0.004373
v 0.012131 -0.009149 -0.000264
v 0.011208 -0.009148 -0.004900
v -0.010323 -0.010549 0.004280
v 0.000003 -0.010549 0.011175
v -0.000003 -0.010546 -0.011175
v -0.011175 -0.010549 0.000003
v 0.007900 -0.010546 -0.007904
v -0.004280 -0.010547 -0.010323
v -0.004274 -0.010550 0.010326
v 0.004274 -0.010546 -0.010326
v 0.007904 -0.010548 0.007900
v -0.007900 -0.010550 0.007904
v -0.007904 -0.010547 -0.007900
v 0.004280 -0.010549 0.010323
v -0.010326 -0.010548 -0.004274
v 0.010326 -0.010548 0.004274
v 0.011175 -0.010547 -0.000003
v 0.010323 -0.010547 -0.004280
v -0.001696 -0.015233 0.000794
v 0.000001 -0.015233 0.001887
v -0.000001 -0.015232 -0.001887
v -0.001887 -0.015233 0.000001
v 0.001334 -0.015232 -0.001335
v -0.000794 -0.015232 -0.001696
v -0.000793 -0.015233 0.001696
v 0.000793 -0.015232 -0.001696
v 0.001335 -0.015233 0.001334
v -0.001334 -0.015233 0.001335
v -0.001335 -0.015232 -0.001334
v 0.000794 -0.015233 0.001696
v -0.001696 -0.015232 -0.000793
v 0.001696 -0.015232 0.000793
v 0.001887 -0.015232 -0.000001
v 0.001696 -0.015232 -0.000794
v 0.000000 -0.015677 -0.000000
v -0.000992 -0.015576 0.000000
v 0.000992 -0.015576 -0.000000
v 0.000701 -0.015576 -0.000702
v -0.000000 -0.015576 -0.000992
v -0.000702 -0.015576 -0.000701
v -0.000701 -0.015576 0.000702
v 0.000000 -0.015576 0.000992
v 0.000702 -0.015576 0.000701
v 0.009556 -0.010942 -0.003961
v 0.007313 -0.010942 -0.007317
v -0.003961 -0.010943 -0.009556
v -0.007317 -0.010943 -0.007313
v -0.009558 -0.010944 -0.003956
v -0.010345 -0.010944 0.000003
v 0.010345 -0.010943 -0.000003
v -0.000003 -0.010942 -0.010345
v 0.009558 -0.010943 0.003956
v -0.007313 -0.010945 0.007317
v -0.003956 -0.010945 0.009558
v -0.009556 -0.010945 0.003961
v 0.000003 -0.010945 0.010345
v 0.003961 -0.010945 0.009556
v 0.007317 -0.010944 0.007313
v 0.003956 -0.010942 -0.009558
v -0.012553 0.006638 0.000043
v -0.012160 0.008271 0.005026
v 0.004582 0.006638 0.011064
v 0.013158 0.008271 0.000010
v -0.011742 0.006638 -0.004828
v 0.005026 0.008271 0.012160
v 0.011777 0.006638 -0.004828
v -0.000010 0.008271 0.013158
v 0.009116 0.006638 -0.009056
v -0.004960 0.006638 -0.011974
v 0.011320 0.006638 0.004725
v -0.013158 0.008271 -0.000010
v 0.004995 0.006638 -0.011974
v -0.009082 0.006638 -0.009056
v -0.004548 0.006638 0.011064
v 0.008550 0.006638 0.008576
v 0.000010 0.008271 -0.013158
v -0.008516 0.006638 0.008576
v -0.012153 0.008271 -0.005045
v 0.012160 0.008271 -0.005026
v 0.009311 0.008271 -0.009297
v -0.005026 0.008271 -0.012160
v 0.012153 0.008271 0.005045
v 0.005045 0.008271 -0.012153
v -0.009297 0.008271 -0.009311
v -0.005045 0.008271 0.012153
v 0.009297 0.008271 0.009311
v -0.009311 0.008271 0.009297
v -0.000009 0.009723 0.012631
v -0.004843 0.009723 0.011666
v 0.011667 0.009723 0.004842
v 0.008926 0.009723 0.008938
v -0.004825 0.009723 -0.011675
v 0.000010 0.009723 -0.012633
v -0.008939 0.009723 0.008925
v 0.004843 0.009723 -0.011668
v -0.012632 0.009723 -0.000010
v -0.011667 0.009723 -0.004844
v -0.008926 0.009723 -0.008940
v 0.004825 0.009723 0.011674
v 0.008939 0.009723 -0.008926
v 0.011674 0.009723 -0.004826
v 0.012632 0.009723 0.000009
v -0.011674 0.009723 0.004825
v -0.013048 0.009959 0.005392
v -0.013017 0.010284 0.005380
v 0.014118 0.009959 0.000010
v 0.014085 0.010284 0.000010
v 0.005380 0.010284 0.013016
v 0.005393 0.009959 0.013047
v -0.000011 0.009959 0.014117
v -0.000010 0.010284 0.014084
v -0.014118 0.009959 -0.000011
v -0.014085 0.010284 -0.000011
v 0.000011 0.010284 -0.014086
v 0.000011 0.009959 -0.014119
v -0.013009 0.010284 -0.005400
v -0.013039 0.009959 -0.005413
v 0.013017 0.010284 -0.005381
v 0.013048 0.009959 -0.005394
v 0.009991 0.009959 -0.009976
v 0.009967 0.010284 -0.009953
v -0.005393 0.009959 -0.013048
v -0.005380 0.010284 -0.013017
v 0.013040 0.009959 0.005412
v 0.013009 0.010284 0.005399
v 0.005400 0.010284 -0.013009
v 0.005413 0.009959 -0.013040
v -0.009976 0.009959 -0.009991
v -0.009952 0.010284 -0.009968
v -0.005400 0.010284 0.013008
v -0.005413 0.009959 0.013039
v 0.009952 0.010284 0.009966
v 0.009976 0.009959 0.009990
v -0.009967 0.010284 0.009951
v -0.009990 0.009959 0.009975
v -0.005406 0.010122 0.013023
v -0.000010 0.010122 0.014101
v 0.013024 0.010122 0.005405
v 0.009964 0.010122 0.009978
v 0.000011 0.010122 -0.014102
v -0.005387 0.010122 -0.013033
v -0.009979 0.010122 0.009963
v 0.005406 0.010122 -0.013025
v -0.013024 0.010122 -0.005407
v -0.014101 0.010122 -0.000011
v -0.009964 0.010122 -0.009979
v 0.005387 0.010122 0.013031
v 0.009979 0.010122 -0.009965
v 0.013032 0.010122 -0.005387
v 0.014102 0.010122 0.000010
v -0.013032 0.010122 0.005386
v -0.012296 0.009417 0.005082
v -0.012379 0.009549 0.005117
v 0.013305 0.009417 0.000010
v 0.013395 0.009549 0.000010
v 0.005117 0.009549 0.012379
v 0.005082 0.009417 0.012296
v -0.000010 0.009417 0.013305
v -0.000010 0.009549 0.013394
v -0.013305 0.009417 -0.000010
v -0.013395 0.009549 -0.000010
v 0.000010 0.009549 -0.013395
v 0.000010 0.009417 -0.013305
v -0.012371 0.009549 -0.005135
v -0.012288 0.009417 -0.005101
v 0.012379 0.009549 -0.005117
v 0.012296 0.009417 -0.005082
v 0.009415 0.009417 -0.009401
v 0.009478 0.009549 -0.009464
v -0.005082 0.009417 -0.012296
v -0.005117 0.009549 -0.012379
v 0.012288 0.009417 0.005101
v 0.012371 0.009549 0.005135
v 0.005135 0.009549 -0.012371
v 0.005101 0.009417 -0.012288
v -0.009401 0.009417 -0.009415
v -0.009464 0.009549 -0.009479
v -0.005135 0.009549 0.012371
v -0.005101 0.009417 0.012288
v 0.009464 0.009549 0.009478
v 0.009401 0.009417 0.009415
v -0.009478 0.009549 0.009464
v -0.009415 0.009417 0.009401
v 0.005804 -0.011670 -0.005808
v 0.006297 -0.011360 -0.006300
v -0.005808 -0.011671 -0.005804
v -0.006300 -0.011361 -0.006297
v -0.008211 -0.011672 0.000002
v -0.008908 -0.011362 0.000003
v -0.003140 -0.011673 0.007587
v -0.003406 -0.011362 0.008231
v 0.000003 -0.011362 0.008908
v 0.000002 -0.011673 0.008211
v 0.003411 -0.011362 0.008229
v 0.003144 -0.011672 0.007585
v 0.007585 -0.011671 -0.003144
v 0.008229 -0.011360 -0.003411
v -0.003144 -0.011671 -0.007585
v -0.003411 -0.011360 -0.008229
v -0.008231 -0.011361 -0.003406
v -0.007587 -0.011672 -0.003140
v 0.008211 -0.011671 -0.000002
v 0.008908 -0.011360 -0.000003
v -0.000003 -0.011360 -0.008908
v -0.000002 -0.011670 -0.008211
v 0.008231 -0.011361 0.003406
v 0.007587 -0.011671 0.003140
v -0.005804 -0.011673 0.005808
v -0.006297 -0.011362 0.006300
v -0.008229 -0.011362 0.003411
v -0.007585 -0.011673 0.003144
v 0.005808 -0.011672 0.005804
v 0.006300 -0.011361 0.006297
v 0.003140 -0.011670 -0.007587
v 0.003406 -0.011360 -0.008231
v 0.003394 -0.014553 -0.001407
v 0.003903 -0.014316 -0.001618
v -0.001407 -0.014553 -0.003394
v -0.001618 -0.014316 -0.003903
v -0.003903 -0.014316 -0.001616
v -0.003394 -0.014553 -0.001405
v 0.003674 -0.014553 -0.000001
v 0.004225 -0.014316 -0.000001
v -0.000001 -0.014316 -0.004225
v -0.000001 -0.014553 -0.003674
v 0.003903 -0.014316 0.001616
v 0.003394 -0.014553 0.001405
v -0.002597 -0.014554 0.002598
v -0.002986 -0.014317 0.002988
v -0.003903 -0.014317 0.001618
v -0.003394 -0.014554 0.001407
v 0.002598 -0.014554 0.002597
v 0.002988 -0.014316 0.002986
v 0.001405 -0.014553 -0.003394
v 0.001616 -0.014315 -0.003903
v 0.002597 -0.014553 -0.002598
v 0.002986 -0.014315 -0.002988
v -0.002598 -0.014553 -0.002597
v -0.002988 -0.014316 -0.002986
v -0.003674 -0.014554 0.000001
v -0.004225 -0.014316 0.000001
v -0.001405 -0.014554 0.003394
v -0.001616 -0.014317 0.003903
v 0.000001 -0.014317 0.004225
v 0.000001 -0.014554 0.003674
v 0.001618 -0.014317 0.003903
v 0.001407 -0.014554 0.003394
v 0.002093 -0.014967 -0.000868
v 0.002591 -0.014658 -0.001074
v 0.002316 -0.014765 -0.000960
v -0.000868 -0.014967 -0.002093
v -0.001074 -0.014658 -0.002591
v -0.000960 -0.014765 -0.002316
v -0.002591 -0.014658 -0.001073
v -0.002093 -0.014967 -0.000866
v -0.002317 -0.014766 -0.000959
v 0.002266 -0.014967 -0.000001
v 0.002805 -0.014658 -0.000001
v 0.002507 -0.014765 -0.000001
v -0.000001 -0.014658 -0.002805
v -0.000001 -0.014967 -0.002266
v -0.000001 -0.014765 -0.002507
v 0.002591 -0.014658 0.001073
v 0.002093 -0.014967 0.000866
v 0.002317 -0.014766 0.000959
v -0.001602 -0.014968 0.001602
v -0.001983 -0.014659 0.001984
v -0.001772 -0.014766 0.001773
v -0.002591 -0.014659 0.001074
v -0.002093 -0.014967 0.000868
v -0.002316 -0.014766 0.000960
v 0.001602 -0.014967 0.001602
v 0.001984 -0.014658 0.001983
v 0.001773 -0.014766 0.001772
v 0.000866 -0.014967 -0.002093
v 0.001073 -0.014658 -0.002591
v 0.000959 -0.014765 -0.002317
v 0.001602 -0.014967 -0.001602
v 0.001983 -0.014658 -0.001984
v 0.001772 -0.014765 -0.001773
v -0.001602 -0.014967 -0.001602
v -0.001984 -0.014658 -0.001983
v -0.001773 -0.014766 -0.001772
v -0.002266 -0.014967 0.000001
v -0.002805 -0.014658 0.000001
v -0.002507 -0.014766 0.000001
v -0.000866 -0.014968 0.002093
v -0.001073 -0.014659 0.002591
v -0.000959 -0.014766 0.002317
v 0.000001 -0.014659 0.002805
v 0.000001 -0.014968 0.002266
v 0.000001 -0.014766 0.002507
v 0.001074 -0.014659 0.002591
v 0.000868 -0.014967 0.002093
v 0.000960 -0.014766 0.002316
v 0.017318 0.071897 -0.017318
v 0.017318 0.071897 0.017318
v -0.017318 0.071897 -0.017318
v -0.017318 0.071897 0.017318
v 0.018557 0.069104 -0.018557
v 0.019917 0.064891 -0.019917
v 0.020871 0.059918 -0.020871
v -0.021210 0.054578 0.021210
v -0.020871 0.059918 0.020871
v -0.019917 0.064891 0.019917
v -0.018557 0.069104 0.018557
v 0.018557 0.069104 0.018557
v 0.019917 0.064891 0.019917
v 0.020871 0.059918 0.020871
v -0.018557 0.069104 -0.018557
v -0.019917 0.064891 -0.019917
v -0.020871 0.059918 -0.020871
v -0.021210 0.054578 -0.021210
v 0.014525 0.073136 0.018557
v 0.010312 0.074496 0.019917
v 0.005339 0.075450 0.020871
v -0.000000 0.075789 0.021210
v -0.005339 0.075450 0.020871
v -0.010312 0.074496 0.019917
v -0.014525 0.073136 0.018557
v 0.018557 0.073136 -0.014525
v 0.019917 0.074496 -0.010312
v 0.020871 0.075450 -0.005339
v 0.021210 0.075789 0.000000
v 0.020871 0.075450 0.005339
v 0.019917 0.074496 0.010312
v 0.018557 0.073136 0.014525
v -0.018557 0.073136 0.014525
v -0.019917 0.074496 0.010312
v -0.020871 0.075450 0.005339
v -0.021210 0.075789 -0.000000
v -0.020871 0.075450 -0.005339
v -0.019917 0.074496 -0.010312
v -0.018557 0.073136 -0.014525
v -0.014525 0.073136 -0.018557
v -0.010312 0.074496 -0.019917
v -0.005339 0.075450 -0.020871
v 0.000000 0.075789 -0.021210
v 0.005339 0.075450 -0.020871
v 0.010312 0.074496 -0.019917
v 0.014525 0.073136 -0.018557
v 0.014999 0.075786 -0.014999
v 0.010563 0.077734 -0.015874
v 0.005455 0.078974 -0.016579
v 0.000000 0.079396 -0.016848
v -0.005455 0.078974 -0.016579
v -0.010563 0.077734 -0.015874
v -0.014999 0.075786 -0.014999
v 0.015874 0.077734 -0.010563
v 0.011089 0.080148 -0.011089
v 0.005706 0.081662 -0.011562
v 0.000000 0.082174 -0.011758
v -0.005706 0.081662 -0.011562
v -0.011089 0.080148 -0.011089
v -0.015874 0.077734 -0.010563
v 0.016579 0.078974 -0.005455
v 0.011562 0.081662 -0.005706
v 0.005950 0.083370 -0.005950
v -0.000000 0.083957 -0.006057
v -0.005950 0.083370 -0.005950
v -0.011562 0.081662 -0.005706
v -0.016579 0.078974 -0.005455
v 0.016848 0.079396 0.000000
v 0.011758 0.082174 0.000000
v 0.006057 0.083957 -0.000000
v -0.000000 0.084575 -0.000000
v -0.006057 0.083957 -0.000000
v -0.011758 0.082174 -0.000000
v -0.016848 0.079396 -0.000000
v 0.016579 0.078974 0.005455
v 0.011562 0.081662 0.005706
v 0.005950 0.083370 0.005950
v -0.000000 0.083957 0.006057
v -0.005950 0.083370 0.005950
v -0.011562 0.081662 0.005706
v -0.016579 0.078974 0.005455
v 0.015874 0.077734 0.010563
v 0.011089 0.080148 0.011089
v 0.005706 0.081662 0.011562
v -0.000000 0.082174 0.011758
v -0.005706 0.081662 0.011562
v -0.011089 0.080148 0.011089
v -0.015874 0.077734 0.010563
v 0.014999 0.075786 0.014999
v 0.010563 0.077734 0.015874
v 0.005455 0.078974 0.016579
v -0.000000 0.079396 0.016848
v -0.005455 0.078974 0.016579
v -0.010563 0.077734 0.015874
v -0.014999 0.075786 0.014999
v 0.016579 0.060033 0.024394
v 0.015874 0.065142 0.023155
v 0.014999 0.069578 0.021207
v 0.011562 0.060285 0.027082
v 0.011089 0.065668 0.025569
v 0.010563 0.070453 0.023155
v 0.005950 0.060529 0.028790
v 0.005706 0.066141 0.027082
v 0.005455 0.071158 0.024394
v -0.000000 0.054578 0.029995
v 0.000000 0.060635 0.029377
v 0.000000 0.066337 0.027594
v 0.000000 0.071427 0.024816
v -0.005950 0.060529 0.028790
v -0.005706 0.066141 0.027082
v -0.005455 0.071158 0.024394
v -0.011479 0.054578 0.027712
v -0.011562 0.060285 0.027082
v -0.011089 0.065668 0.025569
v -0.010563 0.070453 0.023155
v -0.016664 0.054578 0.024940
v -0.016579 0.060033 0.024394
v -0.015874 0.065142 0.023155
v -0.014999 0.069578 0.021207
v -0.024940 0.054578 0.016664
v -0.024394 0.060033 0.016579
v -0.023155 0.065142 0.015874
v -0.021207 0.069578 0.014999
v -0.027712 0.054578 0.011479
v -0.027082 0.060285 0.011562
v -0.025569 0.065668 0.011089
v -0.023155 0.070453 0.010563
v -0.029419 0.054578 0.005852
v -0.028790 0.060529 0.005950
v -0.027082 0.066141 0.005706
v -0.024394 0.071158 0.005455
v -0.029995 0.054578 -0.000000
v -0.029377 0.060635 -0.000000
v -0.027594 0.066337 0.000000
v -0.024816 0.071427 -0.000000
v -0.029419 0.054578 -0.005852
v -0.028790 0.060529 -0.005950
v -0.027082 0.066141 -0.005706
v -0.024394 0.071158 -0.005455
v -0.027712 0.054578 -0.011479
v -0.027082 0.060285 -0.011562
v -0.025569 0.065668 -0.011089
v -0.023155 0.070453 -0.010563
v -0.024940 0.054578 -0.016664
v -0.024394 0.060033 -0.016579
v -0.023155 0.065142 -0.015874
v -0.021207 0.069578 -0.014999
v 0.024394 0.060033 -0.016579
v 0.023155 0.065142 -0.015874
v 0.021207 0.069578 -0.014999
v 0.027082 0.060285 -0.011562
v 0.025569 0.065668 -0.011089
v 0.023155 0.070453 -0.010563
v 0.028790 0.060529 -0.005950
v 0.027082 0.066141 -0.005706
v 0.024394 0.071158 -0.005455
v 0.029377 0.060635 -0.000000
v 0.027594 0.066337 -0.000000
v 0.024816 0.071427 -0.000000
v 0.028790 0.060529 0.005950
v 0.027082 0.066141 0.005706
v 0.024394 0.071158 0.005455
v 0.027082 0.060285 0.011562
v 0.025569 0.065668 0.011089
v 0.023155 0.070453 0.010563
v 0.024394 0.060033 0.016579
v 0.023155 0.065142 0.015874
v 0.021207 0.069578 0.014999
v -0.016664 0.054578 -0.024940
v -0.016579 0.060033 -0.024394
v -0.015874 0.065142 -0.023155
v -0.014999 0.069578 -0.021207
v -0.011562 0.060285 -0.027082
v -0.011089 0.065668 -0.025569
v -0.010563 0.070453 -0.023155
v -0.005950 0.060529 -0.028790
v -0.005706 0.066141 -0.027082
v -0.005455 0.071158 -0.024394
v -0.000000 0.054578 -0.029995
v 0.000000 0.060635 -0.029377
v -0.000000 0.066337 -0.027594
v -0.000000 0.071427 -0.024816
v 0.005950 0.060529 -0.028790
v 0.005706 0.066141 -0.027082
v 0.005455 0.071158 -0.024394
v 0.011562 0.060285 -0.027082
v 0.011089 0.065668 -0.025569
v 0.010563 0.070453 -0.023155
v 0.016579 0.060033 -0.024394
v 0.015874 0.065142 -0.023155
v 0.014999 0.069578 -0.021207
v 0.005852 0.054578 -0.029419
v 0.005835 0.053721 -0.029336
v 0.011479 0.054578 -0.027712
v 0.011446 0.053721 -0.027634
v 0.016664 0.054578 -0.024940
v 0.016617 0.053721 -0.024870
v 0.021210 0.054578 -0.021210
v 0.021150 0.053721 -0.021150
v 0.024940 0.054578 -0.016664
v 0.024870 0.053721 -0.016617
v 0.027712 0.054578 -0.011479
v 0.027634 0.053721 -0.011446
v 0.029419 0.054578 -0.005852
v 0.029336 0.053721 -0.005835
v 0.029995 0.054578 0.000000
v 0.029911 0.053721 0.000000
v 0.029419 0.054578 0.005852
v 0.029336 0.053721 0.005835
v 0.027712 0.054578 0.011479
v 0.027634 0.053721 0.011446
v 0.024940 0.054578 0.016664
v 0.024870 0.053721 0.016617
v 0.021210 0.054578 0.021210
v 0.021150 0.053721 0.021150
v 0.016664 0.054578 0.024940
v 0.016617 0.053721 0.024870
v 0.011479 0.054578 0.027712
v 0.011446 0.053721 0.027634
v 0.005852 0.054578 0.029419
v 0.005835 0.053721 0.029336
v -0.000000 0.053721 0.029911
v -0.005852 0.054578 0.029419
v -0.005835 0.053721 0.029336
v -0.011446 0.053721 0.027634
v -0.016617 0.053721 0.024870
v -0.021150 0.053721 0.021150
v -0.024870 0.053721 0.016617
v -0.027634 0.053721 0.011446
v -0.029336 0.053721 0.005835
v -0.029911 0.053721 -0.000000
v -0.029336 0.053721 -0.005835
v -0.027634 0.053721 -0.011446
v -0.024870 0.053721 -0.016617
v -0.021150 0.053721 -0.021150
v -0.016617 0.053721 -0.024870
v -0.011479 0.054578 -0.027712
v -0.011446 0.053721 -0.027634
v -0.005852 0.054578 -0.029419
v -0.005835 0.053721 -0.029336
v 0.000000 0.053721 -0.029911
v 0.000000 0.033842 0.023987
v 0.002784 0.015792 0.013996
v 0.000000 0.015792 0.014270
v 0.004349 0.041517 0.021862
v 0.002784 0.025493 0.013996
v 0.003750 0.038450 0.018852
v 0.003242 0.034328 0.016300
v 0.002903 0.029778 0.014594
v 0.000000 0.041080 0.028476
v 0.000000 0.037461 0.026231
v 0.000000 0.028278 0.020535
v 0.005993 0.049003 0.030130
v 0.000000 0.054578 0.000000
v 0.009179 0.033842 0.022161
v 0.007928 0.015792 0.011865
v 0.005461 0.015792 0.013184
v 0.012384 0.041517 0.018533
v 0.007928 0.025493 0.011865
v 0.010679 0.038450 0.015982
v 0.009233 0.034328 0.013818
v 0.008267 0.029778 0.012373
v 0.010897 0.041080 0.026308
v 0.010038 0.037461 0.024235
v 0.007859 0.028278 0.018972
v 0.017068 0.049003 0.025543
v 0.016961 0.033842 0.016961
v 0.011865 0.015792 0.007928
v 0.010090 0.015792 0.010090
v 0.018533 0.041517 0.012384
v 0.011865 0.025493 0.007928
v 0.015982 0.038450 0.010679
v 0.013818 0.034328 0.009233
v 0.012373 0.029778 0.008267
v 0.020136 0.041080 0.020136
v 0.018548 0.037461 0.018548
v 0.014521 0.028278 0.014521
v 0.025543 0.049003 0.017068
v 0.022161 0.033842 0.009179
v 0.013996 0.015792 0.002784
v 0.013184 0.015792 0.005461
v 0.021862 0.041517 0.004349
v 0.013996 0.025493 0.002784
v 0.018852 0.038450 0.003750
v 0.016300 0.034328 0.003242
v 0.014594 0.029778 0.002903
v 0.026308 0.041080 0.010897
v 0.024235 0.037461 0.010038
v 0.018972 0.028278 0.007859
v 0.030130 0.049003 0.005993
v 0.023987 0.033842 -0.000000
v 0.013996 0.015792 -0.002784
v 0.014270 0.015792 -0.000000
v 0.021862 0.041517 -0.004349
v 0.013996 0.025493 -0.002784
v 0.018852 0.038450 -0.003750
v 0.016300 0.034328 -0.003242
v 0.014594 0.029778 -0.002903
v 0.028476 0.041080 -0.000000
v 0.026231 0.037461 -0.000000
v 0.020535 0.028278 -0.000000
v 0.030130 0.049003 -0.005993
v 0.022161 0.033842 -0.009179
v 0.011865 0.015792 -0.007928
v 0.013184 0.015792 -0.005461
v 0.018533 0.041517 -0.012384
v 0.011865 0.025493 -0.007928
v 0.015982 0.038450 -0.010679
v 0.013818 0.034328 -0.009233
v 0.012373 0.029778 -0.008267
v 0.026308 0.041080 -0.010897
v 0.024235 0.037461 -0.010038
v 0.018972 0.028278 -0.007859
v 0.025543 0.049003 -0.017068
v 0.016961 0.033842 -0.016961
v 0.007928 0.015792 -0.011865
v 0.010090 0.015792 -0.010090
v 0.012384 0.041517 -0.018533
v 0.007928 0.025493 -0.011865
v 0.010679 0.038450 -0.015982
v 0.009233 0.034328 -0.013818
v 0.008267 0.029778 -0.012373
v 0.020136 0.041080 -0.020136
v 0.018548 0.037461 -0.018548
v 0.014521 0.028278 -0.014521
v 0.017068 0.049003 -0.025543
v 0.009179 0.033842 -0.022161
v 0.002784 0.015792 -0.013996
v 0.005461 0.015792 -0.013184
v 0.004349 0.041517 -0.021862
v 0.002784 0.025493 -0.013996
v 0.003750 0.038450 -0.018852
v 0.003242 0.034328 -0.016300
v 0.002903 0.029778 -0.014594
v 0.010897 0.041080 -0.026308
v 0.010038 0.037461 -0.024235
v 0.007859 0.028278 -0.018972
v 0.005993 0.049003 -0.030130
v -0.000000 0.033842 -0.023987
v -0.002784 0.015792 -0.013996
v -0.000000 0.015792 -0.014270
v -0.004349 0.041517 -0.021862
v -0.002784 0.025493 -0.013996
v -0.003750 0.038450 -0.018852
v -0.003242 0.034328 -0.016300
v -0.002903 0.029778 -0.014594
v -0.000000 0.041080 -0.028476
v -0.000000 0.037461 -0.026231
v -0.000000 0.028278 -0.020535
v -0.005993 0.049003 -0.030130
v -0.009179 0.033842 -0.022161
v -0.007928 0.015792 -0.011865
v -0.005461 0.015792 -0.013184
v -0.012384 0.041517 -0.018533
v -0.007928 0.025493 -0.011865
v -0.010679 0.038450 -0.015982
v -0.009233 0.034328 -0.013818
v -0.008267 0.029778 -0.012373
v -0.010897 0.041080 -0.026308
v -0.010038 0.037461 -0.024235
v -0.007859 0.028278 -0.018972
v -0.017068 0.049003 -0.025543
v -0.016961 0.033842 -0.016961
v -0.011865 0.015792 -0.007928
v -0.010090 0.015792 -0.010090
v -0.018533 0.041517 -0.012384
v -0.011865 0.025493 -0.007928
v -0.015982 0.038450 -0.010679
v -0.013818 0.034328 -0.009233
v -0.012373 0.029778 -0.008267
v -0.020136 0.041080 -0.020136
v -0.018548 0.037461 -0.018548
v -0.014521 0.028278 -0.014521
v -0.025543 0.049003 -0.017068
v -0.022161 0.033842 -0.009179
v -0.013996 0.015792 -0.002784
v -0.013184 0.015792 -0.005461
v -0.021862 0.041517 -0.004349
v -0.013996 0.025493 -0.002784
v -0.018852 0.038450 -0.003750
v -0.016300 0.034328 -0.003242
v -0.014594 0.029778 -0.002903
v -0.026308 0.041080 -0.010897
v -0.024235 0.037461 -0.010038
v -0.018972 0.028278 -0.007859
v -0.030130 0.049003 -0.005993
v -0.023987 0.033842 0.000000
v -0.013996 0.015792 0.002784
v -0.014270 0.015792 0.000000
v -0.021862 0.041517 0.004349
v -0.013996 0.025493 0.002784
v -0.018852 0.038450 0.003750
v -0.016300 0.034328 0.003242
v -0.014594 0.029778 0.002903
v -0.028476 0.041080 0.000000
v -0.026231 0.037461 0.000000
v -0.020535 0.028278 0.000000
v -0.030130 0.049003 0.005993
v -0.022161 0.033842 0.009179
v -0.011865 0.015792 0.007928
v -0.013184 0.015792 0.005461
v -0.018533 0.041517 0.012384
v -0.011865 0.025493 0.007928
v -0.015982 0.038450 0.010679
v -0.013818 0.034328 0.009233
v -0.012373 0.029778 0.008267
v -0.026308 0.041080 0.010897
v -0.024235 0.037461 0.010038
v -0.018972 0.028278 0.007859
v -0.025543 0.049003 0.017068
v -0.016961 0.033842 0.016961
v -0.007928 0.015792 0.011865
v -0.010090 0.015792 0.010090
v -0.012384 0.041517 0.018533
v -0.007928 0.025493 0.011865
v -0.010679 0.038450 0.015982
v -0.009233 0.034328 0.013818
v -0.008267 0.029778 0.012373
v -0.020136 0.041080 0.020136
v -0.018548 0.037461 0.018548
v -0.014521 0.028278 0.014521
v -0.017068 0.049003 0.025543
v -0.009179 0.033842 0.022161
v -0.002784 0.015792 0.013996
v -0.005461 0.015792 0.013184
v -0.004349 0.041517 0.021862
v -0.002784 0.025493 0.013996
v -0.003750 0.038450 0.018852
v -0.003242 0.034328 0.016300
v -0.002903 0.029778 0.014594
v -0.010897 0.041080 0.026308
v -0.010038 0.037461 0.024235
v -0.007859 0.028278 0.018972
v -0.005993 0.049003 0.030130
v -0.000000 0.009743 -0.012260
v -0.000000 0.011743 -0.014270
v -0.000000 0.009896 -0.013029
v -0.000000 0.010329 -0.013681
v -0.000000 0.010978 -0.014117
v 0.002784 0.011743 -0.013996
v 0.002392 0.009743 -0.012025
v 0.002754 0.010978 -0.013846
v 0.002669 0.010329 -0.013418
v 0.002542 0.009896 -0.012779
v 0.005461 0.011743 -0.013184
v 0.004692 0.009743 -0.011327
v 0.005402 0.010978 -0.013042
v 0.005236 0.010329 -0.012640
v 0.004986 0.009896 -0.012037
v 0.007928 0.011743 -0.011865
v 0.006811 0.009743 -0.010194
v 0.007843 0.010978 -0.011738
v 0.007601 0.010329 -0.011376
v 0.007239 0.009896 -0.010833
v 0.010090 0.011743 -0.010090
v 0.008669 0.009743 -0.008669
v 0.009982 0.010978 -0.009982
v 0.009674 0.010329 -0.009674
v 0.009213 0.009896 -0.009213
v 0.011865 0.011743 -0.007928
v 0.010194 0.009743 -0.006811
v 0.011738 0.010978 -0.007843
v 0.011376 0.010329 -0.007601
v 0.010833 0.009896 -0.007239
v 0.013184 0.011743 -0.005461
v 0.011327 0.009743 -0.004692
v 0.013042 0.010978 -0.005402
v 0.012640 0.010329 -0.005236
v 0.012037 0.009896 -0.004986
v 0.013996 0.011743 -0.002784
v 0.012025 0.009743 -0.002392
v 0.013846 0.010978 -0.002754
v 0.013418 0.010329 -0.002669
v 0.012779 0.009896 -0.002542
v 0.014270 0.011743 0.000000
v 0.012260 0.009743 0.000000
v 0.014117 0.010978 0.000000
v 0.013681 0.010329 0.000000
v 0.013029 0.009896 0.000000
v 0.013996 0.011743 0.002784
v 0.012025 0.009743 0.002392
v 0.013846 0.010978 0.002754
v 0.013418 0.010329 0.002669
v 0.012779 0.009896 0.002542
v 0.013184 0.011743 0.005461
v 0.011327 0.009743 0.004692
v 0.013042 0.010978 0.005402
v 0.012640 0.010329 0.005236
v 0.012037 0.009896 0.004986
v 0.011865 0.011743 0.007928
v 0.010194 0.009743 0.006811
v 0.011738 0.010978 0.007843
v 0.011376 0.010329 0.007601
v 0.010833 0.009896 0.007239
v 0.010090 0.011743 0.010090
v 0.008669 0.009743 0.008669
v 0.009982 0.010978 0.009982
v 0.009674 0.010329 0.009674
v 0.009213 0.009896 0.009213
v 0.007928 0.011743 0.011865
v 0.006811 0.009743 0.010194
v 0.007843 0.010978 0.011738
v 0.007601 0.010329 0.011376
v 0.007239 0.009896 0.010833
v 0.005461 0.011743 0.013184
v 0.004692 0.009743 0.011327
v 0.005402 0.010978 0.013042
v 0.005236 0.010329 0.012640
v 0.004986 0.009896 0.012037
v 0.002784 0.011743 0.013996
v 0.002392 0.009743 0.012025
v 0.002754 0.010978 0.013846
v 0.002669 0.010329 0.013418
v 0.002542 0.009896 0.012779
v -0.000000 0.011743 0.014270
v -0.000000 0.009743 0.012260
v -0.000000 0.010978 0.014117
v -0.000000 0.010329 0.013681
v -0.000000 0.009896 0.013029
v -0.002784 0.011743 0.013996
v -0.002392 0.009743 0.012025
v -0.002754 0.010978 0.013846
v -0.002669 0.010329 0.013418
v -0.002542 0.009896 0.012779
v -0.005461 0.011743 0.013184
v -0.004692 0.009743 0.011327
v -0.005402 0.010978 0.013042
v -0.005236 0.010329 0.012640
v -0.004986 0.009896 0.012037
v -0.007928 0.011743 0.011865
v -0.006811 0.009743 0.010194
v -0.007843 0.010978 0.011738
v -0.007601 0.010329 0.011376
v -0.007239 0.009896 0.010833
v -0.010090 0.011743 0.010090
v -0.008669 0.009743 0.008669
v -0.009982 0.010978 0.009982
v -0.009674 0.010329 0.009674
v -0.009213 0.009896 0.009213
v -0.011865 0.011743 0.007928
v -0.010194 0.009743 0.006811
v -0.011738 0.010978 0.007843
v -0.011376 0.010329 0.007601
v -0.010833 0.009896 0.007239
v -0.013184 0.011743 0.005461
v -0.011327 0.009743 0.004692
v -0.013042 0.010978 0.005402
v -0.012640 0.010329 0.005236
v -0.012037 0.009896 0.004986
v -0.013996 0.011743 0.002784
v -0.012025 0.009743 0.002392
v -0.013846 0.010978 0.002754
v -0.013418 0.010329 0.002669
v -0.012779 0.009896 0.002542
v -0.014270 0.011743 -0.000000
v -0.012260 0.009743 -0.000000
v -0.014117 0.010978 -0.000000
v -0.013681 0.010329 -0.000000
v -0.013029 0.009896 -0.000000
v -0.013996 0.011743 -0.002784
v -0.012025 0.009743 -0.002392
v -0.013846 0.010978 -0.002754
v -0.013418 0.010329 -0.002669
v -0.012779 0.009896 -0.002542
v -0.013184 0.011743 -0.005461
v -0.011327 0.009743 -0.004692
v -0.013042 0.010978 -0.005402
v -0.012640 0.010329 -0.005236
v -0.012037 0.009896 -0.004986
v -0.011865 0.011743 -0.007928
v -0.010194 0.009743 -0.006811
v -0.011738 0.010978 -0.007843
v -0.011376 0.010329 -0.007601
v -0.010833 0.009896 -0.007239
v -0.010090 0.011743 -0.010090
v -0.008669 0.009743 -0.008669
v -0.009982 0.010978 -0.009982
v -0.009674 0.010329 -0.009674
v -0.009213 0.009896 -0.009213
v -0.007928 0.011743 -0.011865
v -0.006811 0.009743 -0.010194
v -0.007843 0.010978 -0.011738
v -0.007601 0.010329 -0.011376
v -0.007239 0.009896 -0.010833
v -0.005461 0.011743 -0.013184
v -0.004692 0.009743 -0.011327
v -0.005402 0.010978 -0.013042
v -0.005236 0.010329 -0.012640
v -0.004986 0.009896 -0.012037
v -0.002784 0.011743 -0.013996
v -0.002392 0.009743 -0.012025
v -0.002754 0.010978 -0.013846
v -0.002669 0.010329 -0.013418
v -0.002542 0.009896 -0.012779
v -0.000000 0.015298 -0.014270
v 0.002784 0.015298 -0.013996
v 0.005461 0.015298 -0.013184
v 0.007928 0.015298 -0.011865
v 0.010090 0.015298 -0.010090
v 0.011865 0.015298 -0.007928
v 0.013184 0.015298 -0.005461
v 0.013996 0.015298 -0.002784
v 0.014270 0.015298 0.000000
v 0.013996 0.015298 0.002784
v 0.013184 0.015298 0.005461
v 0.011865 0.015298 0.007928
v 0.010090 0.015298 0.010090
v 0.007928 0.015298 0.011865
v 0.005461 0.015298 0.013184
v 0.002784 0.015298 0.013996
v -0.000000 0.015298 0.014270
v -0.002784 0.015298 0.013996
v -0.005461 0.015298 0.013184
v -0.007928 0.015298 0.011865
v -0.010090 0.015298 0.010090
v -0.011865 0.015298 0.007928
v -0.013184 0.015298 0.005461
v -0.013996 0.015298 0.002784
v -0.014270 0.015298 -0.000000
v -0.013996 0.015298 -0.002784
v -0.013184 0.015298 -0.005461
v -0.011865 0.015298 -0.007928
v -0.010090 0.015298 -0.010090
v -0.007928 0.015298 -0.011865
v -0.005461 0.015298 -0.013184
v -0.002784 0.015298 -0.013996
v 0.002758 0.015545 0.013864
v 0.005409 0.015545 0.013059
v 0.007853 0.015545 0.011753
v 0.009995 0.015545 0.009995
v 0.011753 0.015545 0.007853
v 0.013059 0.015545 0.005409
v 0.013864 0.015545 0.002758
v 0.014135 0.015545 -0.000000
v 0.013864 0.015545 -0.002758
v 0.013059 0.015545 -0.005409
v 0.011753 0.015545 -0.007853
v 0.009995 0.015545 -0.009995
v 0.007853 0.015545 -0.011753
v 0.005409 0.015545 -0.013059
v 0.002758 0.015545 -0.013864
v -0.000000 0.015545 -0.014135
v -0.002758 0.015545 -0.013864
v -0.005409 0.015545 -0.013059
v -0.007853 0.015545 -0.011753
v -0.009995 0.015545 -0.009995
v -0.011753 0.015545 -0.007853
v -0.013059 0.015545 -0.005409
v -0.013864 0.015545 -0.002758
v -0.014135 0.015545 0.000000
v -0.013864 0.015545 0.002758
v -0.013059 0.015545 0.005409
v -0.011753 0.015545 0.007853
v -0.009995 0.015545 0.009995
v -0.007853 0.015545 0.011753
v -0.005409 0.015545 0.013059
v -0.002758 0.015545 0.013864
v -0.000000 0.015545 0.014135
v -0.000000 0.049003 0.030721
v -0.000000 0.047663 0.030721
v -0.000000 0.048350 0.030721
v 0.001499 0.041517 0.022142
v 0.001000 0.041138 0.022520
v 0.001146 0.041401 0.022268
v 0.001000 0.038136 0.019515
v 0.001498 0.038451 0.019073
v 0.001146 0.038353 0.019220
v 0.001000 0.034103 0.016970
v 0.001498 0.034328 0.016471
v 0.001146 0.034258 0.016637
v -0.000000 0.018609 0.014538
v -0.000000 0.017671 0.014270
v -0.000000 0.018156 0.014349
v 0.001498 0.029778 0.014733
v 0.001000 0.029652 0.015269
v 0.001146 0.029738 0.014911
v 0.001000 0.025457 0.014671
v 0.001498 0.025493 0.014122
v 0.001146 0.025481 0.014304
v -0.001000 0.041138 0.022520
v -0.001499 0.041517 0.022142
v -0.001146 0.041401 0.022268
v -0.001499 0.038451 0.019073
v -0.001000 0.038136 0.019515
v -0.001146 0.038353 0.019220
v 0.000000 0.045205 0.030721
v -0.000000 0.044266 0.030453
v -0.000000 0.044720 0.030642
v -0.001000 0.034103 0.016970
v -0.001498 0.034328 0.016471
v -0.001146 0.034258 0.016637
v -0.001498 0.029778 0.014733
v -0.001000 0.029652 0.015269
v -0.001146 0.029738 0.014911
v -0.001498 0.025493 0.014122
v -0.001000 0.025457 0.014671
v -0.001146 0.025481 0.014304
v 0.001000 0.037672 0.025774
v 0.000500 0.037408 0.026199
v 0.000854 0.037485 0.026074
v 0.000500 0.033842 0.023987
v 0.001000 0.034106 0.023562
v 0.000854 0.033919 0.023862
v 0.001000 0.028542 0.020110
v 0.000500 0.028278 0.020535
v 0.000854 0.028355 0.020411
v 0.001498 0.017433 0.014122
v 0.001000 0.019773 0.014671
v 0.000500 0.018530 0.014489
v 0.001146 0.018603 0.014303
v 0.001005 0.018337 0.014308
v 0.000854 0.019097 0.014668
v 0.000996 0.017997 0.014250
v 0.000500 0.044187 0.030403
v 0.001000 0.044682 0.030122
v 0.000502 0.045125 0.030671
v 0.000854 0.044380 0.030351
v 0.000821 0.044610 0.030513
v 0.000854 0.044904 0.030490
v 0.000504 0.044640 0.030593
v 0.001000 0.046849 0.030122
v 0.001499 0.047549 0.030172
v 0.001226 0.048350 0.030600
v 0.000502 0.047663 0.030671
v 0.001146 0.047277 0.030089
v 0.001017 0.047728 0.030507
v 0.001371 0.047908 0.030468
v 0.000714 0.048148 0.030650
v 0.000854 0.047256 0.030490
v -0.000500 0.037408 0.026199
v -0.001000 0.037672 0.025774
v -0.000854 0.037485 0.026074
v -0.001000 0.034106 0.023562
v -0.000500 0.033842 0.023987
v -0.000854 0.033919 0.023862
v 0.000500 0.040974 0.028410
v 0.001000 0.041238 0.027986
v 0.000854 0.041051 0.028286
v -0.000500 0.040974 0.028410
v -0.001000 0.041238 0.027986
v -0.000854 0.041051 0.028286
v -0.000502 0.045125 0.030671
v -0.001000 0.044682 0.030122
v -0.000500 0.044187 0.030403
v -0.000854 0.044904 0.030490
v -0.000821 0.044610 0.030513
v -0.000854 0.044380 0.030351
v -0.000504 0.044640 0.030593
v -0.001000 0.046849 0.030122
v -0.000502 0.047663 0.030671
v -0.001226 0.048350 0.030600
v -0.001499 0.047549 0.030172
v -0.000854 0.047256 0.030490
v -0.001017 0.047728 0.030507
v -0.000714 0.048148 0.030650
v -0.001371 0.047908 0.030468
v -0.001146 0.047277 0.030089
v -0.000500 0.028278 0.020535
v -0.001000 0.028542 0.020110
v -0.000854 0.028355 0.020411
v -0.001000 0.019773 0.014671
v -0.001498 0.017433 0.014122
v -0.000500 0.018530 0.014489
v -0.001146 0.018603 0.014303
v -0.001005 0.018337 0.014308
v -0.000996 0.017997 0.014250
v -0.000854 0.019097 0.014668
v 0.005915 0.047549 0.029737
v 0.005993 0.048350 0.030130
v 0.005970 0.047908 0.030014
v 0.011756 0.049003 0.028382
v 0.011756 0.047663 0.028382
v 0.011756 0.048350 0.028382
v 0.009858 0.041517 0.019883
v 0.009542 0.041138 0.020423
v 0.009580 0.041401 0.020134
v 0.008392 0.038136 0.017647
v 0.008683 0.038451 0.017048
v 0.008414 0.038353 0.017319
v 0.007418 0.034103 0.015295
v 0.007687 0.034328 0.014644
v 0.007425 0.034258 0.014932
v 0.005563 0.018609 0.013431
v 0.005461 0.017671 0.013184
v 0.005491 0.018156 0.013256
v 0.007022 0.029778 0.013038
v 0.006767 0.029652 0.013724
v 0.006765 0.029738 0.013337
v 0.006538 0.025457 0.013172
v 0.006788 0.025493 0.012474
v 0.006532 0.025481 0.012777
v 0.007694 0.041138 0.021188
v 0.007089 0.041517 0.021031
v 0.007463 0.041401 0.021012
v 0.005914 0.038451 0.018195
v 0.006544 0.038136 0.018412
v 0.006296 0.038353 0.018196
v 0.011756 0.045205 0.028382
v 0.011654 0.044266 0.028135
v 0.011726 0.044720 0.028309
v 0.005570 0.034103 0.016061
v 0.004919 0.034328 0.015791
v 0.005308 0.034258 0.015809
v 0.004254 0.029778 0.014185
v 0.004919 0.029652 0.014489
v 0.004647 0.029738 0.014214
v 0.004021 0.025493 0.013621
v 0.004691 0.025457 0.013937
v 0.004415 0.025481 0.013654
v 0.010787 0.037672 0.023429
v 0.010488 0.037408 0.024013
v 0.010767 0.037485 0.023763
v 0.009641 0.033842 0.021969
v 0.009941 0.034106 0.021386
v 0.009920 0.033919 0.021719
v 0.008620 0.028542 0.018197
v 0.008320 0.028278 0.018781
v 0.008600 0.028355 0.018531
v 0.006788 0.017433 0.012474
v 0.006538 0.019773 0.013172
v 0.006007 0.018530 0.013195
v 0.006532 0.018603 0.012776
v 0.006404 0.018337 0.012834
v 0.006402 0.019097 0.013225
v 0.006373 0.017997 0.012784
v 0.012097 0.044187 0.027898
v 0.012451 0.044682 0.027447
v 0.012202 0.045125 0.028144
v 0.012403 0.044380 0.027714
v 0.012435 0.044610 0.027876
v 0.012457 0.044904 0.027842
v 0.012173 0.044640 0.028071
v 0.012451 0.046849 0.027447
v 0.012931 0.047549 0.027302
v 0.012843 0.048350 0.027801
v 0.012202 0.047663 0.028144
v 0.012573 0.047277 0.027360
v 0.012614 0.047728 0.027796
v 0.012926 0.047908 0.027624
v 0.012389 0.048148 0.028044
v 0.012457 0.047256 0.027842
v 0.009564 0.037408 0.024396
v 0.008939 0.037672 0.024194
v 0.009190 0.037485 0.024416
v 0.008093 0.034106 0.022151
v 0.008717 0.033842 0.022352
v 0.008343 0.033919 0.022372
v 0.011334 0.040974 0.026056
v 0.011633 0.041238 0.025473
v 0.011613 0.041051 0.025806
v 0.010410 0.040974 0.026439
v 0.009786 0.041238 0.026238
v 0.010036 0.041051 0.026459
v 0.011273 0.045125 0.028529
v 0.010603 0.044682 0.028212
v 0.011173 0.044187 0.028280
v 0.010879 0.044904 0.028496
v 0.010918 0.044610 0.028504
v 0.010826 0.044380 0.028367
v 0.011242 0.044640 0.028457
v 0.010603 0.046849 0.028212
v 0.011273 0.047663 0.028529
v 0.010577 0.048350 0.028740
v 0.010161 0.047549 0.028449
v 0.010879 0.047256 0.028496
v 0.010735 0.047728 0.028574
v 0.011070 0.048148 0.028591
v 0.010393 0.047908 0.028674
v 0.010455 0.047277 0.028237
v 0.007397 0.028278 0.019164
v 0.006772 0.028542 0.018962
v 0.007022 0.028355 0.019184
v 0.004691 0.019773 0.013937
v 0.004021 0.017433 0.013620
v 0.005083 0.018530 0.013577
v 0.004415 0.018603 0.013653
v 0.004547 0.018337 0.013603
v 0.004533 0.017997 0.013547
v 0.004825 0.019097 0.013878
v 0.016845 0.047549 0.025210
v 0.017068 0.048350 0.025543
v 0.017002 0.047908 0.025445
v 0.021723 0.049003 0.021723
v 0.021723 0.047663 0.021723
v 0.021723 0.048350 0.021723
v 0.016717 0.041517 0.014597
v 0.016631 0.041138 0.015217
v 0.016556 0.041401 0.014935
v 0.014507 0.038136 0.013092
v 0.014546 0.038451 0.012427
v 0.014401 0.038353 0.012780
v 0.012707 0.034103 0.011292
v 0.012706 0.034328 0.010588
v 0.012574 0.034258 0.010954
v 0.010280 0.018609 0.010280
v 0.010090 0.017671 0.010090
v 0.010146 0.018156 0.010146
v 0.011477 0.029778 0.009359
v 0.011504 0.029652 0.010090
v 0.011354 0.029738 0.009733
v 0.011081 0.025457 0.009667
v 0.011045 0.025493 0.008927
v 0.010925 0.025481 0.009304
v 0.015217 0.041138 0.016631
v 0.014597 0.041517 0.016717
v 0.014935 0.041401 0.016556
v 0.012427 0.038451 0.014547
v 0.013092 0.038136 0.014507
v 0.012780 0.038353 0.014401
v 0.021723 0.045205 0.021723
v 0.021533 0.044266 0.021533
v 0.021667 0.044720 0.021667
v 0.011292 0.034103 0.012707
v 0.010588 0.034328 0.012707
v 0.010953 0.034258 0.012574
v 0.009359 0.029778 0.011477
v 0.010090 0.029652 0.011504
v 0.009733 0.029738 0.011354
v 0.008927 0.025493 0.011045
v 0.009667 0.025457 0.011081
v 0.009304 0.025481 0.010925
v 0.018932 0.037672 0.017518
v 0.018879 0.037408 0.018172
v 0.019041 0.037485 0.017834
v 0.017315 0.033842 0.016608
v 0.017368 0.034106 0.015954
v 0.017477 0.033919 0.016270
v 0.014927 0.028542 0.013513
v 0.014874 0.028278 0.014167
v 0.015036 0.028355 0.013829
v 0.011045 0.017433 0.008927
v 0.011081 0.019773 0.009667
v 0.010599 0.018530 0.009892
v 0.010924 0.018603 0.009304
v 0.010828 0.018337 0.009406
v 0.010975 0.019097 0.009768
v 0.010781 0.017997 0.009372
v 0.021852 0.044187 0.021145
v 0.022007 0.044682 0.020593
v 0.022043 0.045125 0.021333
v 0.022065 0.044380 0.020858
v 0.022156 0.044610 0.020995
v 0.022164 0.044904 0.020956
v 0.021989 0.044640 0.021276
v 0.022007 0.046849 0.020593
v 0.022395 0.047549 0.020275
v 0.022505 0.048350 0.020770
v 0.022043 0.047663 0.021333
v 0.022086 0.047277 0.020465
v 0.022291 0.047728 0.020853
v 0.022514 0.047908 0.020575
v 0.022178 0.048148 0.021168
v 0.022164 0.047256 0.020956
v 0.018172 0.037408 0.018879
v 0.017518 0.037672 0.018932
v 0.017834 0.037485 0.019041
v 0.015954 0.034106 0.017368
v 0.016608 0.033842 0.017315
v 0.016270 0.033919 0.017477
v 0.020443 0.040974 0.019736
v 0.020496 0.041238 0.019082
v 0.020605 0.041051 0.019398
v 0.019736 0.040974 0.020443
v 0.019082 0.041238 0.020496
v 0.019398 0.041051 0.020605
v 0.021333 0.045125 0.022043
v 0.020593 0.044682 0.022007
v 0.021145 0.044187 0.021852
v 0.020956 0.044904 0.022164
v 0.020995 0.044610 0.022156
v 0.020858 0.044380 0.022065
v 0.021276 0.044640 0.021989
v 0.020593 0.046849 0.022007
v 0.021333 0.047663 0.022043
v 0.020770 0.048350 0.022505
v 0.020275 0.047549 0.022395
v 0.020956 0.047256 0.022164
v 0.020853 0.047728 0.022291
v 0.021168 0.048148 0.022178
v 0.020575 0.047908 0.022514
v 0.020465 0.047277 0.022086
v 0.014167 0.028278 0.014874
v 0.013513 0.028542 0.014927
v 0.013829 0.028355 0.015036
v 0.009667 0.019773 0.011081
v 0.008927 0.017433 0.011045
v 0.009892 0.018530 0.010599
v 0.009304 0.018603 0.010924
v 0.009406 0.018337 0.010828
v 0.009372 0.017997 0.010781
v 0.009768 0.019097 0.010975
v 0.025210 0.047549 0.016845
v 0.025543 0.048350 0.017068
v 0.025445 0.047908 0.017002
v 0.028382 0.049003 0.011756
v 0.028382 0.047663 0.011756
v 0.028382 0.048350 0.011756
v 0.021031 0.041517 0.007089
v 0.021188 0.041138 0.007694
v 0.021011 0.041401 0.007463
v 0.018412 0.038136 0.006544
v 0.018195 0.038451 0.005915
v 0.018196 0.038353 0.006297
v 0.016061 0.034103 0.005570
v 0.015791 0.034328 0.004919
v 0.015809 0.034258 0.005308
v 0.013431 0.018609 0.005563
v 0.013184 0.017671 0.005461
v 0.013256 0.018156 0.005491
v 0.014185 0.029778 0.004254
v 0.014489 0.029652 0.004919
v 0.014214 0.029738 0.004648
v 0.013937 0.025457 0.004691
v 0.013620 0.025493 0.004021
v 0.013654 0.025481 0.004415
v 0.020423 0.041138 0.009542
v 0.019883 0.041517 0.009859
v 0.020134 0.041401 0.009581
v 0.017048 0.038451 0.008684
v 0.017647 0.038136 0.008392
v 0.017319 0.038353 0.008414
v 0.028382 0.045205 0.011756
v 0.028135 0.044266 0.011654
v 0.028309 0.044720 0.011726
v 0.015295 0.034103 0.007418
v 0.014644 0.034328 0.007688
v 0.014932 0.034258 0.007425
v 0.013038 0.029778 0.007022
v 0.013724 0.029652 0.006767
v 0.013337 0.029738 0.006765
v 0.012474 0.025493 0.006788
v 0.013172 0.025457 0.006538
v 0.012777 0.025481 0.006532
v 0.024194 0.037672 0.008939
v 0.024396 0.037408 0.009564
v 0.024416 0.037485 0.009190
v 0.022352 0.033842 0.008717
v 0.022151 0.034106 0.008093
v 0.022372 0.033919 0.008343
v 0.018962 0.028542 0.006772
v 0.019164 0.028278 0.007397
v 0.019184 0.028355 0.007022
v 0.013620 0.017433 0.004021
v 0.013937 0.019773 0.004691
v 0.013577 0.018530 0.005083
v 0.013653 0.018603 0.004415
v 0.013603 0.018337 0.004547
v 0.013878 0.019097 0.004825
v 0.013547 0.017997 0.004533
v 0.028280 0.044187 0.011173
v 0.028212 0.044682 0.010603
v 0.028529 0.045125 0.011273
v 0.028367 0.044380 0.010826
v 0.028504 0.044610 0.010918
v 0.028496 0.044904 0.010879
v 0.028457 0.044640 0.011242
v 0.028212 0.046849 0.010603
v 0.028449 0.047549 0.010161
v 0.028740 0.048350 0.010577
v 0.028529 0.047663 0.011273
v 0.028237 0.047277 0.010455
v 0.028574 0.047728 0.010735
v 0.028674 0.047908 0.010393
v 0.028591 0.048148 0.011070
v 0.028496 0.047256 0.010879
v 0.024013 0.037408 0.010488
v 0.023429 0.037672 0.010787
v 0.023763 0.037485 0.010767
v 0.021386 0.034106 0.009941
v 0.021969 0.033842 0.009641
v 0.021719 0.033919 0.009920
v 0.026439 0.040974 0.010410
v 0.026238 0.041238 0.009786
v 0.026459 0.041051 0.010036
v 0.026056 0.040974 0.011334
v 0.025473 0.041238 0.011633
v 0.025806 0.041051 0.011613
v 0.028144 0.045125 0.012202
v 0.027447 0.044682 0.012451
v 0.027898 0.044187 0.012097
v 0.027842 0.044904 0.012457
v 0.027876 0.044610 0.012435
v 0.027714 0.044380 0.012403
v 0.028071 0.044640 0.012173
v 0.027447 0.046849 0.012451
v 0.028144 0.047663 0.012202
v 0.027801 0.048350 0.012843
v 0.027302 0.047549 0.012931
v 0.027842 0.047256 0.012457
v 0.027796 0.047728 0.012614
v 0.028044 0.048148 0.012389
v 0.027624 0.047908 0.012926
v 0.027360 0.047277 0.012573
v 0.018781 0.028278 0.008320
v 0.018197 0.028542 0.008620
v 0.018531 0.028355 0.008600
v 0.013172 0.019773 0.006538
v 0.012474 0.017433 0.006788
v 0.013195 0.018530 0.006007
v 0.012776 0.018603 0.006532
v 0.012834 0.018337 0.006404
v 0.012784 0.017997 0.006373
v 0.013225 0.019097 0.006402
v 0.029737 0.047549 0.005915
v 0.030130 0.048350 0.005993
v 0.030014 0.047908 0.005970
v 0.030721 0.049003 -0.000000
v 0.030721 0.047663 -0.000000
v 0.030721 0.048350 -0.000000
v 0.022142 0.041517 -0.001499
v 0.022520 0.041138 -0.001000
v 0.022268 0.041401 -0.001146
v 0.019515 0.038136 -0.001000
v 0.019073 0.038451 -0.001498
v 0.019220 0.038353 -0.001146
v 0.016970 0.034103 -0.001000
v 0.016471 0.034328 -0.001498
v 0.016637 0.034258 -0.001146
v 0.014538 0.018609 -0.000000
v 0.014270 0.017671 -0.000000
v 0.014349 0.018156 -0.000000
v 0.014733 0.029778 -0.001498
v 0.015269 0.029652 -0.001000
v 0.014911 0.029738 -0.001146
v 0.014671 0.025457 -0.001000
v 0.014122 0.025493 -0.001498
v 0.014304 0.025481 -0.001146
v 0.022520 0.041138 0.001000
v 0.022142 0.041517 0.001499
v 0.022268 0.041401 0.001146
v 0.019073 0.038451 0.001499
v 0.019515 0.038136 0.001000
v 0.019220 0.038353 0.001146
v 0.030721 0.045205 -0.000000
v 0.030453 0.044266 -0.000000
v 0.030642 0.044720 -0.000000
v 0.016970 0.034103 0.001000
v 0.016471 0.034328 0.001498
v 0.016637 0.034258 0.001146
v 0.014733 0.029778 0.001498
v 0.015269 0.029652 0.001000
v 0.014911 0.029738 0.001146
v 0.014122 0.025493 0.001498
v 0.014671 0.025457 0.001000
v 0.014304 0.025481 0.001146
v 0.025774 0.037672 -0.001000
v 0.026199 0.037408 -0.000500
v 0.026074 0.037485 -0.000854
v 0.023987 0.033842 -0.000500
v 0.023562 0.034106 -0.001000
v 0.023862 0.033919 -0.000854
v 0.020110 0.028542 -0.001000
v 0.020535 0.028278 -0.000500
v 0.020411 0.028355 -0.000854
v 0.014122 0.017433 -0.001498
v 0.014671 0.019773 -0.001000
v 0.014489 0.018530 -0.000500
v 0.014303 0.018603 -0.001146
v 0.014308 0.018337 -0.001005
v 0.014668 0.019097 -0.000854
v 0.014250 0.017997 -0.000996
v 0.030403 0.044187 -0.000500
v 0.030122 0.044682 -0.001000
v 0.030671 0.045125 -0.000502
v 0.030351 0.044380 -0.000854
v 0.030513 0.044610 -0.000821
v 0.030490 0.044904 -0.000854
v 0.030593 0.044640 -0.000504
v 0.030122 0.046849 -0.001000
v 0.030172 0.047549 -0.001499
v 0.030600 0.048350 -0.001226
v 0.030671 0.047663 -0.000502
v 0.030089 0.047277 -0.001146
v 0.030507 0.047728 -0.001017
v 0.030468 0.047908 -0.001371
v 0.030650 0.048148 -0.000714
v 0.030490 0.047256 -0.000854
v 0.026199 0.037408 0.000500
v 0.025774 0.037672 0.001000
v 0.026074 0.037485 0.000854
v 0.023562 0.034106 0.001000
v 0.023987 0.033842 0.000500
v 0.023862 0.033919 0.000854
v 0.028410 0.040974 -0.000500
v 0.027986 0.041238 -0.001000
v 0.028286 0.041051 -0.000854
v 0.028410 0.040974 0.000500
v 0.027986 0.041238 0.001000
v 0.028286 0.041051 0.000854
v 0.030671 0.045125 0.000502
v 0.030122 0.044682 0.001000
v 0.030403 0.044187 0.000500
v 0.030490 0.044904 0.000854
v 0.030513 0.044610 0.000821
v 0.030351 0.044380 0.000854
v 0.030593 0.044640 0.000504
v 0.030122 0.046849 0.001000
v 0.030671 0.047663 0.000502
v 0.030600 0.048350 0.001226
v 0.030172 0.047549 0.001499
v 0.030490 0.047256 0.000854
v 0.030507 0.047728 0.001017
v 0.030650 0.048148 0.000714
v 0.030468 0.047908 0.001371
v 0.030089 0.047277 0.001146
v 0.020535 0.028278 0.000500
v 0.020110 0.028542 0.001000
v 0.020411 0.028355 0.000854
v 0.014671 0.019773 0.001000
v 0.014122 0.017433 0.001498
v 0.014489 0.018530 0.000500
v 0.014303 0.018603 0.001146
v 0.014308 0.018337 0.001005
v 0.014250 0.017997 0.000996
v 0.014668 0.019097 0.000854
v 0.029737 0.047549 -0.005915
v 0.030130 0.048350 -0.005993
v 0.030014 0.047908 -0.005970
v 0.028382 0.049003 -0.011756
v 0.028382 0.047663 -0.011756
v 0.028382 0.048350 -0.011756
v 0.019883 0.041517 -0.009858
v 0.020423 0.041138 -0.009542
v 0.020134 0.041401 -0.009580
v 0.017647 0.038136 -0.008392
v 0.017048 0.038451 -0.008683
v 0.017319 0.038353 -0.008414
v 0.015295 0.034103 -0.007418
v 0.014644 0.034328 -0.007687
v 0.014932 0.034258 -0.007425
v 0.013431 0.018609 -0.005563
v 0.013184 0.017671 -0.005461
v 0.013256 0.018156 -0.005491
v 0.013038 0.029778 -0.007022
v 0.013724 0.029652 -0.006767
v 0.013337 0.029738 -0.006765
v 0.013172 0.025457 -0.006538
v 0.012474 0.025493 -0.006788
v 0.012777 0.025481 -0.006532
v 0.021188 0.041138 -0.007694
v 0.021031 0.041517 -0.007089
v 0.021012 0.041401 -0.007463
v 0.018195 0.038451 -0.005914
v 0.018412 0.038136 -0.006544
v 0.018196 0.038353 -0.006296
v 0.028382 0.045205 -0.011756
v 0.028135 0.044266 -0.011654
v 0.028309 0.044720 -0.011726
v 0.016061 0.034103 -0.005570
v 0.015791 0.034328 -0.004919
v 0.015809 0.034258 -0.005308
v 0.014185 0.029778 -0.004254
v 0.014489 0.029652 -0.004919
v 0.014214 0.029738 -0.004647
v 0.013621 0.025493 -0.004021
v 0.013937 0.025457 -0.004691
v 0.013654 0.025481 -0.004415
v 0.023429 0.037672 -0.010787
v 0.024013 0.037408 -0.010488
v 0.023763 0.037485 -0.010767
v 0.021969 0.033842 -0.009641
v 0.021386 0.034106 -0.009941
v 0.021719 0.033919 -0.009920
v 0.018197 0.028542 -0.008620
v 0.018781 0.028278 -0.008320
v 0.018531 0.028355 -0.008600
v 0.012474 0.017433 -0.006788
v 0.013172 0.019773 -0.006538
v 0.013195 0.018530 -0.006007
v 0.012776 0.018603 -0.006532
v 0.012834 0.018337 -0.006404
v 0.013225 0.019097 -0.006402
v 0.012784 0.017997 -0.006373
v 0.027898 0.044187 -0.012097
v 0.027447 0.044682 -0.012451
v 0.028144 0.045125 -0.012202
v 0.027714 0.044380 -0.012403
v 0.027876 0.044610 -0.012435
v 0.027842 0.044904 -0.012457
v 0.028071 0.044640 -0.012173
v 0.027447 0.046849 -0.012451
v 0.027302 0.047549 -0.012931
v 0.027801 0.048350 -0.012843
v 0.028144 0.047663 -0.012202
v 0.027360 0.047277 -0.012573
v 0.027796 0.047728 -0.012614
v 0.027624 0.047908 -0.012926
v 0.028044 0.048148 -0.012389
v 0.027842 0.047256 -0.012457
v 0.024396 0.037408 -0.009564
v 0.024194 0.037672 -0.008939
v 0.024416 0.037485 -0.009190
v 0.022151 0.034106 -0.008093
v 0.022352 0.033842 -0.008717
v 0.022372 0.033919 -0.008343
v 0.026056 0.040974 -0.011334
v 0.025473 0.041238 -0.011633
v 0.025806 0.041051 -0.011613
v 0.026439 0.040974 -0.010410
v 0.026238 0.041238 -0.009786
v 0.026459 0.041051 -0.010036
v 0.028529 0.045125 -0.011273
v 0.028212 0.044682 -0.010603
v 0.028280 0.044187 -0.011173
v 0.028496 0.044904 -0.010879
v 0.028504 0.044610 -0.010918
v 0.028367 0.044380 -0.010826
v 0.028457 0.044640 -0.011242
v 0.028212 0.046849 -0.010603
v 0.028529 0.047663 -0.011273
v 0.028740 0.048350 -0.010577
v 0.028449 0.047549 -0.010161
v 0.028496 0.047256 -0.010879
v 0.028574 0.047728 -0.010735
v 0.028591 0.048148 -0.011070
v 0.028674 0.047908 -0.010393
v 0.028237 0.047277 -0.010455
v 0.019164 0.028278 -0.007397
v 0.018962 0.028542 -0.006772
v 0.019184 0.028355 -0.007022
v 0.013937 0.019773 -0.004691
v 0.013620 0.017433 -0.004021
v 0.013577 0.018530 -0.005083
v 0.013653 0.018603 -0.004415
v 0.013603 0.018337 -0.004547
v 0.013547 0.017997 -0.004533
v 0.013878 0.019097 -0.004825
v 0.025210 0.047549 -0.016845
v 0.025543 0.048350 -0.017068
v 0.025445 0.047908 -0.017002
v 0.021723 0.049003 -0.021723
v 0.021723 0.047663 -0.021723
v 0.021723 0.048350 -0.021723
v 0.014597 0.041517 -0.016717
v 0.015217 0.041138 -0.016631
v 0.014935 0.041401 -0.016556
v 0.013092 0.038136 -0.014507
v 0.012427 0.038451 -0.014546
v 0.012780 0.038353 -0.014401
v 0.011292 0.034103 -0.012707
v 0.010588 0.034328 -0.012706
v 0.010954 0.034258 -0.012574
v 0.010280 0.018609 -0.010280
v 0.010090 0.017671 -0.010090
v 0.010146 0.018156 -0.010146
v 0.009359 0.029778 -0.011477
v 0.010090 0.029652 -0.011504
v 0.009733 0.029738 -0.011354
v 0.009667 0.025457 -0.011081
v 0.008927 0.025493 -0.011045
v 0.009304 0.025481 -0.010925
v 0.016631 0.041138 -0.015217
v 0.016717 0.041517 -0.014597
v 0.016556 0.041401 -0.014935
v 0.014547 0.038451 -0.012427
v 0.014507 0.038136 -0.013092
v 0.014401 0.038353 -0.012780
v 0.021723 0.045205 -0.021723
v 0.021533 0.044266 -0.021533
v 0.021667 0.044720 -0.021667
v 0.012707 0.034103 -0.011292
v 0.012707 0.034328 -0.010588
v 0.012574 0.034258 -0.010954
v 0.011477 0.029778 -0.009359
v 0.011504 0.029652 -0.010090
v 0.011354 0.029738 -0.009733
v 0.011045 0.025493 -0.008927
v 0.011081 0.025457 -0.009667
v 0.010925 0.025481 -0.009304
v 0.017518 0.037672 -0.018932
v 0.018172 0.037408 -0.018879
v 0.017834 0.037485 -0.019041
v 0.016608 0.033842 -0.017315
v 0.015954 0.034106 -0.017368
v 0.016270 0.033919 -0.017477
v 0.013513 0.028542 -0.014927
v 0.014167 0.028278 -0.014874
v 0.013829 0.028355 -0.015036
v 0.008927 0.017433 -0.011045
v 0.009667 0.019773 -0.011081
v 0.009892 0.018530 -0.010599
v 0.009304 0.018603 -0.010924
v 0.009406 0.018337 -0.010828
v 0.009768 0.019097 -0.010975
v 0.009372 0.017997 -0.010781
v 0.021145 0.044187 -0.021852
v 0.020593 0.044682 -0.022007
v 0.021333 0.045125 -0.022043
v 0.020858 0.044380 -0.022065
v 0.020995 0.044610 -0.022156
v 0.020956 0.044904 -0.022164
v 0.021276 0.044640 -0.021989
v 0.020593 0.046849 -0.022007
v 0.020275 0.047549 -0.022395
v 0.020770 0.048350 -0.022505
v 0.021333 0.047663 -0.022043
v 0.020465 0.047277 -0.022086
v 0.020853 0.047728 -0.022291
v 0.020575 0.047908 -0.022514
v 0.021168 0.048148 -0.022178
v 0.020956 0.047256 -0.022164
v 0.018879 0.037408 -0.018172
v 0.018932 0.037672 -0.017518
v 0.019041 0.037485 -0.017834
v 0.017368 0.034106 -0.015954
v 0.017315 0.033842 -0.016608
v 0.017477 0.033919 -0.016270
v 0.019736 0.040974 -0.020443
v 0.019082 0.041238 -0.020496
v 0.019398 0.041051 -0.020605
v 0.020443 0.040974 -0.019736
v 0.020496 0.041238 -0.019082
v 0.020605 0.041051 -0.019398
v 0.022043 0.045125 -0.021333
v 0.022007 0.044682 -0.020593
v 0.021852 0.044187 -0.021145
v 0.022164 0.044904 -0.020956
v 0.022156 0.044610 -0.020995
v 0.022065 0.044380 -0.020858
v 0.021989 0.044640 -0.021276
v 0.022007 0.046849 -0.020593
v 0.022043 0.047663 -0.021333
v 0.022505 0.048350 -0.020770
v 0.022395 0.047549 -0.020275
v 0.022164 0.047256 -0.020956
v 0.022291 0.047728 -0.020853
v 0.022178 0.048148 -0.021168
v 0.022514 0.047908 -0.020575
v 0.022086 0.047277 -0.020465
v 0.014874 0.028278 -0.014167
v 0.014927 0.028542 -0.013513
v 0.015036 0.028355 -0.013829
v 0.011081 0.019773 -0.009667
v 0.011045 0.017433 -0.008927
v 0.010599 0.018530 -0.009892
v 0.010924 0.018603 -0.009304
v 0.010828 0.018337 -0.009406
v 0.010781 0.017997 -0.009372
v 0.010975 0.019097 -0.009768
v 0.016845 0.047549 -0.025210
v 0.017068 0.048350 -0.025543
v 0.017002 0.047908 -0.025445
v 0.011756 0.049003 -0.028382
v 0.011756 0.047663 -0.028382
v 0.011756 0.048350 -0.028382
v 0.007089 0.041517 -0.021031
v 0.007694 0.041138 -0.021188
v 0.007463 0.041401 -0.021011
v 0.006544 0.038136 -0.018412
v 0.005915 0.038451 -0.018195
v 0.006297 0.038353 -0.018196
v 0.005570 0.034103 -0.016061
v 0.004919 0.034328 -0.015791
v 0.005308 0.034258 -0.015809
v 0.005563 0.018609 -0.013431
v 0.005461 0.017671 -0.013184
v 0.005491 0.018156 -0.013256
v 0.004254 0.029778 -0.014185
v 0.004919 0.029652 -0.014489
v 0.004648 0.029738 -0.014214
v 0.004691 0.025457 -0.013937
v 0.004021 0.025493 -0.013620
v 0.004415 0.025481 -0.013654
v 0.009542 0.041138 -0.020423
v 0.009859 0.041517 -0.019883
v 0.009581 0.041401 -0.020134
v 0.008684 0.038451 -0.017048
v 0.008392 0.038136 -0.017647
v 0.008414 0.038353 -0.017319
v 0.011756 0.045205 -0.028382
v 0.011654 0.044266 -0.028135
v 0.011726 0.044720 -0.028309
v 0.007418 0.034103 -0.015295
v 0.007688 0.034328 -0.014644
v 0.007425 0.034258 -0.014932
v 0.007022 0.029778 -0.013038
v 0.006767 0.029652 -0.013724
v 0.006765 0.029738 -0.013337
v 0.006788 0.025493 -0.012474
v 0.006538 0.025457 -0.013172
v 0.006532 0.025481 -0.012777
v 0.008939 0.037672 -0.024194
v 0.009564 0.037408 -0.024396
v 0.009190 0.037485 -0.024416
v 0.008717 0.033842 -0.022352
v 0.008093 0.034106 -0.022151
v 0.008343 0.033919 -0.022372
v 0.006772 0.028542 -0.018962
v 0.007397 0.028278 -0.019164
v 0.007022 0.028355 -0.019184
v 0.004021 0.017433 -0.013620
v 0.004691 0.019773 -0.013937
v 0.005083 0.018530 -0.013577
v 0.004415 0.018603 -0.013653
v 0.004547 0.018337 -0.013603
v 0.004825 0.019097 -0.013878
v 0.004533 0.017997 -0.013547
v 0.011173 0.044187 -0.028280
v 0.010603 0.044682 -0.028212
v 0.011273 0.045125 -0.028529
v 0.010826 0.044380 -0.028367
v 0.010918 0.044610 -0.028504
v 0.010879 0.044904 -0.028496
v 0.011241 0.044640 -0.028457
v 0.010603 0.046849 -0.028212
v 0.010161 0.047549 -0.028449
v 0.010577 0.048350 -0.028740
v 0.011273 0.047663 -0.028529
v 0.010455 0.047277 -0.028237
v 0.010735 0.047728 -0.028574
v 0.010393 0.047908 -0.028674
v 0.011070 0.048148 -0.028591
v 0.010879 0.047256 -0.028496
v 0.010488 0.037408 -0.024013
v 0.010787 0.037672 -0.023429
v 0.010767 0.037485 -0.023763
v 0.009941 0.034106 -0.021386
v 0.009641 0.033842 -0.021969
v 0.009920 0.033919 -0.021719
v 0.010410 0.040974 -0.026439
v 0.009786 0.041238 -0.026238
v 0.010036 0.041051 -0.026459
v 0.011334 0.040974 -0.026056
v 0.011633 0.041238 -0.025473
v 0.011613 0.041051 -0.025806
v 0.012202 0.045125 -0.028144
v 0.012451 0.044682 -0.027447
v 0.012097 0.044187 -0.027898
v 0.012457 0.044904 -0.027842
v 0.012435 0.044610 -0.027876
v 0.012403 0.044380 -0.027714
v 0.012173 0.044640 -0.028071
v 0.012451 0.046849 -0.027447
v 0.012202 0.047663 -0.028144
v 0.012843 0.048350 -0.027801
v 0.012931 0.047549 -0.027302
v 0.012457 0.047256 -0.027842
v 0.012614 0.047728 -0.027796
v 0.012389 0.048148 -0.028044
v 0.012926 0.047908 -0.027624
v 0.012573 0.047277 -0.027360
v 0.008320 0.028278 -0.018781
v 0.008620 0.028542 -0.018197
v 0.008599 0.028355 -0.018531
v 0.006538 0.019773 -0.013172
v 0.006788 0.017433 -0.012474
v 0.006007 0.018530 -0.013195
v 0.006532 0.018603 -0.012776
v 0.006404 0.018337 -0.012834
v 0.006373 0.017997 -0.012784
v 0.006402 0.019097 -0.013225
v 0.005915 0.047549 -0.029737
v 0.005993 0.048350 -0.030130
v 0.005970 0.047908 -0.030014
v -0.000000 0.049003 -0.030721
v -0.000000 0.047663 -0.030721
v -0.000000 0.048350 -0.030721
v -0.001499 0.041517 -0.022142
v -0.001000 0.041138 -0.022520
v -0.001146 0.041401 -0.022268
v -0.001000 0.038136 -0.019515
v -0.001498 0.038451 -0.019073
v -0.001146 0.038353 -0.019220
v -0.001000 0.034103 -0.016970
v -0.001498 0.034328 -0.016471
v -0.001146 0.034258 -0.016637
v -0.000000 0.018609 -0.014538
v -0.000000 0.017671 -0.014270
v -0.000000 0.018156 -0.014349
v -0.001498 0.029778 -0.014733
v -0.001000 0.029652 -0.015269
v -0.001146 0.029738 -0.014911
v -0.001000 0.025457 -0.014671
v -0.001498 0.025493 -0.014122
v -0.001146 0.025481 -0.014304
v 0.001000 0.041138 -0.022520
v 0.001499 0.041517 -0.022142
v 0.001146 0.041401 -0.022268
v 0.001499 0.038451 -0.019073
v 0.001000 0.038136 -0.019515
v 0.001146 0.038353 -0.019220
v -0.000000 0.045205 -0.030721
v -0.000000 0.044266 -0.030453
v -0.000000 0.044720 -0.030642
v 0.001000 0.034103 -0.016970
v 0.001498 0.034328 -0.016471
v 0.001146 0.034258 -0.016637
v 0.001498 0.029778 -0.014733
v 0.001000 0.029652 -0.015269
v 0.001146 0.029738 -0.014911
v 0.001498 0.025493 -0.014122
v 0.001000 0.025457 -0.014671
v 0.001146 0.025481 -0.014304
v -0.001000 0.037672 -0.025774
v -0.000500 0.037408 -0.026199
v -0.000854 0.037485 -0.026074
v -0.000500 0.033842 -0.023987
v -0.001000 0.034106 -0.023562
v -0.000854 0.033919 -0.023862
v -0.001000 0.028542 -0.020110
v -0.000500 0.028278 -0.020535
v -0.000854 0.028355 -0.020411
v -0.001498 0.017433 -0.014122
v -0.001000 0.019773 -0.014671
v -0.000500 0.018530 -0.014489
v -0.001146 0.018603 -0.014303
v -0.001005 0.018337 -0.014308
v -0.000854 0.019097 -0.014668
v -0.000996 0.017997 -0.014250
v -0.000500 0.044187 -0.030403
v -0.001000 0.044682 -0.030122
v -0.000502 0.045125 -0.030671
v -0.000854 0.044380 -0.030351
v -0.000821 0.044610 -0.030513
v -0.000854 0.044904 -0.030490
v -0.000504 0.044640 -0.030593
v -0.001000 0.046849 -0.030122
v -0.001499 0.047549 -0.030172
v -0.001226 0.048350 -0.030600
v -0.000502 0.047663 -0.030671
v -0.001146 0.047277 -0.030089
v -0.001017 0.047728 -0.030507
v -0.001371 0.047908 -0.030468
v -0.000714 0.048148 -0.030650
v -0.000854 0.047256 -0.030490
v 0.000500 0.037408 -0.026199
v 0.001000 0.037672 -0.025774
v 0.000854 0.037485 -0.026074
v 0.001000 0.034106 -0.023562
v 0.000500 0.033842 -0.023987
v 0.000854 0.033919 -0.023862
v -0.000500 0.040974 -0.028410
v -0.001000 0.041238 -0.027986
v -0.000854 0.041051 -0.028286
v 0.000500 0.040974 -0.028410
v 0.001000 0.041238 -0.027986
v 0.000854 0.041051 -0.028286
v 0.000502 0.045125 -0.030671
v 0.001000 0.044682 -0.030122
v 0.000500 0.044187 -0.030403
v 0.000854 0.044904 -0.030490
v 0.000821 0.044610 -0.030513
v 0.000854 0.044380 -0.030351
v 0.000504 0.044640 -0.030593
v 0.001000 0.046849 -0.030122
v 0.000502 0.047663 -0.030671
v 0.001226 0.048350 -0.030600
v 0.001499 0.047549 -0.030172
v 0.000854 0.047256 -0.030490
v 0.001017 0.047728 -0.030507
v 0.000714 0.048148 -0.030650
v 0.001371 0.047908 -0.030468
v 0.001146 0.047277 -0.030089
v 0.000500 0.028278 -0.020535
v 0.001000 0.028542 -0.020110
v 0.000854 0.028355 -0.020411
v 0.001000 0.019773 -0.014671
v 0.001498 0.017433 -0.014122
v 0.000500 0.018530 -0.014489
v 0.001146 0.018603 -0.014303
v 0.001005 0.018337 -0.014308
v 0.000996 0.017997 -0.014250
v 0.000854 0.019097 -0.014668
v -0.005915 0.047549 -0.029737
v -0.005993 0.048350 -0.030130
v -0.005970 0.047908 -0.030014
v -0.011756 0.049003 -0.028382
v -0.011756 0.047663 -0.028382
v -0.011756 0.048350 -0.028382
v -0.009858 0.041517 -0.019883
v -0.009542 0.041138 -0.020423
v -0.009580 0.041401 -0.020134
v -0.008392 0.038136 -0.017647
v -0.008683 0.038451 -0.017048
v -0.008414 0.038353 -0.017319
v -0.007418 0.034103 -0.015295
v -0.007687 0.034328 -0.014644
v -0.007425 0.034258 -0.014932
v -0.005563 0.018609 -0.013431
v -0.005461 0.017671 -0.013184
v -0.005491 0.018156 -0.013256
v -0.007022 0.029778 -0.013038
v -0.006767 0.029652 -0.013724
v -0.006765 0.029738 -0.013337
v -0.006538 0.025457 -0.013172
v -0.006788 0.025493 -0.012474
v -0.006532 0.025481 -0.012777
v -0.007694 0.041138 -0.021188
v -0.007089 0.041517 -0.021031
v -0.007463 0.041401 -0.021012
v -0.005914 0.038451 -0.018195
v -0.006544 0.038136 -0.018412
v -0.006296 0.038353 -0.018196
v -0.011756 0.045205 -0.028382
v -0.011654 0.044266 -0.028135
v -0.011726 0.044720 -0.028309
v -0.005570 0.034103 -0.016061
v -0.004919 0.034328 -0.015791
v -0.005308 0.034258 -0.015809
v -0.004254 0.029778 -0.014185
v -0.004919 0.029652 -0.014489
v -0.004647 0.029738 -0.014214
v -0.004021 0.025493 -0.013621
v -0.004691 0.025457 -0.013937
v -0.004415 0.025481 -0.013654
v -0.010787 0.037672 -0.023429
v -0.010488 0.037408 -0.024013
v -0.010767 0.037485 -0.023763
v -0.009641 0.033842 -0.021969
v -0.009941 0.034106 -0.021386
v -0.009920 0.033919 -0.021719
v -0.008620 0.028542 -0.018197
v -0.008320 0.028278 -0.018781
v -0.008600 0.028355 -0.018531
v -0.006788 0.017433 -0.012474
v -0.006538 0.019773 -0.013172
v -0.006007 0.018530 -0.013195
v -0.006532 0.018603 -0.012776
v -0.006404 0.018337 -0.012834
v -0.006402 0.019097 -0.013225
v -0.006373 0.017997 -0.012784
v -0.012097 0.044187 -0.027898
v -0.012451 0.044682 -0.027447
v -0.012202 0.045125 -0.028144
v -0.012403 0.044380 -0.027714
v -0.012435 0.044610 -0.027876
v -0.012457 0.044904 -0.027842
v -0.012173 0.044640 -0.028071
v -0.012451 0.046849 -0.027447
v -0.012931 0.047549 -0.027302
v -0.012843 0.048350 -0.027801
v -0.012202 0.047663 -0.028144
v -0.012573 0.047277 -0.027360
v -0.012614 0.047728 -0.027796
v -0.012926 0.047908 -0.027624
v -0.012389 0.048148 -0.028044
v -0.012457 0.047256 -0.027842
v -0.009564 0.037408 -0.024396
v -0.008939 0.037672 -0.024194
v -0.009190 0.037485 -0.024416
v -0.008093 0.034106 -0.022151
v -0.008717 0.033842 -0.022352
v -0.008343 0.033919 -0.022372
v -0.011334 0.040974 -0.026056
v -0.011633 0.041238 -0.025473
v -0.011613 0.041051 -0.025806
v -0.010410 0.040974 -0.026439
v -0.009786 0.041238 -0.026238
v -0.010036 0.041051 -0.026459
v -0.011273 0.045125 -0.028529
v -0.010603 0.044682 -0.028212
v -0.011173 0.044187 -0.028280
v -0.010879 0.044904 -0.028496
v -0.010918 0.044610 -0.028504
v -0.010826 0.044380 -0.028367
v -0.011242 0.044640 -0.028457
v -0.010603 0.046849 -0.028212
v -0.011273 0.047663 -0.028529
v -0.010577 0.048350 -0.028740
v -0.010161 0.047549 -0.028449
v -0.010879 0.047256 -0.028496
v -0.010735 0.047728 -0.028574
v -0.011070 0.048148 -0.028591
v -0.010393 0.047908 -0.028674
v -0.010455 0.047277 -0.028237
v -0.007397 0.028278 -0.019164
v -0.006772 0.028542 -0.018962
v -0.007022 0.028355 -0.019184
v -0.004691 0.019773 -0.013937
v -0.004021 0.017433 -0.013620
v -0.005083 0.018530 -0.013577
v -0.004415 0.018603 -0.013653
v -0.004547 0.018337 -0.013603
v -0.004533 0.017997 -0.013547
v -0.004825 0.019097 -0.013878
v -0.016845 0.047549 -0.025210
v -0.017068 0.048350 -0.025543
v -0.017002 0.047908 -0.025445
v -0.021723 0.049003 -0.021723
v -0.021723 0.047663 -0.021723
v -0.021723 0.048350 -0.021723
v -0.016717 0.041517 -0.014597
v -0.016631 0.041138 -0.015217
v -0.016556 0.041401 -0.014935
v -0.014507 0.038136 -0.013092
v -0.014546 0.038451 -0.012427
v -0.014401 0.038353 -0.012780
v -0.012707 0.034103 -0.011292
v -0.012706 0.034328 -0.010588
v -0.012574 0.034258 -0.010954
v -0.010280 0.018609 -0.010280
v -0.010090 0.017671 -0.010090
v -0.010146 0.018156 -0.010146
v -0.011477 0.029778 -0.009359
v -0.011504 0.029652 -0.010090
v -0.011354 0.029738 -0.009733
v -0.011081 0.025457 -0.009667
v -0.011045 0.025493 -0.008927
v -0.010925 0.025481 -0.009304
v -0.015217 0.041138 -0.016631
v -0.014597 0.041517 -0.016717
v -0.014935 0.041401 -0.016556
v -0.012427 0.038451 -0.014547
v -0.013092 0.038136 -0.014507
v -0.012780 0.038353 -0.014401
v -0.021723 0.045205 -0.021723
v -0.021533 0.044266 -0.021533
v -0.021667 0.044720 -0.021667
v -0.011292 0.034103 -0.012707
v -0.010588 0.034328 -0.012707
v -0.010954 0.034258 -0.012574
v -0.009359 0.029778 -0.011477
v -0.010090 0.029652 -0.011504
v -0.009733 0.029738 -0.011354
v -0.008927 0.025493 -0.011045
v -0.009667 0.025457 -0.011081
v -0.009304 0.025481 -0.010925
v -0.018932 0.037672 -0.017518
v -0.018879 0.037408 -0.018172
v -0.019041 0.037485 -0.017834
v -0.017315 0.033842 -0.016608
v -0.017368 0.034106 -0.015954
v -0.017477 0.033919 -0.016270
v -0.014927 0.028542 -0.013513
v -0.014874 0.028278 -0.014167
v -0.015036 0.028355 -0.013829
v -0.011045 0.017433 -0.008927
v -0.011081 0.019773 -0.009667
v -0.010599 0.018530 -0.009892
v -0.010924 0.018603 -0.009304
v -0.010828 0.018337 -0.009406
v -0.010975 0.019097 -0.009768
v -0.010781 0.017997 -0.009372
v -0.021852 0.044187 -0.021145
v -0.022007 0.044682 -0.020593
v -0.022043 0.045125 -0.021333
v -0.022065 0.044380 -0.020858
v -0.022156 0.044610 -0.020995
v -0.022164 0.044904 -0.020956
v -0.021989 0.044640 -0.021276
v -0.022007 0.046849 -0.020593
v -0.022395 0.047549 -0.020275
v -0.022505 0.048350 -0.020770
v -0.022043 0.047663 -0.021333
v -0.022086 0.047277 -0.020465
v -0.022291 0.047728 -0.020853
v -0.022514 0.047908 -0.020575
v -0.022178 0.048148 -0.021168
v -0.022164 0.047256 -0.020956
v -0.018172 0.037408 -0.018879
v -0.017518 0.037672 -0.018932
v -0.017834 0.037485 -0.019041
v -0.015954 0.034106 -0.017368
v -0.016608 0.033842 -0.017315
v -0.016270 0.033919 -0.017477
v -0.020443 0.040974 -0.019736
v -0.020496 0.041238 -0.019082
v -0.020605 0.041051 -0.019398
v -0.019736 0.040974 -0.020443
v -0.019082 0.041238 -0.020496
v -0.019398 0.041051 -0.020605
v -0.021333 0.045125 -0.022043
v -0.020593 0.044682 -0.022007
v -0.021145 0.044187 -0.021852
v -0.020956 0.044904 -0.022164
v -0.020995 0.044610 -0.022156
v -0.020858 0.044380 -0.022065
v -0.021276 0.044640 -0.021989
v -0.020593 0.046849 -0.022007
v -0.021333 0.047663 -0.022043
v -0.020770 0.048350 -0.022505
v -0.020275 0.047549 -0.022395
v -0.020956 0.047256 -0.022164
v -0.020853 0.047728 -0.022291
v -0.021168 0.048148 -0.022178
v -0.020575 0.047908 -0.022514
v -0.020465 0.047277 -0.022086
v -0.014167 0.028278 -0.014874
v -0.013513 0.028542 -0.014927
v -0.013829 0.028355 -0.015036
v -0.009667 0.019773 -0.011081
v -0.008927 0.017433 -0.011045
v -0.009892 0.018530 -0.010599
v -0.009304 0.018603 -0.010924
v -0.009406 0.018337 -0.010828
v -0.009372 0.017997 -0.010781
v -0.009768 0.019097 -0.010975
v -0.025210 0.047549 -0.016845
v -0.025543 0.048350 -0.017068
v -0.025445 0.047908 -0.017002
v -0.028382 0.049003 -0.011756
v -0.028382 0.047663 -0.011756
v -0.028382 0.048350 -0.011756
v -0.021031 0.041517 -0.007089
v -0.021188 0.041138 -0.007694
v -0.021011 0.041401 -0.007463
v -0.018412 0.038136 -0.006544
v -0.018195 0.038451 -0.005915
v -0.018196 0.038353 -0.006297
v -0.016061 0.034103 -0.005570
v -0.015791 0.034328 -0.004919
v -0.015809 0.034258 -0.005308
v -0.013431 0.018609 -0.005563
v -0.013184 0.017671 -0.005461
v -0.013256 0.018156 -0.005491
v -0.014185 0.029778 -0.004254
v -0.014489 0.029652 -0.004919
v -0.014214 0.029738 -0.004648
v -0.013937 0.025457 -0.004691
v -0.013620 0.025493 -0.004021
v -0.013654 0.025481 -0.004415
v -0.020423 0.041138 -0.009542
v -0.019883 0.041517 -0.009859
v -0.020134 0.041401 -0.009581
v -0.017048 0.038451 -0.008684
v -0.017647 0.038136 -0.008392
v -0.017319 0.038353 -0.008414
v -0.028382 0.045205 -0.011756
v -0.028135 0.044266 -0.011654
v -0.028309 0.044720 -0.011726
v -0.015295 0.034103 -0.007418
v -0.014644 0.034328 -0.007688
v -0.014932 0.034258 -0.007425
v -0.013038 0.029778 -0.007022
v -0.013724 0.029652 -0.006767
v -0.013337 0.029738 -0.006765
v -0.012474 0.025493 -0.006788
v -0.013172 0.025457 -0.006538
v -0.012777 0.025481 -0.006532
v -0.024194 0.037672 -0.008939
v -0.024396 0.037408 -0.009564
v -0.024416 0.037485 -0.009190
v -0.022352 0.033842 -0.008717
v -0.022151 0.034106 -0.008093
v -0.022372 0.033919 -0.008343
v -0.018962 0.028542 -0.006772
v -0.019164 0.028278 -0.007397
v -0.019184 0.028355 -0.007022
v -0.013620 0.017433 -0.004021
v -0.013937 0.019773 -0.004691
v -0.013577 0.018530 -0.005083
v -0.013653 0.018603 -0.004415
v -0.013603 0.018337 -0.004547
v -0.013878 0.019097 -0.004825
v -0.013547 0.017997 -0.004533
v -0.028280 0.044187 -0.011173
v -0.028212 0.044682 -0.010603
v -0.028529 0.045125 -0.011273
v -0.028367 0.044380 -0.010826
v -0.028504 0.044610 -0.010918
v -0.028496 0.044904 -0.010879
v -0.028457 0.044640 -0.011241
v -0.028212 0.046849 -0.010603
v -0.028449 0.047549 -0.010161
v -0.028740 0.048350 -0.010577
v -0.028529 0.047663 -0.011273
v -0.028237 0.047277 -0.010455
v -0.028574 0.047728 -0.010735
v -0.028674 0.047908 -0.010393
v -0.028591 0.048148 -0.011070
v -0.028496 0.047256 -0.010879
v -0.024013 0.037408 -0.010488
v -0.023429 0.037672 -0.010787
v -0.023763 0.037485 -0.010767
v -0.021386 0.034106 -0.009941
v -0.021969 0.033842 -0.009641
v -0.021719 0.033919 -0.009920
v -0.026439 0.040974 -0.010410
v -0.026238 0.041238 -0.009786
v -0.026459 0.041051 -0.010036
v -0.026056 0.040974 -0.011334
v -0.025473 0.041238 -0.011633
v -0.025806 0.041051 -0.011613
v -0.028144 0.045125 -0.012202
v -0.027447 0.044682 -0.012451
v -0.027898 0.044187 -0.012097
v -0.027842 0.044904 -0.012457
v -0.027876 0.044610 -0.012435
v -0.027714 0.044380 -0.012403
v -0.028071 0.044640 -0.012173
v -0.027447 0.046849 -0.012451
v -0.028144 0.047663 -0.012202
v -0.027801 0.048350 -0.012843
v -0.027302 0.047549 -0.012931
v -0.027842 0.047256 -0.012457
v -0.027796 0.047728 -0.012614
v -0.028044 0.048148 -0.012389
v -0.027624 0.047908 -0.012926
v -0.027360 0.047277 -0.012573
v -0.018781 0.028278 -0.008320
v -0.018197 0.028542 -0.008620
v -0.018531 0.028355 -0.008599
v -0.013172 0.019773 -0.006538
v -0.012474 0.017433 -0.006788
v -0.013195 0.018530 -0.006007
v -0.012776 0.018603 -0.006532
v -0.012834 0.018337 -0.006404
v -0.012784 0.017997 -0.006373
v -0.013225 0.019097 -0.006402
v -0.029737 0.047549 -0.005915
v -0.030130 0.048350 -0.005993
v -0.030014 0.047908 -0.005970
v -0.030721 0.049003 0.000000
v -0.030721 0.047663 0.000000
v -0.030721 0.048350 0.000000
v -0.022142 0.041517 0.001499
v -0.022520 0.041138 0.001000
v -0.022268 0.041401 0.001146
v -0.019515 0.038136 0.001000
v -0.019073 0.038451 0.001498
v -0.019220 0.038353 0.001146
v -0.016970 0.034103 0.001000
v -0.016471 0.034328 0.001498
v -0.016637 0.034258 0.001146
v -0.014538 0.018609 0.000000
v -0.014270 0.017671 0.000000
v -0.014349 0.018156 0.000000
v -0.014733 0.029778 0.001498
v -0.015269 0.029652 0.001000
v -0.014911 0.029738 0.001146
v -0.014671 0.025457 0.001000
v -0.014122 0.025493 0.001498
v -0.014304 0.025481 0.001146
v -0.022520 0.041138 -0.001000
v -0.022142 0.041517 -0.001499
v -0.022268 0.041401 -0.001146
v -0.019073 0.038451 -0.001499
v -0.019515 0.038136 -0.001000
v -0.019220 0.038353 -0.001146
v -0.030721 0.045205 0.000000
v -0.030453 0.044266 0.000000
v -0.030642 0.044720 0.000000
v -0.016970 0.034103 -0.001000
v -0.016471 0.034328 -0.001498
v -0.016637 0.034258 -0.001146
v -0.014733 0.029778 -0.001498
v -0.015269 0.029652 -0.001000
v -0.014911 0.029738 -0.001146
v -0.014122 0.025493 -0.001498
v -0.014671 0.025457 -0.001000
v -0.014304 0.025481 -0.001146
v -0.025774 0.037672 0.001000
v -0.026199 0.037408 0.000500
v -0.026074 0.037485 0.000854
v -0.023987 0.033842 0.000500
v -0.023562 0.034106 0.001000
v -0.023862 0.033919 0.000854
v -0.020110 0.028542 0.001000
v -0.020535 0.028278 0.000500
v -0.020411 0.028355 0.000854
v -0.014122 0.017433 0.001498
v -0.014671 0.019773 0.001000
v -0.014489 0.018530 0.000500
v -0.014303 0.018603 0.001146
v -0.014308 0.018337 0.001005
v -0.014668 0.019097 0.000854
v -0.014250 0.017997 0.000996
v -0.030403 0.044187 0.000500
v -0.030122 0.044682 0.001000
v -0.030671 0.045125 0.000502
v -0.030351 0.044380 0.000854
v -0.030513 0.044610 0.000821
v -0.030490 0.044904 0.000854
v -0.030593 0.044640 0.000504
v -0.030122 0.046849 0.001000
v -0.030172 0.047549 0.001499
v -0.030600 0.048350 0.001226
v -0.030671 0.047663 0.000502
v -0.030089 0.047277 0.001146
v -0.030507 0.047728 0.001017
v -0.030468 0.047908 0.001371
v -0.030650 0.048148 0.000714
v -0.030490 0.047256 0.000854
v -0.026199 0.037408 -0.000500
v -0.025774 0.037672 -0.001000
v -0.026074 0.037485 -0.000854
v -0.023562 0.034106 -0.001000
v -0.023987 0.033842 -0.000500
v -0.023862 0.033919 -0.000854
v -0.028410 0.040974 0.000500
v -0.027986 0.041238 0.001000
v -0.028286 0.041051 0.000854
v -0.028410 0.040974 -0.000500
v -0.027986 0.041238 -0.001000
v -0.028286 0.041051 -0.000854
v -0.030671 0.045125 -0.000502
v -0.030122 0.044682 -0.001000
v -0.030403 0.044187 -0.000500
v -0.030490 0.044904 -0.000854
v -0.030513 0.044610 -0.000821
v -0.030351 0.044380 -0.000854
v -0.030593 0.044640 -0.000504
v -0.030122 0.046849 -0.001000
v -0.030671 0.047663 -0.000502
v -0.030600 0.048350 -0.001226
v -0.030172 0.047549 -0.001499
v -0.030490 0.047256 -0.000854
v -0.030507 0.047728 -0.001017
v -0.030650 0.048148 -0.000714
v -0.030468 0.047908 -0.001371
v -0.030089 0.047277 -0.001146
v -0.020535 0.028278 -0.000500
v -0.020110 0.028542 -0.001000
v -0.020411 0.028355 -0.000854
v -0.014671 0.019773 -0.001000
v -0.014122 0.017433 -0.001498
v -0.014489 0.018530 -0.000500
v -0.014303 0.018603 -0.001146
v -0.014308 0.018337 -0.001005
v -0.014250 0.017997 -0.000996
v -0.014668 0.019097 -0.000854
v -0.029737 0.047549 0.005915
v -0.030130 0.048350 0.005993
v -0.030014 0.047908 0.005970
v -0.028382 0.049003 0.011756
v -0.028382 0.047663 0.011756
v -0.028382 0.048350 0.011756
v -0.019883 0.041517 0.009858
v -0.020423 0.041138 0.009542
v -0.020134 0.041401 0.009580
v -0.017647 0.038136 0.008392
v -0.017048 0.038451 0.008683
v -0.017319 0.038353 0.008414
v -0.015295 0.034103 0.007418
v -0.014644 0.034328 0.007687
v -0.014932 0.034258 0.007425
v -0.013431 0.018609 0.005563
v -0.013184 0.017671 0.005461
v -0.013256 0.018156 0.005491
v -0.013038 0.029778 0.007022
v -0.013724 0.029652 0.006767
v -0.013337 0.029738 0.006765
v -0.013172 0.025457 0.006538
v -0.012474 0.025493 0.006788
v -0.012777 0.025481 0.006532
v -0.021188 0.041138 0.007694
v -0.021031 0.041517 0.007089
v -0.021012 0.041401 0.007463
v -0.018195 0.038451 0.005914
v -0.018412 0.038136 0.006544
v -0.018196 0.038353 0.006296
v -0.028382 0.045205 0.011756
v -0.028135 0.044266 0.011654
v -0.028309 0.044720 0.011726
v -0.016061 0.034103 0.005570
v -0.015791 0.034328 0.004919
v -0.015809 0.034258 0.005308
v -0.014185 0.029778 0.004254
v -0.014489 0.029652 0.004919
v -0.014214 0.029738 0.004647
v -0.013621 0.025493 0.004021
v -0.013937 0.025457 0.004691
v -0.013654 0.025481 0.004415
v -0.023429 0.037672 0.010787
v -0.024013 0.037408 0.010488
v -0.023763 0.037485 0.010767
v -0.021969 0.033842 0.009641
v -0.021386 0.034106 0.009941
v -0.021719 0.033919 0.009920
v -0.018197 0.028542 0.008620
v -0.018781 0.028278 0.008320
v -0.018531 0.028355 0.008600
v -0.012474 0.017433 0.006788
v -0.013172 0.019773 0.006538
v -0.013195 0.018530 0.006007
v -0.012776 0.018603 0.006532
v -0.012834 0.018337 0.006404
v -0.013225 0.019097 0.006402
v -0.012784 0.017997 0.006373
v -0.027898 0.044187 0.012097
v -0.027447 0.044682 0.012451
v -0.028144 0.045125 0.012202
v -0.027714 0.044380 0.012403
v -0.027876 0.044610 0.012435
v -0.027842 0.044904 0.012457
v -0.028071 0.044640 0.012173
v -0.027447 0.046849 0.012451
v -0.027302 0.047549 0.012931
v -0.027801 0.048350 0.012843
v -0.028144 0.047663 0.012202
v -0.027360 0.047277 0.012573
v -0.027796 0.047728 0.012614
v -0.027624 0.047908 0.012926
v -0.028044 0.048148 0.012389
v -0.027842 0.047256 0.012457
v -0.024396 0.037408 0.009564
v -0.024194 0.037672 0.008939
v -0.024416 0.037485 0.009190
v -0.022151 0.034106 0.008093
v -0.022352 0.033842 0.008717
v -0.022372 0.033919 0.008343
v -0.026056 0.040974 0.011334
v -0.025473 0.041238 0.011633
v -0.025806 0.041051 0.011613
v -0.026439 0.040974 0.010410
v -0.026238 0.041238 0.009786
v -0.026459 0.041051 0.010036
v -0.028529 0.045125 0.011273
v -0.028212 0.044682 0.010603
v -0.028280 0.044187 0.011173
v -0.028496 0.044904 0.010879
v -0.028504 0.044610 0.010918
v -0.028367 0.044380 0.010826
v -0.028457 0.044640 0.011242
v -0.028212 0.046849 0.010603
v -0.028529 0.047663 0.011273
v -0.028740 0.048350 0.010577
v -0.028449 0.047549 0.010161
v -0.028496 0.047256 0.010879
v -0.028574 0.047728 0.010735
v -0.028591 0.048148 0.011070
v -0.028674 0.047908 0.010393
v -0.028237 0.047277 0.010456
v -0.019164 0.028278 0.007397
v -0.018962 0.028542 0.006772
v -0.019184 0.028355 0.007022
v -0.013937 0.019773 0.004691
v -0.013620 0.017433 0.004021
v -0.013577 0.018530 0.005083
v -0.013653 0.018603 0.004415
v -0.013603 0.018337 0.004547
v -0.013547 0.017997 0.004533
v -0.013878 0.019097 0.004825
v -0.025210 0.047549 0.016845
v -0.025543 0.048350 0.017068
v -0.025445 0.047908 0.017002
v -0.021723 0.049003 0.021723
v -0.021723 0.047663 0.021723
v -0.021723 0.048350 0.021723
v -0.014597 0.041517 0.016717
v -0.015217 0.041138 0.016631
v -0.014935 0.041401 0.016556
v -0.013092 0.038136 0.014507
v -0.012427 0.038451 0.014546
v -0.012780 0.038353 0.014401
v -0.011292 0.034103 0.012707
v -0.010588 0.034328 0.012706
v -0.010954 0.034258 0.012574
v -0.010280 0.018609 0.010280
v -0.010090 0.017671 0.010090
v -0.010146 0.018156 0.010146
v -0.009359 0.029778 0.011477
v -0.010090 0.029652 0.011504
v -0.009733 0.029738 0.011354
v -0.009667 0.025457 0.011081
v -0.008927 0.025493 0.011045
v -0.009304 0.025481 0.010925
v -0.016631 0.041138 0.015217
v -0.016717 0.041517 0.014597
v -0.016556 0.041401 0.014935
v -0.014547 0.038451 0.012427
v -0.014507 0.038136 0.013092
v -0.014401 0.038353 0.012780
v -0.021723 0.045205 0.021723
v -0.021533 0.044266 0.021533
v -0.021667 0.044720 0.021667
v -0.012707 0.034103 0.011292
v -0.012707 0.034328 0.010588
v -0.012574 0.034258 0.010954
v -0.011477 0.029778 0.009359
v -0.011504 0.029652 0.010090
v -0.011354 0.029738 0.009733
v -0.011045 0.025493 0.008927
v -0.011081 0.025457 0.009667
v -0.010925 0.025481 0.009304
v -0.017518 0.037672 0.018932
v -0.018172 0.037408 0.018879
v -0.017834 0.037485 0.019041
v -0.016608 0.033842 0.017315
v -0.015954 0.034106 0.017368
v -0.016270 0.033919 0.017477
v -0.013513 0.028542 0.014927
v -0.014167 0.028278 0.014874
v -0.013829 0.028355 0.015036
v -0.008927 0.017433 0.011045
v -0.009667 0.019773 0.011081
v -0.009892 0.018530 0.010599
v -0.009304 0.018603 0.010924
v -0.009406 0.018337 0.010828
v -0.009768 0.019097 0.010975
v -0.009372 0.017997 0.010781
v -0.021145 0.044187 0.021852
v -0.020593 0.044682 0.022007
v -0.021333 0.045125 0.022043
v -0.020858 0.044380 0.022065
v -0.020995 0.044610 0.022156
v -0.020956 0.044904 0.022164
v -0.021276 0.044640 0.021989
v -0.020593 0.046849 0.022007
v -0.020275 0.047549 0.022395
v -0.020770 0.048350 0.022505
v -0.021333 0.047663 0.022043
v -0.020465 0.047277 0.022086
v -0.020853 0.047728 0.022291
v -0.020575 0.047908 0.022514
v -0.021168 0.048148 0.022178
v -0.020956 0.047256 0.022164
v -0.018879 0.037408 0.018172
v -0.018932 0.037672 0.017518
v -0.019041 0.037485 0.017834
v -0.017368 0.034106 0.015954
v -0.017315 0.033842 0.016608
v -0.017477 0.033919 0.016270
v -0.019736 0.040974 0.020443
v -0.019082 0.041238 0.020496
v -0.019398 0.041051 0.020605
v -0.020443 0.040974 0.019736
v -0.020496 0.041238 0.019082
v -0.020605 0.041051 0.019398
v -0.022043 0.045125 0.021333
v -0.022007 0.044682 0.020593
v -0.021852 0.044187 0.021145
v -0.022164 0.044904 0.020956
v -0.022156 0.044610 0.020995
v -0.022065 0.044380 0.020858
v -0.021989 0.044640 0.021276
v -0.022007 0.046849 0.020593
v -0.022043 0.047663 0.021333
v -0.022505 0.048350 0.020770
v -0.022395 0.047549 0.020275
v -0.022164 0.047256 0.020956
v -0.022291 0.047728 0.020853
v -0.022178 0.048148 0.021168
v -0.022514 0.047908 0.020575
v -0.022086 0.047277 0.020465
v -0.014874 0.028278 0.014167
v -0.014927 0.028542 0.013513
v -0.015036 0.028355 0.013829
v -0.011081 0.019773 0.009667
v -0.011045 0.017433 0.008927
v -0.010599 0.018530 0.009892
v -0.010924 0.018603 0.009304
v -0.010828 0.018337 0.009406
v -0.010781 0.017997 0.009372
v -0.010975 0.019097 0.009768
v -0.016845 0.047549 0.025210
v -0.017068 0.048350 0.025543
v -0.017002 0.047908 0.025445
v -0.011756 0.049003 0.028382
v -0.011756 0.047663 0.028382
v -0.011756 0.048350 0.028382
v -0.007089 0.041517 0.021031
v -0.007694 0.041138 0.021188
v -0.007463 0.041401 0.021011
v -0.006544 0.038136 0.018412
v -0.005915 0.038451 0.018195
v -0.006297 0.038353 0.018196
v -0.005570 0.034103 0.016061
v -0.004919 0.034328 0.015791
v -0.005308 0.034258 0.015809
v -0.005563 0.018609 0.013431
v -0.005461 0.017671 0.013184
v -0.005491 0.018156 0.013256
v -0.004254 0.029778 0.014185
v -0.004919 0.029652 0.014489
v -0.004648 0.029738 0.014214
v -0.004691 0.025457 0.013937
v -0.004021 0.025493 0.013620
v -0.004415 0.025481 0.013654
v -0.009542 0.041138 0.020423
v -0.009859 0.041517 0.019883
v -0.009580 0.041401 0.020134
v -0.008684 0.038451 0.017048
v -0.008392 0.038136 0.017647
v -0.008414 0.038353 0.017319
v -0.011756 0.045205 0.028382
v -0.011654 0.044266 0.028135
v -0.011726 0.044720 0.028309
v -0.007418 0.034103 0.015295
v -0.007688 0.034328 0.014644
v -0.007425 0.034258 0.014932
v -0.007022 0.029778 0.013038
v -0.006767 0.029652 0.013724
v -0.006765 0.029738 0.013337
v -0.006788 0.025493 0.012474
v -0.006538 0.025457 0.013172
v -0.006532 0.025481 0.012777
v -0.008939 0.037672 0.024194
v -0.009564 0.037408 0.024396
v -0.009190 0.037485 0.024416
v -0.008717 0.033842 0.022352
v -0.008093 0.034106 0.022151
v -0.008343 0.033919 0.022372
v -0.006772 0.028542 0.018962
v -0.007397 0.028278 0.019164
v -0.007022 0.028355 0.019184
v -0.004021 0.017433 0.013620
v -0.004691 0.019773 0.013937
v -0.005083 0.018530 0.013577
v -0.004415 0.018603 0.013653
v -0.004547 0.018337 0.013603
v -0.004825 0.019097 0.013878
v -0.004533 0.017997 0.013547
v -0.011173 0.044187 0.028280
v -0.010603 0.044682 0.028212
v -0.011273 0.045125 0.028529
v -0.010826 0.044380 0.028367
v -0.010918 0.044610 0.028504
v -0.010879 0.044904 0.028496
v -0.011241 0.044640 0.028457
v -0.010603 0.046849 0.028212
v -0.010161 0.047549 0.028449
v -0.010577 0.048350 0.028740
v -0.011273 0.047663 0.028529
v -0.010455 0.047277 0.028237
v -0.010735 0.047728 0.028574
v -0.010393 0.047908 0.028674
v -0.011070 0.048148 0.028591
v -0.010879 0.047256 0.028496
v -0.010488 0.037408 0.024013
v -0.010787 0.037672 0.023429
v -0.010767 0.037485 0.023763
v -0.009941 0.034106 0.021386
v -0.009641 0.033842 0.021969
v -0.009920 0.033919 0.021719
v -0.010410 0.040974 0.026439
v -0.009786 0.041238 0.026238
v -0.010036 0.041051 0.026459
v -0.011334 0.040974 0.026056
v -0.011633 0.041238 0.025473
v -0.011613 0.041051 0.025806
v -0.012202 0.045125 0.028144
v -0.012451 0.044682 0.027447
v -0.012097 0.044187 0.027898
v -0.012457 0.044904 0.027842
v -0.012435 0.044610 0.027876
v -0.012403 0.044380 0.027714
v -0.012173 0.044640 0.028071
v -0.012451 0.046849 0.027447
v -0.012202 0.047663 0.028144
v -0.012843 0.048350 0.027801
v -0.012931 0.047549 0.027302
v -0.012457 0.047256 0.027842
v -0.012614 0.047728 0.027796
v -0.012389 0.048148 0.028044
v -0.012926 0.047908 0.027624
v -0.012573 0.047277 0.027360
v -0.008320 0.028278 0.018781
v -0.008620 0.028542 0.018197
v -0.008599 0.028355 0.018531
v -0.006538 0.019773 0.013172
v -0.006788 0.017433 0.012474
v -0.006007 0.018530 0.013195
v -0.006532 0.018603 0.012776
v -0.006404 0.018337 0.012834
v -0.006373 0.017997 0.012784
v -0.006402 0.019097 0.013225
v -0.005993 0.048350 0.030130
v -0.005915 0.047549 0.029737
v -0.005970 0.047908 0.030014
v -0.000000 0.054606 0.030520
v -0.000000 0.054406 0.030721
v -0.000000 0.054548 0.030661
v 0.005993 0.054406 0.030130
v 0.005954 0.054606 0.029933
v 0.005982 0.054548 0.030072
v 0.011679 0.054606 0.028197
v 0.011756 0.054406 0.028382
v 0.011734 0.054548 0.028328
v 0.017068 0.054406 0.025543
v 0.016956 0.054606 0.025376
v 0.017035 0.054548 0.025494
v 0.021581 0.054606 0.021581
v 0.021723 0.054406 0.021723
v 0.021681 0.054548 0.021681
v 0.025543 0.054406 0.017068
v 0.025376 0.054606 0.016956
v 0.025494 0.054548 0.017035
v 0.028197 0.054606 0.011679
v 0.028382 0.054406 0.011756
v 0.028328 0.054548 0.011734
v 0.030130 0.054406 0.005993
v 0.029933 0.054606 0.005954
v 0.030072 0.054548 0.005982
v 0.030520 0.054606 -0.000000
v 0.030721 0.054406 -0.000000
v 0.030661 0.054548 -0.000000
v 0.030130 0.054406 -0.005993
v 0.029933 0.054606 -0.005954
v 0.030072 0.054548 -0.005982
v 0.028197 0.054606 -0.011679
v 0.028382 0.054406 -0.011756
v 0.028328 0.054548 -0.011734
v 0.025543 0.054406 -0.017068
v 0.025376 0.054606 -0.016956
v 0.025494 0.054548 -0.017035
v 0.021581 0.054606 -0.021581
v 0.021723 0.054406 -0.021723
v 0.021681 0.054548 -0.021681
v 0.017068 0.054406 -0.025543
v 0.016956 0.054606 -0.025376
v 0.017035 0.054548 -0.025494
v 0.011679 0.054606 -0.028197
v 0.011756 0.054406 -0.028382
v 0.011734 0.054548 -0.028328
v 0.005993 0.054406 -0.030130
v 0.005954 0.054606 -0.029933
v 0.005982 0.054548 -0.030072
v -0.000000 0.054606 -0.030520
v -0.000000 0.054406 -0.030721
v -0.000000 0.054548 -0.030661
v -0.005993 0.054406 -0.030130
v -0.005954 0.054606 -0.029933
v -0.005982 0.054548 -0.030072
v -0.011679 0.054606 -0.028197
v -0.011756 0.054406 -0.028382
v -0.011734 0.054548 -0.028328
v -0.017068 0.054406 -0.025543
v -0.016956 0.054606 -0.025376
v -0.017035 0.054548 -0.025494
v -0.021581 0.054606 -0.021581
v -0.021723 0.054406 -0.021723
v -0.021681 0.054548 -0.021681
v -0.025543 0.054406 -0.017068
v -0.025376 0.054606 -0.016956
v -0.025494 0.054548 -0.017035
v -0.028197 0.054606 -0.011679
v -0.028382 0.054406 -0.011756
v -0.028328 0.054548 -0.011734
v -0.030130 0.054406 -0.005993
v -0.029933 0.054606 -0.005954
v -0.030072 0.054548 -0.005982
v -0.030520 0.054606 0.000000
v -0.030721 0.054406 0.000000
v -0.030661 0.054548 0.000000
v -0.030130 0.054406 0.005993
v -0.029933 0.054606 0.005954
v -0.030072 0.054548 0.005982
v -0.028197 0.054606 0.011679
v -0.028382 0.054406 0.011756
v -0.028328 0.054548 0.011734
v -0.025543 0.054406 0.017068
v -0.025376 0.054606 0.016956
v -0.025494 0.054548 0.017035
v -0.021581 0.054606 0.021581
v -0.021723 0.054406 0.021723
v -0.021681 0.054548 0.021681
v -0.017068 0.054406 0.025543
v -0.016956 0.054606 0.025376
v -0.017035 0.054548 0.025494
v -0.011679 0.054606 0.028197
v -0.011756 0.054406 0.028382
v -0.011734 0.054548 0.028328
v -0.005954 0.054606 0.029933
v -0.005993 0.054406 0.030130
v -0.005982 0.054548 0.030072
vn 0.2866 -0.5766 -0.7651
vn 0.5577 -0.5794 -0.5944
vn 0.5070 -0.6632 -0.5506
vn 0.2578 -0.6632 -0.7026
vn -0.0260 -0.5794 -0.8146
vn 0.2877 -0.5794 -0.7626
vn 0.2577 -0.6632 -0.7027
vn -0.0307 -0.6632 -0.7478
vn -0.5505 -0.6632 -0.5070
vn -0.5944 -0.5794 -0.5577
vn -0.3358 -0.5794 -0.7427
vn -0.3147 -0.6632 -0.6791
vn -0.7026 -0.6632 -0.2578
vn -0.7626 -0.5794 -0.2878
vn -0.7478 -0.6632 0.0307
vn -0.8146 -0.5794 0.0260
vn -0.6791 -0.6632 0.3146
vn -0.7427 -0.5794 0.3357
vn -0.5070 -0.6632 0.5505
vn -0.5577 -0.5794 0.5944
vn -0.2578 -0.6632 0.7026
vn -0.2878 -0.5794 0.7626
vn 0.0307 -0.6632 0.7478
vn 0.0260 -0.5794 0.8146
vn 0.3146 -0.6632 0.6791
vn 0.3357 -0.5794 0.7427
vn 0.5505 -0.6632 0.5070
vn 0.5944 -0.5794 0.5577
vn 0.7026 -0.6632 0.2578
vn 0.7626 -0.5794 0.2878
vn 0.8146 -0.5794 -0.0260
vn 0.7478 -0.6632 -0.0307
vn 0.3147 0.6632 -0.6791
vn 0.5505 0.6632 -0.5070
vn 0.5944 0.5794 -0.5577
vn 0.3358 0.5794 -0.7427
vn -0.3357 -0.5794 -0.7427
vn -0.3146 -0.6632 -0.6791
vn 0.7626 -0.5794 0.2877
vn 0.8147 -0.5793 -0.0260
vn 0.7427 -0.5794 -0.3357
vn 0.6791 -0.6632 -0.3146
vn -0.0153 -0.5908 -0.8066
vn -0.2983 -0.6383 -0.7097
vn -0.5173 -0.6899 -0.5065
vn -0.6212 -0.7410 -0.2550
vn -0.7036 -0.6616 -0.2592
vn 0.7726 0.6346 0.0179
vn 0.9131 0.0954 0.3964
vn 0.9984 -0.0545 0.0147
vn 0.7478 0.6632 0.0308
vn 0.6791 0.6632 0.3146
vn 0.7427 0.5794 0.3357
vn 0.8146 0.5794 0.0260
vn 0.6653 -0.3188 0.6751
vn 0.8512 -0.3769 0.3652
vn 0.6999 0.0579 0.7119
vn 0.7058 0.6595 -0.2588
vn 0.6258 0.7373 -0.2546
vn -0.7639 -0.5396 0.3540
vn -0.9275 -0.3724 0.0321
vn -0.8458 -0.3549 0.3984
vn -0.5600 -0.5745 0.5970
vn -0.4277 -0.7403 0.5186
vn -0.2877 -0.5797 0.7624
vn -0.2233 -0.6963 0.6821
vn 0.0260 -0.5797 0.8144
vn 0.0404 -0.6701 0.7411
vn -0.0260 0.5794 0.8146
vn -0.0308 0.6632 0.7478
vn -0.3146 0.6632 0.6791
vn -0.3357 0.5794 0.7427
vn 0.2877 0.5794 0.7626
vn 0.2577 0.6632 0.7027
vn 0.5577 0.5794 0.5944
vn 0.5070 0.6632 0.5506
vn 0.7427 -0.5794 -0.3358
vn 0.6791 -0.6632 -0.3147
vn 0.7626 0.5794 -0.2877
vn 0.7027 0.6632 -0.2577
vn 0.4222 0.7459 0.5152
vn 0.2232 0.6964 0.6821
vn 0.2878 0.5794 0.7626
vn 0.5583 0.5768 0.5964
vn 0.0308 0.6632 -0.7478
vn 0.0260 0.5794 -0.8146
vn -0.2577 0.6632 -0.7027
vn -0.2877 0.5794 -0.7626
vn -0.5070 0.6632 -0.5506
vn -0.5577 0.5794 -0.5944
vn -0.6791 0.6632 -0.3147
vn -0.7427 0.5794 -0.3358
vn -0.7478 0.6632 -0.0308
vn -0.8146 0.5794 -0.0260
vn -0.7027 0.6632 0.2577
vn -0.7626 0.5794 0.2877
vn -0.5506 0.6632 0.5070
vn -0.5944 0.5794 0.5577
vn -0.3147 0.6632 0.6791
vn -0.3358 0.5794 0.7427
vn -0.0405 0.6703 0.7410
vn 0.7478 0.6632 0.0307
vn 0.7027 -0.6632 0.2577
vn 0.5506 -0.6632 0.5070
vn 0.3358 -0.5794 0.7427
vn 0.3147 -0.6632 0.6791
vn 0.0308 -0.6632 0.7478
vn -0.2877 -0.5794 0.7626
vn -0.2577 -0.6632 0.7027
vn -0.5505 0.6632 0.5070
vn -0.5070 -0.6632 0.5506
vn -0.7427 -0.5794 0.3358
vn -0.6791 -0.6632 0.3147
vn -0.7478 -0.6632 0.0308
vn -0.7626 -0.5794 -0.2877
vn -0.7027 -0.6632 -0.2577
vn -0.5944 -0.5794 -0.5576
vn -0.5506 -0.6632 -0.5070
vn -0.3357 -0.5794 -0.7426
vn -0.0308 -0.6632 -0.7478
vn 0.2877 -0.5794 -0.7625
vn 0.5576 -0.5794 -0.5944
vn 0.7426 -0.5795 -0.3357
vn 0.8146 -0.5795 -0.0260
vn 0.7478 -0.6632 -0.0308
vn 0.7625 -0.5795 0.2877
vn 0.7027 -0.6631 0.2577
vn 0.5943 -0.5795 0.5576
vn 0.5506 -0.6631 0.5070
vn 0.3357 -0.5796 0.7426
vn 0.3147 -0.6631 0.6792
vn -0.7026 0.6632 0.2578
vn -0.7626 0.5794 0.2878
vn -0.7478 0.6632 -0.0307
vn -0.6791 0.6632 -0.3146
vn -0.7427 0.5794 -0.3357
vn -0.5070 0.6632 -0.5505
vn -0.2578 0.6632 -0.7026
vn -0.2878 0.5794 -0.7626
vn 0.0307 0.6632 -0.7478
vn 0.3146 0.6632 -0.6791
vn 0.3357 0.5794 -0.7427
vn 0.5070 0.6632 0.5505
vn 0.2578 0.6632 0.7026
vn -0.0307 0.6632 0.7478
vn 0.7026 0.6632 -0.2578
vn 0.7626 0.5794 -0.2878
vn -0.7626 0.5793 0.2878
vn -0.8147 0.5793 -0.0260
vn -0.6791 0.6632 -0.3145
vn -0.7427 0.5793 -0.3357
vn -0.5071 0.6632 -0.5505
vn -0.2876 0.5790 -0.7629
vn 0.0155 0.5962 -0.8027
vn 0.2994 0.6414 -0.7064
vn 0.5505 0.6632 -0.5071
vn 0.5173 0.6897 -0.5066
vn 0.9239 -0.0000 -0.3827
vn 1.0000 -0.0000 -0.0000
vn 0.7071 -0.0000 -0.7071
vn 0.3827 -0.0000 -0.9239
vn -0.0000 -0.0000 -1.0000
vn -0.3827 -0.0000 -0.9239
vn -0.7071 -0.0000 -0.7071
vn -0.9239 -0.0000 -0.3827
vn -1.0000 0.0001 0.0017
vn -0.7739 -0.6330 0.0190
vn -0.9269 0.0239 0.3745
vn -0.7905 -0.5074 0.3430
vn -0.7208 0.1126 0.6840
vn -0.5905 -0.5438 0.5963
vn -0.4017 0.2823 0.8712
vn -0.3083 -0.5834 0.7514
vn -0.0154 -0.3788 0.9253
vn 0.3259 -0.4106 0.8516
vn 0.6163 -0.4430 0.6511
vn 0.8740 -0.2663 0.4064
vn 0.0185 -0.1842 0.9827
vn 0.4020 -0.2813 0.8714
vn 0.7207 -0.1012 0.6858
vn 0.9270 -0.0047 0.3751
vn 1.0000 0.0095 0.0009
vn 0.9239 0.0003 -0.3827
vn 0.7071 0.0007 -0.7071
vn 0.3827 0.0001 -0.9239
vn -0.0000 0.0001 -1.0000
vn -0.3827 0.0001 -0.9239
vn -0.7071 0.0001 -0.7071
vn -1.0000 -0.0000 -0.0000
vn -0.9239 -0.0000 0.3827
vn -0.7071 -0.0000 0.7071
vn -0.3827 -0.0000 0.9239
vn -0.0000 -0.0000 1.0000
vn 0.3827 -0.0000 0.9239
vn 0.7071 -0.0000 0.7071
vn 0.9239 -0.0000 0.3827
vn -0.8871 -0.4613 0.0152
vn -0.8804 -0.3076 -0.3609
vn -0.6825 -0.2777 -0.6761
vn -0.3704 -0.2534 -0.8936
vn 0.0035 -0.2305 -0.9731
vn 0.3668 -0.3148 -0.8754
vn 0.4013 -0.0898 -0.9115
vn 0.7009 -0.1919 -0.6869
vn 0.7229 -0.0731 -0.6870
vn 0.9254 -0.0807 -0.3703
vn 0.9315 -0.0586 -0.3589
vn 0.9998 -0.0178 0.0058
vn 0.9983 -0.0473 0.0328
vn 0.9240 0.0001 0.3823
vn 0.7608 0.5448 0.3526
vn -0.9240 0.0002 0.3824
vn -0.9998 0.0178 0.0058
vn -0.9254 0.0806 -0.3703
vn -0.7010 0.1916 -0.6869
vn -0.3689 0.3154 -0.8743
vn -0.0039 -0.0753 -0.9972
vn 0.3805 0.0285 0.9243
vn -0.8714 -0.3598 -0.3334
vn -0.6797 -0.3535 -0.6427
vn -0.3766 -0.3620 -0.8527
vn -0.6713 -0.1893 0.7166
vn -0.3480 -0.1943 0.9171
vn 0.3807 -0.0961 -0.9197
vn 0.7025 -0.1450 -0.6968
vn 0.9016 -0.2211 -0.3718
vn 0.6111 -0.5127 -0.6031
vn 0.3266 -0.5331 -0.7805
vn -0.3276 -0.5302 -0.7820
vn -0.6137 -0.5071 -0.6052
vn 0.8102 -0.4847 -0.3295
vn -0.0001 -0.5388 -0.8424
vn 0.0002 -0.2498 0.9683
vn 0.3621 -0.2740 0.8910
vn 0.8970 -0.4420 0.0106
vn -0.6661 -0.3119 0.6775
vn -0.3622 -0.2696 0.8923
vn -0.8531 -0.3712 0.3667
vn -0.8136 -0.4781 -0.3307
vn -0.8995 -0.4369 0.0103
vn -0.7224 -0.6915 0.0003
vn -0.6864 -0.6695 0.2838
vn -0.5378 -0.6499 0.5370
vn -0.2953 -0.6367 0.7123
vn 0.0004 -0.6331 0.7741
vn 0.2949 -0.6398 0.7097
vn 0.5349 -0.6552 0.5334
vn 0.6811 -0.6760 0.2812
vn 0.7161 -0.6980 -0.0006
vn 0.6432 -0.7177 -0.2668
vn 0.4811 -0.7327 -0.4814
vn 0.2565 -0.7417 -0.6197
vn -0.0001 -0.7441 -0.6680
vn -0.2576 -0.7397 -0.6216
vn -0.4842 -0.7288 -0.4841
vn -0.6485 -0.7122 -0.2687
vn -0.1058 -0.9610 0.2557
vn -0.0832 -0.9760 0.2011
vn 0.0001 -0.9760 0.2177
vn 0.0002 -0.9610 0.2767
vn 0.0835 -0.9760 0.2011
vn 0.1061 -0.9609 0.2556
vn 0.1959 -0.9609 0.1956
vn 0.1542 -0.9760 0.1538
vn 0.2013 -0.9760 0.0832
vn 0.2559 -0.9609 0.1057
vn 0.1059 -0.9609 -0.2559
vn 0.0834 -0.9760 -0.2014
vn -0.0000 -0.9760 -0.2180
vn -0.0000 -0.9609 -0.2769
vn -0.2768 -0.9609 -0.0001
vn -0.2178 -0.9760 -0.0001
vn -0.2012 -0.9760 0.0833
vn -0.2557 -0.9610 0.1059
vn 0.1958 -0.9609 -0.1959
vn 0.1541 -0.9760 -0.1542
vn -0.1957 -0.9609 -0.1958
vn -0.1540 -0.9760 -0.1541
vn -0.2012 -0.9760 -0.0834
vn -0.2557 -0.9609 -0.1060
vn -0.0001 -0.7973 -0.6035
vn -0.0077 -0.8861 -0.4634
vn -0.2008 -0.8804 -0.4296
vn -0.2300 -0.7943 -0.5623
vn -0.5623 -0.7943 -0.2298
vn -0.4263 -0.8825 -0.1984
vn -0.4690 -0.8832 -0.0059
vn -0.6034 -0.7974 0.0001
vn 0.2558 -0.9609 -0.1061
vn 0.2013 -0.9760 -0.0835
vn -0.1059 -0.9609 -0.2558
vn -0.0833 -0.9760 -0.2013
vn 0.2179 -0.9760 -0.0002
vn 0.2769 -0.9609 -0.0002
vn -0.4182 -0.8852 0.2037
vn -0.5622 -0.7944 0.2299
vn -0.1956 -0.9610 0.1957
vn -0.1539 -0.9760 0.1539
vn 0.2176 -0.9515 -0.2176
vn 0.2060 -0.8847 -0.4182
vn 0.3411 -0.8787 -0.3340
vn 0.4195 -0.8831 -0.2101
vn -0.2176 -0.9515 -0.2174
vn -0.0000 -0.9737 -0.2277
vn 0.2175 -0.9515 0.2175
vn 0.2277 -0.9737 -0.0002
vn 0.4587 -0.8886 0.0034
vn 0.4183 -0.8851 0.2042
vn -0.2172 -0.9516 0.2176
vn -0.2275 -0.9738 -0.0001
vn 0.0001 -1.0000 -0.0001
vn 0.0001 -0.9738 0.2274
vn -0.3339 -0.8787 -0.3412
vn 0.0002 -0.8891 0.4577
vn 0.2118 -0.8815 0.4221
vn -0.1993 -0.8848 0.4212
vn 0.3340 -0.8787 0.3410
vn -0.3410 -0.8788 0.3338
vn -0.3366 -0.9313 -0.1395
vn -0.3643 -0.9313 -0.0000
vn -0.3366 -0.9313 0.1394
vn -0.2575 -0.9313 0.2576
vn -0.1393 -0.9313 0.3366
vn 0.3368 -0.9312 0.1392
vn 0.3645 -0.9312 -0.0002
vn -0.0000 -0.9312 -0.3645
vn -0.1395 -0.9312 -0.3367
vn 0.3367 -0.9312 -0.1397
vn -0.2577 -0.9312 -0.2577
vn 0.2576 -0.9312 -0.2579
vn 0.1394 -0.9312 -0.3368
vn 0.1396 -0.9313 0.3365
vn 0.2578 -0.9313 0.2575
vn 0.0002 -0.9313 0.3643
vn -0.1285 -0.9418 0.3106
vn 0.0002 -0.9418 0.3362
vn -0.3106 -0.9418 0.1287
vn -0.2377 -0.9418 0.2377
vn 0.1289 -0.9418 0.3105
vn 0.3108 -0.9418 0.1285
vn 0.3364 -0.9417 -0.0002
vn -0.0000 -0.9417 -0.3364
vn -0.1287 -0.9417 -0.3108
vn 0.3107 -0.9417 -0.1289
vn -0.3362 -0.9418 -0.0000
vn -0.2378 -0.9417 -0.2379
vn -0.3107 -0.9418 -0.1287
vn 0.5624 -0.7943 0.2296
vn 0.6035 -0.7974 -0.0003
vn 0.1287 -0.9417 -0.3108
vn -0.4321 -0.7917 -0.4320
vn 0.2379 -0.9418 0.2376
vn -0.8612 -0.3483 0.3701
vn -0.9609 -0.2766 0.0136
vn 0.0005 -0.1189 -0.9929
vn 0.3846 -0.1291 -0.9140
vn -0.9052 -0.2143 -0.3670
vn -0.7017 -0.1696 -0.6920
vn 0.9078 -0.2012 -0.3679
vn 0.9662 -0.2573 0.0135
vn 0.8665 -0.3304 0.3743
vn 0.6461 -0.3871 0.6578
vn -0.3399 -0.4277 0.8376
vn -0.6448 -0.3967 0.6533
vn 0.7034 -0.1613 -0.6922
vn -0.0004 -0.4422 0.8969
vn 0.3396 -0.4245 0.8393
vn -0.3834 -0.1338 -0.9138
vn -0.4507 -0.7708 0.4503
vn -0.5886 -0.7709 0.2436
vn -0.5116 -0.8329 0.2113
vn -0.3917 -0.8328 0.3912
vn -0.0005 -0.8327 0.5537
vn 0.2115 -0.8327 0.5117
vn 0.2435 -0.7707 0.5888
vn -0.0005 -0.7707 0.6372
vn -0.2433 -0.7713 -0.5882
vn 0.0004 -0.7713 -0.6365
vn 0.0006 -0.8332 -0.5530
vn -0.2112 -0.8332 -0.5111
vn 0.3915 -0.8331 -0.3907
vn 0.2120 -0.8332 -0.5107
vn 0.2438 -0.7713 -0.5879
vn 0.4506 -0.7712 -0.4496
vn 0.3911 -0.8328 0.3917
vn 0.4502 -0.7708 0.4507
vn 0.5111 -0.8329 0.2123
vn 0.5533 -0.8330 0.0004
vn 0.6368 -0.7710 0.0003
vn 0.5881 -0.7709 0.2445
vn 0.5112 -0.8331 -0.2113
vn 0.5883 -0.7711 -0.2434
vn -0.2441 -0.7707 0.5886
vn -0.2123 -0.8327 0.5114
vn -0.3753 -0.1847 -0.9083
vn 0.0008 -0.1846 -0.9828
vn 0.6943 -0.1846 0.6956
vn 0.3754 -0.1846 0.9083
vn -0.4499 -0.7712 -0.4504
vn -0.3909 -0.8331 -0.3914
vn -0.6368 -0.7710 -0.0003
vn -0.5882 -0.7711 -0.2438
vn -0.5109 -0.8330 -0.2122
vn -0.5534 -0.8329 -0.0004
vn 0.3602 0.9329 0.0003
vn 0.3327 0.9329 0.1381
vn 0.2381 0.9662 0.0989
vn 0.2578 0.9662 0.0002
vn -0.1821 0.9662 -0.1825
vn -0.2381 0.9662 -0.0988
vn -0.3327 0.9329 -0.1381
vn -0.2545 0.9329 -0.2549
vn 0.1381 0.9329 -0.3327
vn 0.2549 0.9329 -0.2545
vn 0.1825 0.9662 -0.1821
vn 0.0988 0.9662 -0.2381
vn 0.3768 -0.1846 -0.9077
vn -0.3769 -0.1846 0.9077
vn -0.6955 -0.1846 0.6944
vn 0.2545 0.9329 0.2549
vn 0.1821 0.9662 0.1825
vn 0.1376 0.9329 0.3329
vn -0.0003 0.9329 0.3602
vn -0.0003 0.9662 0.2578
vn 0.0985 0.9662 0.2383
vn -0.9828 -0.1846 -0.0009
vn -0.9077 -0.1846 -0.3768
vn -0.0989 0.9662 0.2381
vn -0.1381 0.9329 0.3327
vn -0.6943 -0.1846 -0.6956
vn 0.9077 -0.1846 0.3769
vn 0.6956 -0.1847 -0.6943
vn 0.9083 -0.1846 -0.3753
vn -0.0984 0.9662 -0.2383
vn -0.1376 0.9329 -0.3329
vn 0.0003 0.9662 -0.2578
vn 0.0003 0.9329 -0.3602
vn -0.0008 -0.1846 0.9828
vn -0.2383 0.9662 0.0984
vn -0.1824 0.9662 0.1822
vn -0.2549 0.9329 0.2545
vn -0.3329 0.9329 0.1376
vn -0.2578 0.9662 -0.0002
vn -0.3602 0.9329 -0.0003
vn -0.9083 -0.1846 0.3753
vn 0.9828 -0.1846 0.0009
vn 0.3329 0.9329 -0.1376
vn 0.2383 0.9662 -0.0985
vn -0.3814 0.1024 0.9187
vn -0.0007 0.1024 0.9947
vn 0.9187 0.1024 0.3814
vn 0.7029 0.1024 0.7039
vn 0.0007 0.1024 -0.9947
vn -0.3800 0.1024 -0.9193
vn -0.7039 0.1024 0.7029
vn 0.3814 0.1024 -0.9187
vn -0.9187 0.1024 -0.3814
vn -0.9947 0.1024 -0.0007
vn -0.7029 0.1024 -0.7039
vn 0.3800 0.1024 0.9193
vn 0.7039 0.1024 -0.7029
vn 0.9193 0.1024 -0.3800
vn 0.9947 0.1024 0.0007
vn -0.9193 0.1024 0.3800
vn 0.4319 -0.7916 -0.4322
vn 0.2297 -0.7943 -0.5624
vn -0.4319 -0.7917 0.4321
vn 0.4322 -0.7917 0.4318
vn -0.4375 -0.8808 -0.1812
vn -0.4477 -0.8747 -0.1855
vn -0.4846 -0.8747 -0.0000
vn -0.4735 -0.8808 -0.0000
vn 0.0002 -0.7974 0.6034
vn 0.2301 -0.7944 0.5622
vn 0.2378 -0.9417 -0.2380
vn -0.2297 -0.7944 0.5623
vn -0.3349 -0.8807 -0.3349
vn -0.3427 -0.8747 -0.3427
vn -0.3347 -0.8808 0.3349
vn -0.3425 -0.8748 0.3427
vn -0.1853 -0.8748 0.4477
vn -0.1811 -0.8808 0.4375
vn -0.4374 -0.8808 0.1812
vn -0.4477 -0.8748 0.1855
vn 0.4377 -0.8807 0.1810
vn 0.4479 -0.8747 0.1852
vn 0.4847 -0.8747 -0.0003
vn 0.4736 -0.8807 -0.0003
vn -0.1813 -0.8807 -0.4376
vn -0.1855 -0.8747 -0.4478
vn 0.4375 -0.8807 -0.1815
vn 0.4477 -0.8747 -0.1857
vn 0.3426 -0.8747 -0.3429
vn 0.3348 -0.8807 -0.3351
vn -0.0001 -0.8807 -0.4737
vn -0.0001 -0.8747 -0.4847
vn 0.1854 -0.8747 -0.4479
vn 0.1812 -0.8807 -0.4377
vn 0.1814 -0.8808 0.4374
vn 0.1857 -0.8747 0.4476
vn 0.3429 -0.8747 0.3425
vn 0.3351 -0.8808 0.3347
vn 0.0002 -0.8808 0.4735
vn 0.0002 -0.8748 0.4846
vn 0.5623 -0.7943 -0.2301
vn -0.4810 -0.8767 -0.0000
vn -0.4444 -0.8767 -0.1841
vn -0.3400 -0.8767 0.3402
vn -0.4443 -0.8767 0.1841
vn -0.1839 -0.8768 0.4444
vn 0.4811 -0.8767 -0.0003
vn 0.4445 -0.8767 0.1838
vn -0.1841 -0.8767 -0.4445
vn -0.0001 -0.8766 -0.4811
vn 0.4444 -0.8767 -0.1843
vn -0.3402 -0.8767 -0.3402
vn 0.3401 -0.8766 -0.3403
vn 0.1840 -0.8766 -0.4446
vn 0.3403 -0.8767 0.3399
vn 0.1843 -0.8767 0.4443
vn 0.0002 -0.8767 0.4810
vn 0.4904 0.7204 -0.4904
vn 0.3444 0.7783 -0.5250
vn 0.3637 0.8576 -0.3637
vn 0.5250 0.7783 -0.3444
vn 0.1782 0.8167 -0.5488
vn 0.1867 0.9061 -0.3797
vn -0.0000 0.8303 -0.5574
vn -0.0000 0.9226 -0.3857
vn -0.1782 0.8167 -0.5488
vn -0.1867 0.9061 -0.3797
vn -0.3444 0.7783 -0.5250
vn -0.3637 0.8576 -0.3637
vn -0.4905 0.7203 -0.4905
vn -0.5250 0.7783 -0.3444
vn 0.3797 0.9061 -0.1867
vn 0.5487 0.8168 -0.1782
vn 0.1944 0.9615 -0.1944
vn -0.0000 0.9803 -0.1974
vn -0.1944 0.9615 -0.1944
vn -0.3797 0.9061 -0.1867
vn -0.5488 0.8167 -0.1782
vn 0.3857 0.9226 -0.0000
vn 0.5574 0.8303 -0.0000
vn 0.1974 0.9803 -0.0000
vn -0.0000 1.0000 -0.0000
vn -0.1974 0.9803 -0.0000
vn -0.3857 0.9226 -0.0000
vn -0.5573 0.8303 -0.0000
vn 0.3797 0.9061 0.1867
vn 0.5487 0.8168 0.1782
vn 0.1944 0.9615 0.1944
vn -0.0000 0.9803 0.1973
vn -0.1944 0.9615 0.1944
vn -0.3797 0.9061 0.1867
vn -0.5488 0.8167 0.1782
vn 0.3637 0.8576 0.3637
vn 0.5250 0.7783 0.3444
vn 0.1867 0.9061 0.3797
vn -0.0000 0.9226 0.3857
vn -0.1867 0.9061 0.3797
vn -0.3637 0.8576 0.3637
vn -0.5250 0.7783 0.3444
vn 0.3444 0.7783 0.5250
vn 0.4904 0.7204 0.4904
vn 0.1782 0.8168 0.5487
vn -0.0000 0.8303 0.5573
vn -0.1782 0.8167 0.5488
vn -0.3444 0.7783 0.5250
vn -0.4904 0.7204 0.4904
vn 0.5774 0.5773 -0.5774
vn 0.4677 0.6250 -0.6250
vn 0.6250 0.6250 -0.4676
vn 0.3349 0.6663 -0.6663
vn 0.1744 0.6962 -0.6963
vn -0.0000 0.7071 -0.7071
vn -0.1743 0.6963 -0.6963
vn -0.3349 0.6663 -0.6663
vn -0.4677 0.6250 -0.6250
vn -0.5774 0.5773 -0.5774
vn -0.6250 0.6250 -0.4676
vn -0.6663 0.6663 -0.3349
vn -0.6963 0.6962 -0.1744
vn -0.7071 0.7071 -0.0000
vn -0.6963 0.6962 0.1744
vn -0.6663 0.6663 0.3349
vn -0.6250 0.6250 0.4676
vn -0.5774 0.5773 0.5774
vn -0.4676 0.6250 0.6250
vn -0.3349 0.6663 0.6663
vn -0.1744 0.6962 0.6963
vn -0.0000 0.7071 0.7071
vn 0.1743 0.6963 0.6963
vn 0.3349 0.6663 0.6663
vn 0.4676 0.6250 0.6250
vn 0.6250 0.6250 0.4676
vn 0.5774 0.5773 0.5774
vn 0.6663 0.6663 0.3349
vn 0.6963 0.6963 0.1743
vn 0.7071 0.7071 -0.0000
vn 0.6963 0.6963 -0.1743
vn 0.6663 0.6663 -0.3349
vn 0.5540 0.0648 0.8300
vn 0.5477 0.1770 0.8177
vn 0.3780 0.1868 0.9068
vn 0.3814 0.0705 0.9217
vn 0.5250 0.3444 0.7783
vn 0.3637 0.3637 0.8576
vn 0.4905 0.4904 0.7204
vn 0.3444 0.5250 0.7783
vn 0.1931 0.1956 0.9615
vn 0.1944 0.0757 0.9780
vn 0.1868 0.3797 0.9061
vn 0.1782 0.5487 0.8168
vn -0.0000 0.1990 0.9800
vn -0.0000 0.0777 0.9970
vn -0.0000 0.3857 0.9226
vn -0.0000 0.5574 0.8303
vn -0.1931 0.1956 0.9615
vn -0.1944 0.0757 0.9780
vn -0.1867 0.3797 0.9061
vn -0.1782 0.5487 0.8168
vn -0.3780 0.1868 0.9068
vn -0.3814 0.0705 0.9217
vn -0.3637 0.3637 0.8576
vn -0.3444 0.5250 0.7783
vn -0.5477 0.1770 0.8177
vn -0.5540 0.0648 0.8300
vn -0.5250 0.3444 0.7783
vn -0.4905 0.4904 0.7204
vn 0.7057 0.0623 0.7057
vn 0.6965 0.1725 0.6965
vn 0.6663 0.3348 0.6663
vn 0.6250 0.4677 0.6250
vn -0.6250 0.4677 0.6250
vn -0.6663 0.3348 0.6663
vn -0.6965 0.1725 0.6965
vn -0.7057 0.0623 0.7057
vn -0.8300 0.0648 0.5540
vn -0.8177 0.1770 0.5477
vn -0.9068 0.1868 0.3780
vn -0.9217 0.0705 0.3814
vn -0.7783 0.3444 0.5250
vn -0.8576 0.3637 0.3637
vn -0.7204 0.4904 0.4904
vn -0.7783 0.5250 0.3444
vn -0.9615 0.1956 0.1931
vn -0.9780 0.0757 0.1944
vn -0.9061 0.3797 0.1867
vn -0.8168 0.5487 0.1782
vn -0.9800 0.1990 -0.0000
vn -0.9970 0.0777 -0.0000
vn -0.9226 0.3857 -0.0000
vn -0.8303 0.5573 -0.0000
vn -0.9615 0.1956 -0.1931
vn -0.9780 0.0757 -0.1944
vn -0.9061 0.3797 -0.1867
vn -0.8168 0.5487 -0.1782
vn -0.9068 0.1868 -0.3780
vn -0.9217 0.0705 -0.3814
vn -0.8576 0.3637 -0.3637
vn -0.7783 0.5250 -0.3444
vn -0.8177 0.1770 -0.5477
vn -0.8300 0.0648 -0.5540
vn -0.7783 0.3444 -0.5250
vn -0.7204 0.4904 -0.4904
vn -0.6250 0.4677 -0.6250
vn -0.6663 0.3348 -0.6663
vn -0.6965 0.1726 -0.6965
vn -0.7057 0.0623 -0.7057
vn 0.8300 0.0648 -0.5540
vn 0.8177 0.1770 -0.5477
vn 0.9068 0.1868 -0.3779
vn 0.9217 0.0705 -0.3814
vn 0.7783 0.3444 -0.5250
vn 0.8576 0.3637 -0.3637
vn 0.7204 0.4904 -0.4904
vn 0.7783 0.5250 -0.3444
vn 0.9615 0.1956 -0.1931
vn 0.9780 0.0757 -0.1944
vn 0.9061 0.3797 -0.1867
vn 0.8168 0.5487 -0.1782
vn 0.9800 0.1990 -0.0000
vn 0.9970 0.0777 -0.0000
vn 0.9226 0.3857 -0.0000
vn 0.8303 0.5573 -0.0000
vn 0.9615 0.1956 0.1931
vn 0.9780 0.0757 0.1944
vn 0.9061 0.3797 0.1867
vn 0.8168 0.5487 0.1782
vn 0.9068 0.1868 0.3780
vn 0.9217 0.0705 0.3814
vn 0.8576 0.3637 0.3637
vn 0.7783 0.5250 0.3444
vn 0.8178 0.1769 0.5477
vn 0.8300 0.0648 0.5540
vn 0.7784 0.3443 0.5250
vn 0.7204 0.4904 0.4904
vn 0.7057 0.0623 -0.7057
vn 0.6965 0.1725 -0.6965
vn 0.6663 0.3348 -0.6663
vn 0.6250 0.4677 -0.6250
vn -0.5540 0.0648 -0.8300
vn -0.5477 0.1770 -0.8177
vn -0.3780 0.1868 -0.9068
vn -0.3814 0.0705 -0.9217
vn -0.5250 0.3444 -0.7783
vn -0.3637 0.3637 -0.8576
vn -0.4905 0.4904 -0.7204
vn -0.3444 0.5250 -0.7783
vn -0.1931 0.1956 -0.9615
vn -0.1944 0.0757 -0.9780
vn -0.1867 0.3797 -0.9061
vn -0.1782 0.5487 -0.8168
vn -0.0000 0.1990 -0.9800
vn -0.0000 0.0777 -0.9970
vn -0.0000 0.3857 -0.9226
vn -0.0000 0.5573 -0.8303
vn 0.1931 0.1956 -0.9615
vn 0.1944 0.0757 -0.9780
vn 0.1867 0.3797 -0.9061
vn 0.1782 0.5487 -0.8168
vn 0.3780 0.1868 -0.9068
vn 0.3814 0.0705 -0.9217
vn 0.3637 0.3637 -0.8576
vn 0.3444 0.5250 -0.7783
vn 0.5477 0.1769 -0.8178
vn 0.5540 0.0648 -0.8300
vn 0.5250 0.3444 -0.7783
vn 0.4904 0.4904 -0.7204
vn -0.0000 -0.0980 -0.9952
vn 0.1942 -0.0980 -0.9761
vn 0.3808 -0.0980 -0.9194
vn 0.5529 -0.0980 -0.8275
vn 0.7037 -0.0980 -0.7037
vn 0.8275 -0.0980 -0.5529
vn 0.9194 -0.0980 -0.3808
vn 0.9761 -0.0980 -0.1942
vn 0.9952 -0.0980 -0.0000
vn 0.9761 -0.0980 0.1942
vn 0.9194 -0.0980 0.3808
vn 0.8275 -0.0980 0.5529
vn 0.7037 -0.0980 0.7037
vn 0.5529 -0.0980 0.8275
vn 0.3808 -0.0980 0.9194
vn 0.1942 -0.0980 0.9761
vn -0.0000 -0.0980 0.9952
vn -0.1942 -0.0980 0.9761
vn -0.3808 -0.0980 0.9194
vn -0.5529 -0.0980 0.8275
vn -0.7037 -0.0980 0.7037
vn -0.8275 -0.0980 0.5529
vn -0.9194 -0.0980 0.3808
vn -0.9761 -0.0980 0.1942
vn -0.9952 -0.0980 -0.0000
vn -0.9761 -0.0980 -0.1942
vn -0.9194 -0.0980 -0.3808
vn -0.8275 -0.0980 -0.5529
vn -0.7037 -0.0980 -0.7037
vn -0.5529 -0.0980 -0.8275
vn -0.3808 -0.0980 -0.9194
vn -0.1942 -0.0980 -0.9761
vn 0.9997 -0.0107 0.0213
vn 0.9996 -0.0141 0.0227
vn 0.9992 -0.0213 0.0343
vn 0.9998 -0.0057 0.0214
vn 0.9989 -0.0370 0.0304
vn 0.9968 -0.0537 0.0589
vn 0.9989 -0.0161 0.0438
vn 0.9996 -0.0157 0.0253
vn -0.1949 -0.0477 0.9797
vn -0.1950 -0.0236 0.9805
vn -0.1553 -0.0066 0.9878
vn -0.1766 -0.0478 0.9831
vn -0.9998 -0.0057 0.0214
vn -0.9992 -0.0213 0.0343
vn -0.9996 -0.0141 0.0227
vn -0.9997 -0.0107 0.0213
vn -0.1321 -0.6231 0.7709
vn -0.1515 -0.6300 0.7617
vn -0.1734 -0.4581 0.8718
vn -0.1548 -0.4508 0.8791
vn 0.1951 -0.0000 0.9808
vn 0.1941 -0.0984 0.9760
vn 0.2855 -0.0941 0.9537
vn 0.1951 0.0107 0.9807
vn -0.0000 0.0107 0.9999
vn 0.1950 -0.0236 0.9805
vn 0.1553 -0.0067 0.9878
vn -0.0000 -0.0228 0.9997
vn -0.0000 -0.0848 0.9964
vn -0.1736 -0.2597 0.9500
vn -0.1881 -0.2654 0.9456
vn 0.9996 -0.0170 0.0216
vn 0.9997 -0.0136 0.0219
vn 0.1012 -0.0941 0.9904
vn -0.1678 -0.5196 0.8377
vn -0.1635 -0.5103 0.8443
vn -0.0000 -0.5189 0.8548
vn -0.0000 -0.5271 0.8498
vn 0.1678 -0.5196 0.8377
vn 0.1636 -0.5103 0.8443
vn 0.1321 -0.6231 0.7709
vn 0.1515 -0.6300 0.7617
vn 0.1222 -0.7795 0.6144
vn 0.1011 -0.7749 0.6240
vn -0.0000 -0.5113 0.8594
vn 0.1697 -0.5195 0.8375
vn 0.1658 -0.5079 0.8453
vn 0.1766 -0.0478 0.9831
vn 0.1949 -0.0477 0.9797
vn -0.9997 -0.0136 0.0219
vn -0.9996 -0.0170 0.0215
vn 0.1684 -0.5196 0.8377
vn -0.1658 -0.5079 0.8453
vn -0.1697 -0.5195 0.8375
vn 0.1688 -0.5195 0.8376
vn 0.1736 -0.2597 0.9500
vn 0.1881 -0.2654 0.9456
vn 0.1734 -0.4581 0.8718
vn 0.1548 -0.4508 0.8791
vn -0.9989 -0.0161 0.0438
vn -0.9968 -0.0537 0.0590
vn -0.9988 -0.0371 0.0304
vn -0.9996 -0.0157 0.0253
vn -0.1684 -0.5196 0.8377
vn -0.1688 -0.5195 0.8376
vn -0.1951 -0.0000 0.9808
vn -0.1941 -0.0984 0.9760
vn -0.1012 -0.0941 0.9904
vn -0.1222 -0.7795 0.6144
vn -0.1012 -0.7749 0.6240
vn -0.0956 -0.7875 0.6089
vn -0.1193 -0.7912 0.5998
vn -0.9987 -0.0029 0.0513
vn -0.9968 -0.0270 0.0757
vn 0.9968 -0.0270 0.0757
vn 0.9987 -0.0029 0.0513
vn 0.1193 -0.7912 0.5998
vn 0.0956 -0.7875 0.6089
vn 0.3827 0.0107 0.9238
vn 0.2431 -0.0106 0.9699
vn -0.0000 -0.0264 0.9997
vn 0.2456 -0.0199 0.9692
vn -0.1951 0.0107 0.9807
vn 0.9318 -0.0107 -0.3629
vn 0.9322 -0.0141 -0.3616
vn 0.9363 -0.0213 -0.3506
vn 0.9318 -0.0057 -0.3628
vn 0.9345 -0.0370 -0.3541
vn 0.9435 -0.0537 -0.3270
vn 0.9396 -0.0161 -0.3418
vn 0.9332 -0.0157 -0.3591
vn 0.2345 -0.0066 0.9721
vn 0.2131 -0.0478 0.9759
vn -0.9155 -0.0057 0.4023
vn -0.9100 -0.0213 0.4141
vn -0.9149 -0.0141 0.4035
vn -0.9155 -0.0107 0.4023
vn 0.1730 -0.6231 0.7628
vn 0.1934 -0.4508 0.8714
vn 0.5556 -0.0000 0.8315
vn 0.5529 -0.0984 0.8274
vn 0.6288 -0.0941 0.7719
vn 0.0002 1.0000 0.0010
vn 0.0011 1.0000 0.0027
vn 0.0006 1.0000 0.0009
vn 0.5554 -0.0236 0.8312
vn 0.5215 -0.0067 0.8532
vn 0.3826 -0.0228 0.9236
vn 0.3813 -0.0848 0.9206
vn 0.2032 -0.2597 0.9441
vn 0.9318 -0.0170 -0.3626
vn 0.9320 -0.0136 -0.3623
vn 0.4725 -0.0941 0.8763
vn 0.1656 -0.5196 0.8382
vn 0.1720 -0.5103 0.8426
vn 0.3271 -0.5189 0.7898
vn 0.3252 -0.5271 0.7851
vn 0.4756 -0.5196 0.7098
vn 0.4742 -0.5103 0.7174
vn 0.4170 -0.6231 0.6617
vn 0.4314 -0.6300 0.6457
vn 0.3480 -0.7795 0.5209
vn 0.3322 -0.7749 0.5378
vn 0.3289 -0.5113 0.7940
vn 0.4773 -0.5195 0.7088
vn 0.4766 -0.5079 0.7175
vn 0.5394 -0.0478 0.8407
vn 0.5549 -0.0477 0.8305
vn -0.9152 -0.0136 0.4028
vn -0.9153 -0.0170 0.4024
vn 0.4761 -0.5196 0.7095
vn 0.1703 -0.5079 0.8444
vn 0.1637 -0.5195 0.8387
vn 0.4765 -0.5195 0.7092
vn 0.5239 -0.2597 0.8112
vn 0.5356 -0.2654 0.8017
vn 0.4938 -0.4581 0.7391
vn 0.4794 -0.4508 0.7529
vn -0.9061 -0.0161 0.4227
vn -0.8984 -0.0537 0.4360
vn -0.9112 -0.0371 0.4103
vn -0.9138 -0.0157 0.4059
vn 0.1650 -0.5196 0.8383
vn 0.1645 -0.5195 0.8385
vn 0.5555 0.0107 0.8314
vn 0.7071 0.0107 0.7071
vn 0.1453 -0.7749 0.6152
vn -0.9030 -0.0029 0.4296
vn -0.8919 -0.0270 0.4514
vn 0.9499 -0.0270 -0.3115
vn 0.9423 -0.0029 -0.3348
vn 0.3398 -0.7912 0.5085
vn 0.3214 -0.7875 0.5259
vn 0.1465 -0.0106 0.9891
vn 0.1440 -0.0199 0.9894
vn 0.3825 -0.0264 0.9236
vn 0.1446 -0.7874 0.5992
vn 0.5958 -0.0106 0.8031
vn 0.5978 -0.0199 0.8014
vn 0.7220 -0.0107 -0.6918
vn 0.7229 -0.0141 -0.6908
vn 0.7308 -0.0213 -0.6822
vn 0.7221 -0.0057 -0.6918
vn 0.7278 -0.0370 -0.6848
vn 0.7465 -0.0537 -0.6632
vn 0.7373 -0.0161 -0.6754
vn 0.7247 -0.0157 -0.6889
vn 0.5887 -0.0066 0.8084
vn 0.5703 -0.0478 0.8201
vn -0.6918 -0.0057 0.7221
vn -0.6822 -0.0213 0.7308
vn -0.6908 -0.0141 0.7229
vn -0.6918 -0.0107 0.7220
vn 0.4518 -0.6231 0.6385
vn 0.5121 -0.4508 0.7311
vn 0.8315 -0.0000 0.5556
vn 0.8274 -0.0984 0.5529
vn 0.8763 -0.0941 0.4725
vn 0.0021 1.0000 0.0021
vn 0.0009 1.0000 0.0006
vn 0.8312 -0.0236 0.5554
vn 0.8084 -0.0066 0.5887
vn 0.7069 -0.0228 0.7069
vn 0.7045 -0.0848 0.7046
vn 0.5490 -0.2597 0.7945
vn 0.7221 -0.0170 -0.6916
vn 0.7224 -0.0136 -0.6914
vn 0.7719 -0.0941 0.6288
vn 0.4737 -0.5196 0.7110
vn 0.4814 -0.5103 0.7126
vn 0.6045 -0.5189 0.6045
vn 0.6009 -0.5271 0.6009
vn 0.7110 -0.5196 0.4737
vn 0.7127 -0.5103 0.4814
vn 0.6385 -0.6231 0.4518
vn 0.6457 -0.6300 0.4315
vn 0.5208 -0.7795 0.3480
vn 0.5127 -0.7749 0.3697
vn 0.6077 -0.5113 0.6077
vn 0.7122 -0.5195 0.4722
vn 0.7149 -0.5079 0.4805
vn 0.8200 -0.0478 0.5703
vn 0.8305 -0.0477 0.5549
vn -0.6914 -0.0136 0.7224
vn -0.6916 -0.0170 0.7221
vn 0.7114 -0.5196 0.4732
vn 0.4805 -0.5079 0.7149
vn 0.4722 -0.5195 0.7122
vn 0.7117 -0.5195 0.4729
vn 0.7945 -0.2597 0.5490
vn 0.8017 -0.2654 0.5357
vn 0.7391 -0.4581 0.4939
vn 0.7311 -0.4508 0.5121
vn -0.6754 -0.0161 0.7373
vn -0.6631 -0.0537 0.7466
vn -0.6848 -0.0371 0.7278
vn -0.6889 -0.0157 0.7247
vn 0.4732 -0.5196 0.7114
vn 0.4729 -0.5195 0.7117
vn 0.8314 0.0107 0.5555
vn 0.9238 0.0107 0.3827
vn 0.3697 -0.7749 0.5127
vn -0.6699 -0.0029 0.7424
vn -0.6513 -0.0270 0.7583
vn 0.7583 -0.0270 -0.6513
vn 0.7424 -0.0029 -0.6699
vn 0.5085 -0.7912 0.3398
vn 0.4982 -0.7875 0.3629
vn 0.5139 -0.0106 0.8578
vn 0.5116 -0.0199 0.8590
vn 0.7069 -0.0264 0.7069
vn 0.3629 -0.7874 0.4982
vn 0.8578 -0.0106 0.5139
vn 0.8590 -0.0199 0.5116
vn 0.4023 -0.0107 -0.9155
vn 0.4035 -0.0141 -0.9149
vn 0.4141 -0.0213 -0.9100
vn 0.4023 -0.0057 -0.9155
vn 0.4103 -0.0370 -0.9112
vn 0.4359 -0.0537 -0.8984
vn 0.4227 -0.0161 -0.9061
vn 0.4059 -0.0157 -0.9138
vn 0.8532 -0.0066 0.5215
vn 0.8407 -0.0478 0.5394
vn -0.3628 -0.0057 0.9318
vn -0.3506 -0.0213 0.9363
vn -0.3616 -0.0141 0.9322
vn -0.3629 -0.0107 0.9318
vn 0.6617 -0.6231 0.4170
vn 0.7529 -0.4508 0.4794
vn 0.9808 -0.0000 0.1951
vn 0.9760 -0.0984 0.1941
vn 0.9904 -0.0941 0.1012
vn 0.0027 1.0000 0.0011
vn 0.0010 1.0000 0.0002
vn 0.9805 -0.0236 0.1950
vn 0.9721 -0.0067 0.2346
vn 0.9236 -0.0228 0.3826
vn 0.9205 -0.0848 0.3813
vn 0.8112 -0.2597 0.5239
vn 0.4025 -0.0170 -0.9153
vn 0.4028 -0.0136 -0.9152
vn 0.9537 -0.0941 0.2855
vn 0.7098 -0.5196 0.4756
vn 0.7174 -0.5103 0.4742
vn 0.7898 -0.5189 0.3271
vn 0.7851 -0.5271 0.3252
vn 0.8382 -0.5196 0.1656
vn 0.8426 -0.5103 0.1720
vn 0.7628 -0.6231 0.1730
vn 0.7617 -0.6300 0.1515
vn 0.6144 -0.7795 0.1222
vn 0.6152 -0.7749 0.1453
vn 0.7940 -0.5113 0.3289
vn 0.8387 -0.5195 0.1637
vn 0.8444 -0.5079 0.1703
vn 0.9759 -0.0478 0.2131
vn 0.9797 -0.0477 0.1949
vn -0.3623 -0.0136 0.9320
vn -0.3626 -0.0170 0.9318
vn 0.8383 -0.5196 0.1650
vn 0.7175 -0.5079 0.4766
vn 0.7088 -0.5195 0.4773
vn 0.8384 -0.5196 0.1646
vn 0.9441 -0.2597 0.2032
vn 0.9456 -0.2654 0.1881
vn 0.8718 -0.4581 0.1734
vn 0.8714 -0.4508 0.1934
vn -0.3418 -0.0161 0.9396
vn -0.3270 -0.0537 0.9435
vn -0.3541 -0.0371 0.9345
vn -0.3591 -0.0157 0.9332
vn 0.7095 -0.5196 0.4761
vn 0.7092 -0.5195 0.4765
vn 0.9807 0.0107 0.1951
vn 0.9999 0.0107 -0.0000
vn 0.5378 -0.7749 0.3322
vn -0.3348 -0.0029 0.9423
vn -0.3115 -0.0270 0.9499
vn 0.4514 -0.0270 -0.8919
vn 0.4295 -0.0029 -0.9030
vn 0.5998 -0.7912 0.1193
vn 0.5991 -0.7875 0.1447
vn 0.8031 -0.0106 0.5958
vn 0.8014 -0.0199 0.5978
vn 0.9236 -0.0264 0.3825
vn 0.5259 -0.7875 0.3214
vn 0.9891 -0.0106 0.1465
vn 0.9894 -0.0199 0.1440
vn 0.0213 -0.0107 -0.9997
vn 0.0227 -0.0141 -0.9996
vn 0.0344 -0.0213 -0.9992
vn 0.0214 -0.0057 -0.9998
vn 0.0304 -0.0370 -0.9989
vn 0.0589 -0.0537 -0.9968
vn 0.0438 -0.0161 -0.9989
vn 0.0253 -0.0157 -0.9996
vn 0.9878 -0.0066 0.1553
vn 0.9831 -0.0478 0.1766
vn 0.0214 -0.0057 0.9998
vn 0.0343 -0.0213 0.9992
vn 0.0227 -0.0141 0.9996
vn 0.0213 -0.0107 0.9997
vn 0.7709 -0.6231 0.1321
vn 0.8791 -0.4508 0.1548
vn 0.9808 -0.0000 -0.1951
vn 0.9760 -0.0984 -0.1941
vn 0.9537 -0.0941 -0.2855
vn 0.0029 1.0000 -0.0000
vn 0.0010 1.0000 -0.0002
vn 0.9805 -0.0236 -0.1950
vn 0.9878 -0.0066 -0.1553
vn 0.9997 -0.0228 -0.0000
vn 0.9964 -0.0848 -0.0000
vn 0.9500 -0.2597 0.1736
vn 0.0216 -0.0170 -0.9996
vn 0.0219 -0.0136 -0.9997
vn 0.9904 -0.0941 -0.1012
vn 0.8377 -0.5196 0.1678
vn 0.8443 -0.5103 0.1635
vn 0.8548 -0.5189 -0.0000
vn 0.8498 -0.5271 -0.0000
vn 0.8377 -0.5196 -0.1678
vn 0.8443 -0.5103 -0.1636
vn 0.7709 -0.6231 -0.1321
vn 0.7617 -0.6300 -0.1515
vn 0.6144 -0.7795 -0.1222
vn 0.6240 -0.7749 -0.1011
vn 0.8594 -0.5113 -0.0000
vn 0.8375 -0.5195 -0.1697
vn 0.8453 -0.5079 -0.1658
vn 0.9831 -0.0478 -0.1766
vn 0.9797 -0.0477 -0.1949
vn 0.0219 -0.0136 0.9997
vn 0.0215 -0.0170 0.9996
vn 0.8377 -0.5196 -0.1684
vn 0.8453 -0.5079 0.1658
vn 0.8375 -0.5195 0.1697
vn 0.8376 -0.5195 -0.1688
vn 0.9500 -0.2597 -0.1736
vn 0.9456 -0.2654 -0.1881
vn 0.8718 -0.4581 -0.1734
vn 0.8791 -0.4508 -0.1548
vn 0.0438 -0.0161 0.9989
vn 0.0590 -0.0537 0.9968
vn 0.0304 -0.0371 0.9988
vn 0.0253 -0.0157 0.9996
vn 0.8377 -0.5196 0.1684
vn 0.8376 -0.5195 0.1688
vn 0.9807 0.0107 -0.1951
vn 0.9238 0.0107 -0.3827
vn 0.6240 -0.7749 0.1012
vn 0.0513 -0.0029 0.9987
vn 0.0757 -0.0270 0.9968
vn 0.0757 -0.0270 -0.9968
vn 0.0513 -0.0029 -0.9987
vn 0.5998 -0.7912 -0.1193
vn 0.6089 -0.7875 -0.0956
vn 0.9699 -0.0106 0.2431
vn 0.9692 -0.0199 0.2456
vn 0.9997 -0.0264 -0.0000
vn 0.6089 -0.7875 0.0956
vn 0.9699 -0.0106 -0.2431
vn 0.9692 -0.0199 -0.2456
vn -0.3629 -0.0107 -0.9318
vn -0.3616 -0.0141 -0.9322
vn -0.3506 -0.0213 -0.9363
vn -0.3628 -0.0057 -0.9318
vn -0.3541 -0.0370 -0.9345
vn -0.3270 -0.0537 -0.9435
vn -0.3418 -0.0161 -0.9396
vn -0.3591 -0.0157 -0.9332
vn 0.9721 -0.0066 -0.2345
vn 0.9759 -0.0478 -0.2131
vn 0.4023 -0.0057 0.9155
vn 0.4141 -0.0213 0.9100
vn 0.4035 -0.0141 0.9149
vn 0.4023 -0.0107 0.9155
vn 0.7628 -0.6231 -0.1730
vn 0.8714 -0.4508 -0.1934
vn 0.8315 -0.0000 -0.5556
vn 0.8274 -0.0984 -0.5529
vn 0.7719 -0.0941 -0.6288
vn 0.0027 1.0000 -0.0011
vn 0.0009 1.0000 -0.0006
vn 0.8312 -0.0236 -0.5554
vn 0.8532 -0.0066 -0.5215
vn 0.9236 -0.0228 -0.3826
vn 0.9206 -0.0848 -0.3813
vn 0.9441 -0.2597 -0.2032
vn -0.3626 -0.0170 -0.9318
vn -0.3623 -0.0136 -0.9320
vn 0.8763 -0.0941 -0.4725
vn 0.8382 -0.5196 -0.1656
vn 0.8426 -0.5103 -0.1720
vn 0.7898 -0.5189 -0.3271
vn 0.7851 -0.5271 -0.3252
vn 0.7098 -0.5196 -0.4756
vn 0.7174 -0.5103 -0.4742
vn 0.6617 -0.6231 -0.4170
vn 0.6457 -0.6300 -0.4314
vn 0.5209 -0.7795 -0.3480
vn 0.5378 -0.7749 -0.3322
vn 0.7940 -0.5113 -0.3289
vn 0.7088 -0.5195 -0.4773
vn 0.7175 -0.5079 -0.4766
vn 0.8407 -0.0478 -0.5394
vn 0.8305 -0.0477 -0.5549
vn 0.4028 -0.0136 0.9152
vn 0.4024 -0.0170 0.9153
vn 0.7095 -0.5196 -0.4761
vn 0.8444 -0.5079 -0.1703
vn 0.8387 -0.5195 -0.1637
vn 0.7092 -0.5195 -0.4765
vn 0.8112 -0.2597 -0.5239
vn 0.8017 -0.2654 -0.5356
vn 0.7391 -0.4581 -0.4938
vn 0.7529 -0.4508 -0.4795
vn 0.4227 -0.0161 0.9061
vn 0.4360 -0.0537 0.8984
vn 0.4103 -0.0371 0.9112
vn 0.4059 -0.0157 0.9138
vn 0.8383 -0.5196 -0.1650
vn 0.8384 -0.5195 -0.1645
vn 0.8314 0.0107 -0.5555
vn 0.7071 0.0107 -0.7071
vn 0.6152 -0.7749 -0.1453
vn 0.4296 -0.0029 0.9030
vn 0.4514 -0.0270 0.8919
vn -0.3115 -0.0270 -0.9499
vn -0.3348 -0.0029 -0.9423
vn 0.5085 -0.7912 -0.3398
vn 0.5259 -0.7875 -0.3214
vn 0.9891 -0.0106 -0.1465
vn 0.9894 -0.0199 -0.1440
vn 0.9236 -0.0264 -0.3825
vn 0.5991 -0.7875 -0.1447
vn 0.8031 -0.0106 -0.5958
vn 0.8014 -0.0199 -0.5978
vn -0.6918 -0.0107 -0.7220
vn -0.6908 -0.0141 -0.7229
vn -0.6822 -0.0213 -0.7308
vn -0.6918 -0.0057 -0.7221
vn -0.6848 -0.0370 -0.7278
vn -0.6632 -0.0537 -0.7465
vn -0.6754 -0.0161 -0.7373
vn -0.6889 -0.0157 -0.7247
vn 0.8084 -0.0066 -0.5887
vn 0.8201 -0.0478 -0.5703
vn 0.7221 -0.0057 0.6918
vn 0.7308 -0.0213 0.6822
vn 0.7229 -0.0141 0.6908
vn 0.7220 -0.0107 0.6918
vn 0.6385 -0.6231 -0.4518
vn 0.7311 -0.4508 -0.5121
vn 0.5556 -0.0000 -0.8315
vn 0.5529 -0.0984 -0.8274
vn 0.4725 -0.0941 -0.8763
vn 0.0021 1.0000 -0.0021
vn 0.0006 1.0000 -0.0009
vn 0.5554 -0.0236 -0.8312
vn 0.5887 -0.0066 -0.8084
vn 0.7069 -0.0228 -0.7069
vn 0.7046 -0.0848 -0.7045
vn 0.7945 -0.2597 -0.5490
vn -0.6916 -0.0170 -0.7221
vn -0.6914 -0.0136 -0.7224
vn 0.6288 -0.0941 -0.7719
vn 0.7110 -0.5196 -0.4737
vn 0.7126 -0.5103 -0.4814
vn 0.6045 -0.5189 -0.6045
vn 0.6009 -0.5271 -0.6009
vn 0.4737 -0.5196 -0.7110
vn 0.4814 -0.5103 -0.7127
vn 0.4518 -0.6231 -0.6385
vn 0.4315 -0.6300 -0.6457
vn 0.3480 -0.7795 -0.5208
vn 0.3697 -0.7749 -0.5127
vn 0.6077 -0.5113 -0.6077
vn 0.4722 -0.5195 -0.7122
vn 0.4805 -0.5079 -0.7149
vn 0.5703 -0.0478 -0.8200
vn 0.5549 -0.0477 -0.8305
vn 0.7224 -0.0136 0.6914
vn 0.7221 -0.0170 0.6916
vn 0.4732 -0.5196 -0.7114
vn 0.7149 -0.5079 -0.4805
vn 0.7122 -0.5195 -0.4722
vn 0.4729 -0.5195 -0.7117
vn 0.5490 -0.2597 -0.7945
vn 0.5357 -0.2654 -0.8017
vn 0.4939 -0.4581 -0.7391
vn 0.5121 -0.4508 -0.7311
vn 0.7373 -0.0161 0.6754
vn 0.7466 -0.0537 0.6631
vn 0.7278 -0.0371 0.6848
vn 0.7247 -0.0157 0.6889
vn 0.7114 -0.5196 -0.4732
vn 0.7117 -0.5195 -0.4729
vn 0.5555 0.0107 -0.8314
vn 0.3827 0.0107 -0.9238
vn 0.5127 -0.7749 -0.3697
vn 0.7424 -0.0029 0.6699
vn 0.7583 -0.0270 0.6513
vn -0.6513 -0.0270 -0.7583
vn -0.6699 -0.0029 -0.7424
vn 0.3398 -0.7912 -0.5085
vn 0.3629 -0.7875 -0.4982
vn 0.8578 -0.0106 -0.5139
vn 0.8590 -0.0199 -0.5116
vn 0.7069 -0.0264 -0.7069
vn 0.4982 -0.7874 -0.3629
vn 0.5139 -0.0106 -0.8578
vn 0.5116 -0.0199 -0.8590
vn -0.9155 -0.0107 -0.4023
vn -0.9149 -0.0141 -0.4035
vn -0.9100 -0.0213 -0.4141
vn -0.9155 -0.0057 -0.4023
vn -0.9112 -0.0370 -0.4104
vn -0.8984 -0.0537 -0.4359
vn -0.9061 -0.0161 -0.4227
vn -0.9138 -0.0157 -0.4059
vn 0.5215 -0.0066 -0.8532
vn 0.5394 -0.0478 -0.8407
vn 0.9318 -0.0057 0.3628
vn 0.9363 -0.0213 0.3506
vn 0.9322 -0.0141 0.3616
vn 0.9318 -0.0107 0.3629
vn 0.4170 -0.6231 -0.6617
vn 0.4794 -0.4508 -0.7529
vn 0.1951 -0.0000 -0.9808
vn 0.1941 -0.0984 -0.9760
vn 0.1012 -0.0941 -0.9904
vn 0.0011 1.0000 -0.0027
vn 0.0002 1.0000 -0.0010
vn 0.1950 -0.0236 -0.9805
vn 0.2345 -0.0066 -0.9721
vn 0.3826 -0.0228 -0.9237
vn 0.3813 -0.0848 -0.9205
vn 0.5239 -0.2597 -0.8112
vn -0.9153 -0.0170 -0.4025
vn -0.9152 -0.0136 -0.4028
vn 0.2855 -0.0941 -0.9537
vn 0.4756 -0.5196 -0.7098
vn 0.4742 -0.5103 -0.7174
vn 0.3271 -0.5189 -0.7898
vn 0.3252 -0.5271 -0.7851
vn 0.1656 -0.5196 -0.8382
vn 0.1720 -0.5103 -0.8426
vn 0.1730 -0.6231 -0.7628
vn 0.1515 -0.6300 -0.7617
vn 0.1222 -0.7795 -0.6144
vn 0.1453 -0.7749 -0.6152
vn 0.3289 -0.5113 -0.7940
vn 0.1637 -0.5195 -0.8387
vn 0.1703 -0.5079 -0.8444
vn 0.2131 -0.0478 -0.9759
vn 0.1949 -0.0477 -0.9797
vn 0.9320 -0.0136 0.3623
vn 0.9318 -0.0170 0.3626
vn 0.1650 -0.5196 -0.8383
vn 0.4766 -0.5080 -0.7175
vn 0.4773 -0.5195 -0.7088
vn 0.1645 -0.5195 -0.8385
vn 0.2032 -0.2597 -0.9441
vn 0.1881 -0.2654 -0.9456
vn 0.1734 -0.4581 -0.8718
vn 0.1934 -0.4508 -0.8714
vn 0.9396 -0.0161 0.3418
vn 0.9435 -0.0537 0.3270
vn 0.9345 -0.0371 0.3541
vn 0.9332 -0.0157 0.3591
vn 0.4761 -0.5196 -0.7095
vn 0.4765 -0.5195 -0.7092
vn 0.1951 0.0107 -0.9807
vn -0.0000 0.0107 -0.9999
vn 0.3322 -0.7749 -0.5378
vn 0.9423 -0.0029 0.3348
vn 0.9499 -0.0270 0.3115
vn -0.8919 -0.0270 -0.4514
vn -0.9030 -0.0029 -0.4295
vn 0.1193 -0.7912 -0.5998
vn 0.1447 -0.7875 -0.5991
vn 0.5958 -0.0106 -0.8031
vn 0.5978 -0.0199 -0.8014
vn 0.3825 -0.0264 -0.9236
vn 0.3214 -0.7874 -0.5260
vn 0.1465 -0.0106 -0.9891
vn 0.1440 -0.0199 -0.9894
vn -0.9997 -0.0107 -0.0213
vn -0.9996 -0.0141 -0.0227
vn -0.9992 -0.0213 -0.0343
vn -0.9998 -0.0057 -0.0214
vn -0.9989 -0.0370 -0.0304
vn -0.9968 -0.0537 -0.0589
vn -0.9989 -0.0161 -0.0438
vn -0.9996 -0.0157 -0.0253
vn 0.1553 -0.0067 -0.9878
vn 0.1766 -0.0478 -0.9831
vn 0.9998 -0.0057 -0.0214
vn 0.9992 -0.0213 -0.0343
vn 0.9996 -0.0141 -0.0227
vn 0.9997 -0.0107 -0.0213
vn 0.1321 -0.6231 -0.7709
vn 0.1548 -0.4508 -0.8791
vn -0.1951 -0.0000 -0.9808
vn -0.1941 -0.0984 -0.9760
vn -0.2855 -0.0941 -0.9537
vn -0.0000 1.0000 -0.0029
vn -0.0002 1.0000 -0.0010
vn -0.1950 -0.0236 -0.9805
vn -0.1553 -0.0066 -0.9878
vn -0.0000 -0.0228 -0.9997
vn -0.0000 -0.0848 -0.9964
vn 0.1736 -0.2597 -0.9500
vn -0.9996 -0.0170 -0.0216
vn -0.9997 -0.0136 -0.0219
vn -0.1012 -0.0941 -0.9904
vn 0.1678 -0.5196 -0.8377
vn 0.1636 -0.5103 -0.8443
vn -0.0000 -0.5189 -0.8548
vn -0.0000 -0.5271 -0.8498
vn -0.1678 -0.5196 -0.8377
vn -0.1636 -0.5103 -0.8443
vn -0.1321 -0.6231 -0.7709
vn -0.1515 -0.6300 -0.7617
vn -0.1222 -0.7795 -0.6144
vn -0.1011 -0.7749 -0.6240
vn -0.0000 -0.5113 -0.8594
vn -0.1697 -0.5195 -0.8375
vn -0.1658 -0.5079 -0.8453
vn -0.1766 -0.0478 -0.9831
vn -0.1949 -0.0477 -0.9797
vn 0.9997 -0.0136 -0.0219
vn 0.9996 -0.0170 -0.0215
vn -0.1684 -0.5196 -0.8377
vn 0.1658 -0.5079 -0.8453
vn 0.1697 -0.5195 -0.8375
vn -0.1688 -0.5195 -0.8376
vn -0.1736 -0.2597 -0.9500
vn -0.1881 -0.2654 -0.9456
vn -0.1734 -0.4581 -0.8718
vn -0.1548 -0.4508 -0.8791
vn 0.9989 -0.0161 -0.0438
vn 0.9968 -0.0537 -0.0590
vn 0.9988 -0.0371 -0.0304
vn 0.9996 -0.0157 -0.0253
vn 0.1684 -0.5196 -0.8377
vn 0.1688 -0.5195 -0.8376
vn -0.1951 0.0107 -0.9807
vn -0.3827 0.0107 -0.9238
vn 0.1012 -0.7749 -0.6240
vn 0.9987 -0.0029 -0.0513
vn 0.9968 -0.0270 -0.0757
vn -0.9968 -0.0270 -0.0757
vn -0.9987 -0.0029 -0.0513
vn -0.1193 -0.7912 -0.5998
vn -0.0956 -0.7875 -0.6089
vn 0.2431 -0.0106 -0.9699
vn 0.2456 -0.0199 -0.9692
vn -0.0000 -0.0264 -0.9997
vn 0.0956 -0.7875 -0.6089
vn -0.2431 -0.0106 -0.9699
vn -0.2456 -0.0199 -0.9692
vn -0.9318 -0.0107 0.3629
vn -0.9322 -0.0141 0.3616
vn -0.9363 -0.0213 0.3506
vn -0.9318 -0.0057 0.3628
vn -0.9345 -0.0370 0.3541
vn -0.9435 -0.0537 0.3270
vn -0.9396 -0.0161 0.3418
vn -0.9332 -0.0157 0.3591
vn -0.2345 -0.0066 -0.9721
vn -0.2131 -0.0478 -0.9759
vn 0.9155 -0.0057 -0.4023
vn 0.9100 -0.0213 -0.4141
vn 0.9149 -0.0141 -0.4035
vn 0.9155 -0.0107 -0.4023
vn -0.1730 -0.6231 -0.7628
vn -0.1934 -0.4508 -0.8714
vn -0.5556 -0.0000 -0.8315
vn -0.5529 -0.0984 -0.8274
vn -0.6288 -0.0941 -0.7719
vn -0.0011 1.0000 -0.0027
vn -0.0006 1.0000 -0.0009
vn -0.5554 -0.0236 -0.8312
vn -0.5215 -0.0066 -0.8532
vn -0.3826 -0.0228 -0.9236
vn -0.3813 -0.0848 -0.9206
vn -0.2032 -0.2597 -0.9441
vn -0.9318 -0.0170 0.3626
vn -0.9320 -0.0136 0.3623
vn -0.4725 -0.0941 -0.8763
vn -0.1656 -0.5196 -0.8382
vn -0.1720 -0.5103 -0.8426
vn -0.3271 -0.5189 -0.7898
vn -0.3252 -0.5271 -0.7851
vn -0.4756 -0.5196 -0.7098
vn -0.4742 -0.5103 -0.7174
vn -0.4170 -0.6231 -0.6617
vn -0.4314 -0.6300 -0.6457
vn -0.3480 -0.7795 -0.5209
vn -0.3322 -0.7749 -0.5378
vn -0.3289 -0.5113 -0.7940
vn -0.4773 -0.5195 -0.7088
vn -0.4766 -0.5079 -0.7175
vn -0.5394 -0.0478 -0.8407
vn -0.5549 -0.0477 -0.8305
vn 0.9152 -0.0136 -0.4028
vn 0.9153 -0.0170 -0.4024
vn -0.4761 -0.5196 -0.7094
vn -0.1703 -0.5079 -0.8444
vn -0.1637 -0.5195 -0.8387
vn -0.4765 -0.5195 -0.7092
vn -0.5239 -0.2597 -0.8112
vn -0.5356 -0.2654 -0.8017
vn -0.4938 -0.4581 -0.7391
vn -0.4795 -0.4508 -0.7529
vn 0.9061 -0.0161 -0.4227
vn 0.8984 -0.0537 -0.4360
vn 0.9112 -0.0371 -0.4103
vn 0.9138 -0.0157 -0.4059
vn -0.1650 -0.5196 -0.8383
vn -0.1645 -0.5195 -0.8385
vn -0.5555 0.0107 -0.8314
vn -0.7071 0.0107 -0.7071
vn -0.1453 -0.7749 -0.6152
vn 0.9030 -0.0029 -0.4296
vn 0.8919 -0.0270 -0.4514
vn -0.9499 -0.0270 0.3115
vn -0.9423 -0.0029 0.3348
vn -0.3398 -0.7912 -0.5085
vn -0.3214 -0.7875 -0.5259
vn -0.1465 -0.0106 -0.9891
vn -0.1440 -0.0199 -0.9894
vn -0.3825 -0.0264 -0.9236
vn -0.1447 -0.7875 -0.5991
vn -0.5958 -0.0106 -0.8031
vn -0.5978 -0.0199 -0.8014
vn -0.7220 -0.0107 0.6918
vn -0.7229 -0.0141 0.6908
vn -0.7308 -0.0213 0.6822
vn -0.7221 -0.0057 0.6918
vn -0.7278 -0.0370 0.6848
vn -0.7465 -0.0537 0.6632
vn -0.7373 -0.0161 0.6754
vn -0.7247 -0.0157 0.6889
vn -0.5887 -0.0066 -0.8084
vn -0.5703 -0.0478 -0.8201
vn 0.6918 -0.0057 -0.7221
vn 0.6822 -0.0213 -0.7308
vn 0.6908 -0.0141 -0.7229
vn 0.6918 -0.0107 -0.7220
vn -0.4518 -0.6231 -0.6385
vn -0.5121 -0.4508 -0.7311
vn -0.8315 -0.0000 -0.5556
vn -0.8274 -0.0984 -0.5529
vn -0.8763 -0.0941 -0.4725
vn -0.0021 1.0000 -0.0021
vn -0.0009 1.0000 -0.0006
vn -0.8312 -0.0236 -0.5554
vn -0.8084 -0.0066 -0.5887
vn -0.7069 -0.0228 -0.7069
vn -0.7045 -0.0848 -0.7046
vn -0.5490 -0.2597 -0.7945
vn -0.7221 -0.0170 0.6916
vn -0.7224 -0.0136 0.6914
vn -0.7719 -0.0941 -0.6288
vn -0.4737 -0.5196 -0.7110
vn -0.4814 -0.5103 -0.7126
vn -0.6045 -0.5189 -0.6044
vn -0.6009 -0.5271 -0.6009
vn -0.7110 -0.5196 -0.4737
vn -0.7127 -0.5103 -0.4814
vn -0.6385 -0.6231 -0.4518
vn -0.6457 -0.6300 -0.4315
vn -0.5208 -0.7795 -0.3480
vn -0.5127 -0.7749 -0.3697
vn -0.6077 -0.5113 -0.6077
vn -0.7122 -0.5195 -0.4722
vn -0.7149 -0.5079 -0.4805
vn -0.8200 -0.0478 -0.5703
vn -0.8305 -0.0477 -0.5549
vn 0.6914 -0.0136 -0.7224
vn 0.6916 -0.0170 -0.7221
vn -0.7114 -0.5196 -0.4732
vn -0.4805 -0.5079 -0.7149
vn -0.4722 -0.5195 -0.7122
vn -0.7117 -0.5195 -0.4729
vn -0.7945 -0.2597 -0.5490
vn -0.8017 -0.2654 -0.5357
vn -0.7391 -0.4581 -0.4939
vn -0.7311 -0.4508 -0.5121
vn 0.6754 -0.0161 -0.7373
vn 0.6631 -0.0537 -0.7466
vn 0.6848 -0.0371 -0.7278
vn 0.6889 -0.0157 -0.7247
vn -0.4732 -0.5196 -0.7114
vn -0.4729 -0.5195 -0.7117
vn -0.8314 0.0107 -0.5556
vn -0.9238 0.0107 -0.3827
vn -0.3697 -0.7749 -0.5127
vn 0.6699 -0.0029 -0.7424
vn 0.6513 -0.0270 -0.7583
vn -0.7583 -0.0270 0.6513
vn -0.7424 -0.0029 0.6699
vn -0.5085 -0.7912 -0.3398
vn -0.4982 -0.7875 -0.3629
vn -0.5139 -0.0106 -0.8578
vn -0.5116 -0.0199 -0.8590
vn -0.7069 -0.0264 -0.7069
vn -0.3629 -0.7875 -0.4982
vn -0.8578 -0.0106 -0.5139
vn -0.8590 -0.0199 -0.5116
vn -0.4023 -0.0107 0.9155
vn -0.4035 -0.0141 0.9149
vn -0.4141 -0.0213 0.9100
vn -0.4023 -0.0057 0.9155
vn -0.4103 -0.0370 0.9112
vn -0.4359 -0.0537 0.8984
vn -0.4227 -0.0161 0.9061
vn -0.4059 -0.0157 0.9138
vn -0.8532 -0.0067 -0.5215
vn -0.8407 -0.0478 -0.5394
vn 0.3628 -0.0057 -0.9318
vn 0.3506 -0.0213 -0.9363
vn 0.3616 -0.0141 -0.9322
vn 0.3629 -0.0107 -0.9318
vn -0.6617 -0.6231 -0.4170
vn -0.7529 -0.4508 -0.4794
vn -0.9808 -0.0000 -0.1951
vn -0.9760 -0.0984 -0.1941
vn -0.9904 -0.0941 -0.1012
vn -0.0027 1.0000 -0.0011
vn -0.0010 1.0000 -0.0002
vn -0.9805 -0.0236 -0.1950
vn -0.9721 -0.0066 -0.2345
vn -0.9236 -0.0228 -0.3826
vn -0.9205 -0.0848 -0.3813
vn -0.8112 -0.2597 -0.5239
vn -0.4025 -0.0170 0.9153
vn -0.4028 -0.0136 0.9152
vn -0.9537 -0.0941 -0.2855
vn -0.7098 -0.5196 -0.4756
vn -0.7174 -0.5103 -0.4742
vn -0.7898 -0.5189 -0.3271
vn -0.7851 -0.5271 -0.3252
vn -0.8382 -0.5196 -0.1656
vn -0.8426 -0.5103 -0.1720
vn -0.7628 -0.6231 -0.1730
vn -0.7617 -0.6300 -0.1515
vn -0.6144 -0.7795 -0.1222
vn -0.6152 -0.7749 -0.1453
vn -0.7940 -0.5113 -0.3289
vn -0.8387 -0.5195 -0.1637
vn -0.8444 -0.5079 -0.1703
vn -0.9759 -0.0478 -0.2131
vn -0.9797 -0.0477 -0.1949
vn 0.3623 -0.0136 -0.9320
vn 0.3626 -0.0170 -0.9318
vn -0.8383 -0.5196 -0.1650
vn -0.7175 -0.5079 -0.4766
vn -0.7088 -0.5195 -0.4773
vn -0.8385 -0.5195 -0.1645
vn -0.9441 -0.2597 -0.2032
vn -0.9456 -0.2654 -0.1881
vn -0.8718 -0.4581 -0.1734
vn -0.8714 -0.4508 -0.1934
vn 0.3418 -0.0161 -0.9396
vn 0.3270 -0.0537 -0.9435
vn 0.3541 -0.0371 -0.9345
vn 0.3591 -0.0157 -0.9332
vn -0.7095 -0.5196 -0.4761
vn -0.7092 -0.5195 -0.4765
vn -0.9807 0.0107 -0.1951
vn -0.9999 0.0107 -0.0000
vn -0.5378 -0.7749 -0.3322
vn 0.3348 -0.0029 -0.9423
vn 0.3115 -0.0270 -0.9499
vn -0.4514 -0.0270 0.8919
vn -0.4295 -0.0029 0.9030
vn -0.5998 -0.7912 -0.1193
vn -0.5991 -0.7875 -0.1447
vn -0.8031 -0.0106 -0.5958
vn -0.8014 -0.0199 -0.5978
vn -0.9236 -0.0264 -0.3825
vn -0.5259 -0.7875 -0.3214
vn -0.9891 -0.0106 -0.1465
vn -0.9894 -0.0199 -0.1440
vn -0.0213 -0.0107 0.9997
vn -0.0227 -0.0141 0.9996
vn -0.0343 -0.0213 0.9992
vn -0.0214 -0.0057 0.9998
vn -0.0304 -0.0370 0.9989
vn -0.0589 -0.0537 0.9968
vn -0.0438 -0.0161 0.9989
vn -0.0253 -0.0157 0.9996
vn -0.9878 -0.0066 -0.1553
vn -0.9831 -0.0478 -0.1766
vn -0.0214 -0.0057 -0.9998
vn -0.0343 -0.0213 -0.9992
vn -0.0227 -0.0141 -0.9996
vn -0.0213 -0.0107 -0.9997
vn -0.7709 -0.6231 -0.1321
vn -0.8791 -0.4508 -0.1548
vn -0.9808 -0.0000 0.1951
vn -0.9760 -0.0984 0.1941
vn -0.9537 -0.0941 0.2855
vn -0.0029 1.0000 -0.0000
vn -0.0010 1.0000 0.0002
vn -0.9805 -0.0236 0.1950
vn -0.9878 -0.0067 0.1553
vn -0.9997 -0.0228 -0.0000
vn -0.9964 -0.0848 -0.0000
vn -0.9500 -0.2597 -0.1736
vn -0.0216 -0.0170 0.9996
vn -0.0219 -0.0136 0.9997
vn -0.9904 -0.0941 0.1012
vn -0.8377 -0.5196 -0.1678
vn -0.8443 -0.5103 -0.1635
vn -0.8548 -0.5189 -0.0000
vn -0.8498 -0.5271 -0.0000
vn -0.8377 -0.5196 0.1678
vn -0.8443 -0.5103 0.1636
vn -0.7709 -0.6231 0.1321
vn -0.7617 -0.6300 0.1515
vn -0.6144 -0.7795 0.1222
vn -0.6240 -0.7749 0.1011
vn -0.8594 -0.5113 -0.0000
vn -0.8375 -0.5195 0.1697
vn -0.8453 -0.5079 0.1658
vn -0.9831 -0.0478 0.1766
vn -0.9797 -0.0477 0.1949
vn -0.0219 -0.0136 -0.9997
vn -0.0215 -0.0170 -0.9996
vn -0.8377 -0.5196 0.1684
vn -0.8453 -0.5079 -0.1658
vn -0.8375 -0.5195 -0.1697
vn -0.8376 -0.5195 0.1688
vn -0.9500 -0.2597 0.1736
vn -0.9456 -0.2654 0.1881
vn -0.8718 -0.4581 0.1734
vn -0.8791 -0.4508 0.1548
vn -0.0438 -0.0161 -0.9989
vn -0.0590 -0.0537 -0.9968
vn -0.0304 -0.0371 -0.9988
vn -0.0253 -0.0157 -0.9996
vn -0.8377 -0.5196 -0.1684
vn -0.8376 -0.5195 -0.1688
vn -0.9807 0.0107 0.1951
vn -0.9238 0.0107 0.3827
vn -0.6240 -0.7749 -0.1012
vn -0.0513 -0.0029 -0.9987
vn -0.0757 -0.0270 -0.9968
vn -0.0757 -0.0270 0.9968
vn -0.0513 -0.0029 0.9987
vn -0.5998 -0.7912 0.1193
vn -0.6089 -0.7875 0.0956
vn -0.9699 -0.0106 -0.2431
vn -0.9692 -0.0199 -0.2456
vn -0.9997 -0.0264 -0.0000
vn -0.6089 -0.7875 -0.0956
vn -0.9699 -0.0106 0.2431
vn -0.9692 -0.0199 0.2456
vn 0.3629 -0.0107 0.9318
vn 0.3616 -0.0141 0.9322
vn 0.3506 -0.0213 0.9363
vn 0.3628 -0.0057 0.9318
vn 0.3541 -0.0370 0.9345
vn 0.3270 -0.0537 0.9435
vn 0.3418 -0.0161 0.9396
vn 0.3591 -0.0157 0.9332
vn -0.9721 -0.0066 0.2345
vn -0.9759 -0.0478 0.2131
vn -0.4023 -0.0057 -0.9155
vn -0.4141 -0.0213 -0.9100
vn -0.4035 -0.0141 -0.9149
vn -0.4023 -0.0107 -0.9155
vn -0.7628 -0.6231 0.1730
vn -0.8714 -0.4508 0.1934
vn -0.8315 -0.0000 0.5556
vn -0.8274 -0.0984 0.5529
vn -0.7719 -0.0941 0.6288
vn -0.0027 1.0000 0.0011
vn -0.0009 1.0000 0.0006
vn -0.8312 -0.0236 0.5554
vn -0.8532 -0.0066 0.5215
vn -0.9236 -0.0228 0.3826
vn -0.9206 -0.0848 0.3813
vn -0.9441 -0.2597 0.2032
vn 0.3626 -0.0170 0.9318
vn 0.3623 -0.0136 0.9320
vn -0.8763 -0.0941 0.4725
vn -0.8382 -0.5196 0.1656
vn -0.8426 -0.5103 0.1720
vn -0.7898 -0.5189 0.3271
vn -0.7851 -0.5271 0.3252
vn -0.7098 -0.5196 0.4756
vn -0.7174 -0.5103 0.4742
vn -0.6617 -0.6231 0.4170
vn -0.6457 -0.6300 0.4314
vn -0.5209 -0.7795 0.3480
vn -0.5378 -0.7749 0.3322
vn -0.7940 -0.5113 0.3289
vn -0.7088 -0.5195 0.4773
vn -0.7175 -0.5079 0.4766
vn -0.8407 -0.0478 0.5394
vn -0.8305 -0.0477 0.5549
vn -0.4028 -0.0136 -0.9152
vn -0.4024 -0.0170 -0.9153
vn -0.7095 -0.5196 0.4761
vn -0.8444 -0.5079 0.1703
vn -0.8387 -0.5195 0.1637
vn -0.7092 -0.5196 0.4765
vn -0.8112 -0.2597 0.5239
vn -0.8017 -0.2654 0.5356
vn -0.7391 -0.4581 0.4938
vn -0.7529 -0.4508 0.4795
vn -0.4227 -0.0161 -0.9061
vn -0.4360 -0.0537 -0.8984
vn -0.4103 -0.0371 -0.9112
vn -0.4059 -0.0157 -0.9138
vn -0.8383 -0.5196 0.1650
vn -0.8384 -0.5195 0.1645
vn -0.8314 0.0107 0.5555
vn -0.7071 0.0107 0.7071
vn -0.6152 -0.7749 0.1453
vn -0.4296 -0.0029 -0.9030
vn -0.4514 -0.0270 -0.8919
vn 0.3115 -0.0270 0.9499
vn 0.3348 -0.0029 0.9423
vn -0.5085 -0.7912 0.3398
vn -0.5259 -0.7875 0.3214
vn -0.9891 -0.0106 0.1465
vn -0.9894 -0.0199 0.1440
vn -0.9236 -0.0264 0.3826
vn -0.5991 -0.7875 0.1447
vn -0.8031 -0.0106 0.5958
vn -0.8014 -0.0199 0.5978
vn 0.6918 -0.0107 0.7220
vn 0.6908 -0.0141 0.7229
vn 0.6822 -0.0213 0.7308
vn 0.6918 -0.0057 0.7221
vn 0.6848 -0.0370 0.7278
vn 0.6632 -0.0537 0.7465
vn 0.6754 -0.0161 0.7373
vn 0.6889 -0.0157 0.7247
vn -0.8084 -0.0066 0.5887
vn -0.8201 -0.0478 0.5703
vn -0.7221 -0.0057 -0.6918
vn -0.7308 -0.0213 -0.6822
vn -0.7229 -0.0141 -0.6908
vn -0.7220 -0.0107 -0.6918
vn -0.6385 -0.6231 0.4518
vn -0.7311 -0.4508 0.5121
vn -0.5556 -0.0000 0.8315
vn -0.5529 -0.0984 0.8274
vn -0.4725 -0.0941 0.8763
vn -0.0020 1.0000 0.0020
vn -0.0006 1.0000 0.0009
vn -0.5554 -0.0236 0.8312
vn -0.5887 -0.0066 0.8084
vn -0.7069 -0.0228 0.7069
vn -0.7046 -0.0848 0.7045
vn -0.7945 -0.2597 0.5490
vn 0.6916 -0.0170 0.7221
vn 0.6914 -0.0136 0.7224
vn -0.6288 -0.0941 0.7719
vn -0.7110 -0.5196 0.4737
vn -0.7126 -0.5103 0.4814
vn -0.6045 -0.5189 0.6045
vn -0.6009 -0.5271 0.6009
vn -0.4737 -0.5196 0.7110
vn -0.4814 -0.5103 0.7127
vn -0.4518 -0.6231 0.6385
vn -0.4315 -0.6300 0.6457
vn -0.3480 -0.7795 0.5208
vn -0.3697 -0.7749 0.5127
vn -0.6077 -0.5113 0.6077
vn -0.4722 -0.5195 0.7122
vn -0.4805 -0.5079 0.7149
vn -0.5703 -0.0478 0.8200
vn -0.5549 -0.0477 0.8305
vn -0.7224 -0.0136 -0.6914
vn -0.7221 -0.0170 -0.6916
vn -0.4732 -0.5196 0.7114
vn -0.7149 -0.5079 0.4805
vn -0.7122 -0.5195 0.4722
vn -0.4729 -0.5195 0.7117
vn -0.5490 -0.2597 0.7945
vn -0.5357 -0.2654 0.8017
vn -0.4939 -0.4581 0.7391
vn -0.5121 -0.4508 0.7311
vn -0.7373 -0.0161 -0.6754
vn -0.7466 -0.0537 -0.6631
vn -0.7278 -0.0371 -0.6848
vn -0.7247 -0.0157 -0.6889
vn -0.7114 -0.5196 0.4732
vn -0.7117 -0.5195 0.4729
vn -0.5555 0.0107 0.8314
vn -0.3827 0.0107 0.9238
vn -0.5127 -0.7749 0.3697
vn -0.7424 -0.0029 -0.6699
vn -0.7583 -0.0270 -0.6513
vn 0.6513 -0.0270 0.7583
vn 0.6699 -0.0029 0.7424
vn -0.3398 -0.7912 0.5085
vn -0.3629 -0.7875 0.4982
vn -0.8578 -0.0106 0.5139
vn -0.8590 -0.0199 0.5116
vn -0.7069 -0.0264 0.7069
vn -0.4982 -0.7874 0.3629
vn -0.5139 -0.0106 0.8578
vn -0.5116 -0.0199 0.8590
vn 0.9155 -0.0107 0.4023
vn 0.9149 -0.0141 0.4035
vn 0.9100 -0.0213 0.4141
vn 0.9155 -0.0057 0.4023
vn 0.9112 -0.0370 0.4104
vn 0.8984 -0.0537 0.4359
vn 0.9061 -0.0161 0.4227
vn 0.9138 -0.0157 0.4059
vn -0.5215 -0.0066 0.8532
vn -0.5394 -0.0478 0.8407
vn -0.9318 -0.0057 -0.3628
vn -0.9363 -0.0213 -0.3506
vn -0.9322 -0.0141 -0.3616
vn -0.9318 -0.0107 -0.3629
vn -0.4170 -0.6231 0.6617
vn -0.4794 -0.4508 0.7529
vn -0.0011 1.0000 0.0027
vn -0.0002 1.0000 0.0010
vn -0.2345 -0.0066 0.9721
vn -0.3826 -0.0228 0.9237
vn -0.3813 -0.0848 0.9205
vn -0.5239 -0.2597 0.8112
vn 0.9153 -0.0170 0.4025
vn 0.9152 -0.0136 0.4028
vn -0.2855 -0.0941 0.9537
vn -0.4756 -0.5196 0.7098
vn -0.4742 -0.5103 0.7174
vn -0.3271 -0.5189 0.7898
vn -0.3252 -0.5271 0.7851
vn -0.1656 -0.5196 0.8382
vn -0.1720 -0.5103 0.8426
vn -0.1730 -0.6231 0.7628
vn -0.1453 -0.7749 0.6152
vn -0.3289 -0.5113 0.7940
vn -0.1637 -0.5195 0.8387
vn -0.1703 -0.5079 0.8444
vn -0.2131 -0.0478 0.9759
vn -0.9320 -0.0136 -0.3623
vn -0.9318 -0.0170 -0.3626
vn -0.1650 -0.5196 0.8383
vn -0.4766 -0.5079 0.7175
vn -0.4773 -0.5195 0.7088
vn -0.1646 -0.5195 0.8384
vn -0.2032 -0.2597 0.9441
vn -0.1934 -0.4508 0.8714
vn -0.9396 -0.0161 -0.3418
vn -0.9435 -0.0537 -0.3270
vn -0.9345 -0.0371 -0.3541
vn -0.9332 -0.0157 -0.3591
vn -0.4761 -0.5196 0.7095
vn -0.4765 -0.5195 0.7092
vn -0.3322 -0.7749 0.5378
vn -0.9423 -0.0029 -0.3348
vn -0.9499 -0.0270 -0.3115
vn 0.8919 -0.0270 0.4514
vn 0.9030 -0.0029 0.4295
vn -0.1447 -0.7875 0.5991
vn -0.5958 -0.0106 0.8031
vn -0.5978 -0.0199 0.8014
vn -0.3825 -0.0264 0.9236
vn -0.3214 -0.7874 0.5260
vn -0.1465 -0.0106 0.9891
vn -0.1440 -0.0199 0.9894
vn -0.1950 -0.0352 -0.9802
vn -0.1950 0.0352 -0.9802
vn -0.0000 0.0352 -0.9994
vn -0.0000 -0.0352 -0.9994
vn -0.7067 -0.0352 -0.7067
vn -0.7067 0.0352 -0.7067
vn -0.5552 0.0352 -0.8310
vn -0.5552 -0.0352 -0.8310
vn 0.1950 -0.0352 0.9802
vn 0.1950 0.0352 0.9802
vn -0.0000 0.0352 0.9994
vn -0.0000 -0.0352 0.9994
vn 0.3824 -0.0352 -0.9233
vn 0.3824 0.0352 -0.9233
vn 0.5552 0.0352 -0.8310
vn 0.5552 -0.0352 -0.8310
vn -0.3824 0.0352 -0.9233
vn -0.3824 -0.0352 -0.9233
vn -0.1950 0.0352 0.9802
vn -0.1950 -0.0352 0.9802
vn 0.7067 0.0352 -0.7067
vn 0.7067 -0.0352 -0.7067
vn -0.3824 0.0352 0.9233
vn -0.3824 -0.0352 0.9233
vn 0.8310 0.0352 -0.5552
vn 0.8310 -0.0352 -0.5552
vn -0.5552 0.0352 0.8310
vn -0.5552 -0.0352 0.8310
vn 0.9233 0.0352 -0.3824
vn 0.9233 -0.0352 -0.3824
vn 0.1950 -0.0352 -0.9802
vn 0.1950 0.0352 -0.9802
vn -0.7067 0.0352 0.7067
vn -0.7067 -0.0352 0.7067
vn 0.9802 0.0352 -0.1950
vn 0.9802 -0.0352 -0.1950
vn -0.8310 0.0352 0.5552
vn -0.8310 -0.0352 0.5552
vn 0.9994 0.0352 -0.0000
vn 0.9994 -0.0352 -0.0000
vn -0.9233 0.0352 0.3824
vn -0.9233 -0.0352 0.3824
vn 0.9802 0.0352 0.1950
vn 0.9802 -0.0352 0.1950
vn -0.9802 0.0352 0.1950
vn -0.9802 -0.0352 0.1950
vn 0.9233 0.0352 0.3824
vn 0.9233 -0.0352 0.3824
vn -0.9994 0.0352 -0.0000
vn -0.9994 -0.0352 -0.0000
vn 0.8310 0.0352 0.5552
vn 0.8310 -0.0352 0.5552
vn -0.9802 0.0352 -0.1950
vn -0.9802 -0.0352 -0.1950
vn 0.7067 0.0352 0.7067
vn 0.7067 -0.0352 0.7067
vn -0.9233 0.0352 -0.3824
vn -0.9233 -0.0352 -0.3824
vn 0.5552 0.0352 0.8310
vn 0.5552 -0.0352 0.8310
vn -0.8310 0.0352 -0.5552
vn -0.8310 -0.0352 -0.5552
vn 0.3824 0.0352 0.9233
vn 0.3824 -0.0352 0.9233
vn 0.1803 -0.3824 -0.9062
vn -0.0000 -0.3823 -0.9240
vn 0.1382 -0.7060 -0.6946
vn -0.0000 -0.7060 -0.7082
vn 0.0753 -0.9225 -0.3787
vn -0.0000 -0.9225 -0.3861
vn 0.0379 -0.9810 -0.1905
vn -0.0000 -0.9810 -0.1942
vn 0.3536 -0.3823 -0.8537
vn 0.2710 -0.7060 -0.6543
vn 0.1478 -0.9225 -0.3567
vn 0.0743 -0.9810 -0.1794
vn 0.5134 -0.3823 -0.7683
vn 0.3934 -0.7060 -0.5888
vn 0.2145 -0.9225 -0.3210
vn 0.1079 -0.9810 -0.1615
vn 0.6534 -0.3823 -0.6534
vn 0.5008 -0.7060 -0.5008
vn 0.2730 -0.9225 -0.2730
vn 0.1373 -0.9810 -0.1373
vn 0.7683 -0.3823 -0.5134
vn 0.5889 -0.7060 -0.3935
vn 0.3210 -0.9225 -0.2145
vn 0.1615 -0.9810 -0.1079
vn 0.8537 -0.3824 -0.3536
vn 0.6543 -0.7060 -0.2710
vn 0.3567 -0.9225 -0.1478
vn 0.1794 -0.9810 -0.0743
vn 0.9062 -0.3824 -0.1803
vn 0.6946 -0.7060 -0.1382
vn 0.3787 -0.9225 -0.0753
vn 0.1905 -0.9810 -0.0379
vn 0.9240 -0.3824 -0.0000
vn 0.7082 -0.7060 -0.0000
vn 0.3861 -0.9225 -0.0000
vn 0.1942 -0.9810 -0.0000
vn 0.9063 -0.3823 0.1803
vn 0.6946 -0.7060 0.1382
vn 0.3787 -0.9225 0.0753
vn 0.1905 -0.9810 0.0379
vn 0.8537 -0.3823 0.3536
vn 0.6543 -0.7060 0.2710
vn 0.3567 -0.9225 0.1478
vn 0.1794 -0.9810 0.0743
vn 0.7683 -0.3823 0.5134
vn 0.5888 -0.7060 0.3934
vn 0.3210 -0.9225 0.2145
vn 0.1615 -0.9810 0.1079
vn 0.6534 -0.3823 0.6534
vn 0.5008 -0.7060 0.5008
vn 0.2730 -0.9225 0.2730
vn 0.1373 -0.9810 0.1373
vn 0.5134 -0.3823 0.7683
vn 0.3935 -0.7060 0.5889
vn 0.2145 -0.9225 0.3210
vn 0.1079 -0.9810 0.1615
vn 0.3536 -0.3823 0.8537
vn 0.2710 -0.7060 0.6543
vn 0.1478 -0.9225 0.3567
vn 0.0743 -0.9810 0.1794
vn 0.1803 -0.3823 0.9063
vn 0.1382 -0.7060 0.6946
vn 0.0753 -0.9225 0.3787
vn 0.0379 -0.9810 0.1905
vn -0.0000 -0.3824 0.9240
vn -0.0000 -0.7060 0.7082
vn -0.0000 -0.9225 0.3861
vn -0.0000 -0.9810 0.1942
vn -0.1803 -0.3823 0.9063
vn -0.1382 -0.7060 0.6946
vn -0.0753 -0.9225 0.3787
vn -0.0379 -0.9810 0.1905
vn -0.3536 -0.3823 0.8537
vn -0.2710 -0.7060 0.6543
vn -0.1478 -0.9225 0.3567
vn -0.0743 -0.9810 0.1794
vn -0.5134 -0.3823 0.7683
vn -0.3934 -0.7060 0.5888
vn -0.2145 -0.9225 0.3210
vn -0.1079 -0.9810 0.1615
vn -0.6534 -0.3824 0.6534
vn -0.5008 -0.7060 0.5008
vn -0.2730 -0.9225 0.2730
vn -0.1373 -0.9810 0.1373
vn -0.7683 -0.3823 0.5134
vn -0.5889 -0.7060 0.3935
vn -0.3210 -0.9225 0.2145
vn -0.1615 -0.9810 0.1079
vn -0.8537 -0.3824 0.3536
vn -0.6543 -0.7060 0.2710
vn -0.3567 -0.9225 0.1478
vn -0.1794 -0.9810 0.0743
vn -0.9063 -0.3823 0.1803
vn -0.6946 -0.7060 0.1382
vn -0.3787 -0.9225 0.0753
vn -0.1905 -0.9810 0.0379
vn -0.9240 -0.3823 -0.0000
vn -0.7082 -0.7060 -0.0000
vn -0.3861 -0.9225 -0.0000
vn -0.1942 -0.9810 -0.0000
vn -0.9063 -0.3823 -0.1803
vn -0.6946 -0.7060 -0.1382
vn -0.3787 -0.9225 -0.0753
vn -0.1905 -0.9810 -0.0379
vn -0.8537 -0.3823 -0.3536
vn -0.6543 -0.7060 -0.2710
vn -0.3567 -0.9225 -0.1478
vn -0.1794 -0.9810 -0.0743
vn -0.7683 -0.3823 -0.5134
vn -0.5889 -0.7060 -0.3935
vn -0.3210 -0.9225 -0.2145
vn -0.1615 -0.9810 -0.1079
vn -0.6534 -0.3823 -0.6534
vn -0.5008 -0.7060 -0.5008
vn -0.2730 -0.9225 -0.2730
vn -0.1373 -0.9810 -0.1373
vn -0.5134 -0.3823 -0.7683
vn -0.3934 -0.7060 -0.5888
vn -0.2145 -0.9225 -0.3210
vn -0.1079 -0.9810 -0.1615
vn -0.3536 -0.3823 -0.8537
vn -0.2710 -0.7060 -0.6543
vn -0.1478 -0.9225 -0.3567
vn -0.0743 -0.9810 -0.1794
vn -0.1803 -0.3824 -0.9062
vn -0.1382 -0.7060 -0.6946
vn -0.0753 -0.9225 -0.3787
vn -0.0379 -0.9810 -0.1905
vn 0.6978 -0.0143 0.7161
vn 0.2388 -0.2253 0.9446
vn 0.0991 -0.2434 0.9649
vn 0.6844 -0.3712 0.6275
vn 0.7066 -0.3657 0.6058
vn 0.6063 -0.2246 0.7629
vn 0.1811 -0.2675 0.9464
vn 0.7221 -0.0122 0.6917
vn 0.7180 -0.5463 0.4314
vn 0.3624 -0.2901 0.8857
vn 0.7022 -0.0409 0.7108
vn 0.1050 -0.4380 0.8928
vn 0.1542 -0.0577 0.9864
vn -0.2456 -0.0199 0.9692
vn -0.7221 -0.0122 0.6917
vn -0.6063 -0.2246 0.7629
vn -0.1811 -0.2675 0.9464
vn -0.7066 -0.3657 0.6058
vn -0.7022 -0.0409 0.7108
vn -0.3624 -0.2901 0.8857
vn -0.7179 -0.5463 0.4315
vn -0.2431 -0.0106 0.9699
vn -0.1541 -0.0577 0.9864
vn -0.1050 -0.4380 0.8928
vn -0.6978 -0.0143 0.7161
vn -0.2388 -0.2253 0.9446
vn -0.6844 -0.3712 0.6275
vn -0.0991 -0.2434 0.9649
vn 0.9188 -0.0143 0.3946
vn 0.5821 -0.2253 0.7813
vn 0.4608 -0.2434 0.8535
vn 0.8724 -0.3712 0.3179
vn 0.8847 -0.3657 0.2893
vn 0.8521 -0.2246 0.4728
vn 0.5295 -0.2675 0.8050
vn 0.9318 -0.0122 0.3627
vn 0.8284 -0.5463 0.1238
vn 0.6738 -0.2901 0.6796
vn 0.9208 -0.0409 0.3880
vn 0.4387 -0.4380 0.7847
vn 0.5199 -0.0577 0.8523
vn -0.4024 -0.0122 0.9154
vn -0.2682 -0.2246 0.9368
vn 0.1948 -0.2675 0.9437
vn -0.4210 -0.3657 0.8301
vn -0.3767 -0.0409 0.9254
vn 0.0041 -0.2901 0.9570
vn -0.4981 -0.5463 0.6734
vn 0.2350 -0.0577 0.9703
vn 0.2447 -0.4380 0.8650
vn -0.3706 -0.0143 0.9287
vn 0.1409 -0.2253 0.9640
vn -0.3922 -0.3712 0.8417
vn 0.2777 -0.2434 0.9293
vn 0.9998 -0.0143 0.0130
vn 0.8368 -0.2253 0.4991
vn 0.7523 -0.2434 0.6122
vn 0.9277 -0.3712 -0.0402
vn 0.9280 -0.3657 -0.0713
vn 0.9681 -0.2246 0.1107
vn 0.7973 -0.2675 0.5411
vn 0.9997 -0.0122 -0.0215
vn 0.8127 -0.5463 -0.2026
vn 0.8826 -0.2901 0.3700
vn 0.9991 -0.0409 0.0061
vn 0.7056 -0.4380 0.5571
vn 0.8065 -0.0577 0.5885
vn -0.0214 -0.0122 0.9997
vn 0.1107 -0.2246 0.9681
vn 0.5411 -0.2675 0.7973
vn -0.0713 -0.3657 0.9280
vn 0.0061 -0.0409 0.9991
vn 0.3700 -0.2901 0.8826
vn -0.2025 -0.5463 0.8127
vn 0.5885 -0.0577 0.8065
vn 0.5571 -0.4380 0.7056
vn 0.0130 -0.0143 0.9998
vn 0.4991 -0.2253 0.8367
vn -0.0402 -0.3712 0.9277
vn 0.6122 -0.2434 0.7523
vn 0.9287 -0.0143 -0.3706
vn 0.9640 -0.2253 0.1409
vn 0.9293 -0.2434 0.2777
vn 0.8417 -0.3712 -0.3922
vn 0.8301 -0.3657 -0.4210
vn 0.9368 -0.2246 -0.2682
vn 0.9437 -0.2675 0.1948
vn 0.9154 -0.0122 -0.4024
vn 0.6733 -0.5463 -0.4982
vn 0.9570 -0.2901 0.0041
vn 0.9254 -0.0409 -0.3767
vn 0.8650 -0.4380 0.2447
vn 0.9703 -0.0577 0.2350
vn 0.3627 -0.0122 0.9318
vn 0.4728 -0.2246 0.8521
vn 0.8050 -0.2675 0.5295
vn 0.2893 -0.3657 0.8847
vn 0.3880 -0.0409 0.9207
vn 0.6796 -0.2901 0.6738
vn 0.1239 -0.5463 0.8283
vn 0.8523 -0.0577 0.5199
vn 0.7847 -0.4380 0.4387
vn 0.3946 -0.0143 0.9187
vn 0.7813 -0.2253 0.5821
vn 0.3179 -0.3712 0.8724
vn 0.8535 -0.2434 0.4608
vn 0.7161 -0.0143 -0.6978
vn 0.9446 -0.2253 -0.2388
vn 0.9649 -0.2434 -0.0991
vn 0.6275 -0.3712 -0.6844
vn 0.6058 -0.3657 -0.7066
vn 0.7629 -0.2246 -0.6063
vn 0.9464 -0.2675 -0.1811
vn 0.6917 -0.0122 -0.7221
vn 0.4314 -0.5463 -0.7180
vn 0.8857 -0.2901 -0.3624
vn 0.7108 -0.0409 -0.7022
vn 0.8928 -0.4380 -0.1050
vn 0.9864 -0.0577 -0.1542
vn 0.6917 -0.0122 0.7221
vn 0.7629 -0.2246 0.6063
vn 0.9464 -0.2675 0.1811
vn 0.6058 -0.3657 0.7066
vn 0.7108 -0.0409 0.7022
vn 0.8857 -0.2901 0.3624
vn 0.4315 -0.5463 0.7179
vn 0.9864 -0.0577 0.1542
vn 0.8928 -0.4380 0.1050
vn 0.7161 -0.0143 0.6978
vn 0.9446 -0.2253 0.2388
vn 0.6275 -0.3712 0.6844
vn 0.9649 -0.2434 0.0991
vn 0.3946 -0.0143 -0.9188
vn 0.7813 -0.2253 -0.5821
vn 0.8535 -0.2434 -0.4608
vn 0.3179 -0.3712 -0.8724
vn 0.2893 -0.3657 -0.8847
vn 0.4728 -0.2246 -0.8521
vn 0.8050 -0.2675 -0.5295
vn 0.3627 -0.0122 -0.9318
vn 0.1238 -0.5463 -0.8284
vn 0.6796 -0.2901 -0.6738
vn 0.3880 -0.0409 -0.9208
vn 0.7847 -0.4380 -0.4387
vn 0.8523 -0.0577 -0.5199
vn 0.9154 -0.0122 0.4024
vn 0.9368 -0.2246 0.2682
vn 0.9437 -0.2675 -0.1948
vn 0.8301 -0.3657 0.4210
vn 0.9254 -0.0409 0.3767
vn 0.9570 -0.2901 -0.0041
vn 0.6734 -0.5463 0.4981
vn 0.9703 -0.0577 -0.2350
vn 0.8650 -0.4380 -0.2447
vn 0.9287 -0.0143 0.3706
vn 0.9640 -0.2253 -0.1409
vn 0.8417 -0.3712 0.3922
vn 0.9293 -0.2434 -0.2777
vn 0.0130 -0.0143 -0.9998
vn 0.4991 -0.2253 -0.8368
vn 0.6122 -0.2434 -0.7523
vn -0.0402 -0.3712 -0.9277
vn -0.0713 -0.3657 -0.9280
vn 0.1107 -0.2246 -0.9681
vn 0.5411 -0.2675 -0.7973
vn -0.0215 -0.0122 -0.9997
vn -0.2026 -0.5463 -0.8127
vn 0.3700 -0.2901 -0.8826
vn 0.0061 -0.0409 -0.9991
vn 0.5571 -0.4380 -0.7056
vn 0.5885 -0.0577 -0.8065
vn 0.9997 -0.0122 0.0214
vn 0.9681 -0.2246 -0.1107
vn 0.7973 -0.2675 -0.5411
vn 0.9280 -0.3657 0.0713
vn 0.9991 -0.0409 -0.0061
vn 0.8826 -0.2901 -0.3700
vn 0.8127 -0.5463 0.2025
vn 0.8065 -0.0577 -0.5885
vn 0.7056 -0.4380 -0.5571
vn 0.9998 -0.0143 -0.0130
vn 0.8368 -0.2253 -0.4991
vn 0.9277 -0.3712 0.0402
vn 0.7523 -0.2434 -0.6122
vn -0.3706 -0.0143 -0.9287
vn 0.1409 -0.2253 -0.9640
vn 0.2777 -0.2434 -0.9293
vn -0.3922 -0.3712 -0.8417
vn -0.4210 -0.3657 -0.8301
vn -0.2682 -0.2246 -0.9368
vn 0.1948 -0.2675 -0.9437
vn -0.4024 -0.0122 -0.9154
vn -0.4982 -0.5463 -0.6733
vn 0.0041 -0.2901 -0.9570
vn -0.3767 -0.0409 -0.9254
vn 0.2447 -0.4380 -0.8650
vn 0.2350 -0.0577 -0.9703
vn 0.9318 -0.0122 -0.3627
vn 0.8521 -0.2246 -0.4728
vn 0.5295 -0.2675 -0.8050
vn 0.8847 -0.3657 -0.2893
vn 0.9207 -0.0409 -0.3880
vn 0.6738 -0.2901 -0.6796
vn 0.8283 -0.5463 -0.1239
vn 0.5199 -0.0577 -0.8523
vn 0.4387 -0.4380 -0.7847
vn 0.9187 -0.0143 -0.3946
vn 0.5821 -0.2253 -0.7813
vn 0.8724 -0.3712 -0.3179
vn 0.4608 -0.2434 -0.8535
vn -0.6978 -0.0143 -0.7161
vn -0.2388 -0.2253 -0.9446
vn -0.0991 -0.2434 -0.9649
vn -0.6844 -0.3712 -0.6275
vn -0.7066 -0.3657 -0.6058
vn -0.6063 -0.2246 -0.7629
vn -0.1811 -0.2675 -0.9464
vn -0.7221 -0.0122 -0.6917
vn -0.7180 -0.5463 -0.4314
vn -0.3624 -0.2901 -0.8857
vn -0.7022 -0.0409 -0.7108
vn -0.1050 -0.4380 -0.8928
vn -0.1542 -0.0577 -0.9864
vn 0.7221 -0.0122 -0.6917
vn 0.6063 -0.2246 -0.7629
vn 0.1811 -0.2675 -0.9464
vn 0.7066 -0.3657 -0.6058
vn 0.7022 -0.0409 -0.7108
vn 0.3624 -0.2901 -0.8857
vn 0.7179 -0.5463 -0.4315
vn 0.1541 -0.0577 -0.9864
vn 0.1050 -0.4380 -0.8928
vn 0.6978 -0.0143 -0.7161
vn 0.2388 -0.2253 -0.9446
vn 0.6844 -0.3712 -0.6275
vn 0.0991 -0.2434 -0.9649
vn -0.9188 -0.0143 -0.3946
vn -0.5821 -0.2253 -0.7813
vn -0.4608 -0.2434 -0.8535
vn -0.8725 -0.3712 -0.3179
vn -0.8847 -0.3657 -0.2893
vn -0.8521 -0.2246 -0.4728
vn -0.5295 -0.2675 -0.8050
vn -0.9318 -0.0122 -0.3627
vn -0.8284 -0.5463 -0.1238
vn -0.6738 -0.2901 -0.6796
vn -0.9208 -0.0409 -0.3880
vn -0.4387 -0.4380 -0.7847
vn -0.5199 -0.0577 -0.8523
vn 0.4024 -0.0122 -0.9154
vn 0.2682 -0.2246 -0.9368
vn -0.1948 -0.2675 -0.9437
vn 0.4210 -0.3657 -0.8301
vn 0.3767 -0.0409 -0.9254
vn -0.0041 -0.2901 -0.9570
vn 0.4981 -0.5463 -0.6734
vn -0.2350 -0.0577 -0.9703
vn -0.2447 -0.4380 -0.8650
vn 0.3706 -0.0143 -0.9287
vn -0.1409 -0.2253 -0.9640
vn 0.3922 -0.3712 -0.8417
vn -0.2777 -0.2434 -0.9293
vn -0.9998 -0.0143 -0.0130
vn -0.8368 -0.2253 -0.4991
vn -0.7523 -0.2434 -0.6122
vn -0.9277 -0.3712 0.0402
vn -0.9280 -0.3657 0.0713
vn -0.9681 -0.2246 -0.1107
vn -0.7973 -0.2675 -0.5411
vn -0.9997 -0.0122 0.0215
vn -0.8127 -0.5463 0.2026
vn -0.8826 -0.2901 -0.3700
vn -0.9991 -0.0409 -0.0061
vn -0.7056 -0.4380 -0.5571
vn -0.8065 -0.0577 -0.5885
vn 0.0214 -0.0122 -0.9997
vn -0.1107 -0.2246 -0.9681
vn -0.5411 -0.2675 -0.7973
vn 0.0713 -0.3657 -0.9280
vn -0.0061 -0.0409 -0.9991
vn -0.3700 -0.2901 -0.8826
vn 0.2025 -0.5463 -0.8127
vn -0.5885 -0.0577 -0.8065
vn -0.5571 -0.4380 -0.7056
vn -0.0130 -0.0143 -0.9998
vn -0.4991 -0.2253 -0.8367
vn 0.0402 -0.3712 -0.9277
vn -0.6122 -0.2434 -0.7523
vn -0.9287 -0.0143 0.3706
vn -0.9640 -0.2253 -0.1409
vn -0.9293 -0.2434 -0.2777
vn -0.8417 -0.3712 0.3922
vn -0.8301 -0.3657 0.4210
vn -0.9368 -0.2246 0.2682
vn -0.9437 -0.2675 -0.1948
vn -0.9154 -0.0122 0.4024
vn -0.6733 -0.5463 0.4982
vn -0.9570 -0.2901 -0.0041
vn -0.9254 -0.0409 0.3767
vn -0.8650 -0.4380 -0.2447
vn -0.9703 -0.0577 -0.2350
vn -0.3627 -0.0122 -0.9318
vn -0.4728 -0.2246 -0.8521
vn -0.8050 -0.2675 -0.5295
vn -0.2893 -0.3657 -0.8847
vn -0.3880 -0.0409 -0.9207
vn -0.6796 -0.2901 -0.6738
vn -0.1239 -0.5463 -0.8283
vn -0.8523 -0.0577 -0.5199
vn -0.7847 -0.4380 -0.4387
vn -0.3946 -0.0143 -0.9187
vn -0.7813 -0.2253 -0.5821
vn -0.3179 -0.3712 -0.8724
vn -0.8535 -0.2434 -0.4608
vn -0.7161 -0.0143 0.6978
vn -0.9446 -0.2253 0.2388
vn -0.9649 -0.2434 0.0991
vn -0.6275 -0.3712 0.6844
vn -0.6058 -0.3657 0.7066
vn -0.7629 -0.2246 0.6063
vn -0.9464 -0.2675 0.1811
vn -0.6917 -0.0122 0.7221
vn -0.4314 -0.5463 0.7180
vn -0.8857 -0.2901 0.3624
vn -0.7108 -0.0409 0.7022
vn -0.8928 -0.4380 0.1050
vn -0.9864 -0.0577 0.1541
vn -0.6917 -0.0122 -0.7221
vn -0.7629 -0.2246 -0.6063
vn -0.9464 -0.2675 -0.1811
vn -0.6058 -0.3657 -0.7066
vn -0.7108 -0.0409 -0.7022
vn -0.8857 -0.2901 -0.3624
vn -0.4315 -0.5463 -0.7179
vn -0.9864 -0.0577 -0.1542
vn -0.8928 -0.4380 -0.1050
vn -0.7161 -0.0143 -0.6978
vn -0.9446 -0.2253 -0.2388
vn -0.6275 -0.3712 -0.6844
vn -0.9649 -0.2434 -0.0991
vn -0.3946 -0.0143 0.9188
vn -0.7813 -0.2253 0.5821
vn -0.8535 -0.2434 0.4608
vn -0.3179 -0.3712 0.8724
vn -0.2893 -0.3657 0.8847
vn -0.4728 -0.2246 0.8521
vn -0.8050 -0.2675 0.5295
vn -0.3627 -0.0122 0.9318
vn -0.1238 -0.5462 0.8284
vn -0.6796 -0.2901 0.6738
vn -0.3880 -0.0409 0.9208
vn -0.7847 -0.4380 0.4387
vn -0.8523 -0.0577 0.5199
vn -0.9154 -0.0122 -0.4024
vn -0.9368 -0.2246 -0.2682
vn -0.9437 -0.2675 0.1948
vn -0.8301 -0.3657 -0.4210
vn -0.9254 -0.0409 -0.3767
vn -0.9570 -0.2901 0.0041
vn -0.6734 -0.5463 -0.4981
vn -0.9703 -0.0577 0.2350
vn -0.8650 -0.4380 0.2447
vn -0.9287 -0.0143 -0.3706
vn -0.9640 -0.2253 0.1409
vn -0.8417 -0.3712 -0.3922
vn -0.9293 -0.2434 0.2777
vn -0.0130 -0.0143 0.9998
vn -0.4991 -0.2253 0.8368
vn -0.6122 -0.2434 0.7523
vn 0.0402 -0.3712 0.9277
vn 0.0713 -0.3657 0.9280
vn -0.1107 -0.2246 0.9681
vn -0.5411 -0.2675 0.7973
vn 0.0215 -0.0122 0.9997
vn 0.2026 -0.5463 0.8127
vn -0.3700 -0.2901 0.8826
vn -0.0061 -0.0409 0.9991
vn -0.5571 -0.4380 0.7056
vn -0.5885 -0.0577 0.8065
vn -0.9997 -0.0122 -0.0214
vn -0.9681 -0.2246 0.1107
vn -0.7973 -0.2675 0.5411
vn -0.9280 -0.3657 -0.0713
vn -0.9991 -0.0409 0.0061
vn -0.8826 -0.2901 0.3700
vn -0.8127 -0.5463 -0.2025
vn -0.8065 -0.0577 0.5885
vn -0.7056 -0.4380 0.5571
vn -0.9998 -0.0143 0.0130
vn -0.8368 -0.2253 0.4991
vn -0.9277 -0.3712 -0.0402
vn -0.7523 -0.2434 0.6122
vn 0.3706 -0.0143 0.9287
vn -0.1409 -0.2253 0.9640
vn -0.2777 -0.2434 0.9293
vn 0.3922 -0.3712 0.8417
vn 0.4210 -0.3657 0.8301
vn 0.2682 -0.2246 0.9368
vn -0.1948 -0.2675 0.9437
vn 0.4024 -0.0122 0.9154
vn 0.4982 -0.5463 0.6733
vn -0.0041 -0.2901 0.9570
vn 0.3767 -0.0409 0.9254
vn -0.2447 -0.4380 0.8650
vn -0.2350 -0.0577 0.9703
vn -0.9318 -0.0122 0.3628
vn -0.8521 -0.2246 0.4728
vn -0.5295 -0.2675 0.8050
vn -0.8847 -0.3657 0.2893
vn -0.9207 -0.0409 0.3880
vn -0.6738 -0.2901 0.6796
vn -0.8283 -0.5463 0.1239
vn -0.5199 -0.0577 0.8523
vn -0.4387 -0.4380 0.7847
vn -0.9187 -0.0143 0.3946
vn -0.5821 -0.2253 0.7813
vn -0.8724 -0.3712 0.3179
vn -0.4608 -0.2434 0.8535
vn 0.7071 -0.3727 0.6009
vn 0.7404 -0.1727 0.6496
vn 0.7276 -0.0366 0.6851
vn -0.0000 -0.2620 0.9651
vn -0.0000 -0.2462 0.9692
vn 0.7346 -0.4202 0.5328
vn 0.7267 -0.5311 0.4358
vn 0.7377 -0.3021 0.6038
vn 0.7022 -0.3753 0.6050
vn -0.7071 -0.3727 0.6009
vn 0.7096 -0.3714 0.5988
vn -0.7095 -0.3714 0.5988
vn -0.7022 -0.3753 0.6050
vn -0.7403 -0.1728 0.6497
vn -0.7374 -0.3023 0.6040
vn -0.7343 -0.4204 0.5330
vn -0.7265 -0.5312 0.4359
vn -0.7275 -0.0366 0.6851
vn 0.1748 -0.4440 0.8788
vn -0.1748 -0.4440 0.8788
vn 0.8832 -0.3727 0.2846
vn 0.9327 -0.1727 0.3168
vn 0.9343 -0.0366 0.3545
vn 0.3693 -0.2620 0.8916
vn 0.3709 -0.2462 0.8954
vn 0.8825 -0.4202 0.2111
vn 0.8381 -0.5311 0.1245
vn 0.9126 -0.3021 0.2755
vn 0.8803 -0.3753 0.2902
vn -0.4233 -0.3727 0.8258
vn 0.8847 -0.3714 0.2817
vn -0.4264 -0.3714 0.8247
vn -0.4173 -0.3753 0.8277
vn -0.4353 -0.1728 0.8836
vn -0.4502 -0.3023 0.8402
vn -0.4744 -0.4204 0.7734
vn -0.5044 -0.5312 0.6807
vn -0.4100 -0.0366 0.9114
vn 0.4978 -0.4440 0.7450
vn 0.9249 -0.3727 -0.0751
vn 0.9829 -0.1727 -0.0643
vn 0.9989 -0.0366 -0.0301
vn 0.6824 -0.2620 0.6824
vn 0.6853 -0.2462 0.6853
vn 0.8961 -0.4202 -0.1427
vn 0.8220 -0.5311 -0.2057
vn 0.9485 -0.3021 -0.0947
vn 0.9244 -0.3753 -0.0688
vn -0.0751 -0.3727 0.9249
vn 0.9252 -0.3714 -0.0783
vn -0.0783 -0.3714 0.9252
vn -0.0688 -0.3753 0.9244
vn -0.0640 -0.1728 0.9829
vn -0.0944 -0.3023 0.9485
vn -0.1423 -0.4204 0.8961
vn -0.2055 -0.5312 0.8220
vn -0.0300 -0.0366 0.9989
vn 0.7450 -0.4440 0.4978
vn 0.8258 -0.3727 -0.4233
vn 0.8835 -0.1727 -0.4355
vn 0.9113 -0.0366 -0.4100
vn 0.8916 -0.2620 0.3693
vn 0.8954 -0.2462 0.3709
vn 0.7733 -0.4202 -0.4748
vn 0.6807 -0.5311 -0.5046
vn 0.8401 -0.3021 -0.4505
vn 0.8277 -0.3753 -0.4173
vn 0.2846 -0.3727 0.8832
vn 0.8248 -0.3714 -0.4264
vn 0.2817 -0.3714 0.8847
vn 0.2902 -0.3753 0.8803
vn 0.3170 -0.1728 0.9326
vn 0.2758 -0.3023 0.9124
vn 0.2114 -0.4204 0.8824
vn 0.1247 -0.5312 0.8380
vn 0.3546 -0.0365 0.9343
vn 0.8788 -0.4440 0.1748
vn 0.6009 -0.3727 -0.7071
vn 0.6496 -0.1727 -0.7404
vn 0.6851 -0.0365 -0.7275
vn 0.9651 -0.2620 -0.0000
vn 0.9692 -0.2462 -0.0000
vn 0.5328 -0.4202 -0.7346
vn 0.4358 -0.5311 -0.7267
vn 0.6038 -0.3021 -0.7377
vn 0.6050 -0.3753 -0.7022
vn 0.6009 -0.3727 0.7071
vn 0.5988 -0.3714 -0.7096
vn 0.5988 -0.3714 0.7095
vn 0.6050 -0.3752 0.7023
vn 0.6497 -0.1728 0.7403
vn 0.6040 -0.3023 0.7374
vn 0.5330 -0.4204 0.7343
vn 0.4359 -0.5312 0.7265
vn 0.6851 -0.0366 0.7275
vn 0.8788 -0.4440 -0.1748
vn 0.2846 -0.3727 -0.8832
vn 0.3168 -0.1727 -0.9327
vn 0.3545 -0.0366 -0.9343
vn 0.8916 -0.2620 -0.3693
vn 0.8954 -0.2462 -0.3709
vn 0.2111 -0.4202 -0.8825
vn 0.1245 -0.5311 -0.8381
vn 0.2755 -0.3021 -0.9126
vn 0.2902 -0.3753 -0.8803
vn 0.8258 -0.3727 0.4233
vn 0.2817 -0.3714 -0.8847
vn 0.8248 -0.3714 0.4264
vn 0.8277 -0.3753 0.4173
vn 0.8836 -0.1727 0.4353
vn 0.8402 -0.3023 0.4502
vn 0.7734 -0.4204 0.4744
vn 0.6808 -0.5312 0.5044
vn 0.9114 -0.0366 0.4100
vn 0.7450 -0.4440 -0.4978
vn -0.0751 -0.3727 -0.9249
vn -0.0643 -0.1727 -0.9829
vn -0.0300 -0.0366 -0.9989
vn 0.6824 -0.2620 -0.6824
vn 0.6853 -0.2462 -0.6853
vn -0.1427 -0.4202 -0.8961
vn -0.2057 -0.5311 -0.8220
vn -0.0947 -0.3021 -0.9485
vn -0.0688 -0.3752 -0.9244
vn 0.9249 -0.3727 0.0751
vn -0.0783 -0.3714 -0.9252
vn 0.9252 -0.3714 0.0783
vn 0.9244 -0.3753 0.0688
vn 0.9829 -0.1728 0.0640
vn 0.9485 -0.3023 0.0944
vn 0.8961 -0.4204 0.1423
vn 0.8220 -0.5312 0.2055
vn 0.9989 -0.0366 0.0300
vn 0.4978 -0.4440 -0.7450
vn -0.4233 -0.3727 -0.8258
vn -0.4355 -0.1727 -0.8835
vn -0.4100 -0.0366 -0.9113
vn 0.3693 -0.2620 -0.8916
vn 0.3709 -0.2462 -0.8954
vn -0.4748 -0.4202 -0.7733
vn -0.5046 -0.5311 -0.6807
vn -0.4505 -0.3021 -0.8401
vn -0.4173 -0.3753 -0.8277
vn 0.8832 -0.3727 -0.2846
vn -0.4264 -0.3714 -0.8248
vn 0.8847 -0.3714 -0.2817
vn 0.8803 -0.3752 -0.2902
vn 0.9326 -0.1728 -0.3170
vn 0.9124 -0.3023 -0.2758
vn 0.8823 -0.4204 -0.2115
vn 0.8380 -0.5312 -0.1247
vn 0.9343 -0.0366 -0.3546
vn 0.1748 -0.4439 -0.8788
vn -0.7071 -0.3727 -0.6009
vn -0.7404 -0.1727 -0.6496
vn -0.7275 -0.0365 -0.6851
vn -0.0000 -0.2620 -0.9651
vn -0.0000 -0.2462 -0.9692
vn -0.7346 -0.4202 -0.5328
vn -0.7267 -0.5311 -0.4358
vn -0.7377 -0.3021 -0.6037
vn -0.7022 -0.3753 -0.6050
vn 0.7071 -0.3727 -0.6009
vn -0.7096 -0.3714 -0.5988
vn 0.7095 -0.3714 -0.5988
vn 0.7022 -0.3753 -0.6050
vn 0.7403 -0.1728 -0.6497
vn 0.7374 -0.3023 -0.6040
vn 0.7342 -0.4204 -0.5330
vn 0.7265 -0.5312 -0.4359
vn 0.7275 -0.0366 -0.6851
vn -0.1748 -0.4440 -0.8788
vn -0.8832 -0.3727 -0.2846
vn -0.9327 -0.1727 -0.3168
vn -0.9343 -0.0366 -0.3545
vn -0.3693 -0.2620 -0.8916
vn -0.3709 -0.2462 -0.8954
vn -0.8825 -0.4202 -0.2111
vn -0.8381 -0.5311 -0.1245
vn -0.9126 -0.3021 -0.2755
vn -0.8803 -0.3753 -0.2902
vn 0.4233 -0.3727 -0.8258
vn -0.8847 -0.3714 -0.2817
vn 0.4264 -0.3714 -0.8247
vn 0.4173 -0.3753 -0.8277
vn 0.4353 -0.1728 -0.8836
vn 0.4502 -0.3023 -0.8402
vn 0.4744 -0.4204 -0.7734
vn 0.5044 -0.5312 -0.6808
vn 0.4100 -0.0366 -0.9114
vn -0.4978 -0.4441 -0.7450
vn -0.9249 -0.3727 0.0751
vn -0.9829 -0.1727 0.0643
vn -0.9989 -0.0366 0.0301
vn -0.6824 -0.2620 -0.6824
vn -0.6853 -0.2462 -0.6853
vn -0.8961 -0.4202 0.1427
vn -0.8220 -0.5311 0.2057
vn -0.9485 -0.3021 0.0947
vn -0.9244 -0.3753 0.0688
vn 0.0751 -0.3727 -0.9249
vn -0.9252 -0.3714 0.0783
vn 0.0783 -0.3714 -0.9252
vn 0.0688 -0.3753 -0.9244
vn 0.0640 -0.1728 -0.9829
vn 0.0944 -0.3023 -0.9485
vn 0.1423 -0.4204 -0.8961
vn 0.2055 -0.5312 -0.8220
vn 0.0300 -0.0366 -0.9989
vn -0.7450 -0.4441 -0.4978
vn -0.8258 -0.3727 0.4233
vn -0.8835 -0.1727 0.4355
vn -0.9113 -0.0366 0.4100
vn -0.8916 -0.2620 -0.3693
vn -0.8954 -0.2462 -0.3709
vn -0.7733 -0.4202 0.4748
vn -0.6807 -0.5311 0.5046
vn -0.8401 -0.3021 0.4505
vn -0.8277 -0.3753 0.4173
vn -0.2846 -0.3727 -0.8832
vn -0.8247 -0.3714 0.4264
vn -0.2817 -0.3714 -0.8847
vn -0.2902 -0.3753 -0.8803
vn -0.3170 -0.1728 -0.9326
vn -0.2758 -0.3023 -0.9124
vn -0.2114 -0.4204 -0.8824
vn -0.1247 -0.5312 -0.8380
vn -0.3546 -0.0365 -0.9343
vn -0.8788 -0.4440 -0.1748
vn -0.6009 -0.3727 0.7071
vn -0.6496 -0.1727 0.7404
vn -0.6851 -0.0366 0.7276
vn -0.9651 -0.2620 -0.0000
vn -0.9692 -0.2462 -0.0000
vn -0.5328 -0.4202 0.7346
vn -0.4358 -0.5311 0.7267
vn -0.6037 -0.3021 0.7377
vn -0.6050 -0.3753 0.7022
vn -0.6009 -0.3727 -0.7071
vn -0.5988 -0.3714 0.7095
vn -0.5988 -0.3714 -0.7096
vn -0.6050 -0.3753 -0.7022
vn -0.6497 -0.1728 -0.7403
vn -0.6040 -0.3023 -0.7374
vn -0.5330 -0.4204 -0.7342
vn -0.4359 -0.5312 -0.7265
vn -0.6851 -0.0366 -0.7275
vn -0.8788 -0.4440 0.1748
vn -0.2846 -0.3727 0.8832
vn -0.3168 -0.1727 0.9327
vn -0.3545 -0.0366 0.9343
vn -0.8916 -0.2620 0.3693
vn -0.8954 -0.2462 0.3709
vn -0.2111 -0.4202 0.8825
vn -0.1245 -0.5311 0.8381
vn -0.2755 -0.3021 0.9126
vn -0.2902 -0.3753 0.8803
vn -0.8258 -0.3727 -0.4233
vn -0.2817 -0.3714 0.8847
vn -0.8248 -0.3714 -0.4264
vn -0.8277 -0.3753 -0.4173
vn -0.8836 -0.1728 -0.4353
vn -0.8402 -0.3023 -0.4502
vn -0.7734 -0.4204 -0.4744
vn -0.6807 -0.5312 -0.5044
vn -0.9114 -0.0365 -0.4099
vn -0.7450 -0.4440 0.4978
vn 0.0751 -0.3727 0.9249
vn 0.0643 -0.1727 0.9829
vn 0.0301 -0.0366 0.9989
vn -0.6824 -0.2620 0.6824
vn -0.6853 -0.2462 0.6853
vn 0.1427 -0.4202 0.8961
vn 0.2057 -0.5311 0.8220
vn 0.0947 -0.3021 0.9485
vn 0.0688 -0.3753 0.9244
vn -0.9249 -0.3727 -0.0751
vn 0.0783 -0.3714 0.9252
vn -0.9252 -0.3714 -0.0783
vn -0.9244 -0.3753 -0.0688
vn -0.9829 -0.1728 -0.0640
vn -0.9485 -0.3023 -0.0944
vn -0.8961 -0.4204 -0.1423
vn -0.8219 -0.5312 -0.2055
vn -0.9989 -0.0366 -0.0300
vn -0.4978 -0.4440 0.7450
vn 0.4233 -0.3727 0.8258
vn 0.4355 -0.1727 0.8835
vn 0.4100 -0.0366 0.9113
vn -0.3693 -0.2620 0.8916
vn -0.3709 -0.2462 0.8954
vn 0.4748 -0.4202 0.7733
vn 0.5046 -0.5311 0.6807
vn 0.4505 -0.3021 0.8401
vn 0.4173 -0.3753 0.8277
vn -0.8832 -0.3727 0.2846
vn 0.4264 -0.3714 0.8247
vn -0.8847 -0.3714 0.2817
vn -0.8803 -0.3753 0.2902
vn -0.9326 -0.1728 0.3170
vn -0.9124 -0.3023 0.2758
vn -0.8824 -0.4204 0.2114
vn -0.8380 -0.5312 0.1247
vn -0.9343 -0.0365 0.3546
vn -0.0000 1.0000 0.0029
vn -0.0000 0.7085 0.7057
vn 0.1377 0.7085 0.6922
vn -0.1377 0.7085 0.6922
vn 0.2701 0.7085 0.6520
vn 0.3921 0.7085 0.5868
vn 0.4990 0.7085 0.4990
vn 0.5868 0.7085 0.3921
vn 0.6520 0.7085 0.2701
vn 0.6922 0.7085 0.1377
vn 0.7057 0.7085 -0.0000
vn 0.6922 0.7085 -0.1377
vn 0.6520 0.7085 -0.2701
vn 0.5868 0.7085 -0.3921
vn 0.4990 0.7085 -0.4990
vn 0.3921 0.7085 -0.5868
vn 0.2701 0.7085 -0.6520
vn 0.1377 0.7085 -0.6922
vn -0.0000 0.7085 -0.7057
vn -0.1377 0.7085 -0.6922
vn -0.2701 0.7085 -0.6520
vn -0.3921 0.7085 -0.5868
vn -0.4990 0.7085 -0.4990
vn -0.5868 0.7085 -0.3921
vn -0.6520 0.7085 -0.2701
vn -0.6922 0.7085 -0.1377
vn -0.7057 0.7085 -0.0000
vn -0.6922 0.7085 0.1377
vn -0.6520 0.7085 0.2701
vn -0.5868 0.7085 0.3921
vn -0.4990 0.7085 0.4990
vn -0.3921 0.7085 0.5868
vn -0.2701 0.7085 0.6520
vt 0.469375 0.581747
vt 0.470393 0.557003
vt 0.472929 0.557052
vt 0.471921 0.581771
vt 0.491499 0.606221
vt 0.492270 0.581666
vt 0.494795 0.581690
vt 0.494017 0.606225
vt 0.516671 0.606042
vt 0.514166 0.606024
vt 0.515015 0.581596
vt 0.517530 0.581623
vt 0.515285 0.654314
vt 0.512832 0.654321
vt 0.513429 0.630300
vt 0.515912 0.630306
vt 0.514757 0.678003
vt 0.512317 0.678027
vt 0.514614 0.701120
vt 0.512200 0.701571
vt 0.510628 0.346264
vt 0.508263 0.346032
vt 0.511547 0.322560
vt 0.513853 0.323218
vt 0.507989 0.369384
vt 0.505617 0.369191
vt 0.505684 0.392321
vt 0.503326 0.392165
vt 0.503757 0.415173
vt 0.501403 0.415049
vt 0.502092 0.438103
vt 0.499721 0.438001
vt 0.500620 0.461239
vt 0.498226 0.461153
vt 0.499244 0.484675
vt 0.496815 0.484597
vt 0.495465 0.508446
vt 0.497939 0.508512
vt 0.479709 0.581760
vt 0.480686 0.557112
vt 0.483214 0.557156
vt 0.482245 0.581783
vt 0.493213 0.557112
vt 0.495733 0.557150
vt 0.490940 0.630661
vt 0.493439 0.630642
vt 0.490613 0.654858
vt 0.493082 0.654817
vt 0.490463 0.678716
vt 0.492913 0.678648
vt 0.490831 0.702294
vt 0.493234 0.701797
vt 0.486517 0.344307
vt 0.489650 0.320600
vt 0.491977 0.321248
vt 0.488910 0.344524
vt 0.484015 0.367811
vt 0.486422 0.367986
vt 0.481877 0.391102
vt 0.484264 0.391244
vt 0.480062 0.414191
vt 0.482431 0.414318
vt 0.478224 0.437287
vt 0.480611 0.437404
vt 0.476586 0.460532
vt 0.478986 0.460642
vt 0.474872 0.483982
vt 0.477306 0.484101
vt 0.473005 0.507946
vt 0.475503 0.508051
vt 0.471584 0.532402
vt 0.474106 0.532471
vt 0.468654 0.606529
vt 0.471197 0.606523
vt 0.468266 0.631249
vt 0.470791 0.631206
vt 0.468200 0.655715
vt 0.470690 0.655640
vt 0.468443 0.679863
vt 0.470912 0.679737
vt 0.550050 0.508278
vt 0.550445 0.484573
vt 0.552413 0.508237
vt 0.483149 0.508264
vt 0.484755 0.484353
vt 0.487188 0.484451
vt 0.485633 0.508349
vt 0.089143 0.568685
vt 0.111715 0.558950
vt 0.114837 0.566440
vt 0.089543 0.576651
vt 0.549654 0.532599
vt 0.552164 0.532598
vt 0.550970 0.350220
vt 0.555092 0.327153
vt 0.553105 0.350503
vt 0.547700 0.372495
vt 0.549982 0.372734
vt 0.545184 0.394578
vt 0.547455 0.394752
vt 0.543283 0.416563
vt 0.545557 0.416659
vt 0.492051 0.414751
vt 0.489685 0.414625
vt 0.491567 0.391611
vt 0.493942 0.391760
vt 0.490303 0.437782
vt 0.487922 0.437672
vt 0.488733 0.460985
vt 0.486334 0.460885
vt 0.515925 0.557135
vt 0.518438 0.557165
vt 0.494277 0.532669
vt 0.496781 0.532720
vt 0.484336 0.532651
vt 0.481823 0.532589
vt 0.464703 0.460160
vt 0.466327 0.436880
vt 0.468725 0.437005
vt 0.467098 0.460278
vt 0.478970 0.606427
vt 0.481500 0.606425
vt 0.478505 0.631005
vt 0.481017 0.630973
vt 0.478326 0.655342
vt 0.480809 0.655278
vt 0.478563 0.679315
vt 0.480972 0.679225
vt 0.478843 0.702454
vt 0.481175 0.702756
vt 0.474574 0.343464
vt 0.477133 0.319907
vt 0.479657 0.319709
vt 0.477036 0.343675
vt 0.471995 0.367190
vt 0.474423 0.367357
vt 0.469967 0.390638
vt 0.472369 0.390767
vt 0.468325 0.413767
vt 0.470692 0.413892
vt 0.506949 0.532823
vt 0.504450 0.532781
vt 0.505515 0.508609
vt 0.507982 0.508659
vt 0.520219 0.508646
vt 0.517755 0.508616
vt 0.518685 0.484860
vt 0.521102 0.484900
vt 0.519777 0.461532
vt 0.522156 0.461590
vt 0.521041 0.438552
vt 0.523390 0.438632
vt 0.522536 0.415864
vt 0.524858 0.415979
vt 0.524463 0.393331
vt 0.526781 0.393495
vt 0.493784 0.368460
vt 0.496176 0.368647
vt 0.526877 0.370747
vt 0.529208 0.370960
vt 0.529756 0.347952
vt 0.532092 0.348213
vt 0.533314 0.324695
vt 0.535599 0.325378
vt 0.533599 0.701217
vt 0.534102 0.677694
vt 0.536537 0.677705
vt 0.536020 0.700805
vt 0.534928 0.654082
vt 0.537371 0.654106
vt 0.535809 0.630170
vt 0.538285 0.630201
vt 0.536748 0.605966
vt 0.539249 0.606001
vt 0.537711 0.581560
vt 0.540227 0.581591
vt 0.538617 0.557088
vt 0.541136 0.557112
vt 0.539433 0.532660
vt 0.541943 0.532667
vt 0.540003 0.508447
vt 0.542472 0.508433
vt 0.540383 0.484751
vt 0.542780 0.484744
vt 0.541159 0.461628
vt 0.543519 0.461653
vt 0.542150 0.438866
vt 0.544477 0.438913
vt 0.496458 0.345125
vt 0.498889 0.345347
vt 0.499127 0.321813
vt 0.501630 0.321628
vt 0.502509 0.701828
vt 0.500184 0.701470
vt 0.500491 0.678395
vt 0.502884 0.678354
vt 0.500643 0.654630
vt 0.503103 0.654602
vt 0.501085 0.630519
vt 0.503576 0.630512
vt 0.501722 0.606165
vt 0.504233 0.606175
vt 0.502524 0.581681
vt 0.505043 0.581705
vt 0.503449 0.557181
vt 0.505964 0.557215
vt 0.516851 0.532761
vt 0.519349 0.532791
vt 0.506679 0.484806
vt 0.509103 0.484866
vt 0.507947 0.461404
vt 0.510335 0.461477
vt 0.509345 0.438320
vt 0.511706 0.438411
vt 0.510954 0.415470
vt 0.513296 0.415591
vt 0.512887 0.392725
vt 0.515228 0.392885
vt 0.515238 0.369917
vt 0.517594 0.370122
vt 0.518089 0.346925
vt 0.520492 0.347168
vt 0.520958 0.323832
vt 0.523447 0.323671
vt 0.521579 0.700919
vt 0.522305 0.677878
vt 0.524691 0.677877
vt 0.523898 0.701318
vt 0.522799 0.654230
vt 0.525247 0.654234
vt 0.523516 0.630260
vt 0.525995 0.630277
vt 0.524340 0.606027
vt 0.526842 0.606052
vt 0.525235 0.581623
vt 0.527748 0.581651
vt 0.526140 0.557170
vt 0.528653 0.557197
vt 0.527009 0.532787
vt 0.529508 0.532806
vt 0.527770 0.508633
vt 0.530233 0.508645
vt 0.528487 0.484910
vt 0.530895 0.484930
vt 0.529431 0.461660
vt 0.531799 0.461702
vt 0.530572 0.438776
vt 0.532907 0.438841
vt 0.531940 0.416244
vt 0.534240 0.416351
vt 0.533851 0.393926
vt 0.536147 0.394093
vt 0.536320 0.371557
vt 0.538630 0.371784
vt 0.539458 0.348977
vt 0.541830 0.349257
vt 0.542675 0.326083
vt 0.545157 0.325960
vt 0.542988 0.700711
vt 0.544076 0.677685
vt 0.546459 0.677715
vt 0.545300 0.701145
vt 0.544852 0.654118
vt 0.547289 0.654152
vt 0.545872 0.630240
vt 0.548346 0.630285
vt 0.546911 0.606041
vt 0.549410 0.606086
vt 0.547942 0.581608
vt 0.550460 0.581643
vt 0.548856 0.557100
vt 0.551368 0.557123
vt 0.500617 0.532754
vt 0.501729 0.508565
vt 0.499592 0.557167
vt 0.476809 0.557084
vt 0.477967 0.532533
vt 0.475818 0.581766
vt 0.475086 0.606474
vt 0.474651 0.631102
vt 0.474512 0.655486
vt 0.474778 0.679514
vt 0.475431 0.702316
vt 0.471931 0.702965
vt 0.470723 0.343172
vt 0.473426 0.320023
vt 0.466666 0.342882
vt 0.469914 0.319364
vt 0.468254 0.366988
vt 0.465607 0.366878
vt 0.466271 0.390488
vt 0.465004 0.390450
vt 0.464716 0.413615
vt 0.463953 0.436777
vt 0.463643 0.460124
vt 0.463197 0.483538
vt 0.549005 0.416757
vt 0.548036 0.438935
vt 0.547122 0.461644
vt 0.546425 0.484680
vt 0.546259 0.508363
vt 0.545794 0.532635
vt 0.544995 0.557106
vt 0.544084 0.581599
vt 0.543079 0.606018
vt 0.542079 0.630216
vt 0.541113 0.654108
vt 0.540342 0.677690
vt 0.539574 0.700371
vt 0.535744 0.348586
vt 0.539025 0.326103
vt 0.532770 0.371256
vt 0.530322 0.393709
vt 0.528405 0.416114
vt 0.526984 0.438708
vt 0.525796 0.461630
vt 0.524798 0.484911
vt 0.523996 0.508645
vt 0.523179 0.532792
vt 0.522289 0.557169
vt 0.521383 0.581622
vt 0.520506 0.606032
vt 0.519714 0.630279
vt 0.519044 0.654268
vt 0.518567 0.677934
vt 0.518160 0.700632
vt 0.514326 0.346589
vt 0.517299 0.323903
vt 0.511618 0.369648
vt 0.509290 0.392522
vt 0.507359 0.415323
vt 0.505721 0.438214
vt 0.504286 0.461326
vt 0.502963 0.484745
vt 0.497871 0.606194
vt 0.498661 0.581685
vt 0.497264 0.630578
vt 0.496865 0.654719
vt 0.496740 0.678513
vt 0.496765 0.701243
vt 0.492651 0.344820
vt 0.495450 0.321913
vt 0.490106 0.368220
vt 0.487919 0.391425
vt 0.486059 0.414472
vt 0.484269 0.437540
vt 0.482660 0.460767
vt 0.481030 0.484233
vt 0.479330 0.508163
vt 0.469743 0.703487
vt 0.467269 0.679944
vt 0.465676 0.655830
vt 0.464363 0.631386
vt 0.463421 0.606634
vt 0.464335 0.581798
vt 0.463219 0.581812
vt 0.465372 0.557002
vt 0.463022 0.556996
vt 0.466579 0.532368
vt 0.462933 0.532324
vt 0.468022 0.507821
vt 0.462919 0.507663
vt 0.470066 0.483833
vt 0.465271 0.483663
vt 0.471840 0.460409
vt 0.473480 0.437149
vt 0.475375 0.414042
vt 0.477130 0.390930
vt 0.479229 0.367578
vt 0.481811 0.343993
vt 0.484751 0.319713
vt 0.485967 0.702942
vt 0.485694 0.678960
vt 0.485716 0.655061
vt 0.485984 0.630811
vt 0.486505 0.606320
vt 0.487262 0.581724
vt 0.488217 0.557135
vt 0.489310 0.532663
vt 0.490554 0.508404
vt 0.492003 0.484532
vt 0.493481 0.461074
vt 0.495016 0.437895
vt 0.496731 0.414901
vt 0.498642 0.391960
vt 0.500906 0.368914
vt 0.503610 0.345689
vt 0.506688 0.321654
vt 0.507574 0.678183
vt 0.507310 0.702121
vt 0.507970 0.654455
vt 0.508506 0.630400
vt 0.509202 0.606096
vt 0.510031 0.581650
vt 0.510945 0.557176
vt 0.511900 0.532796
vt 0.512870 0.508645
vt 0.513897 0.484871
vt 0.515059 0.461511
vt 0.516379 0.438486
vt 0.517925 0.415729
vt 0.519855 0.393106
vt 0.522246 0.370430
vt 0.525158 0.347558
vt 0.528483 0.323741
vt 0.528697 0.701690
vt 0.529368 0.677778
vt 0.530089 0.654152
vt 0.530903 0.630217
vt 0.531795 0.606005
vt 0.532729 0.581604
vt 0.533633 0.557144
vt 0.534466 0.532738
vt 0.535115 0.508556
vt 0.535645 0.484850
vt 0.536484 0.461671
vt 0.537533 0.438861
vt 0.538775 0.416461
vt 0.540678 0.394333
vt 0.543180 0.372134
vt 0.546436 0.349731
vt 0.550189 0.326107
vt 0.551139 0.677676
vt 0.550093 0.701592
vt 0.552102 0.654133
vt 0.553237 0.630293
vt 0.554324 0.606100
vt 0.549293 0.438930
vt 0.549669 0.461605
vt 0.554702 0.677655
vt 0.555092 0.701196
vt 0.554394 0.654130
vt 0.554326 0.630291
vt 0.551052 0.372829
vt 0.549751 0.394897
vt 0.554292 0.581640
vt 0.553900 0.557108
vt 0.553371 0.532577
vt 0.134840 0.465614
vt 0.146049 0.492324
vt 0.137551 0.492901
vt 0.127387 0.469973
vt 0.057278 0.437134
vt 0.086231 0.435395
vt 0.085564 0.444005
vt 0.060474 0.445034
vt 0.146049 0.520988
vt 0.138124 0.517913
vt 0.113675 0.445452
vt 0.109056 0.452851
vt 0.062672 0.576594
vt 0.038317 0.566723
vt 0.042280 0.560375
vt 0.064776 0.569056
vt 0.134927 0.547109
vt 0.129031 0.541187
vt 0.018765 0.549251
vt 0.006766 0.525281
vt 0.014076 0.522112
vt 0.024591 0.544048
vt 0.004795 0.498105
vt 0.012709 0.497567
vt 0.012841 0.471351
vt 0.031525 0.449838
vt 0.037764 0.455617
vt 0.020912 0.474128
vt 0.027848 0.479829
vt 0.020963 0.499971
vt 0.022277 0.520960
vt 0.031354 0.539654
vt 0.046480 0.553499
vt 0.065588 0.560993
vt 0.086404 0.560786
vt 0.105797 0.552605
vt 0.120772 0.537469
vt 0.128793 0.517519
vt 0.128454 0.495905
vt 0.119749 0.476020
vt 0.103885 0.461033
vt 0.083397 0.453483
vt 0.061691 0.454485
vt 0.042162 0.463775
vt 0.062300 0.516973
vt 0.065185 0.514886
vt 0.068466 0.517950
vt 0.066562 0.520990
vt 0.072666 0.519552
vt 0.072052 0.523102
vt 0.077962 0.522974
vt 0.077179 0.519440
vt 0.081329 0.517614
vt 0.083408 0.520597
vt 0.087176 0.499094
vt 0.084140 0.501260
vt 0.080765 0.498112
vt 0.082704 0.494957
vt 0.061520 0.500152
vt 0.064641 0.502027
vt 0.063101 0.506290
vt 0.059520 0.505754
vt 0.089632 0.504663
vt 0.086024 0.505472
vt 0.070974 0.493153
vt 0.071853 0.496721
vt 0.067708 0.498661
vt 0.065535 0.495718
vt 0.079383 0.500353
vt 0.078417 0.501920
vt 0.075414 0.500943
vt 0.076035 0.499115
vt 0.069248 0.500766
vt 0.070628 0.502099
vt 0.068417 0.504319
vt 0.066861 0.503374
vt 0.089752 0.510707
vt 0.086135 0.510068
vt 0.077008 0.492877
vt 0.076444 0.496521
vt 0.084477 0.514329
vt 0.087555 0.516298
vt 0.067462 0.507292
vt 0.065657 0.506684
vt 0.059808 0.511659
vt 0.063303 0.510801
vt 0.078137 0.507280
vt 0.080641 0.504166
vt 0.081650 0.506470
vt 0.081741 0.508979
vt 0.073748 0.504563
vt 0.076509 0.505004
vt 0.075410 0.511648
vt 0.077679 0.510035
vt 0.080732 0.511956
vt 0.078486 0.514139
vt 0.071052 0.508942
vt 0.071488 0.506196
vt 0.074587 0.508108
vt 0.072670 0.511197
vt 0.072908 0.501066
vt 0.070781 0.514235
vt 0.073727 0.515221
vt 0.068599 0.512025
vt 0.076206 0.515131
vt 0.067584 0.509768
vt 0.044913 0.467472
vt 0.031794 0.482154
vt 0.025447 0.500592
vt 0.026610 0.519843
vt 0.034871 0.537037
vt 0.103244 0.548865
vt 0.116937 0.534969
vt 0.101419 0.464986
vt 0.082675 0.458070
vt 0.124262 0.516694
vt 0.062800 0.458976
vt 0.123939 0.496902
vt 0.115941 0.478699
vt 0.066375 0.556633
vt 0.085475 0.556401
vt 0.048781 0.549778
vt 0.040514 0.532859
vt 0.052467 0.543858
vt 0.032559 0.501580
vt 0.033488 0.518070
vt 0.067625 0.549703
vt 0.099190 0.542930
vt 0.110851 0.531003
vt 0.097512 0.471278
vt 0.081535 0.465364
vt 0.117066 0.515380
vt 0.038049 0.485841
vt 0.064569 0.466111
vt 0.049283 0.473336
vt 0.079836 0.515491
vt 0.082275 0.512933
vt 0.109900 0.482958
vt 0.072472 0.499267
vt 0.084000 0.549441
vt 0.467712 0.318754
vt 0.457157 0.341946
vt 0.459154 0.317172
vt 0.455552 0.606879
vt 0.455013 0.582015
vt 0.459014 0.680371
vt 0.457439 0.656154
vt 0.454611 0.532478
vt 0.454489 0.507864
vt 0.454305 0.483704
vt 0.454417 0.460051
vt 0.455114 0.389992
vt 0.455924 0.366198
vt 0.454769 0.557191
vt 0.454616 0.413377
vt 0.454672 0.436650
vt 0.461311 0.704510
vt 0.456243 0.631648
vt 0.445936 0.365822
vt 0.446976 0.341333
vt 0.450881 0.341547
vt 0.449731 0.365955
vt 0.448612 0.413305
vt 0.448606 0.436598
vt 0.444938 0.436560
vt 0.445115 0.413271
vt 0.446049 0.632111
vt 0.445128 0.607169
vt 0.449219 0.607061
vt 0.449948 0.631934
vt 0.448420 0.557251
vt 0.448653 0.582114
vt 0.444732 0.582160
vt 0.444522 0.557272
vt 0.448344 0.460012
vt 0.444648 0.459972
vt 0.448162 0.483719
vt 0.448211 0.507909
vt 0.444382 0.507913
vt 0.444410 0.483706
vt 0.448291 0.532506
vt 0.444417 0.532511
vt 0.445323 0.389780
vt 0.449035 0.389850
vt 0.450691 0.631903
vt 0.449970 0.607041
vt 0.449051 0.460018
vt 0.449308 0.436603
vt 0.447365 0.656787
vt 0.451209 0.656544
vt 0.451265 0.706269
vt 0.449060 0.681159
vt 0.452760 0.680877
vt 0.455034 0.705271
vt 0.442191 0.705568
vt 0.440390 0.681795
vt 0.447551 0.681278
vt 0.449697 0.706374
vt 0.443184 0.459957
vt 0.442921 0.483698
vt 0.435647 0.483603
vt 0.436031 0.459828
vt 0.436629 0.389618
vt 0.437061 0.365509
vt 0.444431 0.365773
vt 0.443849 0.389757
vt 0.449401 0.582103
vt 0.449746 0.389866
vt 0.450456 0.365982
vt 0.438389 0.657353
vt 0.445841 0.656883
vt 0.436942 0.632499
vt 0.435973 0.607379
vt 0.443576 0.607212
vt 0.444507 0.632182
vt 0.455756 0.705124
vt 0.453497 0.680819
vt 0.443182 0.582180
vt 0.435592 0.582234
vt 0.451944 0.656501
vt 0.448880 0.483722
vt 0.449165 0.557246
vt 0.449032 0.532503
vt 0.443487 0.436547
vt 0.436400 0.436441
vt 0.443661 0.413260
vt 0.436552 0.413177
vt 0.449310 0.413311
vt 0.442884 0.532516
vt 0.442980 0.557282
vt 0.435438 0.557285
vt 0.435392 0.532487
vt 0.442865 0.507914
vt 0.435459 0.507860
vt 0.451633 0.341594
vt 0.453622 0.316568
vt 0.448943 0.507907
vt 0.437973 0.340917
vt 0.439019 0.316252
vt 0.447063 0.315294
vt 0.445435 0.341254
vt 0.444585 0.389769
vt 0.444387 0.413265
vt 0.443664 0.483703
vt 0.443915 0.459964
vt 0.444351 0.607191
vt 0.445277 0.632147
vt 0.445182 0.365797
vt 0.443956 0.582170
vt 0.448316 0.681218
vt 0.450501 0.706321
vt 0.446602 0.656836
vt 0.444211 0.436554
vt 0.443750 0.557277
vt 0.443650 0.532514
vt 0.443622 0.507914
vt 0.447852 0.315329
vt 0.446194 0.341292
vt 0.448690 0.315368
vt 0.452872 0.316423
vt 0.083460 0.506057
vt 0.082004 0.502785
vt 0.065809 0.510196
vt 0.076610 0.516917
vt 0.051487 0.476301
vt 0.064024 0.493666
vt 0.059349 0.498844
vt 0.041205 0.487711
vt 0.069825 0.515768
vt 0.073096 0.517013
vt 0.116758 0.498480
vt 0.067277 0.513378
vt 0.065459 0.469716
vt 0.070365 0.490665
vt 0.036978 0.517180
vt 0.057380 0.512256
vt 0.060294 0.518426
vt 0.043391 0.530740
vt 0.036157 0.502090
vt 0.057029 0.505379
vt 0.097130 0.539932
vt 0.084857 0.522670
vt 0.089699 0.517667
vt 0.107771 0.529006
vt 0.080958 0.469046
vt 0.077406 0.490335
vt 0.113430 0.514721
vt 0.092273 0.511151
vt 0.092146 0.504099
vt 0.113134 0.499280
vt 0.095544 0.474451
vt 0.084059 0.492757
vt 0.089289 0.497587
vt 0.106860 0.485108
vt 0.068250 0.546186
vt 0.071628 0.525568
vt 0.078509 0.525429
vt 0.083244 0.545918
vt 0.054345 0.540841
vt 0.065242 0.523102
vt 0.083555 0.509624
vt 0.065760 0.502702
vt 0.068486 0.499718
vt 0.064561 0.510493
vt 0.064387 0.506485
vt 0.066229 0.514132
vt 0.083371 0.513624
vt 0.080581 0.516544
vt 0.076241 0.497827
vt 0.080072 0.499242
vt 0.084837 0.509840
vt 0.072168 0.498001
vt 0.084733 0.505763
vt 0.083058 0.502033
vt 0.076897 0.518171
vt 0.072886 0.518276
vt 0.069152 0.516855
vt 0.149984 0.160858
vt 0.169161 0.157950
vt 0.170818 0.178224
vt 0.150578 0.180245
vt 0.189170 0.154874
vt 0.191111 0.175741
vt 0.209594 0.152473
vt 0.211503 0.173501
vt 0.230117 0.151157
vt 0.231965 0.172031
vt 0.250353 0.150579
vt 0.252374 0.170819
vt 0.269740 0.149986
vt 0.272648 0.169162
vt 0.172030 0.198633
vt 0.151155 0.200482
vt 0.192715 0.196476
vt 0.213398 0.194371
vt 0.234123 0.192716
vt 0.254858 0.191113
vt 0.275724 0.189172
vt 0.173500 0.219095
vt 0.152472 0.221004
vt 0.194369 0.217200
vt 0.215298 0.215300
vt 0.236227 0.213400
vt 0.257097 0.211505
vt 0.278125 0.209596
vt 0.175739 0.239487
vt 0.154873 0.241428
vt 0.196474 0.237884
vt 0.217199 0.236229
vt 0.237882 0.234124
vt 0.258567 0.231967
vt 0.279441 0.230118
vt 0.178222 0.259780
vt 0.157949 0.261437
vt 0.198631 0.258568
vt 0.219093 0.257099
vt 0.239485 0.254859
vt 0.259779 0.252376
vt 0.280019 0.250355
vt 0.180243 0.280021
vt 0.160857 0.280614
vt 0.200480 0.279443
vt 0.221002 0.278127
vt 0.241426 0.275725
vt 0.261436 0.272649
vt 0.280613 0.269742
vt 0.133583 0.147188
vt 0.147046 0.142659
vt 0.131553 0.161246
vt 0.165732 0.137548
vt 0.186321 0.133449
vt 0.207634 0.130886
vt 0.229061 0.129568
vt 0.250051 0.129893
vt 0.269353 0.131554
vt 0.283411 0.133585
vt 0.287940 0.147047
vt 0.293050 0.165734
vt 0.297150 0.186323
vt 0.299712 0.207636
vt 0.301030 0.229062
vt 0.300706 0.250052
vt 0.299044 0.269354
vt 0.297013 0.283412
vt 0.283551 0.287941
vt 0.264864 0.293052
vt 0.244275 0.297151
vt 0.222962 0.299713
vt 0.201536 0.301032
vt 0.180545 0.300707
vt 0.161244 0.299045
vt 0.142657 0.283552
vt 0.147186 0.297015
vt 0.137546 0.264866
vt 0.133447 0.244277
vt 0.130885 0.222964
vt 0.129567 0.201538
vt 0.129891 0.180547
vt 0.117009 0.396324
vt 0.132352 0.364774
vt 0.163095 0.376618
vt 0.154342 0.411903
vt 0.145887 0.339357
vt 0.171712 0.347618
vt 0.155949 0.317911
vt 0.177672 0.322794
vt 0.196278 0.382428
vt 0.193805 0.419813
vt 0.199372 0.351131
vt 0.201142 0.324497
vt 0.230484 0.382554
vt 0.233870 0.419823
vt 0.227563 0.350381
vt 0.225115 0.323428
vt 0.264106 0.376272
vt 0.273268 0.412604
vt 0.255427 0.346042
vt 0.248889 0.320162
vt 0.295702 0.364581
vt 0.310667 0.397717
vt 0.282002 0.337606
vt 0.271669 0.314260
vt 0.323810 0.347392
vt 0.344589 0.375664
vt 0.305917 0.324828
vt 0.292157 0.305545
vt 0.083280 0.373681
vt 0.105641 0.346856
vt 0.123353 0.325607
vt 0.137708 0.308386
vt 0.308384 0.292890
vt 0.325606 0.307244
vt 0.346855 0.324957
vt 0.373680 0.347317
vt 0.396323 0.313588
vt 0.364772 0.298245
vt 0.376616 0.267503
vt 0.411900 0.276255
vt 0.339356 0.284710
vt 0.347616 0.258886
vt 0.317910 0.274649
vt 0.322792 0.252926
vt 0.382425 0.234320
vt 0.419810 0.236793
vt 0.351129 0.231226
vt 0.324495 0.229456
vt 0.382551 0.200114
vt 0.419820 0.196729
vt 0.350379 0.203036
vt 0.323427 0.205483
vt 0.376269 0.166493
vt 0.412601 0.157331
vt 0.346040 0.175171
vt 0.320160 0.181710
vt 0.364579 0.134897
vt 0.397715 0.119933
vt 0.337604 0.148596
vt 0.314259 0.158930
vt 0.347390 0.106789
vt 0.375663 0.086010
vt 0.324827 0.124682
vt 0.305544 0.138441
vt 0.292889 0.122214
vt 0.307243 0.104993
vt 0.324956 0.083743
vt 0.347316 0.056919
vt 0.034273 0.117012
vt 0.065825 0.132355
vt 0.053981 0.163097
vt 0.018696 0.154345
vt 0.091241 0.145889
vt 0.082980 0.171714
vt 0.112687 0.155951
vt 0.107804 0.177674
vt 0.048171 0.196280
vt 0.010787 0.193807
vt 0.079467 0.199373
vt 0.106102 0.201144
vt 0.048045 0.230485
vt 0.010777 0.233871
vt 0.080217 0.227564
vt 0.107170 0.225117
vt 0.054327 0.264107
vt 0.017996 0.273268
vt 0.084556 0.255428
vt 0.110437 0.248890
vt 0.066017 0.295703
vt 0.032882 0.310667
vt 0.092993 0.282003
vt 0.116338 0.271670
vt 0.083207 0.323810
vt 0.054934 0.344590
vt 0.105770 0.305918
vt 0.125053 0.292158
vt 0.056916 0.083283
vt 0.083741 0.105643
vt 0.104991 0.123355
vt 0.122212 0.137710
vt 0.313587 0.034275
vt 0.298244 0.065826
vt 0.267502 0.053982
vt 0.276254 0.018697
vt 0.284709 0.091243
vt 0.258884 0.082982
vt 0.274647 0.112689
vt 0.252925 0.107806
vt 0.234318 0.048172
vt 0.236792 0.010787
vt 0.231225 0.079469
vt 0.229454 0.106103
vt 0.200113 0.048046
vt 0.196727 0.010777
vt 0.203034 0.080218
vt 0.205481 0.107171
vt 0.166491 0.054328
vt 0.157329 0.017996
vt 0.175170 0.084557
vt 0.181708 0.110438
vt 0.134894 0.066019
vt 0.119930 0.032883
vt 0.148594 0.092994
vt 0.158928 0.116339
vt 0.106787 0.083208
vt 0.086007 0.054936
vt 0.124680 0.105771
vt 0.138439 0.125055
vt 0.196185 0.004795
vt 0.155667 0.012208
vt 0.117150 0.027504
vt 0.082209 0.050182
vt 0.052233 0.079378
vt 0.028915 0.114132
vt 0.012907 0.152577
vt 0.004795 0.193211
vt 0.004795 0.234413
vt 0.012208 0.274930
vt 0.027503 0.313447
vt 0.050180 0.348387
vt 0.079376 0.378364
vt 0.114129 0.401683
vt 0.152574 0.417692
vt 0.193209 0.425804
vt 0.234411 0.425804
vt 0.274930 0.418392
vt 0.313447 0.403096
vt 0.348387 0.380417
vt 0.378363 0.351221
vt 0.401681 0.316468
vt 0.417690 0.278022
vt 0.425802 0.237389
vt 0.425801 0.196187
vt 0.418389 0.155669
vt 0.403094 0.117153
vt 0.380416 0.082212
vt 0.351221 0.052236
vt 0.316468 0.028917
vt 0.278022 0.012908
vt 0.237388 0.004795
vt 0.237914 0.717349
vt 0.265153 0.700282
vt 0.265082 0.732560
vt 0.242350 0.740098
vt 0.242616 0.673739
vt 0.259584 0.629484
vt 0.265217 0.638986
vt 0.265109 0.658944
vt 0.341189 0.945778
vt 0.341156 0.993466
vt 0.334790 0.985545
vt 0.334868 0.945815
vt 0.300414 0.740096
vt 0.277682 0.732560
vt 0.277606 0.700282
vt 0.304847 0.717346
vt 0.330137 0.877320
vt 0.341214 0.876655
vt 0.341221 0.900626
vt 0.332622 0.900992
vt 0.752350 0.206016
vt 0.749222 0.206015
vt 0.749202 0.182924
vt 0.752350 0.176995
vt 0.779226 0.206006
vt 0.779217 0.235055
vt 0.752350 0.235030
vt 0.460193 0.905777
vt 0.466568 0.897871
vt 0.474045 0.896862
vt 0.473829 0.906146
vt 0.334300 0.924690
vt 0.341205 0.924533
vt 0.327507 0.993814
vt 0.327309 0.984523
vt 0.237985 0.694031
vt 0.265147 0.679658
vt 0.749198 0.229084
vt 0.273888 0.732571
vt 0.273834 0.791226
vt 0.271382 0.790708
vt 0.271382 0.732572
vt 0.268876 0.732571
vt 0.268931 0.791226
vt 0.471385 0.789656
vt 0.460251 0.788967
vt 0.460284 0.767591
vt 0.474323 0.768636
vt 0.271377 0.639942
vt 0.271377 0.658330
vt 0.268897 0.658947
vt 0.268948 0.640401
vt 0.466548 0.858137
vt 0.460226 0.858090
vt 0.277609 0.679657
vt 0.304772 0.694027
vt 0.271378 0.679347
vt 0.268915 0.679655
vt 0.273806 0.640401
vt 0.273857 0.658946
vt 0.268919 0.700284
vt 0.271380 0.700283
vt 0.467148 0.837012
vt 0.460242 0.836845
vt 0.460258 0.812938
vt 0.468862 0.813316
vt 0.277536 0.638986
vt 0.283169 0.629484
vt 0.300138 0.673736
vt 0.277645 0.658944
vt 0.273840 0.679654
vt 0.273840 0.700283
vt 0.752351 0.264254
vt 0.749199 0.264254
vt 0.749180 0.241001
vt 0.341247 0.855279
vt 0.327131 0.856321
vt 0.319052 0.807327
vt 0.341238 0.805912
vt 0.292166 0.759052
vt 0.277842 0.785404
vt 0.264922 0.785404
vt 0.250599 0.759053
vt 0.460275 0.718223
vt 0.482448 0.719659
vt 0.779152 0.177021
vt 0.268835 0.622977
vt 0.271377 0.622975
vt 0.271377 0.635154
vt 0.268912 0.635576
vt 0.779290 0.264249
vt 0.654913 0.597248
vt 0.682151 0.580181
vt 0.682080 0.612459
vt 0.659348 0.619997
vt 0.659615 0.553638
vt 0.676583 0.509383
vt 0.682216 0.518885
vt 0.682108 0.538843
vt 0.453826 0.897857
vt 0.453904 0.858127
vt 0.717412 0.619995
vt 0.694680 0.612459
vt 0.694605 0.580180
vt 0.721845 0.597245
vt 0.449174 0.789632
vt 0.451659 0.813304
vt 0.752350 0.148197
vt 0.749244 0.148196
vt 0.749224 0.125267
vt 0.752350 0.119379
vt 0.514968 0.022573
vt 0.542212 0.011288
vt 0.571136 0.005549
vt 0.585846 0.155250
vt 0.400500 0.993465
vt 0.406875 0.985559
vt 0.414352 0.984550
vt 0.414137 0.993834
vt 0.453336 0.837002
vt 0.446543 0.906126
vt 0.446346 0.896835
vt 0.654984 0.573930
vt 0.682145 0.559557
vt 0.749220 0.171093
vt 0.690886 0.612470
vt 0.690832 0.671125
vt 0.688380 0.670606
vt 0.688380 0.612471
vt 0.685874 0.612470
vt 0.685928 0.671125
vt 0.411692 0.877344
vt 0.400558 0.876655
vt 0.400592 0.855279
vt 0.414630 0.856324
vt 0.688376 0.519841
vt 0.688376 0.538229
vt 0.685896 0.538846
vt 0.685947 0.520300
vt 0.406855 0.945825
vt 0.400533 0.945778
vt 0.694608 0.559556
vt 0.721771 0.573927
vt 0.688376 0.559246
vt 0.685914 0.559554
vt 0.690804 0.520300
vt 0.690856 0.538845
vt 0.685918 0.580182
vt 0.688378 0.580182
vt 0.407455 0.924701
vt 0.400549 0.924533
vt 0.400565 0.900626
vt 0.409169 0.901004
vt 0.694535 0.518885
vt 0.700168 0.509383
vt 0.717137 0.553636
vt 0.694644 0.538843
vt 0.690839 0.559554
vt 0.690839 0.580182
vt 0.779162 0.148181
vt 0.779088 0.119403
vt 0.446167 0.768633
vt 0.709164 0.638951
vt 0.694840 0.665303
vt 0.681920 0.665303
vt 0.667597 0.638952
vt 0.400582 0.805912
vt 0.422756 0.807347
vt 0.690917 0.502876
vt 0.690841 0.515475
vt 0.688376 0.515053
vt 0.688376 0.502874
vt 0.438089 0.719639
vt 0.685834 0.502876
vt 0.685911 0.515475
vt 0.237914 0.533220
vt 0.265153 0.516153
vt 0.265082 0.548431
vt 0.242350 0.555970
vt 0.242616 0.489610
vt 0.259584 0.445355
vt 0.265217 0.454857
vt 0.265108 0.474815
vt 0.394134 0.985545
vt 0.394212 0.945815
vt 0.300414 0.555967
vt 0.277682 0.548431
vt 0.277607 0.516152
vt 0.304847 0.533217
vt 0.389481 0.877320
vt 0.391966 0.900992
vt 0.752350 0.090792
vt 0.749266 0.090791
vt 0.749245 0.068020
vt 0.752350 0.062169
vt 0.600625 0.005549
vt 0.629544 0.011315
vt 0.029596 0.960184
vt 0.035971 0.952277
vt 0.043448 0.951268
vt 0.043233 0.960553
vt 0.393644 0.924690
vt 0.386851 0.993814
vt 0.386653 0.984523
vt 0.237985 0.509902
vt 0.265146 0.495529
vt 0.749243 0.113521
vt 0.273888 0.548442
vt 0.273834 0.607097
vt 0.271382 0.606579
vt 0.271382 0.548443
vt 0.268876 0.548442
vt 0.268931 0.607097
vt 0.040788 0.844063
vt 0.029654 0.843373
vt 0.029687 0.821998
vt 0.043726 0.823042
vt 0.271377 0.455813
vt 0.271377 0.474201
vt 0.268897 0.474818
vt 0.268948 0.456272
vt 0.035951 0.912543
vt 0.029629 0.912497
vt 0.277609 0.495528
vt 0.304772 0.509898
vt 0.271378 0.495218
vt 0.268915 0.495526
vt 0.273805 0.456272
vt 0.273857 0.474817
vt 0.268919 0.516155
vt 0.271380 0.516155
vt 0.036551 0.891419
vt 0.029645 0.891251
vt 0.029661 0.867345
vt 0.038265 0.867722
vt 0.277536 0.454857
vt 0.283169 0.445355
vt 0.300138 0.489607
vt 0.277645 0.474815
vt 0.273840 0.495525
vt 0.273840 0.516154
vt 0.779098 0.090769
vt 0.779023 0.062184
vt 0.386475 0.856321
vt 0.292166 0.574923
vt 0.277842 0.601275
vt 0.264922 0.601275
vt 0.250599 0.574924
vt 0.029678 0.772630
vt 0.051851 0.774065
vt 0.273918 0.438848
vt 0.273842 0.451447
vt 0.271377 0.451025
vt 0.271377 0.438846
vt 0.378396 0.807327
vt 0.268835 0.438848
vt 0.268911 0.451447
vt 0.157556 0.717349
vt 0.184795 0.700282
vt 0.184723 0.732559
vt 0.161992 0.740098
vt 0.162258 0.673739
vt 0.179226 0.629484
vt 0.184859 0.638986
vt 0.184750 0.658944
vt 0.023229 0.952263
vt 0.023307 0.912533
vt 0.220055 0.740096
vt 0.197324 0.732560
vt 0.197248 0.700281
vt 0.224489 0.717346
vt 0.018577 0.844039
vt 0.021062 0.867710
vt 0.752350 0.033725
vt 0.749271 0.033725
vt 0.749232 0.010942
vt 0.752349 0.005053
vt 0.656788 0.022600
vt 0.681299 0.038994
vt 0.895147 0.395751
vt 0.901522 0.387844
vt 0.908999 0.386835
vt 0.908783 0.396120
vt 0.022739 0.891409
vt 0.015947 0.960533
vt 0.015749 0.951241
vt 0.157627 0.694031
vt 0.184789 0.679658
vt 0.749258 0.056346
vt 0.193530 0.732571
vt 0.193476 0.791226
vt 0.191024 0.790707
vt 0.191024 0.732572
vt 0.188518 0.732571
vt 0.188572 0.791226
vt 0.906339 0.279630
vt 0.895205 0.278940
vt 0.895239 0.257565
vt 0.909277 0.258609
vt 0.191019 0.639942
vt 0.191019 0.658330
vt 0.188539 0.658947
vt 0.188590 0.640400
vt 0.901502 0.348110
vt 0.895180 0.348064
vt 0.197251 0.679657
vt 0.224414 0.694027
vt 0.191020 0.679347
vt 0.188558 0.679655
vt 0.193448 0.640400
vt 0.193500 0.658946
vt 0.188561 0.700283
vt 0.191022 0.700284
vt 0.902102 0.326986
vt 0.895196 0.326818
vt 0.895212 0.302912
vt 0.903816 0.303289
vt 0.197179 0.638986
vt 0.202811 0.629484
vt 0.219781 0.673736
vt 0.197287 0.658944
vt 0.193482 0.679654
vt 0.193482 0.700283
vt 0.779066 0.033717
vt 0.779245 0.004795
vt 0.015571 0.823040
vt 0.211808 0.759052
vt 0.197484 0.785404
vt 0.184564 0.785404
vt 0.170240 0.759053
vt 0.895229 0.208197
vt 0.917402 0.209632
vt 0.193561 0.622977
vt 0.193484 0.635576
vt 0.191019 0.635154
vt 0.191019 0.622975
vt 0.007492 0.774046
vt 0.188477 0.622977
vt 0.188554 0.635576
vt 0.735271 0.597248
vt 0.762509 0.580181
vt 0.762438 0.612459
vt 0.739707 0.619997
vt 0.739973 0.553638
vt 0.756941 0.509383
vt 0.762574 0.518885
vt 0.762466 0.538843
vt 0.888780 0.387830
vt 0.888858 0.348100
vt 0.797770 0.619996
vt 0.775038 0.612459
vt 0.774963 0.580180
vt 0.802203 0.597245
vt 0.884128 0.279606
vt 0.886613 0.303277
vt 0.571143 0.752072
vt 0.567908 0.752071
vt 0.567900 0.728286
vt 0.571143 0.722184
vt 0.702151 0.059845
vt 0.718522 0.084371
vt 0.180440 0.993465
vt 0.186815 0.985559
vt 0.194292 0.984550
vt 0.194077 0.993834
vt 0.888290 0.326976
vt 0.881498 0.396100
vt 0.881300 0.386808
vt 0.735342 0.573930
vt 0.762503 0.559557
vt 0.571143 0.782187
vt 0.567869 0.776000
vt 0.771245 0.612470
vt 0.771190 0.671125
vt 0.768738 0.670607
vt 0.768738 0.612471
vt 0.766232 0.612470
vt 0.766287 0.671125
vt 0.191632 0.877345
vt 0.180498 0.876655
vt 0.180531 0.855280
vt 0.194570 0.856324
vt 0.768734 0.519841
vt 0.768734 0.538229
vt 0.766254 0.538846
vt 0.766305 0.520300
vt 0.186795 0.945825
vt 0.180473 0.945778
vt 0.774966 0.559556
vt 0.802129 0.573927
vt 0.768735 0.559246
vt 0.766272 0.559554
vt 0.771163 0.520300
vt 0.771214 0.538845
vt 0.766276 0.580182
vt 0.768736 0.580182
vt 0.187395 0.924701
vt 0.180489 0.924533
vt 0.180504 0.900626
vt 0.189109 0.901004
vt 0.774893 0.518885
vt 0.780526 0.509383
vt 0.797495 0.553635
vt 0.775002 0.538843
vt 0.771197 0.559553
vt 0.771197 0.580182
vt 0.598250 0.752037
vt 0.598189 0.722199
vt 0.881122 0.258607
vt 0.789522 0.638951
vt 0.775198 0.665303
vt 0.762278 0.665303
vt 0.747955 0.638952
vt 0.180522 0.805912
vt 0.202695 0.807347
vt 0.771275 0.502876
vt 0.771199 0.515475
vt 0.768734 0.515053
vt 0.768734 0.502874
vt 0.873043 0.209613
vt 0.766192 0.502876
vt 0.766269 0.515475
vt 0.598483 0.782242
vt 0.318272 0.533220
vt 0.345511 0.516153
vt 0.345440 0.548431
vt 0.322708 0.555969
vt 0.322975 0.489609
vt 0.339942 0.445355
vt 0.345576 0.454857
vt 0.345467 0.474815
vt 0.174073 0.985545
vt 0.174151 0.945815
vt 0.380772 0.555968
vt 0.358040 0.548431
vt 0.357965 0.516152
vt 0.385205 0.533217
vt 0.169421 0.877321
vt 0.171906 0.900992
vt 0.571143 0.692503
vt 0.567945 0.692503
vt 0.567928 0.668921
vt 0.571143 0.662867
vt 0.729807 0.111616
vt 0.735547 0.140540
vt 0.954491 0.194608
vt 0.960866 0.186701
vt 0.968344 0.185692
vt 0.968128 0.194977
vt 0.173583 0.924691
vt 0.166791 0.993814
vt 0.166593 0.984523
vt 0.318343 0.509902
vt 0.345505 0.495529
vt 0.567918 0.716100
vt 0.354246 0.548442
vt 0.354192 0.607097
vt 0.351740 0.606578
vt 0.351740 0.548443
vt 0.349234 0.548442
vt 0.349288 0.607097
vt 0.965683 0.078487
vt 0.954550 0.077798
vt 0.954583 0.056422
vt 0.968621 0.057466
vt 0.351735 0.455813
vt 0.351735 0.474201
vt 0.349255 0.474818
vt 0.349306 0.456271
vt 0.960847 0.146967
vt 0.954524 0.146921
vt 0.357967 0.495528
vt 0.385131 0.509898
vt 0.351736 0.495218
vt 0.349274 0.495526
vt 0.354164 0.456271
vt 0.354216 0.474817
vt 0.349277 0.516154
vt 0.351738 0.516154
vt 0.961447 0.125843
vt 0.954540 0.125675
vt 0.954556 0.101769
vt 0.963160 0.102147
vt 0.357895 0.454857
vt 0.363528 0.445355
vt 0.380497 0.489607
vt 0.358004 0.474815
vt 0.354198 0.495525
vt 0.354198 0.516154
vt 0.598209 0.692508
vt 0.598138 0.662892
vt 0.166414 0.856322
vt 0.372524 0.574923
vt 0.358200 0.601275
vt 0.345280 0.601275
vt 0.330957 0.574924
vt 0.954573 0.007054
vt 0.976747 0.008490
vt 0.354277 0.438848
vt 0.354200 0.451447
vt 0.351735 0.451025
vt 0.351735 0.438846
vt 0.158336 0.807328
vt 0.349194 0.438848
vt 0.349270 0.451447
vt 0.157556 0.533220
vt 0.184795 0.516153
vt 0.184724 0.548431
vt 0.161992 0.555969
vt 0.162258 0.489610
vt 0.179226 0.445355
vt 0.184859 0.454857
vt 0.184751 0.474815
vt 0.948125 0.186687
vt 0.948203 0.146958
vt 0.220055 0.555968
vt 0.197324 0.548431
vt 0.197248 0.516152
vt 0.224489 0.533217
vt 0.943472 0.078463
vt 0.945958 0.102135
vt 0.571143 0.633415
vt 0.567968 0.633414
vt 0.567950 0.609998
vt 0.571143 0.603986
vt 0.735547 0.170029
vt 0.729781 0.198947
vt 0.109954 0.977198
vt 0.116329 0.969291
vt 0.123806 0.968282
vt 0.123591 0.977566
vt 0.947635 0.125833
vt 0.940842 0.194957
vt 0.940644 0.185665
vt 0.157627 0.509902
vt 0.184789 0.495529
vt 0.567943 0.656831
vt 0.193530 0.548442
vt 0.193476 0.607097
vt 0.191024 0.606579
vt 0.191024 0.548443
vt 0.188518 0.548442
vt 0.188572 0.607097
vt 0.121146 0.861076
vt 0.110012 0.860387
vt 0.110045 0.839012
vt 0.124084 0.840056
vt 0.191019 0.455813
vt 0.191020 0.474201
vt 0.188539 0.474818
vt 0.188590 0.456272
vt 0.116309 0.929557
vt 0.109987 0.929510
vt 0.197251 0.495529
vt 0.224414 0.509899
vt 0.191020 0.495218
vt 0.188557 0.495526
vt 0.193448 0.456272
vt 0.193499 0.474818
vt 0.188561 0.516154
vt 0.191022 0.516155
vt 0.116909 0.908433
vt 0.110003 0.908265
vt 0.110019 0.884359
vt 0.118623 0.884736
vt 0.197179 0.454857
vt 0.202811 0.445355
vt 0.219781 0.489607
vt 0.197287 0.474816
vt 0.193482 0.495525
vt 0.193482 0.516154
vt 0.598147 0.633416
vt 0.598074 0.604011
vt 0.940466 0.057464
vt 0.211808 0.574923
vt 0.197484 0.601275
vt 0.184564 0.601275
vt 0.170240 0.574924
vt 0.110036 0.789644
vt 0.132210 0.791079
vt 0.193561 0.438848
vt 0.193484 0.451447
vt 0.191019 0.451025
vt 0.191019 0.438846
vt 0.932388 0.008470
vt 0.188477 0.438848
vt 0.188554 0.451447
vt 0.735271 0.781377
vt 0.762509 0.764310
vt 0.762438 0.796588
vt 0.739707 0.804126
vt 0.739973 0.737767
vt 0.756941 0.693512
vt 0.762574 0.703014
vt 0.762466 0.722972
vt 0.103588 0.969277
vt 0.103665 0.929547
vt 0.797770 0.804124
vt 0.775038 0.796588
vt 0.774963 0.764309
vt 0.802203 0.781374
vt 0.098935 0.861053
vt 0.101420 0.884724
vt 0.571143 0.574754
vt 0.567991 0.574753
vt 0.567973 0.551500
vt 0.571143 0.545529
vt 0.718496 0.226192
vt 0.702102 0.250703
vt 0.954491 0.395751
vt 0.960866 0.387844
vt 0.968343 0.386835
vt 0.968128 0.396120
vt 0.103098 0.908423
vt 0.096305 0.977546
vt 0.096107 0.968255
vt 0.735342 0.758058
vt 0.762503 0.743686
vt 0.567966 0.597995
vt 0.771245 0.796598
vt 0.771190 0.855254
vt 0.768738 0.854735
vt 0.768738 0.796600
vt 0.766232 0.796598
vt 0.766287 0.855254
vt 0.965683 0.279630
vt 0.954550 0.278940
vt 0.954583 0.257565
vt 0.968621 0.258609
vt 0.768734 0.703970
vt 0.768734 0.722358
vt 0.766254 0.722974
vt 0.766305 0.704428
vt 0.960847 0.348110
vt 0.954524 0.348064
vt 0.774966 0.743685
vt 0.802129 0.758055
vt 0.768735 0.743375
vt 0.766272 0.743683
vt 0.771163 0.704428
vt 0.771214 0.722974
vt 0.766276 0.764311
vt 0.768736 0.764311
vt 0.961447 0.326986
vt 0.954540 0.326818
vt 0.954556 0.302912
vt 0.963160 0.303289
vt 0.774893 0.703014
vt 0.780526 0.693512
vt 0.797495 0.737764
vt 0.775002 0.722972
vt 0.771197 0.743682
vt 0.771197 0.764311
vt 0.598082 0.574749
vt 0.598009 0.545555
vt 0.095929 0.840054
vt 0.789522 0.823080
vt 0.775199 0.849432
vt 0.762278 0.849432
vt 0.747955 0.823081
vt 0.954573 0.208197
vt 0.976746 0.209632
vt 0.771276 0.687005
vt 0.771199 0.699604
vt 0.768734 0.699182
vt 0.768734 0.687003
vt 0.087850 0.791060
vt 0.766192 0.687005
vt 0.766269 0.699604
vt 0.318273 0.717349
vt 0.345511 0.700282
vt 0.345440 0.732559
vt 0.322708 0.740098
vt 0.322975 0.673739
vt 0.339942 0.629484
vt 0.345576 0.638986
vt 0.345467 0.658944
vt 0.948125 0.387830
vt 0.948203 0.348100
vt 0.380772 0.740096
vt 0.358040 0.732560
vt 0.357965 0.700281
vt 0.385205 0.717346
vt 0.943472 0.279606
vt 0.945958 0.303277
vt 0.571143 0.516516
vt 0.568014 0.516515
vt 0.567995 0.493423
vt 0.571143 0.487494
vt 0.681250 0.271554
vt 0.656724 0.287926
vt 0.895147 0.194608
vt 0.901522 0.186701
vt 0.908999 0.185692
vt 0.908784 0.194977
vt 0.947635 0.326976
vt 0.940842 0.396099
vt 0.940645 0.386808
vt 0.318343 0.694031
vt 0.345505 0.679658
vt 0.567990 0.539583
vt 0.354246 0.732571
vt 0.354192 0.791226
vt 0.351740 0.790707
vt 0.351740 0.732572
vt 0.349234 0.732571
vt 0.349288 0.791226
vt 0.906339 0.078487
vt 0.895205 0.077798
vt 0.895238 0.056422
vt 0.909277 0.057467
vt 0.351735 0.639942
vt 0.351736 0.658330
vt 0.349255 0.658947
vt 0.349306 0.640400
vt 0.901503 0.146968
vt 0.895180 0.146921
vt 0.357967 0.679657
vt 0.385131 0.694027
vt 0.351736 0.679347
vt 0.349274 0.679654
vt 0.354164 0.640400
vt 0.354216 0.658946
vt 0.349277 0.700283
vt 0.351738 0.700284
vt 0.902102 0.125843
vt 0.895196 0.125675
vt 0.895212 0.101769
vt 0.903816 0.102147
vt 0.357895 0.638986
vt 0.363528 0.629484
vt 0.380497 0.673736
vt 0.358004 0.658944
vt 0.354198 0.679654
vt 0.354198 0.700283
vt 0.598018 0.516505
vt 0.597945 0.487520
vt 0.940466 0.258607
vt 0.372524 0.759052
vt 0.358200 0.785404
vt 0.345280 0.785404
vt 0.330957 0.759053
vt 0.895229 0.007054
vt 0.917402 0.008490
vt 0.354277 0.622977
vt 0.354200 0.635576
vt 0.351735 0.635154
vt 0.351735 0.622975
vt 0.932388 0.209613
vt 0.349194 0.622977
vt 0.349270 0.635576
vt 0.815629 0.597248
vt 0.842867 0.580181
vt 0.842796 0.612459
vt 0.820065 0.619997
vt 0.820331 0.553637
vt 0.837299 0.509383
vt 0.842932 0.518885
vt 0.842823 0.538843
vt 0.888781 0.186687
vt 0.888859 0.146958
vt 0.878128 0.619995
vt 0.855396 0.612459
vt 0.855321 0.580180
vt 0.882561 0.597245
vt 0.884128 0.078463
vt 0.886613 0.102135
vt 0.571143 0.458696
vt 0.568037 0.458695
vt 0.568017 0.435765
vt 0.571143 0.429878
vt 0.629480 0.299211
vt 0.600556 0.304950
vt 0.589483 0.981645
vt 0.595858 0.973738
vt 0.603335 0.972729
vt 0.603119 0.982014
vt 0.888291 0.125833
vt 0.881498 0.194957
vt 0.881300 0.185665
vt 0.815700 0.573930
vt 0.842861 0.559557
vt 0.568013 0.481592
vt 0.851602 0.612469
vt 0.851548 0.671125
vt 0.849096 0.670606
vt 0.849096 0.612471
vt 0.846590 0.612470
vt 0.846645 0.671125
vt 0.600675 0.865524
vt 0.589541 0.864835
vt 0.589574 0.843459
vt 0.603613 0.844504
vt 0.849092 0.519841
vt 0.849092 0.538229
vt 0.846611 0.538845
vt 0.846663 0.520299
vt 0.595838 0.934004
vt 0.589516 0.933958
vt 0.855323 0.559556
vt 0.882487 0.573926
vt 0.849092 0.559246
vt 0.846630 0.559554
vt 0.851520 0.520299
vt 0.851572 0.538845
vt 0.846634 0.580182
vt 0.849094 0.580182
vt 0.596438 0.912880
vt 0.589532 0.912712
vt 0.589547 0.888806
vt 0.598152 0.889184
vt 0.855251 0.518885
vt 0.860884 0.509383
vt 0.877853 0.553635
vt 0.855360 0.538843
vt 0.851555 0.559553
vt 0.851555 0.580182
vt 0.597955 0.458680
vt 0.597882 0.429902
vt 0.881122 0.057464
vt 0.869880 0.638951
vt 0.855556 0.665303
vt 0.842636 0.665303
vt 0.828313 0.638952
vt 0.589565 0.794091
vt 0.611738 0.795527
vt 0.851633 0.502876
vt 0.851557 0.515475
vt 0.849092 0.515053
vt 0.849092 0.502874
vt 0.873043 0.008470
vt 0.846550 0.502876
vt 0.846626 0.515475
vt 0.006712 0.684067
vt 0.033951 0.667000
vt 0.033880 0.699278
vt 0.011148 0.706816
vt 0.011415 0.640457
vt 0.028382 0.596202
vt 0.034016 0.605704
vt 0.033907 0.625663
vt 0.583116 0.973724
vt 0.583194 0.933995
vt 0.069212 0.706814
vt 0.046480 0.699278
vt 0.046405 0.666999
vt 0.073645 0.684064
vt 0.578464 0.865500
vt 0.580949 0.889171
vt 0.571143 0.401291
vt 0.568059 0.401290
vt 0.568038 0.378518
vt 0.571143 0.372668
vt 0.571067 0.304950
vt 0.542148 0.299184
vt 0.519537 0.905777
vt 0.525912 0.897871
vt 0.533389 0.896862
vt 0.533174 0.906146
vt 0.582626 0.912870
vt 0.575834 0.981994
vt 0.575636 0.972702
vt 0.006783 0.660749
vt 0.033945 0.646376
vt 0.568036 0.424019
vt 0.042686 0.699289
vt 0.042632 0.757944
vt 0.040180 0.757426
vt 0.040180 0.699290
vt 0.037674 0.699289
vt 0.037728 0.757944
vt 0.530729 0.789656
vt 0.519596 0.788967
vt 0.519629 0.767591
vt 0.533667 0.768636
vt 0.040175 0.606660
vt 0.040175 0.625048
vt 0.037695 0.625665
vt 0.037746 0.607118
vt 0.525892 0.858137
vt 0.519570 0.858090
vt 0.046407 0.646376
vt 0.073571 0.660745
vt 0.040176 0.646065
vt 0.037714 0.646373
vt 0.042604 0.607118
vt 0.042656 0.625664
vt 0.037717 0.667002
vt 0.040178 0.667001
vt 0.526492 0.837013
vt 0.519586 0.836845
vt 0.519602 0.812938
vt 0.528206 0.813316
vt 0.046335 0.605704
vt 0.051968 0.596202
vt 0.068937 0.640454
vt 0.046444 0.625663
vt 0.042638 0.646372
vt 0.042638 0.667001
vt 0.597892 0.401268
vt 0.597818 0.372683
vt 0.575457 0.844501
vt 0.060964 0.725770
vt 0.046640 0.752122
vt 0.033720 0.752122
vt 0.019397 0.725771
vt 0.519619 0.718224
vt 0.541793 0.719659
vt 0.042717 0.589695
vt 0.042640 0.602294
vt 0.040175 0.601872
vt 0.040175 0.589693
vt 0.567379 0.795507
vt 0.037634 0.589695
vt 0.037710 0.602294
vt 0.815629 0.781377
vt 0.842867 0.764310
vt 0.842796 0.796588
vt 0.820064 0.804126
vt 0.820331 0.737767
vt 0.837299 0.693512
vt 0.842932 0.703014
vt 0.842824 0.722972
vt 0.513170 0.897857
vt 0.513249 0.858127
vt 0.878128 0.804125
vt 0.855396 0.796588
vt 0.855321 0.764309
vt 0.882561 0.781374
vt 0.508518 0.789632
vt 0.511004 0.813304
vt 0.571143 0.344224
vt 0.568065 0.344224
vt 0.568026 0.321441
vt 0.571143 0.315552
vt 0.514904 0.287899
vt 0.490393 0.271505
vt 0.281812 0.993466
vt 0.288187 0.985559
vt 0.295664 0.984550
vt 0.295448 0.993834
vt 0.512681 0.837002
vt 0.505888 0.906126
vt 0.505690 0.896835
vt 0.815700 0.758058
vt 0.842862 0.743686
vt 0.568052 0.366845
vt 0.851602 0.796599
vt 0.851548 0.855254
vt 0.849096 0.854735
vt 0.849096 0.796600
vt 0.846590 0.796599
vt 0.846644 0.855254
vt 0.293004 0.877345
vt 0.281870 0.876655
vt 0.281903 0.855280
vt 0.295942 0.856324
vt 0.849092 0.703970
vt 0.849092 0.722358
vt 0.846612 0.722975
vt 0.846663 0.704428
vt 0.288167 0.945825
vt 0.281845 0.945778
vt 0.855324 0.743685
vt 0.882487 0.758055
vt 0.849093 0.743375
vt 0.846630 0.743683
vt 0.851521 0.704429
vt 0.851572 0.722974
vt 0.846634 0.764311
vt 0.849094 0.764312
vt 0.288767 0.924701
vt 0.281861 0.924533
vt 0.281876 0.900626
vt 0.290481 0.901004
vt 0.855252 0.703014
vt 0.860884 0.693512
vt 0.877853 0.737765
vt 0.855360 0.722972
vt 0.851555 0.743682
vt 0.851554 0.764311
vt 0.597859 0.344216
vt 0.598039 0.315294
vt 0.505512 0.768633
vt 0.869880 0.823080
vt 0.855556 0.849432
vt 0.842636 0.849432
vt 0.828312 0.823081
vt 0.281894 0.805912
vt 0.304067 0.807347
vt 0.851634 0.687005
vt 0.851557 0.699604
vt 0.849092 0.699181
vt 0.849092 0.687003
vt 0.497434 0.719639
vt 0.846550 0.687005
vt 0.846627 0.699604
vt 0.654913 0.781377
vt 0.682151 0.764310
vt 0.682080 0.796587
vt 0.659349 0.804126
vt 0.659615 0.737767
vt 0.676583 0.693512
vt 0.682216 0.703014
vt 0.682108 0.722972
vt 0.275445 0.985545
vt 0.275523 0.945815
vt 0.717412 0.804124
vt 0.694681 0.796588
vt 0.694605 0.764309
vt 0.721846 0.781374
vt 0.270793 0.877321
vt 0.273278 0.900992
vt 0.752352 0.441573
vt 0.749117 0.441572
vt 0.749109 0.417787
vt 0.752352 0.411684
vt 0.469541 0.250653
vt 0.453170 0.226128
vt 0.918870 0.890378
vt 0.925245 0.882472
vt 0.932722 0.881463
vt 0.932507 0.890747
vt 0.274955 0.924691
vt 0.268163 0.993814
vt 0.267965 0.984523
vt 0.654984 0.758058
vt 0.682145 0.743686
vt 0.752352 0.471688
vt 0.749077 0.465500
vt 0.690886 0.796598
vt 0.690832 0.855254
vt 0.688381 0.854735
vt 0.688380 0.796600
vt 0.685874 0.796598
vt 0.685929 0.855254
vt 0.930062 0.774257
vt 0.918929 0.773568
vt 0.918962 0.752192
vt 0.933000 0.753237
vt 0.688376 0.703970
vt 0.688376 0.722357
vt 0.685895 0.722974
vt 0.685947 0.704428
vt 0.925226 0.842738
vt 0.918903 0.842691
vt 0.694608 0.743685
vt 0.721771 0.758055
vt 0.688376 0.743375
vt 0.685914 0.743683
vt 0.690804 0.704428
vt 0.690856 0.722974
vt 0.685918 0.764311
vt 0.688378 0.764311
vt 0.925826 0.821613
vt 0.918919 0.821445
vt 0.918935 0.797539
vt 0.927539 0.797917
vt 0.694535 0.703014
vt 0.700168 0.693512
vt 0.717137 0.737764
vt 0.694644 0.722972
vt 0.690839 0.743682
vt 0.690839 0.764311
vt 0.779458 0.441537
vt 0.779398 0.411699
vt 0.267786 0.856322
vt 0.709164 0.823080
vt 0.694840 0.849432
vt 0.681921 0.849432
vt 0.667597 0.823081
vt 0.918953 0.702824
vt 0.941126 0.704260
vt 0.690917 0.687005
vt 0.690841 0.699604
vt 0.688376 0.699181
vt 0.688376 0.687003
vt 0.259708 0.807328
vt 0.685834 0.687005
vt 0.685910 0.699604
vt 0.779692 0.471742
vt 0.654913 0.413119
vt 0.682151 0.396052
vt 0.682080 0.428330
vt 0.659349 0.435869
vt 0.659615 0.369509
vt 0.676582 0.325254
vt 0.682216 0.334756
vt 0.682107 0.354714
vt 0.912504 0.882458
vt 0.912582 0.842728
vt 0.717412 0.435866
vt 0.694681 0.428330
vt 0.694605 0.396051
vt 0.721845 0.413116
vt 0.907851 0.774233
vt 0.910337 0.797905
vt 0.752351 0.382004
vt 0.749154 0.382003
vt 0.749136 0.358422
vt 0.752351 0.352367
vt 0.441885 0.198883
vt 0.436145 0.169959
vt 0.918871 0.689236
vt 0.925245 0.681329
vt 0.932723 0.680320
vt 0.932507 0.689605
vt 0.912014 0.821603
vt 0.905221 0.890727
vt 0.905023 0.881436
vt 0.654984 0.389801
vt 0.682145 0.375428
vt 0.749126 0.405600
vt 0.690886 0.428341
vt 0.690832 0.486997
vt 0.688381 0.486478
vt 0.688380 0.428342
vt 0.685874 0.428341
vt 0.685929 0.486997
vt 0.930062 0.573115
vt 0.918929 0.572425
vt 0.918962 0.551050
vt 0.933000 0.552094
vt 0.688375 0.335712
vt 0.688376 0.354100
vt 0.685895 0.354717
vt 0.685946 0.336171
vt 0.925226 0.641595
vt 0.918903 0.641549
vt 0.694607 0.375428
vt 0.721771 0.389798
vt 0.688376 0.375118
vt 0.685914 0.375425
vt 0.690804 0.336171
vt 0.690856 0.354717
vt 0.685918 0.396054
vt 0.688378 0.396054
vt 0.925826 0.620471
vt 0.918919 0.620303
vt 0.918935 0.596397
vt 0.927539 0.596774
vt 0.694535 0.334756
vt 0.700168 0.325254
vt 0.717137 0.369506
vt 0.694643 0.354715
vt 0.690839 0.375425
vt 0.690838 0.396053
vt 0.779417 0.382008
vt 0.779346 0.352391
vt 0.904845 0.753234
vt 0.709165 0.454822
vt 0.694841 0.481174
vt 0.681921 0.481174
vt 0.667597 0.454823
vt 0.918953 0.501682
vt 0.941126 0.503117
vt 0.690917 0.318747
vt 0.690840 0.331347
vt 0.688375 0.330924
vt 0.688375 0.318745
vt 0.896766 0.704240
vt 0.685834 0.318747
vt 0.685910 0.331347
vt 0.791906 0.102621
vt 0.819144 0.085553
vt 0.819073 0.117831
vt 0.796342 0.125370
vt 0.796607 0.059010
vt 0.813575 0.014755
vt 0.819208 0.024258
vt 0.819100 0.044216
vt 0.912503 0.681315
vt 0.912582 0.641585
vt 0.854405 0.125368
vt 0.831673 0.117831
vt 0.831598 0.085553
vt 0.858838 0.102617
vt 0.907851 0.573091
vt 0.910337 0.596762
vt 0.752351 0.322915
vt 0.749177 0.322914
vt 0.749158 0.299499
vt 0.752351 0.293486
vt 0.436146 0.140470
vt 0.441911 0.111552
vt 0.109954 0.776055
vt 0.116329 0.768148
vt 0.123806 0.767139
vt 0.123591 0.776424
vt 0.912014 0.620461
vt 0.905221 0.689584
vt 0.905023 0.680293
vt 0.791976 0.079302
vt 0.819138 0.064929
vt 0.749151 0.346332
vt 0.827879 0.117842
vt 0.827826 0.176498
vt 0.825374 0.175979
vt 0.825373 0.117844
vt 0.822867 0.117842
vt 0.822922 0.176498
vt 0.121146 0.659934
vt 0.110012 0.659244
vt 0.110045 0.637869
vt 0.124084 0.638913
vt 0.825367 0.025213
vt 0.825368 0.043601
vt 0.822888 0.044218
vt 0.822939 0.025672
vt 0.116309 0.728414
vt 0.109987 0.728368
vt 0.831600 0.064929
vt 0.858763 0.079299
vt 0.825369 0.064619
vt 0.822907 0.064926
vt 0.827797 0.025672
vt 0.827848 0.044218
vt 0.822910 0.085555
vt 0.825371 0.085555
vt 0.116909 0.707290
vt 0.110003 0.707122
vt 0.110019 0.683216
vt 0.118623 0.683593
vt 0.831527 0.024258
vt 0.837160 0.014755
vt 0.854129 0.059007
vt 0.831636 0.044216
vt 0.827831 0.064926
vt 0.827831 0.085554
vt 0.779355 0.322916
vt 0.779282 0.293511
vt 0.904845 0.552092
vt 0.846157 0.144323
vt 0.831834 0.170675
vt 0.818914 0.170675
vt 0.804590 0.144325
vt 0.110036 0.588501
vt 0.132210 0.589936
vt 0.827909 0.008248
vt 0.827833 0.020848
vt 0.825367 0.020425
vt 0.825368 0.008247
vt 0.896767 0.503098
vt 0.822826 0.008248
vt 0.822902 0.020848
vt 0.791906 0.286750
vt 0.819144 0.269682
vt 0.819073 0.301960
vt 0.796342 0.309499
vt 0.796607 0.243139
vt 0.813575 0.198884
vt 0.819208 0.208387
vt 0.819100 0.228345
vt 0.103587 0.768134
vt 0.103666 0.728405
vt 0.854405 0.309496
vt 0.831674 0.301960
vt 0.831598 0.269682
vt 0.858838 0.286746
vt 0.098935 0.659910
vt 0.101420 0.683581
vt 0.453196 0.084307
vt 0.469590 0.059796
vt 0.347531 0.985559
vt 0.355008 0.984550
vt 0.354793 0.993834
vt 0.103098 0.707280
vt 0.096305 0.776404
vt 0.096107 0.767112
vt 0.791976 0.263431
vt 0.819138 0.249058
vt 0.749174 0.287495
vt 0.827879 0.301971
vt 0.827826 0.360627
vt 0.825374 0.360108
vt 0.825373 0.301973
vt 0.822867 0.301971
vt 0.822922 0.360627
vt 0.352348 0.877344
vt 0.355286 0.856324
vt 0.825368 0.209342
vt 0.825368 0.227730
vt 0.822888 0.228347
vt 0.822939 0.209801
vt 0.347511 0.945825
vt 0.831600 0.249058
vt 0.858763 0.263427
vt 0.825369 0.248748
vt 0.822907 0.249055
vt 0.827797 0.209801
vt 0.827848 0.228347
vt 0.822910 0.269684
vt 0.825371 0.269684
vt 0.348111 0.924701
vt 0.349825 0.901004
vt 0.831527 0.208386
vt 0.837160 0.198884
vt 0.854129 0.243136
vt 0.831636 0.228345
vt 0.827831 0.249055
vt 0.827831 0.269683
vt 0.095929 0.638911
vt 0.846157 0.328452
vt 0.831834 0.354804
vt 0.818914 0.354804
vt 0.804590 0.328453
vt 0.363411 0.807347
vt 0.827909 0.192377
vt 0.827833 0.204977
vt 0.825368 0.204554
vt 0.825368 0.192375
vt 0.087850 0.589917
vt 0.822826 0.192377
vt 0.822902 0.204977
vt 0.624334 0.408617
vt 0.642007 0.408617
vt 0.642007 0.421948
vt 0.624334 0.421948
vt 0.624334 0.368621
vt 0.642007 0.368621
vt 0.642007 0.381953
vt 0.624334 0.381953
vt 0.624334 0.621925
vt 0.642007 0.621925
vt 0.642007 0.635257
vt 0.624334 0.635257
vt 0.624334 0.448612
vt 0.642007 0.448612
vt 0.642007 0.461944
vt 0.624334 0.461944
vt 0.642007 0.395285
vt 0.624334 0.395285
vt 0.642007 0.648589
vt 0.624334 0.648589
vt 0.642007 0.475275
vt 0.624334 0.475275
vt 0.642007 0.661920
vt 0.624334 0.661920
vt 0.642007 0.488607
vt 0.624334 0.488607
vt 0.642007 0.675252
vt 0.624334 0.675252
vt 0.642007 0.501939
vt 0.624334 0.501939
vt 0.624334 0.435280
vt 0.642007 0.435280
vt 0.642007 0.688584
vt 0.624334 0.688584
vt 0.642007 0.515271
vt 0.624334 0.515271
vt 0.642007 0.701916
vt 0.624334 0.701916
vt 0.642007 0.528603
vt 0.624334 0.528603
vt 0.642007 0.715248
vt 0.624334 0.715248
vt 0.642007 0.541934
vt 0.624334 0.541934
vt 0.642007 0.728579
vt 0.624334 0.728579
vt 0.642007 0.555266
vt 0.624334 0.555266
vt 0.642007 0.741911
vt 0.624334 0.741911
vt 0.642007 0.568598
vt 0.624334 0.568598
vt 0.624334 0.315294
vt 0.642007 0.315294
vt 0.642007 0.328626
vt 0.624334 0.328626
vt 0.642007 0.581930
vt 0.624334 0.581930
vt 0.642007 0.341958
vt 0.624334 0.341958
vt 0.642007 0.595261
vt 0.624334 0.595261
vt 0.642007 0.355289
vt 0.624334 0.355289
vt 0.642007 0.608593
vt 0.624334 0.608593
vt 0.620454 0.435280
vt 0.620454 0.421948
vt 0.616569 0.435280
vt 0.616569 0.421948
vt 0.612677 0.435280
vt 0.612677 0.421948
vt 0.608780 0.435280
vt 0.608780 0.421948
vt 0.620454 0.448612
vt 0.616569 0.448612
vt 0.612677 0.448612
vt 0.608780 0.448612
vt 0.620454 0.461944
vt 0.616569 0.461944
vt 0.612677 0.461944
vt 0.608780 0.461944
vt 0.620454 0.475275
vt 0.616569 0.475275
vt 0.612677 0.475275
vt 0.608780 0.475275
vt 0.620454 0.488607
vt 0.616569 0.488607
vt 0.612677 0.488607
vt 0.608780 0.488607
vt 0.620454 0.501939
vt 0.616569 0.501939
vt 0.612677 0.501939
vt 0.608780 0.501939
vt 0.620454 0.515271
vt 0.616569 0.515271
vt 0.612677 0.515271
vt 0.608780 0.515271
vt 0.620454 0.528603
vt 0.616569 0.528603
vt 0.612677 0.528603
vt 0.608780 0.528603
vt 0.620454 0.541934
vt 0.616569 0.541934
vt 0.612677 0.541934
vt 0.608780 0.541934
vt 0.620454 0.555266
vt 0.616569 0.555266
vt 0.612677 0.555266
vt 0.608780 0.555266
vt 0.620454 0.568598
vt 0.616569 0.568598
vt 0.612677 0.568598
vt 0.608780 0.568598
vt 0.620454 0.581930
vt 0.616569 0.581930
vt 0.612677 0.581930
vt 0.608780 0.581930
vt 0.620454 0.595261
vt 0.616569 0.595261
vt 0.612677 0.595261
vt 0.608780 0.595261
vt 0.620454 0.608593
vt 0.616569 0.608593
vt 0.612677 0.608593
vt 0.608780 0.608593
vt 0.620454 0.621925
vt 0.616569 0.621925
vt 0.612677 0.621925
vt 0.608780 0.621925
vt 0.620454 0.635257
vt 0.616569 0.635257
vt 0.612677 0.635257
vt 0.608780 0.635257
vt 0.620454 0.648589
vt 0.616569 0.648589
vt 0.612677 0.648589
vt 0.608780 0.648589
vt 0.620454 0.661920
vt 0.616569 0.661920
vt 0.612677 0.661920
vt 0.608780 0.661920
vt 0.620454 0.675252
vt 0.616569 0.675252
vt 0.612677 0.675252
vt 0.608780 0.675252
vt 0.620454 0.688584
vt 0.616569 0.688584
vt 0.612677 0.688584
vt 0.608780 0.688584
vt 0.620454 0.701916
vt 0.616569 0.701916
vt 0.612677 0.701916
vt 0.608780 0.701916
vt 0.620454 0.715248
vt 0.616569 0.715248
vt 0.612677 0.715248
vt 0.608780 0.715248
vt 0.620454 0.728579
vt 0.616569 0.728579
vt 0.612677 0.728579
vt 0.608780 0.728579
vt 0.620454 0.741911
vt 0.616569 0.741911
vt 0.612677 0.741911
vt 0.608780 0.741911
vt 0.620454 0.328626
vt 0.620454 0.315294
vt 0.616569 0.328626
vt 0.616569 0.315294
vt 0.612677 0.328626
vt 0.612677 0.315294
vt 0.608780 0.328626
vt 0.608780 0.315294
vt 0.620454 0.341958
vt 0.616569 0.341958
vt 0.612677 0.341958
vt 0.608780 0.341958
vt 0.620454 0.355289
vt 0.616569 0.355289
vt 0.612677 0.355289
vt 0.608780 0.355289
vt 0.620454 0.368621
vt 0.616569 0.368621
vt 0.612677 0.368621
vt 0.608780 0.368621
vt 0.620454 0.381953
vt 0.616569 0.381953
vt 0.612677 0.381953
vt 0.608780 0.381953
vt 0.620454 0.395285
vt 0.616569 0.395285
vt 0.612677 0.395285
vt 0.608780 0.395285
vt 0.620454 0.408617
vt 0.616569 0.408617
vt 0.612677 0.408617
vt 0.608780 0.408617
vt 0.460193 0.907149
vt 0.446645 0.907517
vt 0.414035 0.995205
vt 0.400501 0.994837
vt 0.386953 0.995205
vt 0.043131 0.961923
vt 0.029596 0.961555
vt 0.016049 0.961923
vt 0.908682 0.397490
vt 0.895147 0.397122
vt 0.881600 0.397490
vt 0.193975 0.995205
vt 0.180440 0.994837
vt 0.166893 0.995205
vt 0.968026 0.196347
vt 0.954492 0.195980
vt 0.940944 0.196347
vt 0.123489 0.978937
vt 0.109955 0.978569
vt 0.096407 0.978937
vt 0.968026 0.397490
vt 0.954492 0.397122
vt 0.940944 0.397490
vt 0.908682 0.196347
vt 0.895148 0.195979
vt 0.881600 0.196347
vt 0.603018 0.983384
vt 0.589483 0.983017
vt 0.575936 0.983384
vt 0.533072 0.907517
vt 0.519538 0.907149
vt 0.505990 0.907517
vt 0.295347 0.995205
vt 0.281812 0.994837
vt 0.268265 0.995205
vt 0.932405 0.892118
vt 0.918871 0.891750
vt 0.905323 0.892118
vt 0.932405 0.690975
vt 0.918871 0.690607
vt 0.905323 0.690975
vt 0.123489 0.777794
vt 0.109955 0.777426
vt 0.096407 0.777794
vt 0.354691 0.995205
vt 0.341157 0.994837
vt 0.327609 0.995205
vt 0.473728 0.907517
vt 0.643405 0.621925
vt 0.643405 0.635257
vt 0.643405 0.648589
vt 0.643405 0.661920
vt 0.643405 0.675252
vt 0.643405 0.688584
vt 0.643405 0.701916
vt 0.643405 0.715248
vt 0.643405 0.728579
vt 0.643405 0.741911
vt 0.643405 0.315294
vt 0.643405 0.328626
vt 0.643405 0.341958
vt 0.643405 0.355289
vt 0.643405 0.368621
vt 0.643405 0.381953
vt 0.643405 0.395285
vt 0.643405 0.408617
vt 0.643405 0.421948
vt 0.643405 0.435280
vt 0.643405 0.448612
vt 0.643405 0.461944
vt 0.643405 0.475275
vt 0.643405 0.488607
vt 0.643405 0.501939
vt 0.643405 0.515271
vt 0.643405 0.528603
vt 0.643405 0.541934
vt 0.643405 0.555266
vt 0.643405 0.568598
vt 0.643405 0.581930
vt 0.643405 0.595261
vt 0.643405 0.608593
vt 0.468526 0.892066
vt 0.469204 0.893396
vt 0.469169 0.895102
vt 0.266925 0.788441
vt 0.266742 0.792550
vt 0.265815 0.791567
vt 0.266967 0.794062
vt 0.267084 0.639681
vt 0.267273 0.638277
vt 0.268897 0.637991
vt 0.266392 0.637056
vt 0.266974 0.636780
vt 0.258135 0.627761
vt 0.258879 0.624807
vt 0.260321 0.626751
vt 0.483340 0.717412
vt 0.485146 0.718194
vt 0.484168 0.721148
vt 0.748231 0.231577
vt 0.746133 0.230045
vt 0.746983 0.228315
vt 0.266860 0.625045
vt 0.266114 0.622652
vt 0.267778 0.620528
vt 0.273842 0.635576
vt 0.275779 0.636780
vt 0.275481 0.638277
vt 0.273857 0.637991
vt 0.275669 0.639681
vt 0.276362 0.637056
vt 0.282432 0.626751
vt 0.283874 0.624807
vt 0.284618 0.627761
vt 0.273918 0.622977
vt 0.274976 0.620528
vt 0.276639 0.622652
vt 0.275893 0.625045
vt 0.746949 0.241772
vt 0.746098 0.240027
vt 0.748213 0.238490
vt 0.317331 0.808815
vt 0.316355 0.805859
vt 0.318163 0.805078
vt 0.276950 0.791566
vt 0.276023 0.792550
vt 0.275840 0.788441
vt 0.332191 0.982771
vt 0.332159 0.981064
vt 0.332839 0.979735
vt 0.275798 0.794062
vt 0.408834 0.979754
vt 0.409511 0.981084
vt 0.409477 0.982790
vt 0.683923 0.668340
vt 0.683740 0.672449
vt 0.682812 0.671466
vt 0.683964 0.673961
vt 0.684083 0.519580
vt 0.684272 0.518177
vt 0.685896 0.517890
vt 0.683391 0.516955
vt 0.683973 0.516679
vt 0.675134 0.507660
vt 0.675878 0.504706
vt 0.677320 0.506650
vt 0.423647 0.805100
vt 0.425453 0.805882
vt 0.424475 0.808836
vt 0.748261 0.173568
vt 0.746179 0.172048
vt 0.747022 0.170330
vt 0.683859 0.504944
vt 0.683113 0.502551
vt 0.684777 0.500427
vt 0.692778 0.516679
vt 0.692480 0.518177
vt 0.690856 0.517890
vt 0.692668 0.519580
vt 0.693361 0.516955
vt 0.699431 0.506650
vt 0.700873 0.504707
vt 0.701617 0.507661
vt 0.691975 0.500427
vt 0.693638 0.502551
vt 0.692892 0.504944
vt 0.746987 0.183690
vt 0.746141 0.181958
vt 0.748242 0.180431
vt 0.436368 0.721128
vt 0.435392 0.718171
vt 0.437199 0.717390
vt 0.693948 0.671466
vt 0.693021 0.672449
vt 0.692838 0.668340
vt 0.451228 0.895083
vt 0.451196 0.893376
vt 0.451876 0.892046
vt 0.692796 0.673961
vt 0.037930 0.946472
vt 0.038607 0.947802
vt 0.038572 0.949509
vt 0.266925 0.604312
vt 0.266742 0.608421
vt 0.265815 0.607438
vt 0.266967 0.609933
vt 0.267084 0.455552
vt 0.267272 0.454148
vt 0.268897 0.453862
vt 0.266392 0.452927
vt 0.266974 0.452651
vt 0.258135 0.443632
vt 0.258879 0.440678
vt 0.260321 0.442622
vt 0.052743 0.771818
vt 0.054549 0.772600
vt 0.053571 0.775554
vt 0.748290 0.115977
vt 0.746224 0.114468
vt 0.747061 0.112763
vt 0.266860 0.440916
vt 0.266114 0.438523
vt 0.267778 0.436399
vt 0.275779 0.452651
vt 0.275481 0.454148
vt 0.273857 0.453862
vt 0.275669 0.455552
vt 0.276361 0.452927
vt 0.282432 0.442622
vt 0.283873 0.440678
vt 0.284618 0.443632
vt 0.274975 0.436399
vt 0.276639 0.438523
vt 0.275893 0.440916
vt 0.747024 0.126027
vt 0.746184 0.124307
vt 0.748271 0.122790
vt 0.376675 0.808815
vt 0.375699 0.805859
vt 0.377507 0.805078
vt 0.276950 0.607438
vt 0.276023 0.608421
vt 0.275840 0.604312
vt 0.391535 0.982771
vt 0.391503 0.981064
vt 0.392183 0.979734
vt 0.275798 0.609933
vt 0.903481 0.382039
vt 0.904158 0.383369
vt 0.904123 0.385076
vt 0.186566 0.788441
vt 0.186383 0.792550
vt 0.185456 0.791567
vt 0.186608 0.794062
vt 0.186726 0.639681
vt 0.186915 0.638277
vt 0.188539 0.637991
vt 0.186034 0.637056
vt 0.186616 0.636779
vt 0.177777 0.627761
vt 0.178521 0.624807
vt 0.179963 0.626751
vt 0.918294 0.207385
vt 0.920100 0.208167
vt 0.919122 0.211122
vt 0.748312 0.058789
vt 0.746256 0.057290
vt 0.747087 0.055594
vt 0.186503 0.625045
vt 0.185757 0.622652
vt 0.187420 0.620528
vt 0.195422 0.636780
vt 0.195123 0.638277
vt 0.193499 0.637991
vt 0.195312 0.639681
vt 0.196004 0.637056
vt 0.202074 0.626751
vt 0.203516 0.624807
vt 0.204260 0.627761
vt 0.194618 0.620528
vt 0.196281 0.622652
vt 0.195535 0.625045
vt 0.747060 0.068776
vt 0.746225 0.067067
vt 0.748297 0.065560
vt 0.005771 0.775534
vt 0.004795 0.772578
vt 0.006603 0.771797
vt 0.196592 0.791567
vt 0.195664 0.792550
vt 0.195482 0.788441
vt 0.020631 0.949489
vt 0.020599 0.947782
vt 0.021279 0.946453
vt 0.195439 0.794062
vt 0.188773 0.979754
vt 0.189451 0.981084
vt 0.189416 0.982791
vt 0.764281 0.668340
vt 0.764098 0.672449
vt 0.763171 0.671466
vt 0.764323 0.673961
vt 0.764441 0.519580
vt 0.764630 0.518177
vt 0.766254 0.517890
vt 0.763749 0.516955
vt 0.764331 0.516679
vt 0.755492 0.507660
vt 0.756236 0.504706
vt 0.757678 0.506650
vt 0.203587 0.805100
vt 0.205393 0.805882
vt 0.204414 0.808836
vt 0.566859 0.778593
vt 0.564682 0.776995
vt 0.565570 0.775198
vt 0.764217 0.504944
vt 0.763471 0.502551
vt 0.765135 0.500427
vt 0.773137 0.516679
vt 0.772838 0.518177
vt 0.771214 0.517890
vt 0.773026 0.519580
vt 0.773718 0.516955
vt 0.779789 0.506650
vt 0.781231 0.504706
vt 0.781975 0.507660
vt 0.772333 0.500427
vt 0.773996 0.502552
vt 0.773250 0.504944
vt 0.747043 0.011706
vt 0.746199 0.009995
vt 0.748271 0.008474
vt 0.871322 0.211101
vt 0.870346 0.208145
vt 0.872153 0.207364
vt 0.774306 0.671466
vt 0.773379 0.672449
vt 0.773196 0.668340
vt 0.886182 0.385056
vt 0.886150 0.383349
vt 0.886830 0.382020
vt 0.773154 0.673961
vt 0.962825 0.180896
vt 0.963503 0.182226
vt 0.963468 0.183933
vt 0.347282 0.604312
vt 0.347100 0.608421
vt 0.346172 0.607438
vt 0.347325 0.609933
vt 0.347443 0.455552
vt 0.347631 0.454148
vt 0.349255 0.453862
vt 0.346750 0.452927
vt 0.347333 0.452651
vt 0.338494 0.443632
vt 0.339238 0.440678
vt 0.340680 0.442622
vt 0.977638 0.006242
vt 0.979444 0.007025
vt 0.978466 0.009979
vt 0.566929 0.718650
vt 0.564783 0.717083
vt 0.565652 0.715312
vt 0.347219 0.440916
vt 0.346473 0.438523
vt 0.348137 0.436399
vt 0.356138 0.452651
vt 0.355839 0.454148
vt 0.354215 0.453862
vt 0.356028 0.455552
vt 0.356720 0.452927
vt 0.362790 0.442622
vt 0.364232 0.440678
vt 0.364976 0.443632
vt 0.355334 0.436399
vt 0.356998 0.438523
vt 0.356252 0.440916
vt 0.565618 0.729074
vt 0.564748 0.727290
vt 0.566912 0.725720
vt 0.156615 0.808816
vt 0.155639 0.805860
vt 0.157446 0.805079
vt 0.357308 0.607438
vt 0.356381 0.608421
vt 0.356198 0.604312
vt 0.171475 0.982771
vt 0.171443 0.981064
vt 0.172123 0.979735
vt 0.356156 0.609933
vt 0.118288 0.963486
vt 0.118965 0.964816
vt 0.118931 0.966523
vt 0.186566 0.604312
vt 0.186383 0.608421
vt 0.185456 0.607438
vt 0.186608 0.609933
vt 0.186726 0.455552
vt 0.186915 0.454149
vt 0.188539 0.453862
vt 0.186034 0.452927
vt 0.186616 0.452651
vt 0.177777 0.443632
vt 0.178522 0.440678
vt 0.179963 0.442622
vt 0.133101 0.788832
vt 0.134907 0.789614
vt 0.133929 0.792568
vt 0.566962 0.659363
vt 0.564832 0.657808
vt 0.565695 0.656051
vt 0.186503 0.440916
vt 0.185757 0.438523
vt 0.187420 0.436399
vt 0.195422 0.452651
vt 0.195123 0.454149
vt 0.193499 0.453862
vt 0.195312 0.455552
vt 0.196004 0.452927
vt 0.202074 0.442622
vt 0.203516 0.440678
vt 0.204260 0.443632
vt 0.194618 0.436399
vt 0.196282 0.438523
vt 0.195535 0.440916
vt 0.565665 0.669704
vt 0.564802 0.667935
vt 0.566947 0.666376
vt 0.930667 0.009958
vt 0.929690 0.007002
vt 0.931498 0.006221
vt 0.196592 0.607438
vt 0.195665 0.608421
vt 0.195482 0.604312
vt 0.945526 0.183913
vt 0.945495 0.182206
vt 0.946174 0.180877
vt 0.195440 0.609933
vt 0.962825 0.382039
vt 0.963503 0.383369
vt 0.963468 0.385076
vt 0.764281 0.852469
vt 0.764098 0.856578
vt 0.763171 0.855594
vt 0.764323 0.858090
vt 0.764441 0.703709
vt 0.764630 0.702305
vt 0.766253 0.702019
vt 0.763749 0.701084
vt 0.764331 0.700808
vt 0.755492 0.691789
vt 0.756236 0.688835
vt 0.757678 0.690779
vt 0.977638 0.207385
vt 0.979444 0.208167
vt 0.978466 0.211121
vt 0.566993 0.600507
vt 0.564879 0.598964
vt 0.565735 0.597220
vt 0.764217 0.689073
vt 0.763472 0.686680
vt 0.765135 0.684556
vt 0.773137 0.700808
vt 0.772838 0.702305
vt 0.771214 0.702019
vt 0.773026 0.703709
vt 0.773719 0.701084
vt 0.779789 0.690779
vt 0.781231 0.688835
vt 0.781975 0.691789
vt 0.772333 0.684556
vt 0.773996 0.686680
vt 0.773250 0.689073
vt 0.565704 0.610775
vt 0.564846 0.609019
vt 0.566977 0.607470
vt 0.086129 0.792548
vt 0.085153 0.789592
vt 0.086961 0.788810
vt 0.774306 0.855594
vt 0.773379 0.856578
vt 0.773196 0.852469
vt 0.100989 0.966503
vt 0.100957 0.964796
vt 0.101637 0.963467
vt 0.773154 0.858090
vt 0.903481 0.180896
vt 0.904158 0.182226
vt 0.904124 0.183933
vt 0.347282 0.788441
vt 0.347100 0.792550
vt 0.346172 0.791567
vt 0.347324 0.794062
vt 0.347443 0.639681
vt 0.347631 0.638277
vt 0.349255 0.637991
vt 0.346750 0.637056
vt 0.347332 0.636779
vt 0.338494 0.627761
vt 0.339238 0.624807
vt 0.340680 0.626751
vt 0.918294 0.006242
vt 0.920100 0.007025
vt 0.919122 0.009979
vt 0.567024 0.542076
vt 0.564926 0.540545
vt 0.565775 0.538814
vt 0.347219 0.625045
vt 0.346473 0.622652
vt 0.348137 0.620528
vt 0.356138 0.636779
vt 0.355839 0.638277
vt 0.354215 0.637991
vt 0.356028 0.639681
vt 0.356720 0.637056
vt 0.362791 0.626751
vt 0.364232 0.624807
vt 0.364977 0.627761
vt 0.355334 0.620528
vt 0.356998 0.622653
vt 0.356252 0.625045
vt 0.565742 0.552271
vt 0.564890 0.550526
vt 0.567006 0.548989
vt 0.930666 0.211101
vt 0.929690 0.208145
vt 0.931498 0.207364
vt 0.357308 0.791567
vt 0.356381 0.792550
vt 0.356198 0.788441
vt 0.945526 0.385056
vt 0.945495 0.383349
vt 0.946174 0.382020
vt 0.356156 0.794062
vt 0.597816 0.967933
vt 0.598494 0.969263
vt 0.598459 0.970970
vt 0.844639 0.668340
vt 0.844456 0.672449
vt 0.843529 0.671465
vt 0.844681 0.673961
vt 0.844799 0.519580
vt 0.844987 0.518176
vt 0.846611 0.517890
vt 0.844106 0.516955
vt 0.844689 0.516679
vt 0.835850 0.507660
vt 0.836594 0.504706
vt 0.838036 0.506650
vt 0.612630 0.793279
vt 0.614436 0.794062
vt 0.613457 0.797016
vt 0.567054 0.484067
vt 0.564972 0.482547
vt 0.565815 0.480829
vt 0.844575 0.504944
vt 0.843829 0.502551
vt 0.845493 0.500427
vt 0.853494 0.516679
vt 0.853196 0.518176
vt 0.851572 0.517890
vt 0.853384 0.519580
vt 0.854076 0.516955
vt 0.860147 0.506650
vt 0.861589 0.504706
vt 0.862333 0.507660
vt 0.852691 0.500427
vt 0.854354 0.502551
vt 0.853608 0.504944
vt 0.565779 0.494189
vt 0.564933 0.492457
vt 0.567035 0.490930
vt 0.871322 0.009958
vt 0.870346 0.007002
vt 0.872153 0.006221
vt 0.854664 0.671465
vt 0.853737 0.672449
vt 0.853554 0.668340
vt 0.886182 0.183913
vt 0.886150 0.182206
vt 0.886830 0.180877
vt 0.853512 0.673961
vt 0.527871 0.892066
vt 0.528548 0.893396
vt 0.528514 0.895102
vt 0.035722 0.755159
vt 0.035540 0.759268
vt 0.034612 0.758285
vt 0.035765 0.760780
vt 0.035883 0.606399
vt 0.036071 0.604995
vt 0.037695 0.604709
vt 0.035190 0.603774
vt 0.035772 0.603498
vt 0.026934 0.594479
vt 0.027678 0.591525
vt 0.029120 0.593469
vt 0.542684 0.717412
vt 0.544490 0.718194
vt 0.543512 0.721148
vt 0.567083 0.426476
vt 0.565017 0.424967
vt 0.565854 0.423262
vt 0.035659 0.591763
vt 0.034913 0.589370
vt 0.036576 0.587246
vt 0.044578 0.603498
vt 0.044279 0.604995
vt 0.042655 0.604709
vt 0.044468 0.606399
vt 0.045160 0.603774
vt 0.051231 0.593469
vt 0.052672 0.591525
vt 0.053416 0.594479
vt 0.043774 0.587246
vt 0.045438 0.589370
vt 0.044692 0.591763
vt 0.565817 0.436526
vt 0.564977 0.434806
vt 0.567064 0.433289
vt 0.565658 0.796995
vt 0.564682 0.794039
vt 0.566489 0.793258
vt 0.045748 0.758285
vt 0.044821 0.759268
vt 0.044638 0.755159
vt 0.580518 0.970950
vt 0.580486 0.969243
vt 0.581166 0.967914
vt 0.044596 0.760780
vt 0.290145 0.979754
vt 0.290823 0.981084
vt 0.290788 0.982791
vt 0.844638 0.852469
vt 0.844455 0.856578
vt 0.843528 0.855594
vt 0.844680 0.858090
vt 0.844799 0.703709
vt 0.844988 0.702305
vt 0.846612 0.702019
vt 0.844107 0.701084
vt 0.844689 0.700808
vt 0.835850 0.691789
vt 0.836594 0.688835
vt 0.838036 0.690779
vt 0.304959 0.805100
vt 0.306765 0.805882
vt 0.305786 0.808836
vt 0.567106 0.369288
vt 0.565050 0.367789
vt 0.565881 0.366092
vt 0.844576 0.689073
vt 0.843830 0.686680
vt 0.845493 0.684556
vt 0.853495 0.700808
vt 0.853196 0.702305
vt 0.851572 0.702019
vt 0.853384 0.703709
vt 0.854077 0.701084
vt 0.860147 0.690779
vt 0.861589 0.688835
vt 0.862333 0.691789
vt 0.852691 0.684556
vt 0.854354 0.686680
vt 0.853608 0.689073
vt 0.565853 0.379275
vt 0.565018 0.377566
vt 0.567090 0.376059
vt 0.495712 0.721127
vt 0.494736 0.718171
vt 0.496544 0.717390
vt 0.854664 0.855595
vt 0.853737 0.856578
vt 0.853554 0.852469
vt 0.510572 0.895083
vt 0.510540 0.893376
vt 0.511220 0.892047
vt 0.853512 0.858090
vt 0.927204 0.876667
vt 0.927882 0.877997
vt 0.927847 0.879703
vt 0.683923 0.852469
vt 0.683740 0.856578
vt 0.682813 0.855594
vt 0.683965 0.858090
vt 0.684083 0.703709
vt 0.684271 0.702305
vt 0.685896 0.702019
vt 0.683391 0.701084
vt 0.683973 0.700807
vt 0.675134 0.691789
vt 0.675878 0.688835
vt 0.677320 0.690779
vt 0.942017 0.702012
vt 0.943823 0.702795
vt 0.942845 0.705749
vt 0.748068 0.468093
vt 0.745891 0.466496
vt 0.746778 0.464698
vt 0.683859 0.689073
vt 0.683113 0.686680
vt 0.684777 0.684556
vt 0.692778 0.700808
vt 0.692480 0.702305
vt 0.690856 0.702019
vt 0.692668 0.703709
vt 0.693361 0.701084
vt 0.699431 0.690779
vt 0.700873 0.688835
vt 0.701617 0.691789
vt 0.691975 0.684556
vt 0.693638 0.686680
vt 0.692892 0.689073
vt 0.565837 0.322205
vt 0.564992 0.320493
vt 0.567065 0.318973
vt 0.257987 0.808816
vt 0.257011 0.805860
vt 0.258818 0.805078
vt 0.693948 0.855594
vt 0.693021 0.856578
vt 0.692838 0.852469
vt 0.272847 0.982771
vt 0.272815 0.981064
vt 0.273495 0.979735
vt 0.692796 0.858090
vt 0.927204 0.675524
vt 0.927882 0.676854
vt 0.927847 0.678561
vt 0.683923 0.484212
vt 0.683740 0.488320
vt 0.682813 0.487337
vt 0.683965 0.489832
vt 0.684083 0.335451
vt 0.684271 0.334048
vt 0.685895 0.333761
vt 0.683390 0.332827
vt 0.683972 0.332550
vt 0.675133 0.323531
vt 0.675878 0.320577
vt 0.677320 0.322521
vt 0.942017 0.500870
vt 0.943823 0.501652
vt 0.942845 0.504606
vt 0.748137 0.408151
vt 0.745992 0.406583
vt 0.746861 0.404813
vt 0.683859 0.320816
vt 0.683113 0.318423
vt 0.684776 0.316299
vt 0.692778 0.332550
vt 0.692479 0.334048
vt 0.690855 0.333762
vt 0.692668 0.335451
vt 0.693360 0.332827
vt 0.699430 0.322522
vt 0.700872 0.320578
vt 0.701617 0.323532
vt 0.691974 0.316299
vt 0.693638 0.318423
vt 0.692891 0.320816
vt 0.746827 0.418575
vt 0.745957 0.416791
vt 0.748121 0.415220
vt 0.895045 0.705728
vt 0.894069 0.702772
vt 0.895877 0.701991
vt 0.693949 0.487337
vt 0.693021 0.488320
vt 0.692838 0.484211
vt 0.909905 0.879684
vt 0.909874 0.877977
vt 0.910553 0.876647
vt 0.692796 0.489832
vt 0.118288 0.762343
vt 0.118965 0.763673
vt 0.118931 0.765380
vt 0.820916 0.173713
vt 0.820733 0.177822
vt 0.819806 0.176838
vt 0.820958 0.179334
vt 0.821075 0.024952
vt 0.821263 0.023549
vt 0.822888 0.023263
vt 0.820383 0.022328
vt 0.820965 0.022051
vt 0.812126 0.013033
vt 0.812870 0.010079
vt 0.814312 0.012022
vt 0.133101 0.587689
vt 0.134907 0.588471
vt 0.133929 0.591426
vt 0.748170 0.348863
vt 0.746041 0.347308
vt 0.746903 0.345551
vt 0.820851 0.010317
vt 0.820105 0.007924
vt 0.821769 0.005800
vt 0.829770 0.022051
vt 0.829472 0.023549
vt 0.827848 0.023263
vt 0.829660 0.024952
vt 0.830352 0.022328
vt 0.836423 0.012023
vt 0.837865 0.010079
vt 0.838609 0.013033
vt 0.828966 0.005800
vt 0.830630 0.007924
vt 0.829884 0.010317
vt 0.746874 0.359204
vt 0.746010 0.357435
vt 0.748155 0.355876
vt 0.895045 0.504586
vt 0.894069 0.501630
vt 0.895877 0.500849
vt 0.830942 0.176838
vt 0.830014 0.177822
vt 0.829831 0.173713
vt 0.909905 0.678541
vt 0.909874 0.676834
vt 0.910553 0.675505
vt 0.829789 0.179334
vt 0.349490 0.979754
vt 0.350167 0.981084
vt 0.350133 0.982791
vt 0.820916 0.357842
vt 0.820733 0.361950
vt 0.819806 0.360967
vt 0.820958 0.363463
vt 0.821075 0.209081
vt 0.821264 0.207678
vt 0.822888 0.207392
vt 0.820383 0.206457
vt 0.820965 0.206180
vt 0.812126 0.197161
vt 0.812870 0.194207
vt 0.814312 0.196151
vt 0.364303 0.805100
vt 0.366109 0.805882
vt 0.365131 0.808836
vt 0.748200 0.290008
vt 0.746087 0.288465
vt 0.746943 0.286721
vt 0.820851 0.194445
vt 0.820105 0.192053
vt 0.821769 0.189929
vt 0.829770 0.206180
vt 0.829472 0.207678
vt 0.827848 0.207392
vt 0.829660 0.209081
vt 0.830352 0.206457
vt 0.836423 0.196152
vt 0.837865 0.194208
vt 0.838609 0.197161
vt 0.828967 0.189929
vt 0.830630 0.192053
vt 0.829884 0.194445
vt 0.746912 0.300276
vt 0.746054 0.298519
vt 0.748184 0.296970
vt 0.086129 0.591405
vt 0.085153 0.588449
vt 0.086961 0.587668
vt 0.830942 0.360967
vt 0.830014 0.361950
vt 0.829832 0.357842
vt 0.100989 0.765360
vt 0.100957 0.763653
vt 0.101637 0.762324
vt 0.829790 0.363463
vt 0.267036 0.700283
vt 0.267031 0.679656
vt 0.469093 0.837080
vt 0.468504 0.858155
vt 0.248829 0.759932
vt 0.240516 0.740698
vt 0.271377 0.637549
vt 0.271383 0.792985
vt 0.474135 0.894433
vt 0.236057 0.693886
vt 0.240751 0.673268
vt 0.476240 0.768838
vt 0.473313 0.789818
vt 0.470801 0.813436
vt 0.235997 0.717585
vt 0.266983 0.732566
vt 0.749209 0.235028
vt 0.271377 0.619524
vt 0.275723 0.700282
vt 0.275724 0.679656
vt 0.267000 0.658945
vt 0.275754 0.658945
vt 0.275782 0.732566
vt 0.332354 0.924755
vt 0.330681 0.901109
vt 0.306765 0.717581
vt 0.302248 0.740696
vt 0.328208 0.877484
vt 0.325213 0.856526
vt 0.302004 0.673265
vt 0.306701 0.693882
vt 0.293936 0.759931
vt 0.332912 0.945830
vt 0.327224 0.982093
vt 0.747022 0.206015
vt 0.460276 0.715964
vt 0.341239 0.803652
vt 0.746983 0.264253
vt 0.684034 0.580182
vt 0.684030 0.559555
vt 0.409400 0.924768
vt 0.408811 0.945843
vt 0.665827 0.639830
vt 0.657514 0.620597
vt 0.688376 0.517448
vt 0.688380 0.672884
vt 0.414442 0.982121
vt 0.653056 0.573785
vt 0.657750 0.553167
vt 0.416547 0.856526
vt 0.413620 0.877506
vt 0.411109 0.901124
vt 0.652995 0.597484
vt 0.683981 0.612465
vt 0.749231 0.176993
vt 0.688376 0.499423
vt 0.692722 0.580181
vt 0.692723 0.559555
vt 0.683999 0.538845
vt 0.692753 0.538845
vt 0.692780 0.612465
vt 0.451391 0.837067
vt 0.449718 0.813420
vt 0.723763 0.597480
vt 0.719247 0.620595
vt 0.447244 0.789796
vt 0.444250 0.768838
vt 0.719003 0.553164
vt 0.723699 0.573781
vt 0.710934 0.639830
vt 0.451948 0.858142
vt 0.446260 0.894405
vt 0.747060 0.148196
vt 0.400583 0.803652
vt 0.267036 0.516154
vt 0.267031 0.495527
vt 0.038496 0.891487
vt 0.037907 0.912561
vt 0.248829 0.575803
vt 0.240516 0.556569
vt 0.271377 0.453420
vt 0.271382 0.608856
vt 0.043538 0.948840
vt 0.236057 0.509757
vt 0.240751 0.489139
vt 0.045643 0.823244
vt 0.042716 0.844224
vt 0.040205 0.867842
vt 0.235997 0.533456
vt 0.266982 0.548437
vt 0.749253 0.119377
vt 0.271377 0.435395
vt 0.275723 0.516154
vt 0.275724 0.495527
vt 0.267000 0.474817
vt 0.275754 0.474817
vt 0.275782 0.548437
vt 0.391698 0.924755
vt 0.390025 0.901108
vt 0.306765 0.533452
vt 0.302248 0.556567
vt 0.387552 0.877484
vt 0.384557 0.856526
vt 0.302004 0.489136
vt 0.306701 0.509753
vt 0.293936 0.575802
vt 0.392256 0.945830
vt 0.386568 0.982093
vt 0.747097 0.090790
vt 0.029679 0.770371
vt 0.186678 0.700283
vt 0.186673 0.679656
vt 0.904047 0.327054
vt 0.903458 0.348128
vt 0.168470 0.759932
vt 0.160157 0.740698
vt 0.191019 0.637549
vt 0.191024 0.792985
vt 0.909089 0.384407
vt 0.155699 0.693886
vt 0.160393 0.673267
vt 0.911194 0.258811
vt 0.908267 0.279791
vt 0.905756 0.303409
vt 0.155639 0.717584
vt 0.186624 0.732566
vt 0.749272 0.062168
vt 0.191019 0.619524
vt 0.195365 0.700282
vt 0.195367 0.679656
vt 0.186642 0.658945
vt 0.195396 0.658945
vt 0.195423 0.732566
vt 0.020794 0.891474
vt 0.019121 0.867827
vt 0.226406 0.717581
vt 0.221890 0.740696
vt 0.016648 0.844202
vt 0.013653 0.823244
vt 0.221646 0.673265
vt 0.226343 0.693882
vt 0.213578 0.759931
vt 0.021351 0.912548
vt 0.015663 0.948811
vt 0.747108 0.033726
vt 0.895230 0.205938
vt 0.764392 0.580182
vt 0.764388 0.559555
vt 0.189340 0.924769
vt 0.188751 0.945843
vt 0.746185 0.639831
vt 0.737872 0.620597
vt 0.768734 0.517448
vt 0.768738 0.672884
vt 0.194382 0.982122
vt 0.733414 0.573785
vt 0.738108 0.553166
vt 0.196487 0.856526
vt 0.193560 0.877506
vt 0.191048 0.901124
vt 0.733353 0.597484
vt 0.764339 0.612465
vt 0.567873 0.782188
vt 0.768734 0.499423
vt 0.773080 0.580181
vt 0.773081 0.559555
vt 0.764357 0.538845
vt 0.773111 0.538845
vt 0.773138 0.612465
vt 0.886345 0.327041
vt 0.884672 0.303394
vt 0.804121 0.597480
vt 0.799605 0.620595
vt 0.882198 0.279769
vt 0.879204 0.258811
vt 0.799361 0.553164
vt 0.804057 0.573781
vt 0.791293 0.639830
vt 0.886903 0.348116
vt 0.749236 0.005052
vt 0.881214 0.384378
vt 0.565634 0.752070
vt 0.180523 0.803653
vt 0.347394 0.516154
vt 0.347389 0.495527
vt 0.963391 0.125911
vt 0.962802 0.146985
vt 0.329187 0.575802
vt 0.320874 0.556569
vt 0.351735 0.453420
vt 0.351740 0.608855
vt 0.968433 0.183264
vt 0.316415 0.509757
vt 0.321109 0.489138
vt 0.970539 0.057669
vt 0.967611 0.078649
vt 0.965100 0.102266
vt 0.316355 0.533455
vt 0.347341 0.548437
vt 0.567930 0.722180
vt 0.351735 0.435395
vt 0.356082 0.516153
vt 0.356083 0.495527
vt 0.347358 0.474817
vt 0.356113 0.474817
vt 0.356140 0.548437
vt 0.171638 0.924756
vt 0.169965 0.901109
vt 0.387123 0.533452
vt 0.382607 0.556567
vt 0.167491 0.877484
vt 0.164497 0.856526
vt 0.382362 0.489136
vt 0.387059 0.509753
vt 0.374294 0.575802
vt 0.172195 0.945830
vt 0.166507 0.982093
vt 0.565697 0.692502
vt 0.954574 0.004795
vt 0.186678 0.516154
vt 0.186673 0.495527
vt 0.118854 0.908500
vt 0.118265 0.929575
vt 0.168470 0.575802
vt 0.160157 0.556569
vt 0.191019 0.453420
vt 0.191024 0.608856
vt 0.123896 0.965854
vt 0.155699 0.509757
vt 0.160393 0.489138
vt 0.126001 0.840258
vt 0.123074 0.861238
vt 0.120563 0.884856
vt 0.155639 0.533456
vt 0.186624 0.548437
vt 0.567956 0.662865
vt 0.191019 0.435395
vt 0.195365 0.516154
vt 0.195367 0.495527
vt 0.186642 0.474817
vt 0.195396 0.474817
vt 0.195423 0.548437
vt 0.945689 0.125898
vt 0.944016 0.102251
vt 0.226407 0.533452
vt 0.221890 0.556567
vt 0.941543 0.078627
vt 0.938548 0.057668
vt 0.221646 0.489136
vt 0.226343 0.509753
vt 0.213578 0.575802
vt 0.946247 0.146973
vt 0.940559 0.183235
vt 0.565737 0.633413
vt 0.110037 0.787385
vt 0.764392 0.764311
vt 0.764388 0.743684
vt 0.963391 0.327054
vt 0.962803 0.348128
vt 0.746185 0.823959
vt 0.737872 0.804726
vt 0.768734 0.701577
vt 0.768738 0.857013
vt 0.968433 0.384407
vt 0.733414 0.757914
vt 0.738108 0.737295
vt 0.970539 0.258811
vt 0.967611 0.279791
vt 0.965100 0.303409
vt 0.733353 0.781612
vt 0.764339 0.796594
vt 0.567979 0.603984
vt 0.768734 0.683552
vt 0.773080 0.764310
vt 0.773081 0.743684
vt 0.764357 0.722973
vt 0.773111 0.722973
vt 0.773138 0.796594
vt 0.101152 0.908487
vt 0.099479 0.884841
vt 0.804121 0.781609
vt 0.799605 0.804724
vt 0.097006 0.861216
vt 0.094011 0.840258
vt 0.799361 0.737293
vt 0.804057 0.757910
vt 0.791292 0.823959
vt 0.101710 0.929562
vt 0.096021 0.965825
vt 0.565776 0.574753
vt 0.954574 0.205938
vt 0.347394 0.700283
vt 0.347389 0.679656
vt 0.904047 0.125911
vt 0.903458 0.146985
vt 0.329186 0.759931
vt 0.320874 0.740698
vt 0.351735 0.637549
vt 0.351740 0.792985
vt 0.909089 0.183264
vt 0.316415 0.693886
vt 0.321109 0.673267
vt 0.911194 0.057669
vt 0.908267 0.078649
vt 0.905756 0.102267
vt 0.316355 0.717585
vt 0.347340 0.732566
vt 0.568001 0.545527
vt 0.351735 0.619524
vt 0.356082 0.700282
vt 0.356083 0.679656
vt 0.347358 0.658945
vt 0.356112 0.658945
vt 0.356140 0.732566
vt 0.945689 0.327041
vt 0.944016 0.303394
vt 0.387123 0.717581
vt 0.382606 0.740696
vt 0.941543 0.279769
vt 0.938548 0.258811
vt 0.382362 0.673265
vt 0.387059 0.693882
vt 0.374294 0.759931
vt 0.946247 0.348115
vt 0.940559 0.384378
vt 0.565814 0.516514
vt 0.895230 0.004795
vt 0.844750 0.580182
vt 0.844745 0.559555
vt 0.598383 0.912948
vt 0.597794 0.934022
vt 0.826543 0.639830
vt 0.818230 0.620597
vt 0.849092 0.517448
vt 0.849096 0.672883
vt 0.603425 0.970301
vt 0.813772 0.573785
vt 0.818466 0.553166
vt 0.605530 0.844706
vt 0.602603 0.865686
vt 0.600091 0.889303
vt 0.813711 0.597483
vt 0.844697 0.612465
vt 0.568024 0.487492
vt 0.849092 0.499423
vt 0.853438 0.580181
vt 0.853439 0.559555
vt 0.844715 0.538844
vt 0.853469 0.538845
vt 0.853496 0.612465
vt 0.886345 0.125898
vt 0.884672 0.102251
vt 0.884479 0.597480
vt 0.879963 0.620595
vt 0.882199 0.078627
vt 0.879204 0.057669
vt 0.879719 0.553164
vt 0.884415 0.573781
vt 0.871650 0.639830
vt 0.886903 0.146973
vt 0.881215 0.183235
vt 0.565853 0.458695
vt 0.589566 0.791832
vt 0.035834 0.667001
vt 0.035829 0.646374
vt 0.528437 0.837080
vt 0.527848 0.858155
vt 0.017627 0.726649
vt 0.009314 0.707416
vt 0.040175 0.604267
vt 0.040180 0.759703
vt 0.533479 0.894433
vt 0.004855 0.660604
vt 0.009550 0.639986
vt 0.535585 0.768838
vt 0.532657 0.789818
vt 0.530146 0.813436
vt 0.004795 0.684303
vt 0.035781 0.699284
vt 0.568046 0.429876
vt 0.040175 0.586242
vt 0.044522 0.667000
vt 0.044523 0.646374
vt 0.035798 0.625664
vt 0.044552 0.625664
vt 0.044580 0.699284
vt 0.580681 0.912935
vt 0.579008 0.889288
vt 0.075563 0.684299
vt 0.071046 0.707414
vt 0.576534 0.865664
vt 0.573540 0.844705
vt 0.070802 0.639983
vt 0.075499 0.660600
vt 0.062734 0.726649
vt 0.581238 0.934010
vt 0.575550 0.970272
vt 0.565890 0.401290
vt 0.519620 0.715964
vt 0.844750 0.764311
vt 0.844746 0.743684
vt 0.290712 0.924769
vt 0.290123 0.945843
vt 0.826542 0.823960
vt 0.818230 0.804726
vt 0.849092 0.701577
vt 0.849096 0.857013
vt 0.295754 0.982122
vt 0.813772 0.757914
vt 0.818466 0.737295
vt 0.297859 0.856526
vt 0.294932 0.877506
vt 0.292420 0.901124
vt 0.813711 0.781612
vt 0.844697 0.796594
vt 0.568065 0.372667
vt 0.849092 0.683552
vt 0.853438 0.764310
vt 0.853439 0.743684
vt 0.844715 0.722974
vt 0.853469 0.722974
vt 0.853496 0.796594
vt 0.510735 0.837067
vt 0.509062 0.813420
vt 0.884479 0.781609
vt 0.879963 0.804724
vt 0.506589 0.789796
vt 0.503594 0.768838
vt 0.879719 0.737293
vt 0.884415 0.757910
vt 0.871650 0.823959
vt 0.511293 0.858142
vt 0.505605 0.894405
vt 0.565901 0.344225
vt 0.281895 0.803653
vt 0.684034 0.764311
vt 0.684030 0.743684
vt 0.927770 0.821681
vt 0.927181 0.842756
vt 0.665827 0.823959
vt 0.657514 0.804725
vt 0.688376 0.701577
vt 0.688381 0.857012
vt 0.932813 0.879035
vt 0.653056 0.757914
vt 0.657750 0.737295
vt 0.934918 0.753439
vt 0.931990 0.774419
vt 0.929479 0.798037
vt 0.652996 0.781612
vt 0.683981 0.796594
vt 0.749082 0.471689
vt 0.688376 0.683552
vt 0.692722 0.764310
vt 0.692723 0.743684
vt 0.683999 0.722973
vt 0.692753 0.722973
vt 0.692780 0.796594
vt 0.273010 0.924756
vt 0.271337 0.901109
vt 0.723763 0.781609
vt 0.719247 0.804724
vt 0.268863 0.877484
vt 0.265869 0.856526
vt 0.719003 0.737293
vt 0.723699 0.757910
vt 0.710935 0.823958
vt 0.273567 0.945830
vt 0.568030 0.315550
vt 0.267879 0.982093
vt 0.746843 0.441570
vt 0.918953 0.700565
vt 0.684034 0.396053
vt 0.684030 0.375426
vt 0.927770 0.620538
vt 0.927181 0.641613
vt 0.665827 0.455702
vt 0.657514 0.436468
vt 0.688375 0.333320
vt 0.688381 0.488755
vt 0.932813 0.677892
vt 0.653056 0.389656
vt 0.657750 0.369038
vt 0.934918 0.552296
vt 0.931990 0.573276
vt 0.929479 0.596894
vt 0.652995 0.413355
vt 0.683981 0.428336
vt 0.749138 0.411681
vt 0.688375 0.315294
vt 0.692722 0.396053
vt 0.692723 0.375426
vt 0.683998 0.354716
vt 0.692753 0.354716
vt 0.692780 0.428336
vt 0.910068 0.821668
vt 0.908396 0.798021
vt 0.723763 0.413351
vt 0.719247 0.436466
vt 0.905922 0.774397
vt 0.902927 0.753439
vt 0.719002 0.369035
vt 0.723699 0.389652
vt 0.710935 0.455701
vt 0.910626 0.842743
vt 0.904938 0.879006
vt 0.746905 0.382002
vt 0.918953 0.499423
vt 0.821027 0.085554
vt 0.821022 0.064927
vt 0.118854 0.707358
vt 0.118265 0.728432
vt 0.802820 0.145203
vt 0.794507 0.125969
vt 0.825367 0.022821
vt 0.825374 0.178256
vt 0.123896 0.764711
vt 0.790048 0.079158
vt 0.794742 0.058539
vt 0.126001 0.639115
vt 0.123074 0.660096
vt 0.120563 0.683713
vt 0.789988 0.102856
vt 0.820974 0.117838
vt 0.749164 0.352365
vt 0.825368 0.004795
vt 0.829714 0.085554
vt 0.829715 0.064927
vt 0.820991 0.044217
vt 0.829745 0.044217
vt 0.829773 0.117837
vt 0.910068 0.620526
vt 0.908395 0.596879
vt 0.860756 0.102852
vt 0.856240 0.125967
vt 0.905922 0.573254
vt 0.902927 0.552296
vt 0.855995 0.058536
vt 0.860692 0.079153
vt 0.847927 0.145202
vt 0.910626 0.641600
vt 0.904938 0.677863
vt 0.746945 0.322914
vt 0.110037 0.586242
vt 0.821027 0.269683
vt 0.821022 0.249056
vt 0.350056 0.924768
vt 0.349467 0.945843
vt 0.802820 0.329332
vt 0.794507 0.310098
vt 0.825368 0.206950
vt 0.825374 0.362385
vt 0.355098 0.982122
vt 0.790048 0.263286
vt 0.794742 0.242668
vt 0.357203 0.856526
vt 0.354276 0.877506
vt 0.351765 0.901124
vt 0.789988 0.286985
vt 0.820974 0.301966
vt 0.749186 0.293484
vt 0.825368 0.188924
vt 0.829714 0.269683
vt 0.829715 0.249056
vt 0.820991 0.228346
vt 0.829745 0.228346
vt 0.829773 0.301966
vt 0.101152 0.707345
vt 0.099479 0.683698
vt 0.860756 0.286981
vt 0.856240 0.310096
vt 0.097006 0.660073
vt 0.094011 0.639115
vt 0.855995 0.242665
vt 0.860692 0.263282
vt 0.847928 0.329331
vt 0.101710 0.728420
vt 0.096022 0.764682
vt 0.490442 0.038945
vt 0.489962 0.038359
vt 0.514611 0.021906
vt 0.780397 0.206007
vt 0.780397 0.235047
vt 0.780397 0.264253
vt 0.469005 0.059316
vt 0.541992 0.010564
vt 0.571062 0.004795
vt 0.780396 0.148180
vt 0.780396 0.177012
vt 0.600699 0.004795
vt 0.629764 0.010590
vt 0.780396 0.090765
vt 0.780396 0.119393
vt 0.657145 0.021932
vt 0.681779 0.038408
vt 0.780396 0.033770
vt 0.780396 0.062174
vt 0.702736 0.059365
vt 0.719190 0.084014
vt 0.599189 0.752010
vt 0.599189 0.782204
vt 0.780395 0.005036
vt 0.730532 0.111396
vt 0.736300 0.140465
vt 0.599189 0.692517
vt 0.599189 0.722200
vt 0.736300 0.170103
vt 0.730505 0.199167
vt 0.599189 0.633423
vt 0.599189 0.662883
vt 0.719164 0.226549
vt 0.702687 0.251183
vt 0.599189 0.574753
vt 0.599189 0.604002
vt 0.681731 0.272140
vt 0.657081 0.288594
vt 0.599189 0.516506
vt 0.599189 0.545546
vt 0.629700 0.299935
vt 0.600630 0.305704
vt 0.599189 0.458679
vt 0.599189 0.487512
vt 0.570993 0.305704
vt 0.541928 0.299909
vt 0.599189 0.401264
vt 0.599189 0.429893
vt 0.514547 0.288567
vt 0.489913 0.272091
vt 0.599189 0.344269
vt 0.599189 0.372673
vt 0.468956 0.251134
vt 0.452502 0.226484
vt 0.780398 0.441510
vt 0.780398 0.471704
vt 0.599189 0.315535
vt 0.441160 0.199103
vt 0.435392 0.170033
vt 0.780397 0.382018
vt 0.780398 0.411699
vt 0.435392 0.140396
vt 0.441187 0.111332
vt 0.780397 0.322923
vt 0.780397 0.352383
vt 0.452529 0.083950
vt 0.780397 0.293502
s 1
usemtl lightbulb_led
f 247/1/1 245/2/2 20/3/3 23/4/4
f 205/5/5 202/6/6 159/7/7 163/8/8
f 124/9/8 350/10/5 347/11/6 121/12/7
f 130/13/9 356/14/10 353/15/11 127/16/12
f 133/17/13 359/18/14 356/14/10 130/13/9
f 136/19/15 362/20/16 359/18/14 133/17/13
f 139/21/17 365/22/18 362/23/16 136/24/15
f 142/25/19 368/26/20 365/22/18 139/21/17
f 145/27/21 371/28/22 368/26/20 142/25/19
f 148/29/23 374/30/24 371/28/22 145/27/21
f 151/31/25 377/32/26 374/30/24 148/29/23
f 154/33/27 380/34/28 377/32/26 151/31/25
f 157/35/29 383/36/30 380/34/28 154/33/27
f 385/37/31 383/36/30 157/35/29 1/38/32
f 22/39/33 19/40/34 198/41/35 201/42/36
f 202/6/6 199/43/2 8/44/3 159/7/7
f 208/45/37 205/5/5 163/8/8 166/46/38
f 211/47/10 208/45/37 166/46/38 169/48/9
f 214/49/14 211/47/10 169/48/9 172/50/13
f 217/51/16 214/49/14 172/50/13 175/52/15
f 220/53/18 217/54/16 175/55/15 178/56/17
f 223/57/20 220/53/18 178/56/17 181/58/19
f 226/59/22 223/57/20 181/58/19 184/60/21
f 229/61/24 226/59/22 184/60/21 187/62/23
f 232/63/26 229/61/24 187/62/23 11/64/25
f 235/65/28 232/63/26 11/64/25 190/66/27
f 238/67/39 235/65/28 190/66/27 14/68/29
f 241/69/40 238/67/39 14/68/29 193/70/32
f 243/71/41 241/69/40 193/70/32 16/72/42
f 245/2/2 243/71/41 16/72/42 20/3/3
f 249/73/43 247/1/1 23/4/4 26/74/8
f 251/75/44 249/73/43 26/74/8 29/76/38
f 252/77/45 251/75/44 29/76/38 32/78/9
f 253/79/46 252/77/45 32/78/9 35/80/47
f 63/81/48 60/82/49 397/83/50
f 192/84/51 13/85/52 382/86/53 386/87/54
f 407/88/55 412/89/56 60/90/49 392/91/57
f 66/92/58 63/81/48 397/83/50 254/93/59
f 269/94/60 266/95/61 51/96/62
f 272/97/63 269/94/60 51/96/62 52/98/64
f 275/99/65 272/97/63 52/98/64 53/100/66
f 278/101/67 275/99/65 53/100/66 54/102/68
f 373/103/69 186/104/70 183/105/71 370/106/72
f 376/107/73 10/108/74 186/104/70 373/103/69
f 379/109/75 189/110/76 10/108/74 376/107/73
f 382/86/53 13/85/52 189/110/76 379/109/75
f 127/16/12 353/15/11 350/10/5 124/9/8
f 121/12/7 347/11/6 344/111/2 118/112/3
f 199/43/2 196/113/77 5/114/78 8/44/3
f 195/115/79 17/116/80 192/84/51 386/87/54
f 50/117/81 49/118/82 231/119/83 234/120/84
f 25/121/85 22/39/33 201/42/36 204/122/86
f 28/123/87 25/121/85 204/122/86 207/124/88
f 31/125/89 28/123/87 207/124/88 210/126/90
f 34/127/91 31/125/89 210/126/90 213/128/92
f 37/129/93 34/127/91 213/128/92 216/130/94
f 40/131/95 37/132/93 216/133/94 219/134/96
f 43/135/97 40/131/95 219/134/96 222/136/98
f 45/137/99 43/135/97 222/136/98 225/138/100
f 47/139/101 45/137/99 225/138/100 228/140/69
f 49/118/82 47/139/101 228/140/69 231/119/83
f 5/114/78 196/113/77 385/37/31 1/38/32
f 340/141/79 4/142/80 2/143/102 337/144/54
f 112/145/32 338/146/31 335/147/39 109/148/103
f 109/148/103 335/147/39 332/149/28 106/150/104
f 106/150/104 332/149/28 329/151/105 103/152/106
f 103/152/106 329/151/105 326/153/24 100/154/107
f 100/154/107 326/153/24 323/155/108 97/156/109
f 370/106/72 183/105/71 180/157/110 367/158/98
f 97/156/109 323/155/108 320/159/20 94/160/111
f 320/159/20 317/161/112 91/162/113 94/160/111
f 317/161/112 314/163/16 88/164/114 91/162/113
f 314/165/16 311/166/115 85/167/116 88/168/114
f 311/166/115 308/169/117 82/170/118 85/167/116
f 308/169/117 305/171/119 79/172/12 82/170/118
f 305/171/119 302/173/5 76/174/120 79/172/12
f 302/173/5 299/175/121 73/176/7 76/174/120
f 299/175/121 296/177/122 70/178/3 73/176/7
f 296/177/122 293/179/123 67/180/78 70/178/3
f 293/179/123 290/181/124 64/182/125 67/180/78
f 290/181/124 287/183/126 61/184/127 64/182/125
f 287/183/126 284/185/128 58/186/129 61/184/127
f 284/185/128 281/187/130 56/188/131 58/186/129
f 281/187/130 278/101/67 54/102/68 56/188/131
f 367/158/98 180/157/110 177/189/132 364/190/133
f 364/190/133 177/189/132 174/191/134 361/192/94
f 361/193/94 174/194/134 171/195/135 358/196/136
f 358/196/136 171/195/135 168/197/137 355/198/90
f 355/198/90 168/197/137 165/199/138 352/200/139
f 352/200/139 165/199/138 162/201/140 349/202/86
f 349/202/86 162/201/140 160/203/141 346/204/142
f 346/204/142 160/203/141 7/205/34 343/206/35
f 343/206/35 7/205/34 4/142/80 340/141/79
f 118/112/3 344/111/2 341/207/77 115/208/78
f 337/144/54 2/143/102 156/209/52 334/210/53
f 334/210/53 156/209/52 153/211/143 331/212/75
f 331/212/75 153/211/143 150/213/144 328/214/83
f 328/214/83 150/213/144 147/215/145 325/216/69
f 325/216/69 147/215/145 144/217/71 322/218/72
f 322/218/72 144/217/71 141/219/110 319/220/98
f 141/219/110 138/221/132 316/222/133 319/220/98
f 138/221/132 135/223/134 313/224/94 316/222/133
f 135/225/134 132/226/135 310/227/136 313/228/94
f 132/226/135 129/229/137 307/230/90 310/227/136
f 129/229/137 126/231/138 304/232/139 307/230/90
f 126/231/138 123/233/140 301/234/86 304/232/139
f 123/233/140 120/235/141 298/236/142 301/234/86
f 120/235/141 117/237/34 295/238/35 298/236/142
f 117/237/34 114/239/146 292/240/147 295/238/35
f 114/239/146 111/241/102 289/242/54 292/240/147
f 111/241/102 108/243/52 286/244/53 289/242/54
f 108/243/52 105/245/143 283/246/75 286/244/53
f 105/245/143 102/247/144 280/248/83 283/246/75
f 102/247/144 99/249/145 277/250/69 280/248/83
f 99/249/145 96/251/71 274/252/72 277/250/69
f 96/251/71 93/253/110 271/254/98 274/252/72
f 93/253/110 90/255/132 268/256/148 271/254/98
f 90/255/132 87/257/134 265/258/149 268/256/148
f 87/259/134 84/260/150 263/261/151 265/262/149
f 84/260/150 81/263/152 261/264/90 263/261/151
f 81/263/152 78/265/138 259/266/153 261/264/90
f 78/265/138 75/267/140 257/268/154 259/266/153
f 75/267/140 72/269/141 256/270/155 257/268/154
f 72/269/141 69/271/156 255/272/157 256/270/155
f 69/271/156 66/92/58 254/93/59 255/272/157
f 2/143/102 4/142/80 6/273/158 3/274/159
f 3/274/159 6/273/158 5/114/78 1/38/32
f 4/142/80 7/205/34 9/275/160 6/273/158
f 6/273/158 9/275/160 8/44/3 5/114/78
f 17/116/80 19/40/34 21/276/160 18/277/158
f 18/277/158 21/276/160 20/3/3 16/72/42
f 19/40/34 22/39/33 24/278/161 21/276/160
f 21/276/160 24/278/161 23/4/4 20/3/3
f 22/39/33 25/121/85 27/279/162 24/278/161
f 24/278/161 27/279/162 26/74/8 23/4/4
f 25/121/85 28/123/87 30/280/163 27/279/162
f 27/279/162 30/280/163 29/76/38 26/74/8
f 28/123/87 31/125/89 33/281/164 30/280/163
f 30/280/163 33/281/164 32/78/9 29/76/38
f 31/125/89 34/127/91 36/282/165 33/281/164
f 33/281/164 36/282/165 35/80/47 32/78/9
f 34/127/91 37/129/93 39/283/166 36/282/165
f 36/282/165 39/283/166 38/284/167 35/80/47
f 37/132/93 40/131/95 42/285/168 39/286/166
f 39/286/166 42/285/168 41/287/169 38/288/167
f 40/131/95 43/135/97 44/289/170 42/285/168
f 42/285/168 44/289/170 489/290/171 41/287/169
f 43/135/97 45/137/99 46/291/172 44/289/170
f 44/289/170 46/291/172 486/292/173 489/290/171
f 45/137/99 47/139/101 48/293/174 46/291/172
f 46/291/172 48/293/174 486/292/173
f 47/139/101 49/118/82 474/294/175 48/293/174
f 49/118/82 50/117/81 487/295/176 474/294/175
f 50/117/81 482/296/177 487/295/176
f 55/297/178 57/298/179 56/188/131 54/102/68
f 57/298/179 59/299/180 58/186/129 56/188/131
f 59/299/180 62/300/181 61/184/127 58/186/129
f 60/82/49 63/81/48 65/301/182 62/300/181
f 62/300/181 65/301/182 64/182/125 61/184/127
f 63/81/48 66/92/58 68/302/183 65/301/182
f 65/301/182 68/302/183 67/180/78 64/182/125
f 66/92/58 69/271/156 71/303/184 68/302/183
f 68/302/183 71/303/184 70/178/3 67/180/78
f 69/271/156 72/269/141 74/304/185 71/303/184
f 71/303/184 74/304/185 73/176/7 70/178/3
f 72/269/141 75/267/140 77/305/186 74/304/185
f 74/304/185 77/305/186 76/174/120 73/176/7
f 75/267/140 78/265/138 80/306/187 77/305/186
f 77/305/186 80/306/187 79/172/12 76/174/120
f 78/265/138 81/263/152 83/307/188 80/306/187
f 80/306/187 83/307/188 82/170/118 79/172/12
f 81/263/152 84/260/150 86/308/165 83/307/188
f 83/307/188 86/308/165 85/167/116 82/170/118
f 84/260/150 87/259/134 89/309/189 86/308/165
f 86/308/165 89/309/189 88/168/114 85/167/116
f 87/257/134 90/255/132 92/310/190 89/311/189
f 89/311/189 92/310/190 91/162/113 88/164/114
f 90/255/132 93/253/110 95/312/191 92/310/190
f 92/310/190 95/312/191 94/160/111 91/162/113
f 93/253/110 96/251/71 98/313/192 95/312/191
f 95/312/191 98/313/192 97/156/109 94/160/111
f 96/251/71 99/249/145 101/314/193 98/313/192
f 98/313/192 101/314/193 100/154/107 97/156/109
f 99/249/145 102/247/144 104/315/194 101/314/193
f 101/314/193 104/315/194 103/152/106 100/154/107
f 102/247/144 105/245/143 107/316/195 104/315/194
f 104/315/194 107/316/195 106/150/104 103/152/106
f 105/245/143 108/243/52 110/317/196 107/316/195
f 107/316/195 110/317/196 109/148/103 106/150/104
f 108/243/52 111/241/102 113/318/159 110/317/196
f 110/317/196 113/318/159 112/145/32 109/148/103
f 111/241/102 114/239/146 116/319/158 113/318/159
f 113/318/159 116/319/158 115/208/78 112/145/32
f 114/239/146 117/237/34 119/320/160 116/319/158
f 116/319/158 119/320/160 118/112/3 115/208/78
f 117/237/34 120/235/141 122/321/161 119/320/160
f 119/320/160 122/321/161 121/12/7 118/112/3
f 120/235/141 123/233/140 125/322/162 122/321/161
f 122/321/161 125/322/162 124/9/8 121/12/7
f 123/233/140 126/231/138 128/323/163 125/322/162
f 125/322/162 128/323/163 127/16/12 124/9/8
f 126/231/138 129/229/137 131/324/164 128/323/163
f 128/323/163 131/324/164 130/13/9 127/16/12
f 129/229/137 132/226/135 134/325/165 131/324/164
f 131/324/164 134/325/165 133/17/13 130/13/9
f 132/226/135 135/225/134 137/326/189 134/325/165
f 134/325/165 137/326/189 136/19/15 133/17/13
f 135/223/134 138/221/132 140/327/190 137/328/189
f 137/328/189 140/327/190 139/21/17 136/24/15
f 138/221/132 141/219/110 143/329/191 140/327/190
f 140/327/190 143/329/191 142/25/19 139/21/17
f 141/219/110 144/217/71 146/330/192 143/329/191
f 143/329/191 146/330/192 145/27/21 142/25/19
f 144/217/71 147/215/145 149/331/193 146/330/192
f 146/330/192 149/331/193 148/29/23 145/27/21
f 147/215/145 150/213/144 152/332/194 149/331/193
f 149/331/193 152/332/194 151/31/25 148/29/23
f 150/213/144 153/211/143 155/333/195 152/332/194
f 152/332/194 155/333/195 154/33/27 151/31/25
f 153/211/143 156/209/52 158/334/196 155/333/195
f 155/333/195 158/334/196 157/35/29 154/33/27
f 160/203/141 162/201/140 164/335/162 161/336/161
f 161/336/161 164/335/162 163/8/8 159/7/7
f 162/201/140 165/199/138 167/337/163 164/335/162
f 164/335/162 167/337/163 166/46/38 163/8/8
f 165/199/138 168/197/137 170/338/164 167/337/163
f 167/337/163 170/338/164 169/48/9 166/46/38
f 168/197/137 171/195/135 173/339/165 170/338/164
f 170/338/164 173/339/165 172/50/13 169/48/9
f 171/195/135 174/194/134 176/340/189 173/339/165
f 173/339/165 176/340/189 175/52/15 172/50/13
f 174/191/134 177/189/132 179/341/190 176/342/189
f 176/342/189 179/341/190 178/56/17 175/55/15
f 177/189/132 180/157/110 182/343/191 179/341/190
f 179/341/190 182/343/191 181/58/19 178/56/17
f 180/157/110 183/105/71 185/344/192 182/343/191
f 182/343/191 185/344/192 184/60/21 181/58/19
f 183/105/71 186/104/70 188/345/193 185/344/192
f 185/344/192 188/345/193 187/62/23 184/60/21
f 7/205/34 160/203/141 161/336/161 9/275/160
f 9/275/160 161/336/161 159/7/7 8/44/3
f 186/104/70 10/108/74 12/346/194 188/345/193
f 188/345/193 12/346/194 11/64/25 187/62/23
f 10/108/74 189/110/76 191/347/195 12/346/194
f 12/346/194 191/347/195 190/66/27 11/64/25
f 189/110/76 13/85/52 15/348/196 191/347/195
f 191/347/195 15/348/196 14/68/29 190/66/27
f 13/85/52 192/84/51 194/349/159 15/348/196
f 15/348/196 194/349/159 193/70/32 14/68/29
f 192/84/51 17/116/80 18/277/158 194/349/159
f 194/349/159 18/277/158 16/72/42 193/70/32
f 156/209/52 2/143/102 3/274/159 158/334/196
f 158/334/196 3/274/159 1/38/32 157/35/29
f 115/208/78 341/207/77 338/146/31 112/145/32
f 253/79/46 472/350/197 476/351/198
f 252/77/45 253/79/46 476/351/198 485/352/199
f 251/75/44 252/77/45 485/352/199 481/353/200
f 249/73/43 251/75/44 481/353/200 250/354/201
f 247/1/1 249/73/43 250/354/201 248/355/202
f 248/355/202 250/354/201 484/356/203
f 245/2/2 247/1/1 248/355/202 246/357/204
f 246/357/204 248/355/202 484/356/203 480/358/205
f 243/71/41 245/2/2 246/357/204 244/359/206
f 244/359/206 246/357/204 480/358/205 478/360/207
f 241/69/40 243/71/41 244/359/206 242/361/208
f 242/361/208 244/359/206 478/360/207 240/362/209
f 238/67/39 241/69/40 242/361/208 239/363/210
f 239/363/210 242/361/208 240/362/209 237/364/211
f 235/65/28 238/67/39 239/363/210 236/365/195
f 236/365/195 239/363/210 237/364/211 234/120/84
f 232/63/26 235/65/28 236/365/195 233/366/194
f 233/366/194 236/365/195 234/120/84 231/119/83
f 229/61/24 232/63/26 233/366/194 230/367/193
f 230/367/193 233/366/194 231/119/83 228/140/69
f 226/59/22 229/61/24 230/367/193 227/368/192
f 227/368/192 230/367/193 228/140/69 225/138/100
f 223/57/20 226/59/22 227/368/192 224/369/191
f 224/369/191 227/368/192 225/138/100 222/136/98
f 220/53/18 223/57/20 224/369/191 221/370/190
f 221/370/190 224/369/191 222/136/98 219/134/96
f 217/54/16 220/53/18 221/370/190 218/371/189
f 218/371/189 221/370/190 219/134/96 216/133/94
f 214/49/14 217/51/16 218/372/189 215/373/165
f 215/373/165 218/372/189 216/130/94 213/128/92
f 211/47/10 214/49/14 215/373/165 212/374/164
f 212/374/164 215/373/165 213/128/92 210/126/90
f 208/45/37 211/47/10 212/374/164 209/375/163
f 209/375/163 212/374/164 210/126/90 207/124/88
f 205/5/5 208/45/37 209/375/163 206/376/162
f 206/376/162 209/375/163 207/124/88 204/122/86
f 202/6/6 205/5/5 206/376/162 203/377/161
f 203/377/161 206/376/162 204/122/86 201/42/36
f 199/43/2 202/6/6 203/377/161 200/378/160
f 200/378/160 203/377/161 201/42/36 198/41/35
f 196/113/77 199/43/2 200/378/160 197/379/158
f 197/379/158 200/378/160 198/41/35 195/115/79
f 383/36/30 385/37/31 387/380/159 384/381/196
f 384/381/196 387/380/159 386/87/54 382/86/53
f 382/86/53 379/109/75 381/382/195 384/381/196
f 384/381/196 381/382/195 380/34/28 383/36/30
f 379/109/75 376/107/73 378/383/194 381/382/195
f 381/382/195 378/383/194 377/32/26 380/34/28
f 376/107/73 373/103/69 375/384/193 378/383/194
f 378/383/194 375/384/193 374/30/24 377/32/26
f 373/103/69 370/106/72 372/385/192 375/384/193
f 375/384/193 372/385/192 371/28/22 374/30/24
f 370/106/72 367/158/98 369/386/191 372/385/192
f 372/385/192 369/386/191 368/26/20 371/28/22
f 367/158/98 364/190/133 366/387/190 369/386/191
f 369/386/191 366/387/190 365/22/18 368/26/20
f 364/190/133 361/192/94 363/388/189 366/387/190
f 366/387/190 363/388/189 362/23/16 365/22/18
f 361/193/94 358/196/136 360/389/165 363/390/189
f 363/390/189 360/389/165 359/18/14 362/20/16
f 358/196/136 355/198/90 357/391/164 360/389/165
f 360/389/165 357/391/164 356/14/10 359/18/14
f 355/198/90 352/200/139 354/392/163 357/391/164
f 357/391/164 354/392/163 353/15/11 356/14/10
f 352/200/139 349/202/86 351/393/162 354/392/163
f 354/392/163 351/393/162 350/10/5 353/15/11
f 349/202/86 346/204/142 348/394/161 351/393/162
f 351/393/162 348/394/161 347/11/6 350/10/5
f 346/204/142 343/206/35 345/395/160 348/394/161
f 348/394/161 345/395/160 344/111/2 347/11/6
f 343/206/35 340/141/79 342/396/158 345/395/160
f 345/395/160 342/396/158 341/207/77 344/111/2
f 340/141/79 337/144/54 339/397/159 342/396/158
f 342/396/158 339/397/159 338/146/31 341/207/77
f 337/144/54 334/210/53 336/398/196 339/397/159
f 339/397/159 336/398/196 335/147/39 338/146/31
f 334/210/53 331/212/75 333/399/195 336/398/196
f 336/398/196 333/399/195 332/149/28 335/147/39
f 331/212/75 328/214/83 330/400/194 333/399/195
f 333/399/195 330/400/194 329/151/105 332/149/28
f 328/214/83 325/216/69 327/401/193 330/400/194
f 330/400/194 327/401/193 326/153/24 329/151/105
f 325/216/69 322/218/72 324/402/192 327/401/193
f 327/401/193 324/402/192 323/155/108 326/153/24
f 322/218/72 319/220/98 321/403/191 324/402/192
f 324/402/192 321/403/191 320/159/20 323/155/108
f 317/161/112 320/159/20 321/403/191 318/404/190
f 318/404/190 321/403/191 319/220/98 316/222/133
f 314/163/16 317/161/112 318/404/190 315/405/189
f 315/405/189 318/404/190 316/222/133 313/224/94
f 311/166/115 314/165/16 315/406/189 312/407/165
f 312/407/165 315/406/189 313/228/94 310/227/136
f 308/169/117 311/166/115 312/407/165 309/408/164
f 309/408/164 312/407/165 310/227/136 307/230/90
f 305/171/119 308/169/117 309/408/164 306/409/163
f 306/409/163 309/408/164 307/230/90 304/232/139
f 302/173/5 305/171/119 306/409/163 303/410/162
f 303/410/162 306/409/163 304/232/139 301/234/86
f 299/175/121 302/173/5 303/410/162 300/411/161
f 300/411/161 303/410/162 301/234/86 298/236/142
f 296/177/122 299/175/121 300/411/161 297/412/160
f 297/412/160 300/411/161 298/236/142 295/238/35
f 293/179/123 296/177/122 297/412/160 294/413/158
f 294/413/158 297/412/160 295/238/35 292/240/147
f 290/181/124 293/179/123 294/413/158 291/414/159
f 291/414/159 294/413/158 292/240/147 289/242/54
f 287/183/126 290/181/124 291/414/159 288/415/196
f 288/415/196 291/414/159 289/242/54 286/244/53
f 284/185/128 287/183/126 288/415/196 285/416/195
f 285/416/195 288/415/196 286/244/53 283/246/75
f 281/187/130 284/185/128 285/416/195 282/417/194
f 282/417/194 285/416/195 283/246/75 280/248/83
f 278/101/67 281/187/130 282/417/194 279/418/193
f 279/418/193 282/417/194 280/248/83 277/250/69
f 275/99/65 278/101/67 279/418/193 276/419/192
f 276/419/192 279/418/193 277/250/69 274/252/72
f 272/97/63 275/99/65 276/419/192 273/420/191
f 273/420/191 276/419/192 274/252/72 271/254/98
f 269/94/60 272/97/63 273/420/191 270/421/212
f 270/421/212 273/420/191 271/254/98 268/256/148
f 266/95/61 269/94/60 270/421/212 267/422/213
f 267/422/213 270/421/212 268/256/148 265/258/149
f 264/423/214 267/424/213 265/262/149 263/261/151
f 262/425/215 264/423/214 263/261/151 261/264/90
f 260/426/216 262/425/215 261/264/90 259/266/153
f 258/427/217 260/426/216 259/266/153 257/268/154
f 195/115/79 386/87/54 387/380/159 197/379/158
f 197/379/158 387/380/159 385/37/31 196/113/77
f 19/40/34 17/116/80 195/115/79 198/41/35
f 55/297/178 395/428/218 57/298/179
f 395/428/218 392/429/57 59/299/180 57/298/179
f 392/429/57 60/82/49 62/300/181 59/299/180
f 396/430/219 266/431/61 267/424/213 264/423/214
f 394/432/220 396/430/219 264/423/214 262/425/215
f 389/433/221 394/432/220 262/425/215 260/426/216
f 258/427/217 389/433/221 260/426/216
f 51/96/62 393/434/222 52/98/64
f 393/434/222 390/435/223 53/100/66 52/98/64
f 390/435/223 55/297/178 54/102/68 53/100/66
f 391/436/224 258/427/217 257/268/154 256/270/155
f 388/437/225 391/436/224 256/270/155 255/272/157
f 398/438/226 388/437/225 255/272/157 254/93/59
f 397/83/50 398/438/226 254/93/59
f 391/439/224 388/440/225 403/441/227 406/442/228
f 394/443/220 389/444/221 404/445/229 409/446/230
f 388/440/225 398/447/226 414/448/231 403/441/227
f 389/444/221 258/449/217 401/450/232 404/445/229
f 395/451/218 55/452/178 400/453/233 410/454/234
f 398/447/226 397/455/50 413/456/235 414/448/231
f 397/455/50 60/90/49 412/89/56 413/456/235
f 390/457/223 393/458/222 408/459/236 405/460/237
f 392/91/57 395/451/218 410/454/234 407/88/55
f 55/452/178 390/457/223 405/460/237 400/453/233
f 393/458/222 51/461/62 399/462/238 408/459/236
f 266/463/61 396/464/219 411/465/239 402/466/240
f 51/461/62 266/463/61 402/466/240 399/462/238
f 258/449/217 391/439/224 406/442/228 401/450/232
f 396/464/219 394/443/220 409/446/230 411/465/239
f 418/467/241 415/468/242 399/462/238 402/466/240
f 415/468/242 424/469/243 408/459/236 399/462/238
f 424/469/243 421/470/244 405/460/237 408/459/236
f 421/470/244 416/471/245 400/453/233 405/460/237
f 416/471/245 426/472/246 410/454/234 400/453/233
f 426/472/246 423/473/247 407/88/55 410/454/234
f 423/473/247 428/474/248 412/89/56 407/88/55
f 428/474/248 429/475/249 413/456/235 412/89/56
f 429/475/249 430/476/250 414/448/231 413/456/235
f 430/476/250 419/477/251 403/441/227 414/448/231
f 419/477/251 422/478/252 406/442/228 403/441/227
f 422/478/252 417/479/253 401/450/232 406/442/228
f 417/479/253 420/480/254 404/445/229 401/450/232
f 420/480/254 425/481/255 409/446/230 404/445/229
f 425/481/255 427/482/256 411/465/239 409/446/230
f 427/482/256 418/467/241 402/466/240 411/465/239
f 654/483/257 700/484/258 702/485/259 657/486/260
f 657/486/260 702/485/259 705/487/261 659/488/262
f 644/489/263 685/490/264 675/491/265 639/492/266
f 659/488/262 705/487/261 685/490/264 644/489/263
f 646/493/267 688/494/268 672/495/269 637/496/270
f 652/497/271 697/498/272 681/499/273 643/500/274
f 648/501/275 691/502/276 688/494/268 646/493/267
f 650/503/277 694/504/278 666/505/279 633/506/280
f 673/507/281 433/508/282 436/509/283 663/510/284
f 667/511/285 443/512/286 434/513/287 696/514/288
f 628/515/289 661/516/290 691/502/276 648/501/275
f 630/517/291 664/518/292 694/504/278 650/503/277
f 639/492/266 675/491/265 670/519/293 634/520/294
f 696/514/288 434/513/287 431/521/295 682/522/296
f 640/523/297 679/524/298 700/484/258 654/483/257
f 450/525/299 438/526/300 435/527/301 446/528/302
f 452/529/303 436/509/283 433/508/282 451/530/304
f 455/531/305 449/532/306 445/533/307 444/534/308
f 453/535/309 448/536/310 447/537/311 454/538/312
f 431/521/295 434/513/287 448/536/310 453/535/309
f 443/512/286 441/539/313 436/509/283 452/529/303
f 454/538/312 447/537/311 449/532/306 455/531/305
f 451/530/304 433/508/282 438/526/300 450/525/299
f 448/536/310 452/529/303 451/530/304 447/537/311
f 447/537/311 451/530/304 450/525/299 449/532/306
f 449/532/306 450/525/299 446/528/302 445/533/307
f 434/513/287 443/512/286 452/529/303 448/536/310
f 432/540/314 454/538/312 455/531/305 442/541/315
f 437/542/316 453/535/309 454/538/312 432/540/314
f 442/541/315 455/531/305 444/534/308 439/543/317
f 440/544/318 431/521/295 453/535/309 437/542/316
f 633/506/280 666/505/279 697/498/272 652/497/271
f 427/482/256 460/545/319 461/546/320 418/467/241
f 415/468/242 467/547/321 465/548/322 424/469/243
f 424/469/243 465/548/322 466/549/323 421/470/244
f 428/474/248 464/550/324 462/551/325 429/475/249
f 417/479/253 463/552/326 458/553/327 420/480/254
f 429/475/249 462/551/325 456/554/328 430/476/250
f 420/480/254 458/553/327 459/555/329 425/481/255
f 430/476/250 456/554/328 457/556/330 419/477/251
f 425/481/255 459/555/329 460/545/319 427/482/256
f 419/477/251 457/556/330 471/557/331 422/478/252
f 418/467/241 461/546/320 467/547/321 415/468/242
f 422/478/252 471/557/331 463/552/326 417/479/253
f 426/472/246 469/558/332 470/559/333 423/473/247
f 423/473/247 470/559/333 464/550/324 428/474/248
f 416/471/245 468/560/334 469/558/332 426/472/246
f 421/470/244 466/549/323 468/560/334 416/471/245
f 466/549/323 603/561/335 604/562/336 468/560/334
f 467/547/321 622/563/337 621/564/338 465/548/322
f 468/560/334 604/562/336 606/565/339 469/558/332
f 464/550/324 618/566/340 615/567/341 462/551/325
f 463/552/326 616/568/342 611/569/343 458/553/327
f 462/551/325 615/567/341 609/570/344 456/554/328
f 461/546/320 601/571/345 622/563/337 467/547/321
f 459/555/329 599/572/346 612/573/347 460/545/319
f 637/496/270 672/495/269 664/518/292 630/517/291
f 634/520/294 670/519/293 661/516/290 628/515/289
f 676/574/348 444/534/308 445/533/307 669/575/349
f 471/557/331 627/576/350 616/568/342 463/552/326
f 663/510/284 436/509/283 441/539/313 693/577/351
f 470/559/333 625/578/352 618/566/340 464/550/324
f 469/558/332 606/565/339 625/578/352 470/559/333
f 472/350/197 253/79/46 35/80/47 38/284/167
f 472/579/197 41/287/169 473/580/353 483/581/354
f 484/356/203 250/354/201 488/582/355 495/583/356
f 41/287/169 472/579/197 38/288/167
f 240/362/209 482/296/177 237/364/211
f 482/296/177 50/117/81 234/120/84 237/364/211
f 485/352/199 476/351/198 490/584/357 496/585/358
f 240/362/209 478/360/207 491/586/359 475/587/360
f 487/295/176 482/296/177 494/588/361 498/589/362
f 489/290/171 486/292/173 497/590/363 499/591/364
f 41/287/169 489/290/171 499/591/364 473/580/353
f 478/360/207 480/358/205 492/592/365 491/586/359
f 486/292/173 48/293/174 479/593/366 497/590/363
f 474/294/175 487/295/176 498/589/362 477/594/367
f 482/296/177 240/362/209 475/587/360 494/588/361
f 480/358/205 484/356/203 495/583/356 492/592/365
f 476/351/198 472/350/197 483/595/354 490/584/357
f 481/353/200 485/352/199 496/585/358 493/596/368
f 48/293/174 474/294/175 477/594/367 479/593/366
f 250/354/201 481/353/200 493/596/368 488/582/355
f 547/597/369 516/598/370 565/599/371 594/600/372
f 571/601/373 568/602/374 521/603/375 522/604/376
f 534/605/377 527/606/378 574/607/379 583/608/380
f 581/609/381 586/610/382 539/611/383 532/612/384
f 568/602/374 592/613/385 545/614/386 521/603/375
f 585/615/387 567/616/388 518/617/389 536/618/390
f 586/610/382 574/607/379 527/606/378 539/611/383
f 592/613/385 585/615/387 536/618/390 545/614/386
f 567/616/388 578/619/391 531/620/392 518/617/389
f 543/621/393 547/597/369 594/600/372 590/622/394
f 493/596/368 582/623/395 575/624/396 488/582/355
f 498/589/362 593/625/397 569/626/398 477/594/367
f 540/627/399 534/605/377 583/608/380 589/628/400
f 578/619/391 581/609/381 532/612/384 531/620/392
f 524/629/401 529/630/402 576/631/403 573/632/404
f 508/633/405 509/634/406 528/635/407 525/636/408
f 544/637/409 537/638/410 502/639/411 503/640/412
f 501/641/413 506/642/414 546/643/415 542/644/416
f 488/582/355 575/624/396 587/645/417 495/583/356
f 529/630/402 540/627/399 589/628/400 576/631/403
f 497/590/363 591/646/418 595/647/419 499/591/364
f 509/634/406 510/648/420 541/649/421 528/635/407
f 504/650/422 505/651/423 526/652/424 535/653/425
f 483/595/354 572/654/426 577/655/427 490/584/357
f 538/656/428 526/652/424 505/651/423 507/657/429
f 496/585/358 588/658/430 582/623/395 493/596/368
f 494/588/361 584/659/431 593/625/397 498/589/362
f 490/584/357 577/655/427 588/658/430 496/585/358
f 492/592/365 580/660/432 579/661/433 491/586/359
f 520/662/434 544/637/409 503/640/412 511/663/435
f 523/664/436 520/662/434 511/663/435 500/665/437
f 477/594/367 569/626/398 570/666/438 479/593/366
f 500/665/437 501/641/413 542/644/416 523/664/436
f 530/667/439 533/668/440 512/669/441 513/670/442
f 495/583/356 587/645/417 580/660/432 492/592/365
f 537/638/410 519/671/443 514/672/444 502/639/411
f 519/671/443 530/667/439 513/670/442 514/672/444
f 533/668/440 538/656/428 507/657/429 512/669/441
f 510/648/420 504/650/422 535/653/425 541/649/421
f 473/580/353 564/673/445 572/674/426 483/581/354
f 499/591/364 595/647/419 564/673/445 473/580/353
f 475/587/360 566/675/446 584/659/431 494/588/361
f 479/593/366 570/666/438 591/646/418 497/590/363
f 515/676/447 508/677/405 525/678/408 517/679/448
f 491/586/359 579/661/433 566/675/446 475/587/360
f 548/680/449 549/681/450 523/664/436 542/644/416
f 550/682/451 551/683/452 545/614/386 536/618/390
f 552/684/453 553/685/454 535/653/425 526/652/424
f 554/686/455 548/680/449 542/644/416 546/643/415
f 552/684/453 555/687/456 539/611/383 527/606/378
f 556/688/457 557/689/458 525/636/408 528/635/407
f 553/685/454 558/690/459 541/649/421 535/653/425
f 558/690/459 556/688/457 528/635/407 541/649/421
f 551/683/452 559/691/460 521/603/375 545/614/386
f 559/691/460 549/681/450 522/604/376 521/603/375
f 560/692/461 561/693/462 531/620/392 532/612/384
f 562/694/463 550/682/451 536/618/390 518/617/389
f 555/687/456 560/692/461 532/612/384 539/611/383
f 557/695/458 563/696/464 517/679/448 525/678/408
f 561/693/462 562/694/463 518/617/389 531/620/392
f 563/696/464 554/686/455 546/643/415 517/679/448
f 506/642/414 515/676/447 517/679/448 546/643/415
f 522/604/376 543/621/393 590/622/394 571/601/373
f 516/598/370 547/597/369 554/686/455 563/696/464
f 530/667/439 519/671/443 562/694/463 561/693/462
f 524/697/401 516/598/370 563/696/464 557/695/458
f 538/656/428 533/668/440 560/692/461 555/687/456
f 519/671/443 537/638/410 550/682/451 562/694/463
f 533/668/440 530/667/439 561/693/462 560/692/461
f 520/662/434 523/664/436 549/681/450 559/691/460
f 544/637/409 520/662/434 559/691/460 551/683/452
f 540/627/399 529/630/402 556/688/457 558/690/459
f 534/605/377 540/627/399 558/690/459 553/685/454
f 529/630/402 524/629/401 557/689/458 556/688/457
f 526/652/424 538/656/428 555/687/456 552/684/453
f 547/597/369 543/621/393 548/680/449 554/686/455
f 527/606/378 534/605/377 553/685/454 552/684/453
f 537/638/410 544/637/409 551/683/452 550/682/451
f 543/621/393 522/604/376 549/681/450 548/680/449
f 591/646/418 570/666/438 571/601/373 590/622/394
f 593/625/397 584/659/431 585/615/387 592/613/385
f 575/624/396 582/623/395 583/608/380 574/607/379
f 595/647/419 591/646/418 590/622/394 594/600/372
f 587/645/417 575/624/396 574/607/379 586/610/382
f 577/655/427 572/654/426 573/632/404 576/631/403
f 582/623/395 588/658/430 589/628/400 583/608/380
f 588/658/430 577/655/427 576/631/403 589/628/400
f 569/626/398 593/625/397 592/613/385 568/602/374
f 570/666/438 569/626/398 568/602/374 571/601/373
f 579/661/433 580/660/432 581/609/381 578/619/391
f 584/659/431 566/675/446 567/616/388 585/615/387
f 580/660/432 587/645/417 586/610/382 581/609/381
f 572/674/426 564/673/445 565/599/371 573/698/404
f 566/675/446 579/661/433 578/619/391 567/616/388
f 564/673/445 595/647/419 594/600/372 565/599/371
f 516/598/370 524/697/401 573/698/404 565/599/371
f 690/699/465 435/527/301 438/526/300 687/700/466
f 682/522/296 431/521/295 440/544/318 678/701/467
f 684/702/468 439/543/317 444/534/308 676/574/348
f 693/577/351 441/539/313 443/512/286 667/511/285
f 613/703/469 632/704/470 653/705/471 600/706/472
f 703/707/473 432/540/314 442/541/315 706/708/474
f 458/553/327 611/569/343 599/572/346 459/555/329
f 456/554/328 609/570/344 597/709/475 457/556/330
f 460/545/319 612/573/347 601/571/345 461/546/320
f 678/701/467 440/544/318 437/542/316 699/710/476
f 699/710/476 437/542/316 432/540/314 703/707/473
f 706/708/474 442/541/315 439/543/317 684/702/468
f 465/548/322 621/564/338 603/561/335 466/549/323
f 598/711/477 651/712/478 632/704/470 613/703/469
f 620/713/479 641/714/480 655/715/481 602/716/482
f 623/717/483 642/718/484 641/714/480 620/713/479
f 619/719/485 638/720/486 635/721/487 614/722/488
f 610/723/489 631/724/490 651/712/478 598/711/477
f 608/725/491 629/726/492 649/727/493 596/728/494
f 617/729/495 636/730/496 631/724/490 610/723/489
f 614/722/488 635/721/487 629/726/492 608/725/491
f 687/700/466 438/526/300 433/508/282 673/507/281
f 596/728/494 649/727/493 647/731/497 626/732/498
f 600/706/472 653/705/471 642/718/484 623/717/483
f 626/732/498 647/731/497 636/730/496 617/729/495
f 607/733/499 658/734/500 645/735/501 624/736/502
f 624/736/502 645/735/501 638/720/486 619/719/485
f 605/737/503 656/738/504 658/734/500 607/733/499
f 602/716/482 655/715/481 656/738/504 605/737/503
f 643/500/274 681/499/273 679/524/298 640/523/297
f 613/703/469 600/706/472 601/571/345 612/573/347
f 623/717/483 620/713/479 621/564/338 622/563/337
f 620/713/479 602/716/482 603/561/335 621/564/338
f 619/719/485 614/722/488 615/567/341 618/566/340
f 617/729/495 610/723/489 611/569/343 616/568/342
f 614/722/488 608/725/491 609/570/344 615/567/341
f 610/723/489 598/711/477 599/572/346 611/569/343
f 608/725/491 596/728/494 597/709/475 609/570/344
f 598/711/477 613/703/469 612/573/347 599/572/346
f 596/728/494 626/732/498 627/576/350 597/709/475
f 600/706/472 623/717/483 622/563/337 601/571/345
f 626/732/498 617/729/495 616/568/342 627/576/350
f 607/733/499 624/736/502 625/578/352 606/565/339
f 624/736/502 619/719/485 618/566/340 625/578/352
f 605/737/503 607/733/499 606/565/339 604/562/336
f 602/716/482 605/737/503 604/562/336 603/561/335
f 457/556/330 597/709/475 627/576/350 471/557/331
f 633/506/280 652/497/271 653/705/471 632/704/470
f 643/500/274 640/523/297 641/714/480 642/718/484
f 640/523/297 654/483/257 655/715/481 641/714/480
f 639/492/266 634/520/294 635/721/487 638/720/486
f 637/496/270 630/517/291 631/724/490 636/730/496
f 634/520/294 628/515/289 629/726/492 635/721/487
f 630/517/291 650/503/277 651/712/478 631/724/490
f 628/515/289 648/501/275 649/727/493 629/726/492
f 650/503/277 633/506/280 632/704/470 651/712/478
f 648/501/275 646/493/267 647/731/497 649/727/493
f 652/497/271 643/500/274 642/718/484 653/705/471
f 646/493/267 637/496/270 636/730/496 647/731/497
f 659/488/262 644/489/263 645/735/501 658/734/500
f 644/489/263 639/492/266 638/720/486 645/735/501
f 657/486/260 659/488/262 658/734/500 656/738/504
f 654/483/257 657/486/260 656/738/504 655/715/481
f 660/739/505 446/528/302 435/527/301 690/699/465
f 667/511/285 696/514/288 698/740/506 668/741/507
f 668/741/507 698/740/506 697/498/272 666/505/279
f 682/522/296 678/701/467 680/742/508 683/743/509
f 683/743/509 680/742/508 679/524/298 681/499/273
f 678/701/467 699/710/476 701/744/510 680/742/508
f 680/742/508 701/744/510 700/484/258 679/524/298
f 676/574/348 669/575/349 671/745/511 677/746/512
f 677/746/512 671/745/511 670/519/293 675/491/265
f 673/507/281 663/510/284 665/747/513 674/748/514
f 674/748/514 665/747/513 664/518/292 672/495/269
f 669/575/349 660/739/505 662/749/515 671/745/511
f 671/745/511 662/749/515 661/516/290 670/519/293
f 663/510/284 693/577/351 695/750/516 665/747/513
f 665/747/513 695/750/516 694/504/278 664/518/292
f 660/739/505 690/699/465 692/751/517 662/749/515
f 662/749/515 692/751/517 691/502/276 661/516/290
f 693/577/351 667/511/285 668/741/507 695/750/516
f 695/750/516 668/741/507 666/505/279 694/504/278
f 690/699/465 687/700/466 689/752/518 692/751/517
f 692/751/517 689/752/518 688/494/268 691/502/276
f 696/514/288 682/522/296 683/743/509 698/740/506
f 698/740/506 683/743/509 681/499/273 697/498/272
f 687/700/466 673/507/281 674/748/514 689/752/518
f 689/752/518 674/748/514 672/495/269 688/494/268
f 706/708/474 684/702/468 686/753/519 707/754/520
f 707/754/520 686/753/519 685/490/264 705/487/261
f 684/702/468 676/574/348 677/746/512 686/753/519
f 686/753/519 677/746/512 675/491/265 685/490/264
f 703/707/473 706/708/474 707/754/520 704/755/521
f 704/755/521 707/754/520 705/487/261 702/485/259
f 699/710/476 703/707/473 704/755/521 701/744/510
f 701/744/510 704/755/521 702/485/259 700/484/258
f 669/575/349 445/533/307 446/528/302 660/739/505
f 754/756/522 755/757/523 762/758/524 761/759/525
f 755/757/523 756/760/526 763/761/527 762/758/524
f 756/760/526 757/762/528 764/763/529 763/761/527
f 757/762/528 758/764/530 765/765/531 764/763/529
f 758/764/530 759/766/532 766/767/533 765/765/531
f 759/766/532 760/768/534 767/769/535 766/767/533
f 761/759/525 762/758/524 769/770/536 768/771/537
f 762/758/524 763/761/527 770/772/538 769/770/536
f 763/761/527 764/763/529 771/773/539 770/772/538
f 764/763/529 765/765/531 772/774/540 771/773/539
f 765/765/531 766/767/533 773/775/541 772/774/540
f 766/767/533 767/769/535 774/776/542 773/775/541
f 768/771/537 769/770/536 776/777/543 775/778/544
f 769/770/536 770/772/538 777/779/545 776/777/543
f 770/772/538 771/773/539 778/780/546 777/779/545
f 771/773/539 772/774/540 779/781/547 778/780/546
f 772/774/540 773/775/541 780/782/548 779/781/547
f 773/775/541 774/776/542 781/783/549 780/782/548
f 775/778/544 776/777/543 783/784/550 782/785/551
f 776/777/543 777/779/545 784/786/552 783/784/550
f 777/779/545 778/780/546 785/787/553 784/786/552
f 778/780/546 779/781/547 786/788/554 785/787/553
f 779/781/547 780/782/548 787/789/555 786/788/554
f 780/782/548 781/783/549 788/790/556 787/789/555
f 782/785/551 783/784/550 790/791/557 789/792/558
f 783/784/550 784/786/552 791/793/559 790/791/557
f 784/786/552 785/787/553 792/794/560 791/793/559
f 785/787/553 786/788/554 793/795/561 792/794/560
f 786/788/554 787/789/555 794/796/562 793/795/561
f 787/789/555 788/790/556 795/797/563 794/796/562
f 789/792/558 790/791/557 797/798/564 796/799/565
f 790/791/557 791/793/559 798/800/566 797/798/564
f 791/793/559 792/794/560 799/801/567 798/800/566
f 792/794/560 793/795/561 800/802/568 799/801/567
f 793/795/561 794/796/562 801/803/569 800/802/568
f 794/796/562 795/797/563 802/804/570 801/803/569
f 708/805/571 753/806/572 754/756/522 733/807/573
f 753/806/572 752/808/574 755/757/523 754/756/522
f 752/808/574 751/809/575 756/760/526 755/757/523
f 751/809/575 750/810/576 757/762/528 756/760/526
f 750/810/576 749/811/577 758/764/530 757/762/528
f 749/811/577 748/812/578 759/766/532 758/764/530
f 748/812/578 747/813/579 760/768/534 759/766/532
f 747/813/579 710/814/580 746/815/581 760/768/534
f 760/768/534 746/815/581 745/816/582 767/769/535
f 767/769/535 745/816/582 744/817/583 774/776/542
f 774/776/542 744/817/583 743/818/584 781/783/549
f 781/783/549 743/818/584 742/819/585 788/790/556
f 788/790/556 742/819/585 741/820/586 795/797/563
f 795/797/563 741/820/586 740/821/587 802/804/570
f 802/804/570 740/821/587 711/822/588 732/823/589
f 801/803/569 802/804/570 732/823/589 731/824/590
f 800/802/568 801/803/569 731/824/590 730/825/591
f 799/801/567 800/802/568 730/825/591 729/826/592
f 798/800/566 799/801/567 729/826/592 728/827/593
f 797/798/564 798/800/566 728/827/593 727/828/594
f 796/799/565 797/798/564 727/828/594 726/829/595
f 739/830/596 796/799/565 726/829/595 709/831/597
f 738/832/598 789/792/558 796/799/565 739/830/596
f 737/833/599 782/785/551 789/792/558 738/832/598
f 736/834/600 775/778/544 782/785/551 737/833/599
f 735/835/601 768/771/537 775/778/544 736/834/600
f 734/836/602 761/759/525 768/771/537 735/835/601
f 733/807/573 754/756/522 761/759/525 734/836/602
f 923/837/603 803/838/604 806/839/605 925/840/606
f 803/838/604 804/841/607 807/842/608 806/839/605
f 804/841/607 805/843/609 808/844/610 807/842/608
f 925/840/606 806/839/605 809/845/611 927/846/612
f 806/839/605 807/842/608 810/847/613 809/845/611
f 807/842/608 808/844/610 811/848/614 810/847/613
f 927/846/612 809/845/611 813/849/615 812/850/616
f 809/845/611 810/847/613 814/851/617 813/849/615
f 810/847/613 811/848/614 815/852/618 814/851/617
f 812/850/616 813/849/615 816/853/619 930/854/620
f 813/849/615 814/851/617 817/855/621 816/853/619
f 814/851/617 815/852/618 818/856/622 817/855/621
f 930/854/620 816/853/619 820/857/623 819/858/624
f 816/853/619 817/855/621 821/859/625 820/857/623
f 817/855/621 818/856/622 822/860/626 821/859/625
f 819/858/624 820/857/623 824/861/627 823/862/628
f 820/857/623 821/859/625 825/863/629 824/861/627
f 821/859/625 822/860/626 826/864/630 825/863/629
f 921/865/631 721/866/632 803/838/604 923/837/603
f 721/866/632 720/867/633 804/841/607 803/838/604
f 720/867/633 719/868/634 805/843/609 804/841/607
f 719/868/634 709/831/597 726/829/595 805/843/609
f 805/843/609 726/829/595 727/828/594 808/844/610
f 808/844/610 727/828/594 728/827/593 811/848/614
f 811/848/614 728/827/593 729/826/592 815/852/618
f 815/852/618 729/826/592 730/825/591 818/856/622
f 818/856/622 730/825/591 731/824/590 822/860/626
f 822/860/626 731/824/590 732/823/589 826/864/630
f 826/864/630 732/823/589 711/822/588 718/869/635
f 825/863/629 826/864/630 718/869/635 717/870/636
f 824/861/627 825/863/629 717/870/636 716/871/637
f 823/862/628 824/861/627 716/871/637 715/872/638
f 827/873/639 828/874/640 832/875/641 831/876/642
f 828/874/640 829/877/643 833/878/644 832/875/641
f 829/877/643 830/879/645 834/880/646 833/878/644
f 831/876/642 832/875/641 836/881/647 835/882/648
f 832/875/641 833/878/644 837/883/649 836/881/647
f 833/878/644 834/880/646 838/884/650 837/883/649
f 835/882/648 836/881/647 840/885/651 839/886/652
f 836/881/647 837/883/649 841/887/653 840/885/651
f 837/883/649 838/884/650 842/888/654 841/887/653
f 839/886/652 840/885/651 844/889/655 843/890/656
f 840/885/651 841/887/653 845/891/657 844/889/655
f 841/887/653 842/888/654 846/892/658 845/891/657
f 843/890/656 844/889/655 848/893/659 847/894/660
f 844/889/655 845/891/657 849/895/661 848/893/659
f 845/891/657 846/892/658 850/896/662 849/895/661
f 847/894/660 848/893/659 852/897/663 851/898/664
f 848/893/659 849/895/661 853/899/665 852/897/663
f 849/895/661 850/896/662 854/900/666 853/899/665
f 715/872/638 716/871/637 828/874/640 827/873/639
f 716/871/637 717/870/636 829/877/643 828/874/640
f 717/870/636 718/869/635 830/879/645 829/877/643
f 718/869/635 711/822/588 740/821/587 830/879/645
f 830/879/645 740/821/587 741/820/586 834/880/646
f 834/880/646 741/820/586 742/819/585 838/884/650
f 838/884/650 742/819/585 743/818/584 842/888/654
f 842/888/654 743/818/584 744/817/583 846/892/658
f 846/892/658 744/817/583 745/816/582 850/896/662
f 850/896/662 745/816/582 746/815/581 854/900/666
f 854/900/666 746/815/581 710/814/580 722/901/667
f 853/899/665 854/900/666 722/901/667 723/902/668
f 852/897/663 853/899/665 723/902/668 724/903/669
f 851/898/664 852/897/663 724/903/669 725/904/670
f 907/905/671 855/906/672 858/907/673 909/908/674
f 855/906/672 856/909/675 859/910/676 858/907/673
f 856/909/675 857/911/677 860/912/678 859/910/676
f 909/908/674 858/907/673 861/913/679 911/914/680
f 858/907/673 859/910/676 862/915/681 861/913/679
f 859/910/676 860/912/678 863/916/682 862/915/681
f 911/914/680 861/913/679 864/917/683 913/918/684
f 861/913/679 862/915/681 865/919/685 864/917/683
f 862/915/681 863/916/682 866/920/686 865/919/685
f 913/918/684 864/917/683 867/921/687 915/922/688
f 864/917/683 865/919/685 868/923/689 867/921/687
f 865/919/685 866/920/686 869/924/690 868/923/689
f 915/922/688 867/921/687 870/925/691 917/926/692
f 867/921/687 868/923/689 871/927/693 870/925/691
f 868/923/689 869/924/690 872/928/694 871/927/693
f 917/926/692 870/925/691 873/929/695 919/930/696
f 870/925/691 871/927/693 874/931/697 873/929/695
f 871/927/693 872/928/694 875/932/698 874/931/697
f 905/933/699 714/934/700 855/906/672 907/905/671
f 714/934/700 713/935/701 856/909/675 855/906/672
f 713/935/701 712/936/702 857/911/677 856/909/675
f 712/936/702 708/805/571 733/807/573 857/911/677
f 857/911/677 733/807/573 734/836/602 860/912/678
f 860/912/678 734/836/602 735/835/601 863/916/682
f 863/916/682 735/835/601 736/834/600 866/920/686
f 866/920/686 736/834/600 737/833/599 869/924/690
f 869/924/690 737/833/599 738/832/598 872/928/694
f 872/928/694 738/832/598 739/830/596 875/932/698
f 875/932/698 739/830/596 709/831/597 719/868/634
f 874/931/697 875/932/698 719/868/634 720/867/633
f 873/929/695 874/931/697 720/867/633 721/866/632
f 919/930/696 873/929/695 721/866/632 921/865/631
f 876/937/703 877/938/704 880/939/705 944/940/706
f 877/938/704 878/941/707 881/942/708 880/939/705
f 878/941/707 879/943/709 882/944/710 881/942/708
f 944/940/706 880/939/705 883/945/711 946/946/712
f 880/939/705 881/942/708 884/947/713 883/945/711
f 881/942/708 882/944/710 885/948/714 884/947/713
f 946/946/712 883/945/711 887/949/715 886/950/716
f 883/945/711 884/947/713 888/951/717 887/949/715
f 884/947/713 885/948/714 889/952/718 888/951/717
f 886/950/716 887/949/715 890/953/719 899/954/720
f 887/949/715 888/951/717 891/955/721 890/953/719
f 888/951/717 889/952/718 892/956/722 891/955/721
f 899/954/720 890/953/719 893/957/723 901/958/724
f 890/953/719 891/955/721 894/959/725 893/957/723
f 891/955/721 892/956/722 895/960/726 894/959/725
f 901/958/724 893/957/723 896/961/727 903/962/728
f 893/957/723 894/959/725 897/963/729 896/961/727
f 894/959/725 895/960/726 898/964/730 897/963/729
f 725/904/670 724/903/669 877/938/704 876/937/703
f 724/903/669 723/902/668 878/941/707 877/938/704
f 723/902/668 722/901/667 879/943/709 878/941/707
f 722/901/667 710/814/580 747/813/579 879/943/709
f 879/943/709 747/813/579 748/812/578 882/944/710
f 882/944/710 748/812/578 749/811/577 885/948/714
f 885/948/714 749/811/577 750/810/576 889/952/718
f 889/952/718 750/810/576 751/809/575 892/956/722
f 892/956/722 751/809/575 752/808/574 895/960/726
f 895/960/726 752/808/574 753/806/572 898/964/730
f 898/964/730 753/806/572 708/805/571 712/936/702
f 897/963/729 898/964/730 712/936/702 713/935/701
f 896/961/727 897/963/729 713/935/701 714/934/700
f 903/962/728 896/961/727 714/934/700 905/933/699
f 948/965/731 886/950/716 899/954/720 900/966/732
f 900/966/732 899/954/720 901/958/724 902/967/733
f 902/967/733 901/958/724 903/962/728 904/968/734
f 904/968/734 903/962/728 905/933/699 906/969/735
f 906/969/735 905/933/699 907/905/671 908/970/736
f 908/970/736 907/905/671 909/908/674 910/971/737
f 910/971/737 909/908/674 911/914/680 912/972/738
f 912/972/738 911/914/680 913/918/684 914/973/739
f 914/973/739 913/918/684 915/922/688 916/974/740
f 916/974/740 915/922/688 917/926/692 918/975/741
f 918/975/741 917/926/692 919/930/696 920/976/742
f 920/976/742 919/930/696 921/865/631 922/977/743
f 922/977/743 921/865/631 923/837/603 924/978/744
f 924/978/744 923/837/603 925/840/606 926/979/745
f 926/979/745 925/840/606 927/846/612 928/980/746
f 928/980/746 927/846/612 812/850/616 929/981/747
f 929/981/747 812/850/616 930/854/620 931/982/748
f 931/982/748 930/854/620 819/858/624 932/983/749
f 932/983/749 819/858/624 823/862/628 933/984/750
f 933/984/750 823/862/628 715/872/638 934/985/751
f 934/985/751 715/872/638 827/873/639 935/986/752
f 935/986/752 827/873/639 831/876/642 936/987/753
f 936/987/753 831/876/642 835/882/648 937/988/754
f 937/988/754 835/882/648 839/886/652 938/989/755
f 938/989/755 839/886/652 843/890/656 939/990/756
f 939/990/756 843/890/656 847/894/660 940/991/757
f 940/991/757 847/894/660 851/898/664 941/992/758
f 941/992/758 851/898/664 725/904/670 942/993/759
f 942/993/759 725/904/670 876/937/703 943/994/760
f 943/994/760 876/937/703 944/940/706 945/995/761
f 945/995/761 944/940/706 946/946/712 947/996/762
f 947/996/762 946/946/712 886/950/716 948/965/731
f 1375/997/763 1409/998/764 1411/999/765 1382/1000/766
f 1370/1001/767 1428/1002/768 1422/1003/769 1444/1004/770
f 1134/1005/771 1131/1006/772 1469/1007/773 1402/1008/774
f 1400/1009/775 1466/1010/776 1440/1011/777 1396/1012/778
f 1390/1013/779 1135/1014/780 1136/1015/781 1397/1016/782
f 960/1017/783 1476/1018/784 1570/1019/785 1478/1020/194
f 3161/1021/786 3159/1022/787 1366/1023/193 960/1017/783
f 950/1024/788 1414/1025/789 1379/1026/790 951/1027/791
f 1402/1008/774 1399/1028/792 1137/1029/793 1134/1005/771
f 1131/1006/772 951/1030/791 1379/1031/790 1469/1007/773
f 1372/1032/794 1405/1033/795 1409/998/764 1375/997/763
f 960/1017/783 1366/1023/193 1430/1034/796 1476/1018/784
f 1465/1035/797 1470/1036/798 1378/1037/799 959/1038/800
f 1412/1039/801 959/1038/800 1378/1037/799 1416/1040/802
f 1373/1041/803 954/1042/804 952/1043/805 1369/1044/806
f 1394/1045/807 957/1046/800 1443/1047/808 1421/1048/809
f 1385/1049/810 1414/1025/789 950/1024/788 953/1050/811
f 1396/1012/778 1440/1011/777 1438/1051/812 1391/1052/813
f 957/1046/800 958/1053/800 1406/1054/814 1443/1047/808
f 1394/1045/807 1451/1055/815 1446/1056/816 957/1046/800
f 1408/1057/817 949/1058/800 959/1038/800 1412/1039/801
f 1381/1059/818 956/1060/819 955/1061/820 1376/1062/821
f 1450/1063/822 1456/1064/823 1387/1065/824 1447/1066/825
f 958/1053/800 1437/1067/826 1441/1068/827 949/1058/800
f 1141/1069/828 3155/1070/829 1458/1071/830 1366/1023/193
f 1133/1072/831 1388/1073/832 1459/1074/833 3156/1075/834
f 1403/1076/835 1468/1077/836 1466/1010/776 1400/1009/775
f 957/1046/800 1446/1056/816 1437/1067/826 958/1053/800
f 1376/1062/821 955/1061/820 954/1042/804 1373/1041/803
f 1441/1068/827 1465/1035/797 959/1038/800 949/1058/800
f 1385/1049/810 953/1050/811 956/1060/819 1381/1059/818
f 1382/1000/766 1411/999/765 1415/1078/837 1384/1079/838
f 952/1043/805 1475/1080/839 1429/1081/840 1369/1044/806
f 1399/1028/792 1397/1016/782 1136/1015/781 1137/1029/793
f 958/1053/800 949/1058/800 1408/1057/817 1406/1054/814
f 1133/1072/831 1135/1014/780 1390/1013/779 1388/1073/832
f 1391/1052/813 1438/1051/812 1447/1066/825 1387/1065/824
f 3161/1021/786 960/1017/783 1478/1020/194 3165/1082/841
f 1370/1001/767 1444/1004/770 1405/1033/795 1372/1032/794
f 1431/1083/842 1367/1084/193 1393/1085/843 1423/1086/844
f 3252/1087/845 1141/1069/828 1366/1023/193 3159/1022/787
f 1487/1088/846 1521/1089/847 1523/1090/848 1494/1091/849
f 1482/1092/850 1540/1093/851 1534/1094/852 1556/1095/853
f 953/1050/811 950/1024/788 1581/1096/854 1514/1097/855
f 1512/1098/856 1578/1099/857 1552/1100/858 1508/1101/859
f 1502/1102/860 954/1042/804 955/1061/820 1509/1103/861
f 973/1104/862 1588/1105/863 1682/1106/864 1590/1107/195
f 3162/1108/865 3164/1109/866 3168/1110/867 961/1111/546
f 963/1112/868 1526/1113/869 1491/1114/870 964/1115/871
f 1514/1097/855 1511/1116/872 956/1060/819 953/1050/811
f 950/1024/788 964/1117/871 1491/1118/870 1581/1096/854
f 1484/1119/873 1517/1120/874 1521/1089/847 1487/1088/846
f 973/1104/862 1478/1020/194 1542/1121/875 1588/1105/863
f 1577/1122/876 1582/1123/877 1490/1124/878 972/1125/879
f 1524/1126/880 972/1125/879 1490/1124/878 1528/1127/881
f 1485/1128/882 967/1129/883 965/1130/884 1481/1131/885
f 1506/1132/886 970/1133/879 1555/1134/887 1533/1135/888
f 1497/1136/889 1526/1113/869 963/1112/868 966/1137/890
f 1508/1101/859 1552/1100/858 1550/1138/891 1503/1139/892
f 970/1133/879 971/1140/879 1518/1141/893 1555/1134/887
f 1506/1132/886 1563/1142/894 1558/1143/895 970/1133/879
f 1520/1144/896 962/1145/879 972/1125/879 1524/1126/880
f 1493/1146/897 969/1147/898 968/1148/899 1488/1149/900
f 1562/1150/901 1568/1151/902 1499/1152/903 1559/1153/904
f 971/1140/879 1549/1154/905 1553/1155/906 962/1145/879
f 3167/1156/907 973/1104/862 1590/1107/195 3171/1157/908
f 952/1043/805 954/1042/804 1502/1102/860 1500/1158/909
f 1515/1159/910 1580/1160/911 1578/1099/857 1512/1098/856
f 970/1133/879 1558/1143/895 1549/1154/905 971/1140/879
f 1488/1149/900 968/1148/899 967/1129/883 1485/1128/882
f 1553/1155/906 1577/1122/876 972/1125/879 962/1145/879
f 1497/1136/889 966/1137/890 969/1147/898 1493/1146/897
f 1494/1091/849 1523/1090/848 1527/1161/912 1496/1162/913
f 965/1130/884 1587/1163/914 1541/1164/915 1481/1131/885
f 1511/1116/872 1509/1103/861 955/1061/820 956/1060/819
f 971/1140/879 962/1145/879 1520/1144/896 1518/1141/893
f 1569/1165/916 1561/1166/917 1505/1167/918 1479/1168/194
f 1503/1139/892 1550/1138/891 1559/1153/904 1499/1152/903
f 952/1043/805 1500/1158/909 1571/1169/919 1475/1080/839
f 1482/1092/850 1556/1095/853 1517/1120/874 1484/1119/873
f 1543/1170/920 1479/1168/194 1505/1167/918 1535/1171/921
f 3167/1156/907 3165/1082/841 1478/1020/194 973/1104/862
f 1599/1172/922 1633/1173/923 1635/1174/924 1606/1175/925
f 1594/1176/926 1652/1177/927 1646/1178/928 1668/1179/929
f 966/1137/890 963/1112/868 1693/1180/930 1626/1181/931
f 1624/1182/932 1690/1183/933 1664/1184/934 1620/1185/935
f 1614/1186/936 967/1129/883 968/1148/899 1621/1187/937
f 985/1188/938 1700/1189/939 1794/1190/940 1702/1191/196
f 3168/1110/867 3170/1192/941 3174/1193/942 961/1111/546
f 975/1194/943 1638/1195/944 1603/1196/945 976/1197/946
f 1626/1181/931 1623/1198/947 969/1147/898 966/1137/890
f 963/1112/868 976/1199/946 1603/1200/945 1693/1180/930
f 1596/1201/948 1629/1202/949 1633/1173/923 1599/1172/922
f 985/1188/938 1590/1107/195 1654/1203/950 1700/1189/939
f 1689/1204/951 1694/1205/952 1602/1206/953 984/1207/954
f 1636/1208/955 984/1207/954 1602/1206/953 1640/1209/956
f 1597/1210/957 979/1211/958 977/1212/959 1593/1213/960
f 1618/1214/961 982/1215/954 1667/1216/962 1645/1217/963
f 1609/1218/964 1638/1195/944 975/1194/943 978/1219/965
f 1620/1185/935 1664/1184/934 1662/1220/966 1615/1221/967
f 982/1215/954 983/1222/954 1630/1223/968 1667/1216/962
f 1618/1214/961 1675/1224/969 1670/1225/970 982/1215/954
f 1632/1226/971 974/1227/954 984/1207/954 1636/1208/955
f 1605/1228/972 981/1229/973 980/1230/974 1600/1231/975
f 1674/1232/976 1680/1233/977 1611/1234/978 1671/1235/979
f 983/1222/954 1661/1236/980 1665/1237/981 974/1227/954
f 3173/1238/982 985/1188/938 1702/1191/196 3177/1239/983
f 965/1130/884 967/1129/883 1614/1186/936 1612/1240/984
f 1627/1241/985 1692/1242/986 1690/1183/933 1624/1182/932
f 982/1215/954 1670/1225/970 1661/1236/980 983/1222/954
f 1600/1231/975 980/1230/974 979/1211/958 1597/1210/957
f 1665/1237/981 1689/1204/951 984/1207/954 974/1227/954
f 1609/1218/964 978/1219/965 981/1229/973 1605/1228/972
f 1606/1175/925 1635/1174/924 1639/1243/987 1608/1244/988
f 977/1212/959 1699/1245/989 1653/1246/990 1593/1213/960
f 1623/1198/947 1621/1187/937 968/1148/899 969/1147/898
f 983/1222/954 974/1227/954 1632/1226/971 1630/1223/968
f 1681/1247/991 1673/1248/992 1617/1249/993 1591/1250/195
f 1615/1221/967 1662/1220/966 1671/1235/979 1611/1234/978
f 965/1130/884 1612/1240/984 1683/1251/994 1587/1163/914
f 1594/1176/926 1668/1179/929 1629/1202/949 1596/1201/948
f 1655/1252/995 1591/1250/195 1617/1249/993 1647/1253/996
f 3173/1238/982 3171/1157/908 1590/1107/195 985/1188/938
f 1711/1254/997 1745/1255/998 1747/1256/999 1718/1257/1000
f 1706/1258/1001 1764/1259/1002 1758/1260/1003 1780/1261/1004
f 978/1219/965 975/1194/943 1805/1262/1005 1738/1263/1006
f 1736/1264/1007 1802/1265/1008 1776/1266/1009 1732/1267/1010
f 1726/1268/1011 979/1211/958 980/1230/974 1733/1269/1012
f 997/1270/1013 1812/1271/1014 1906/1272/1015 1814/1273/159
f 3174/1193/942 3176/1274/1016 3180/1275/1017 961/1111/546
f 987/1276/1018 1750/1277/1019 1715/1278/1020 988/1279/1021
f 1738/1263/1006 1735/1280/1022 981/1229/973 978/1219/965
f 975/1194/943 988/1281/1021 1715/1282/1020 1805/1262/1005
f 1708/1283/1023 1741/1284/1024 1745/1255/998 1711/1254/997
f 997/1270/1013 1702/1191/196 1766/1285/1025 1812/1271/1014
f 1801/1286/1026 1806/1287/1027 1714/1288/1028 996/1289/1029
f 1748/1290/1030 996/1289/1029 1714/1288/1028 1752/1291/1031
f 1709/1292/1032 991/1293/1033 989/1294/1034 1705/1295/1035
f 1730/1296/1036 994/1297/1029 1779/1298/1037 1757/1299/1038
f 1721/1300/1039 1750/1277/1019 987/1276/1018 990/1301/1040
f 1732/1267/1010 1776/1266/1009 1774/1302/1041 1727/1303/1042
f 994/1297/1029 995/1304/1029 1742/1305/1043 1779/1298/1037
f 1730/1296/1036 1787/1306/1044 1782/1307/1045 994/1297/1029
f 1744/1308/1046 986/1309/1029 996/1289/1029 1748/1290/1030
f 1717/1310/1047 993/1311/1048 992/1312/1049 1712/1313/1050
f 1786/1314/1051 1792/1315/1052 1723/1316/1053 1783/1317/1054
f 995/1304/1029 1773/1318/1055 1777/1319/1056 986/1309/1029
f 3179/1320/1057 997/1270/1013 1814/1273/159 3183/1321/1058
f 977/1212/959 979/1211/958 1726/1268/1011 1724/1322/1059
f 1739/1323/1060 1804/1324/1061 1802/1265/1008 1736/1264/1007
f 994/1297/1029 1782/1307/1045 1773/1318/1055 995/1304/1029
f 1712/1313/1050 992/1312/1049 991/1293/1033 1709/1292/1032
f 1777/1319/1056 1801/1286/1026 996/1289/1029 986/1309/1029
f 1721/1300/1039 990/1301/1040 993/1311/1048 1717/1310/1047
f 1718/1257/1000 1747/1256/999 1751/1325/1062 1720/1326/1063
f 989/1294/1034 1811/1327/1064 1765/1328/1065 1705/1295/1035
f 1735/1280/1022 1733/1269/1012 980/1230/974 981/1229/973
f 995/1304/1029 986/1309/1029 1744/1308/1046 1742/1305/1043
f 1793/1329/1066 1785/1330/1067 1729/1331/1068 1703/1332/196
f 1727/1303/1042 1774/1302/1041 1783/1317/1054 1723/1316/1053
f 977/1212/959 1724/1322/1059 1795/1333/1069 1699/1245/989
f 1706/1258/1001 1780/1261/1004 1741/1284/1024 1708/1283/1023
f 1767/1334/1070 1703/1332/196 1729/1331/1068 1759/1335/1071
f 3179/1320/1057 3177/1239/983 1702/1191/196 997/1270/1013
f 1823/1336/1072 1857/1337/1073 1859/1338/1074 1830/1339/1075
f 1818/1340/1076 1876/1341/1077 1870/1342/1078 1892/1343/1079
f 990/1301/1040 987/1276/1018 1917/1344/1080 1850/1345/1081
f 1848/1346/1082 1914/1347/1083 1888/1348/1084 1844/1349/1085
f 1838/1350/1086 991/1293/1033 992/1312/1049 1845/1351/1087
f 1009/1352/1088 1924/1353/1089 2018/1354/1090 1926/1355/158
f 3180/1275/1017 3182/1356/1091 3186/1357/1092 961/1111/546
f 999/1358/1093 1862/1359/1094 1827/1360/1095 1000/1361/1096
f 1850/1345/1081 1847/1362/1097 993/1311/1048 990/1301/1040
f 987/1276/1018 1000/1363/1096 1827/1364/1095 1917/1344/1080
f 1820/1365/1098 1853/1366/1099 1857/1337/1073 1823/1336/1072
f 1009/1352/1088 1814/1367/159 1878/1368/1100 1924/1353/1089
f 1913/1369/1101 1918/1370/1102 1826/1371/1103 1008/1372/1104
f 1860/1373/1105 1008/1372/1104 1826/1371/1103 1864/1374/1106
f 1821/1375/1107 1003/1376/1108 1001/1377/1109 1817/1378/1110
f 1842/1379/1111 1006/1380/1104 1891/1381/1112 1869/1382/1113
f 1833/1383/1114 1862/1359/1094 999/1358/1093 1002/1384/1115
f 1844/1349/1085 1888/1348/1084 1886/1385/1116 1839/1386/1117
f 1006/1380/1104 1007/1387/1104 1854/1388/1118 1891/1381/1112
f 1842/1379/1111 1899/1389/1119 1894/1390/1120 1006/1380/1104
f 1856/1391/1121 998/1392/1104 1008/1372/1104 1860/1373/1105
f 1829/1393/1122 1005/1394/1123 1004/1395/1124 1824/1396/1125
f 1898/1397/1126 1904/1398/1127 1835/1399/1128 1895/1400/1129
f 1007/1387/1104 1885/1401/1130 1889/1402/1131 998/1392/1104
f 3185/1403/1132 1009/1352/1088 1926/1355/158 3189/1404/1133
f 989/1294/1034 991/1293/1033 1838/1350/1086 1836/1405/1134
f 1851/1406/1135 1916/1407/1136 1914/1347/1083 1848/1346/1082
f 1006/1380/1104 1894/1390/1120 1885/1401/1130 1007/1387/1104
f 1824/1396/1125 1004/1395/1124 1003/1376/1108 1821/1375/1107
f 1889/1402/1131 1913/1369/1101 1008/1372/1104 998/1392/1104
f 1833/1383/1114 1002/1384/1115 1005/1394/1123 1829/1393/1122
f 1830/1339/1075 1859/1338/1074 1863/1408/1137 1832/1409/1138
f 1001/1377/1109 1923/1410/1139 1877/1411/1140 1817/1378/1110
f 1847/1362/1097 1845/1351/1087 992/1312/1049 993/1311/1048
f 1007/1387/1104 998/1392/1104 1856/1391/1121 1854/1388/1118
f 1905/1412/1141 1897/1413/1142 1841/1414/1143 1815/1415/159
f 1839/1386/1117 1886/1385/1116 1895/1400/1129 1835/1399/1128
f 989/1294/1034 1836/1405/1134 1907/1416/1144 1811/1327/1064
f 1818/1340/1076 1892/1343/1079 1853/1366/1099 1820/1365/1098
f 1879/1417/1145 1815/1415/159 1841/1414/1143 1871/1418/1146
f 3185/1403/1132 3183/1419/1058 1814/1367/159 1009/1352/1088
f 1935/1420/1147 1969/1421/1148 1971/1422/1149 1942/1423/1150
f 1930/1424/1151 1988/1425/1152 1982/1426/1153 2004/1427/1154
f 1002/1384/1115 999/1358/1093 2029/1428/1155 1962/1429/1156
f 1960/1430/1157 2026/1431/1158 2000/1432/1159 1956/1433/1160
f 1950/1434/1161 1003/1376/1108 1004/1395/1124 1957/1435/1162
f 1021/1436/1163 2036/1437/1164 2130/1438/1165 2038/1439/160
f 3186/1357/1092 3188/1440/1166 3192/1441/1167 961/1111/546
f 1011/1442/1168 1974/1443/1169 1939/1444/1170 1012/1445/1171
f 1962/1429/1156 1959/1446/1172 1005/1394/1123 1002/1384/1115
f 999/1358/1093 1012/1447/1171 1939/1448/1170 2029/1428/1155
f 1932/1449/1173 1965/1450/1174 1969/1421/1148 1935/1420/1147
f 1021/1436/1163 1926/1355/158 1990/1451/1175 2036/1437/1164
f 2025/1452/1176 2030/1453/1177 1938/1454/1178 1020/1455/1179
f 1972/1456/1180 1020/1455/1179 1938/1454/1178 1976/1457/1181
f 1933/1458/1182 1015/1459/1183 1013/1460/1184 1929/1461/1185
f 1954/1462/1186 1018/1463/1179 2003/1464/1187 1981/1465/1188
f 1945/1466/1189 1974/1443/1169 1011/1442/1168 1014/1467/1190
f 1956/1433/1160 2000/1432/1159 1998/1468/1191 1951/1469/1192
f 1018/1463/1179 1019/1470/1179 1966/1471/1193 2003/1464/1187
f 1954/1462/1186 2011/1472/1194 2006/1473/1195 1018/1463/1179
f 1968/1474/1196 1010/1475/1179 1020/1455/1179 1972/1456/1180
f 1941/1476/1197 1017/1477/1198 1016/1478/1199 1936/1479/1200
f 2010/1480/1201 2016/1481/1202 1947/1482/1203 2007/1483/1204
f 1019/1470/1179 1997/1484/1205 2001/1485/1206 1010/1475/1179
f 3191/1486/1207 1021/1436/1163 2038/1439/160 3195/1487/1208
f 1001/1377/1109 1003/1376/1108 1950/1434/1161 1948/1488/1209
f 1963/1489/1210 2028/1490/1211 2026/1431/1158 1960/1430/1157
f 1018/1463/1179 2006/1473/1195 1997/1484/1205 1019/1470/1179
f 1936/1479/1200 1016/1478/1199 1015/1459/1183 1933/1458/1182
f 2001/1485/1206 2025/1452/1176 1020/1455/1179 1010/1475/1179
f 1945/1466/1189 1014/1467/1190 1017/1477/1198 1941/1476/1197
f 1942/1423/1150 1971/1422/1149 1975/1491/1212 1944/1492/1213
f 1013/1460/1184 2035/1493/1214 1989/1494/1215 1929/1461/1185
f 1959/1446/1172 1957/1435/1162 1004/1395/1124 1005/1394/1123
f 1019/1470/1179 1010/1475/1179 1968/1474/1196 1966/1471/1193
f 2017/1495/1216 2009/1496/1217 1953/1497/1218 1927/1498/158
f 1951/1469/1192 1998/1468/1191 2007/1483/1204 1947/1482/1203
f 1001/1377/1109 1948/1488/1209 2019/1499/1219 1923/1410/1139
f 1930/1424/1151 2004/1427/1154 1965/1450/1174 1932/1449/1173
f 1991/1500/1220 1927/1498/158 1953/1497/1218 1983/1501/1221
f 3191/1486/1207 3189/1404/1133 1926/1355/158 1021/1436/1163
f 2047/1502/1222 2081/1503/1223 2083/1504/1224 2054/1505/1225
f 2042/1506/1226 2100/1507/1227 2094/1508/1228 2116/1509/1229
f 1014/1467/1190 1011/1442/1168 2141/1510/1230 2074/1511/1231
f 2072/1512/1232 2138/1513/1233 2112/1514/1234 2068/1515/1235
f 2062/1516/1236 1015/1459/1183 1016/1478/1199 2069/1517/1237
f 1033/1518/1238 2148/1519/1239 2242/1520/1240 2150/1521/161
f 3192/1441/1167 3194/1522/1241 3198/1523/1242 961/1111/546
f 1023/1524/1243 2086/1525/1244 2051/1526/1245 1024/1527/1246
f 2074/1511/1231 2071/1528/1247 1017/1477/1198 1014/1467/1190
f 1011/1442/1168 1024/1529/1246 2051/1530/1245 2141/1510/1230
f 2044/1531/1248 2077/1532/1249 2081/1503/1223 2047/1502/1222
f 1033/1518/1238 2038/1439/160 2102/1533/1250 2148/1519/1239
f 2137/1534/1251 2142/1535/1252 2050/1536/1253 1032/1537/1254
f 2084/1538/1255 1032/1537/1254 2050/1536/1253 2088/1539/1256
f 2045/1540/1257 1027/1541/1258 1025/1542/1259 2041/1543/1260
f 2066/1544/1261 1030/1545/1254 2115/1546/1262 2093/1547/1263
f 2057/1548/1264 2086/1525/1244 1023/1524/1243 1026/1549/1265
f 2068/1515/1235 2112/1514/1234 2110/1550/1266 2063/1551/1267
f 1030/1545/1254 1031/1552/1254 2078/1553/1268 2115/1546/1262
f 2066/1544/1261 2123/1554/1269 2118/1555/1270 1030/1545/1254
f 2080/1556/1271 1022/1557/1254 1032/1537/1254 2084/1538/1255
f 2053/1558/1272 1029/1559/1273 1028/1560/1274 2048/1561/1275
f 2122/1562/1276 2128/1563/1277 2059/1564/1278 2119/1565/1279
f 1031/1552/1254 2109/1566/1280 2113/1567/1281 1022/1557/1254
f 3197/1568/1282 1033/1518/1238 2150/1521/161 3201/1569/1283
f 1013/1460/1184 1015/1459/1183 2062/1516/1236 2060/1570/1284
f 2075/1571/1285 2140/1572/1286 2138/1513/1233 2072/1512/1232
f 1030/1545/1254 2118/1555/1270 2109/1566/1280 1031/1552/1254
f 2048/1561/1275 1028/1560/1274 1027/1541/1258 2045/1540/1257
f 2113/1567/1281 2137/1534/1251 1032/1537/1254 1022/1557/1254
f 2057/1548/1264 1026/1549/1265 1029/1559/1273 2053/1558/1272
f 2054/1505/1225 2083/1504/1224 2087/1573/1287 2056/1574/1288
f 1025/1542/1259 2147/1575/1289 2101/1576/1290 2041/1543/1260
f 2071/1528/1247 2069/1517/1237 1016/1478/1199 1017/1477/1198
f 1031/1552/1254 1022/1557/1254 2080/1556/1271 2078/1553/1268
f 2129/1577/1291 2121/1578/1292 2065/1579/1293 2039/1580/160
f 2063/1551/1267 2110/1550/1266 2119/1565/1279 2059/1564/1278
f 1013/1460/1184 2060/1570/1284 2131/1581/1294 2035/1493/1214
f 2042/1506/1226 2116/1509/1229 2077/1532/1249 2044/1531/1248
f 2103/1582/1295 2039/1580/160 2065/1579/1293 2095/1583/1296
f 3197/1568/1282 3195/1487/1208 2038/1439/160 1033/1518/1238
f 2159/1584/1297 2193/1585/1298 2195/1586/1299 2166/1587/1300
f 2154/1588/1301 2212/1589/1302 2206/1590/1303 2228/1591/1304
f 1026/1549/1265 1023/1524/1243 2253/1592/1305 2186/1593/1306
f 2184/1594/1307 2250/1595/1308 2224/1596/1309 2180/1597/1310
f 2174/1598/1311 1027/1541/1258 1028/1560/1274 2181/1599/1312
f 1045/1600/1313 2260/1601/1314 2354/1602/1315 2262/1603/162
f 3198/1523/1242 3200/1604/1316 3204/1605/1317 961/1111/546
f 1035/1606/1318 2198/1607/1319 2163/1608/1320 1036/1609/1321
f 2186/1593/1306 2183/1610/1322 1029/1559/1273 1026/1549/1265
f 1023/1524/1243 1036/1611/1321 2163/1612/1320 2253/1592/1305
f 2156/1613/1323 2189/1614/1324 2193/1585/1298 2159/1584/1297
f 1045/1600/1313 2150/1521/161 2214/1615/1325 2260/1601/1314
f 2249/1616/1326 2254/1617/1327 2162/1618/1328 1044/1619/1329
f 2196/1620/1330 1044/1619/1329 2162/1618/1328 2200/1621/1331
f 2157/1622/1332 1039/1623/1333 1037/1624/1334 2153/1625/1335
f 2178/1626/1336 1042/1627/1329 2227/1628/1337 2205/1629/1338
f 2169/1630/1339 2198/1607/1319 1035/1606/1318 1038/1631/1340
f 2180/1597/1310 2224/1596/1309 2222/1632/1341 2175/1633/1342
f 1042/1627/1329 1043/1634/1329 2190/1635/1343 2227/1628/1337
f 2178/1626/1336 2235/1636/1344 2230/1637/1345 1042/1627/1329
f 2192/1638/1346 1034/1639/1329 1044/1619/1329 2196/1620/1330
f 2165/1640/1347 1041/1641/1348 1040/1642/1349 2160/1643/1350
f 2234/1644/1351 2240/1645/1352 2171/1646/1353 2231/1647/1354
f 1043/1634/1329 2221/1648/1355 2225/1649/1356 1034/1639/1329
f 3203/1650/1357 1045/1600/1313 2262/1603/162 3207/1651/1358
f 1025/1542/1259 1027/1541/1258 2174/1598/1311 2172/1652/1359
f 2187/1653/1360 2252/1654/1361 2250/1595/1308 2184/1594/1307
f 1042/1627/1329 2230/1637/1345 2221/1648/1355 1043/1634/1329
f 2160/1643/1350 1040/1642/1349 1039/1623/1333 2157/1622/1332
f 2225/1649/1356 2249/1616/1326 1044/1619/1329 1034/1639/1329
f 2169/1630/1339 1038/1631/1340 1041/1641/1348 2165/1640/1347
f 2166/1587/1300 2195/1586/1299 2199/1655/1362 2168/1656/1363
f 1037/1624/1334 2259/1657/1364 2213/1658/1365 2153/1625/1335
f 2183/1610/1322 2181/1599/1312 1028/1560/1274 1029/1559/1273
f 1043/1634/1329 1034/1639/1329 2192/1638/1346 2190/1635/1343
f 2241/1659/1366 2233/1660/1367 2177/1661/1368 2151/1662/161
f 2175/1633/1342 2222/1632/1341 2231/1647/1354 2171/1646/1353
f 1025/1542/1259 2172/1652/1359 2243/1663/1369 2147/1575/1289
f 2154/1588/1301 2228/1591/1304 2189/1614/1324 2156/1613/1323
f 2215/1664/1370 2151/1662/161 2177/1661/1368 2207/1665/1371
f 3203/1650/1357 3201/1569/1283 2150/1521/161 1045/1600/1313
f 2271/1666/1372 2305/1667/1373 2307/1668/1374 2278/1669/1375
f 2266/1670/1376 2324/1671/1377 2318/1672/1378 2340/1673/1379
f 1038/1631/1340 1035/1606/1318 2365/1674/1380 2298/1675/1381
f 2296/1676/1382 2362/1677/1383 2336/1678/1384 2292/1679/1385
f 2286/1680/1386 1039/1623/1333 1040/1642/1349 2293/1681/1387
f 1057/1682/1388 2372/1683/1389 2466/1684/1390 2374/1685/163
f 3204/1605/1317 3206/1686/1391 3210/1687/1392 961/1111/546
f 1047/1688/1393 2310/1689/1394 2275/1690/1395 1048/1691/1396
f 2298/1675/1381 2295/1692/1397 1041/1641/1348 1038/1631/1340
f 1035/1606/1318 1048/1693/1396 2275/1694/1395 2365/1674/1380
f 2268/1695/1398 2301/1696/1399 2305/1667/1373 2271/1666/1372
f 1057/1682/1388 2262/1603/162 2326/1697/1400 2372/1683/1389
f 2361/1698/1401 2366/1699/1402 2274/1700/1403 1056/1701/1404
f 2308/1702/1405 1056/1701/1404 2274/1700/1403 2312/1703/1406
f 2269/1704/1407 1051/1705/1408 1049/1706/1409 2265/1707/1410
f 2290/1708/1411 1054/1709/1404 2339/1710/1412 2317/1711/1413
f 2281/1712/1414 2310/1689/1394 1047/1688/1393 1050/1713/1415
f 2292/1679/1385 2336/1678/1384 2334/1714/1416 2287/1715/1417
f 1054/1709/1404 1055/1716/1404 2302/1717/1418 2339/1710/1412
f 2290/1708/1411 2347/1718/1419 2342/1719/1420 1054/1709/1404
f 2304/1720/1421 1046/1721/1404 1056/1701/1404 2308/1702/1405
f 2277/1722/1422 1053/1723/1423 1052/1724/1424 2272/1725/1425
f 2346/1726/1426 2352/1727/1427 2283/1728/1428 2343/1729/1429
f 1055/1716/1404 2333/1730/1430 2337/1731/1431 1046/1721/1404
f 3209/1732/1432 1057/1682/1388 2374/1685/163 3213/1733/1433
f 1037/1624/1334 1039/1623/1333 2286/1680/1386 2284/1734/1434
f 2299/1735/1435 2364/1736/1436 2362/1677/1383 2296/1676/1382
f 1054/1709/1404 2342/1719/1420 2333/1730/1430 1055/1716/1404
f 2272/1725/1425 1052/1724/1424 1051/1705/1408 2269/1704/1407
f 2337/1731/1431 2361/1698/1401 1056/1701/1404 1046/1721/1404
f 2281/1712/1414 1050/1713/1415 1053/1723/1423 2277/1722/1422
f 2278/1669/1375 2307/1668/1374 2311/1737/1437 2280/1738/1438
f 1049/1706/1409 2371/1739/1439 2325/1740/1440 2265/1707/1410
f 2295/1692/1397 2293/1681/1387 1040/1642/1349 1041/1641/1348
f 1055/1716/1404 1046/1721/1404 2304/1720/1421 2302/1717/1418
f 2353/1741/1441 2345/1742/1442 2289/1743/1443 2263/1744/162
f 2287/1715/1417 2334/1714/1416 2343/1729/1429 2283/1728/1428
f 1037/1624/1334 2284/1734/1434 2355/1745/1444 2259/1657/1364
f 2266/1670/1376 2340/1673/1379 2301/1696/1399 2268/1695/1398
f 2327/1746/1445 2263/1744/162 2289/1743/1443 2319/1747/1446
f 3209/1732/1432 3207/1651/1358 2262/1603/162 1057/1682/1388
f 2383/1748/1447 2417/1749/1448 2419/1750/1449 2390/1751/1450
f 2378/1752/1451 2436/1753/1452 2430/1754/1453 2452/1755/1454
f 1050/1713/1415 1047/1688/1393 2477/1756/1455 2410/1757/1456
f 2408/1758/1457 2474/1759/1458 2448/1760/1459 2404/1761/1460
f 2398/1762/1461 1051/1705/1408 1052/1724/1424 2405/1763/1462
f 1069/1764/1463 2484/1765/1464 2578/1766/1465 2486/1767/164
f 3210/1687/1392 3212/1768/1466 3216/1769/1467 961/1111/546
f 1059/1770/1468 2422/1771/1469 2387/1772/1470 1060/1773/1471
f 2410/1757/1456 2407/1774/1472 1053/1723/1423 1050/1713/1415
f 1047/1688/1393 1060/1775/1471 2387/1776/1470 2477/1756/1455
f 2380/1777/1473 2413/1778/1474 2417/1749/1448 2383/1748/1447
f 1069/1764/1463 2374/1685/163 2438/1779/1475 2484/1765/1464
f 2473/1780/1476 2478/1781/1477 2386/1782/1478 1068/1783/1479
f 2420/1784/1480 1068/1783/1479 2386/1782/1478 2424/1785/1481
f 2381/1786/1482 1063/1787/1483 1061/1788/1484 2377/1789/1485
f 2402/1790/1486 1066/1791/1479 2451/1792/1487 2429/1793/1488
f 2393/1794/1489 2422/1771/1469 1059/1770/1468 1062/1795/1490
f 2404/1761/1460 2448/1760/1459 2446/1796/1491 2399/1797/1492
f 1066/1791/1479 1067/1798/1479 2414/1799/1493 2451/1792/1487
f 2402/1790/1486 2459/1800/1494 2454/1801/1495 1066/1791/1479
f 2416/1802/1496 1058/1803/1479 1068/1783/1479 2420/1784/1480
f 2389/1804/1497 1065/1805/1498 1064/1806/1499 2384/1807/1500
f 2458/1808/1501 2464/1809/1502 2395/1810/1503 2455/1811/1504
f 1067/1798/1479 2445/1812/1505 2449/1813/1506 1058/1803/1479
f 3215/1814/1507 1069/1764/1463 2486/1767/164 3219/1815/1508
f 1049/1706/1409 1051/1705/1408 2398/1762/1461 2396/1816/1509
f 2411/1817/1510 2476/1818/1511 2474/1759/1458 2408/1758/1457
f 1066/1791/1479 2454/1801/1495 2445/1812/1505 1067/1798/1479
f 2384/1807/1500 1064/1806/1499 1063/1787/1483 2381/1786/1482
f 2449/1813/1506 2473/1780/1476 1068/1783/1479 1058/1803/1479
f 2393/1794/1489 1062/1795/1490 1065/1805/1498 2389/1804/1497
f 2390/1751/1450 2419/1750/1449 2423/1819/1512 2392/1820/1513
f 1061/1788/1484 2483/1821/1514 2437/1822/1515 2377/1789/1485
f 2407/1774/1472 2405/1763/1462 1052/1724/1424 1053/1723/1423
f 1067/1798/1479 1058/1803/1479 2416/1802/1496 2414/1799/1493
f 2465/1823/1516 2457/1824/1517 2401/1825/1518 2375/1826/163
f 2399/1797/1492 2446/1796/1491 2455/1811/1504 2395/1810/1503
f 1049/1706/1409 2396/1816/1509 2467/1827/1519 2371/1739/1439
f 2378/1752/1451 2452/1755/1454 2413/1778/1474 2380/1777/1473
f 2439/1828/1520 2375/1826/163 2401/1825/1518 2431/1829/1521
f 3215/1814/1507 3213/1733/1433 2374/1685/163 1069/1764/1463
f 2495/1830/1522 2529/1831/1523 2531/1832/1524 2502/1833/1525
f 2490/1834/1526 2548/1835/1527 2542/1836/1528 2564/1837/1529
f 1062/1795/1490 1059/1770/1468 2589/1838/1530 2522/1839/1531
f 2520/1840/1532 2586/1841/1533 2560/1842/1534 2516/1843/1535
f 2510/1844/1536 1063/1787/1483 1064/1806/1499 2517/1845/1537
f 1081/1846/1538 2596/1847/1539 2690/1848/1540 2598/1849/165
f 3216/1769/1467 3218/1850/1541 3222/1851/1542 961/1111/546
f 1071/1852/1543 2534/1853/1544 2499/1854/1545 1072/1855/1546
f 2522/1839/1531 2519/1856/1547 1065/1805/1498 1062/1795/1490
f 1059/1770/1468 1072/1857/1546 2499/1858/1545 2589/1838/1530
f 2492/1859/1548 2525/1860/1549 2529/1831/1523 2495/1830/1522
f 1081/1846/1538 2486/1767/164 2550/1861/1550 2596/1847/1539
f 2585/1862/1551 2590/1863/1552 2498/1864/1553 1080/1865/1554
f 2532/1866/1555 1080/1865/1554 2498/1864/1553 2536/1867/1556
f 2493/1868/1557 1075/1869/1558 1073/1870/1559 2489/1871/1560
f 2514/1872/1561 1078/1873/1554 2563/1874/1562 2541/1875/1563
f 2505/1876/1564 2534/1853/1544 1071/1852/1543 1074/1877/1565
f 2516/1843/1535 2560/1842/1534 2558/1878/1566 2511/1879/1567
f 1078/1873/1554 1079/1880/1554 2526/1881/1568 2563/1874/1562
f 2514/1872/1561 2571/1882/1569 2566/1883/1570 1078/1873/1554
f 2528/1884/1571 1070/1885/1554 1080/1865/1554 2532/1866/1555
f 2501/1886/1572 1077/1887/1573 1076/1888/1574 2496/1889/1575
f 2570/1890/1576 2576/1891/1577 2507/1892/1578 2567/1893/1579
f 1079/1880/1554 2557/1894/1580 2561/1895/1581 1070/1885/1554
f 3221/1896/1582 1081/1846/1538 2598/1849/165 3225/1897/1583
f 1061/1788/1484 1063/1787/1483 2510/1844/1536 2508/1898/1584
f 2523/1899/1585 2588/1900/1586 2586/1841/1533 2520/1840/1532
f 1078/1873/1554 2566/1883/1570 2557/1894/1580 1079/1880/1554
f 2496/1889/1575 1076/1888/1574 1075/1869/1558 2493/1868/1557
f 2561/1895/1581 2585/1862/1551 1080/1865/1554 1070/1885/1554
f 2505/1876/1564 1074/1877/1565 1077/1887/1573 2501/1886/1572
f 2502/1833/1525 2531/1832/1524 2535/1901/1587 2504/1902/1588
f 1073/1870/1559 2595/1903/1589 2549/1904/1590 2489/1871/1560
f 2519/1856/1547 2517/1845/1537 1064/1806/1499 1065/1805/1498
f 1079/1880/1554 1070/1885/1554 2528/1884/1571 2526/1881/1568
f 2577/1905/1591 2569/1906/1592 2513/1907/1593 2487/1908/164
f 2511/1879/1567 2558/1878/1566 2567/1893/1579 2507/1892/1578
f 1061/1788/1484 2508/1898/1584 2579/1909/1594 2483/1821/1514
f 2490/1834/1526 2564/1837/1529 2525/1860/1549 2492/1859/1548
f 2551/1910/1595 2487/1908/164 2513/1907/1593 2543/1911/1596
f 3221/1896/1582 3219/1815/1508 2486/1767/164 1081/1846/1538
f 2607/1912/1597 2641/1913/1598 2643/1914/1599 2614/1915/1600
f 2602/1916/1601 2660/1917/1602 2654/1918/1603 2676/1919/1604
f 1074/1877/1565 1071/1852/1543 2701/1920/1605 2634/1921/1606
f 2632/1922/1607 2698/1923/1608 2672/1924/1609 2628/1925/1610
f 2622/1926/1611 1075/1869/1558 1076/1888/1574 2629/1927/1612
f 1093/1928/1613 2708/1929/1614 2802/1930/1615 2710/1931/189
f 3222/1851/1542 3224/1932/1616 3228/1933/1617 961/1111/546
f 1083/1934/1618 2646/1935/1619 2611/1936/1620 1084/1937/1621
f 2634/1921/1606 2631/1938/1622 1077/1887/1573 1074/1877/1565
f 1071/1852/1543 1084/1939/1621 2611/1940/1620 2701/1920/1605
f 2604/1941/1623 2637/1942/1624 2641/1913/1598 2607/1912/1597
f 1093/1928/1613 2598/1849/165 2662/1943/1625 2708/1929/1614
f 2697/1944/1626 2702/1945/1627 2610/1946/1628 1092/1947/1629
f 2644/1948/1630 1092/1947/1629 2610/1946/1628 2648/1949/1631
f 2605/1950/1632 1087/1951/1633 1085/1952/1634 2601/1953/1635
f 2626/1954/1636 1090/1955/1629 2675/1956/1637 2653/1957/1638
f 2617/1958/1639 2646/1935/1619 1083/1934/1618 1086/1959/1640
f 2628/1925/1610 2672/1924/1609 2670/1960/1641 2623/1961/1642
f 1090/1955/1629 1091/1962/1629 2638/1963/1643 2675/1956/1637
f 2626/1954/1636 2683/1964/1644 2678/1965/1645 1090/1955/1629
f 2640/1966/1646 1082/1967/1629 1092/1947/1629 2644/1948/1630
f 2613/1968/1647 1089/1969/1648 1088/1970/1649 2608/1971/1650
f 2682/1972/1651 2688/1973/1652 2619/1974/1653 2679/1975/1654
f 1091/1962/1629 2669/1976/1655 2673/1977/1656 1082/1967/1629
f 3227/1978/1657 1093/1928/1613 2710/1931/189 3231/1979/1658
f 1073/1870/1559 1075/1869/1558 2622/1926/1611 2620/1980/1659
f 2635/1981/1660 2700/1982/1661 2698/1923/1608 2632/1922/1607
f 1090/1955/1629 2678/1965/1645 2669/1976/1655 1091/1962/1629
f 2608/1971/1650 1088/1970/1649 1087/1951/1633 2605/1950/1632
f 2673/1977/1656 2697/1944/1626 1092/1947/1629 1082/1967/1629
f 2617/1958/1639 1086/1959/1640 1089/1969/1648 2613/1968/1647
f 2614/1915/1600 2643/1914/1599 2647/1983/1662 2616/1984/1663
f 1085/1952/1634 2707/1985/1664 2661/1986/1665 2601/1953/1635
f 2631/1938/1622 2629/1927/1612 1076/1888/1574 1077/1887/1573
f 1091/1962/1629 1082/1967/1629 2640/1966/1646 2638/1963/1643
f 2689/1987/1666 2681/1988/1667 2625/1989/1668 2599/1990/165
f 2623/1961/1642 2670/1960/1641 2679/1975/1654 2619/1974/1653
f 1073/1870/1559 2620/1980/1659 2691/1991/1669 2595/1903/1589
f 2602/1916/1601 2676/1919/1604 2637/1942/1624 2604/1941/1623
f 2663/1992/1670 2599/1990/165 2625/1989/1668 2655/1993/1671
f 3227/1978/1657 3225/1897/1583 2598/1849/165 1093/1928/1613
f 2719/1994/1672 2753/1995/1673 2755/1996/1674 2726/1997/1675
f 2714/1998/1676 2772/1999/1677 2766/2000/1678 2788/2001/1679
f 1086/1959/1640 1083/1934/1618 2813/2002/1680 2746/2003/1681
f 2744/2004/1682 2810/2005/1683 2784/2006/1684 2740/2007/1685
f 2734/2008/1686 1087/1951/1633 1088/1970/1649 2741/2009/1687
f 1105/2010/1688 2820/2011/1689 2914/2012/1690 2822/2013/190
f 3228/1933/1617 3230/2014/1691 3234/2015/1692 961/1111/546
f 1095/2016/1693 2758/2017/1694 2723/2018/1695 1096/2019/1696
f 2746/2003/1681 2743/2020/1697 1089/1969/1648 1086/1959/1640
f 1083/1934/1618 1096/2021/1696 2723/2022/1695 2813/2002/1680
f 2716/2023/1698 2749/2024/1699 2753/1995/1673 2719/1994/1672
f 1105/2010/1688 2710/2025/189 2774/2026/1700 2820/2011/1689
f 2809/2027/1701 2814/2028/1702 2722/2029/1703 1104/2030/1704
f 2756/2031/1705 1104/2030/1704 2722/2029/1703 2760/2032/1706
f 2717/2033/1707 1099/2034/1708 1097/2035/1709 2713/2036/1710
f 2738/2037/1711 1102/2038/1704 2787/2039/1712 2765/2040/1713
f 2729/2041/1714 2758/2017/1694 1095/2016/1693 1098/2042/1715
f 2740/2007/1685 2784/2006/1684 2782/2043/1716 2735/2044/1717
f 1102/2038/1704 1103/2045/1704 2750/2046/1718 2787/2039/1712
f 2738/2037/1711 2795/2047/1719 2790/2048/1720 1102/2038/1704
f 2752/2049/1721 1094/2050/1704 1104/2030/1704 2756/2031/1705
f 2725/2051/1722 1101/2052/1723 1100/2053/1724 2720/2054/1725
f 2794/2055/1726 2800/2056/1727 2731/2057/1728 2791/2058/1729
f 1103/2045/1704 2781/2059/1730 2785/2060/1731 1094/2050/1704
f 3233/2061/1732 1105/2010/1688 2822/2013/190 3237/2062/1733
f 1085/1952/1634 1087/1951/1633 2734/2008/1686 2732/2063/1734
f 2747/2064/1735 2812/2065/1736 2810/2005/1683 2744/2004/1682
f 1102/2038/1704 2790/2048/1720 2781/2059/1730 1103/2045/1704
f 2720/2054/1725 1100/2053/1724 1099/2034/1708 2717/2033/1707
f 2785/2060/1731 2809/2027/1701 1104/2030/1704 1094/2050/1704
f 2729/2041/1714 1098/2042/1715 1101/2052/1723 2725/2051/1722
f 2726/1997/1675 2755/1996/1674 2759/2066/1737 2728/2067/1738
f 1097/2035/1709 2819/2068/1739 2773/2069/1740 2713/2036/1710
f 2743/2020/1697 2741/2009/1687 1088/1970/1649 1089/1969/1648
f 1103/2045/1704 1094/2050/1704 2752/2049/1721 2750/2046/1718
f 2801/2070/1741 2793/2071/1742 2737/2072/1743 2711/2073/189
f 2735/2044/1717 2782/2043/1716 2791/2058/1729 2731/2057/1728
f 1085/1952/1634 2732/2063/1734 2803/2074/1744 2707/1985/1664
f 2714/1998/1676 2788/2001/1679 2749/2024/1699 2716/2023/1698
f 2775/2075/1745 2711/2073/189 2737/2072/1743 2767/2076/1746
f 3233/2061/1732 3231/2077/1658 2710/2025/189 1105/2010/1688
f 2831/2078/1747 2865/2079/1748 2867/2080/1749 2838/2081/1750
f 2826/2082/1751 2884/2083/1752 2878/2084/1753 2900/2085/1754
f 1098/2042/1715 1095/2016/1693 2925/2086/1755 2858/2087/1756
f 2856/2088/1757 2922/2089/1758 2896/2090/1759 2852/2091/1760
f 2846/2092/1761 1099/2034/1708 1100/2053/1724 2853/2093/1762
f 1117/2094/1763 2932/2095/1764 3026/2096/1765 2934/2097/191
f 3234/2015/1692 3236/2098/1766 3240/2099/1767 961/1111/546
f 1107/2100/1768 2870/2101/1769 2835/2102/1770 1108/2103/1771
f 2858/2087/1756 2855/2104/1772 1101/2052/1723 1098/2042/1715
f 1095/2016/1693 1108/2105/1771 2835/2106/1770 2925/2086/1755
f 2828/2107/1773 2861/2108/1774 2865/2079/1748 2831/2078/1747
f 1117/2094/1763 2822/2013/190 2886/2109/1775 2932/2095/1764
f 2921/2110/1776 2926/2111/1777 2834/2112/1778 1116/2113/1779
f 2868/2114/1780 1116/2113/1779 2834/2112/1778 2872/2115/1781
f 2829/2116/1782 1111/2117/1783 1109/2118/1784 2825/2119/1785
f 2850/2120/1786 1114/2121/1779 2899/2122/1787 2877/2123/1788
f 2841/2124/1789 2870/2101/1769 1107/2100/1768 1110/2125/1790
f 2852/2091/1760 2896/2090/1759 2894/2126/1791 2847/2127/1792
f 1114/2121/1779 1115/2128/1779 2862/2129/1793 2899/2122/1787
f 2850/2120/1786 2907/2130/1794 2902/2131/1795 1114/2121/1779
f 2864/2132/1796 1106/2133/1779 1116/2113/1779 2868/2114/1780
f 2837/2134/1797 1113/2135/1798 1112/2136/1799 2832/2137/1800
f 2906/2138/1801 2912/2139/1802 2843/2140/1803 2903/2141/1804
f 1115/2128/1779 2893/2142/1805 2897/2143/1806 1106/2133/1779
f 3239/2144/1807 1117/2094/1763 2934/2097/191 3243/2145/1808
f 1097/2035/1709 1099/2034/1708 2846/2092/1761 2844/2146/1809
f 2859/2147/1810 2924/2148/1811 2922/2089/1758 2856/2088/1757
f 1114/2121/1779 2902/2131/1795 2893/2142/1805 1115/2128/1779
f 2832/2137/1800 1112/2136/1799 1111/2117/1783 2829/2116/1782
f 2897/2143/1806 2921/2110/1776 1116/2113/1779 1106/2133/1779
f 2841/2124/1789 1110/2125/1790 1113/2135/1798 2837/2134/1797
f 2838/2081/1750 2867/2080/1749 2871/2149/1812 2840/2150/1813
f 1109/2118/1784 2931/2151/1814 2885/2152/1815 2825/2119/1785
f 2855/2104/1772 2853/2093/1762 1100/2053/1724 1101/2052/1723
f 1115/2128/1779 1106/2133/1779 2864/2132/1796 2862/2129/1793
f 2913/2153/1816 2905/2154/1817 2849/2155/1818 2823/2156/190
f 2847/2127/1792 2894/2126/1791 2903/2141/1804 2843/2140/1803
f 1097/2035/1709 2844/2146/1809 2915/2157/1819 2819/2068/1739
f 2826/2082/1751 2900/2085/1754 2861/2108/1774 2828/2107/1773
f 2887/2158/1820 2823/2156/190 2849/2155/1818 2879/2159/1821
f 3239/2144/1807 3237/2062/1733 2822/2013/190 1117/2094/1763
f 2943/2160/1822 2977/2161/1823 2979/2162/1824 2950/2163/1825
f 2938/2164/1826 2996/2165/1827 2990/2166/1828 3012/2167/1829
f 1110/2125/1790 1107/2100/1768 3037/2168/1830 2970/2169/1831
f 2968/2170/1832 3034/2171/1833 3008/2172/1834 2964/2173/1835
f 2958/2174/1836 1111/2117/1783 1112/2136/1799 2965/2175/1837
f 1129/2176/1838 3044/2177/1839 3138/2178/1840 3046/2179/192
f 3240/2099/1767 3242/2180/1841 3246/2181/1842 961/1111/546
f 1119/2182/1843 2982/2183/1844 2947/2184/1845 1120/2185/1846
f 2970/2169/1831 2967/2186/1847 1113/2135/1798 1110/2125/1790
f 1107/2100/1768 1120/2187/1846 2947/2188/1845 3037/2168/1830
f 2940/2189/1848 2973/2190/1849 2977/2161/1823 2943/2160/1822
f 1129/2176/1838 2934/2097/191 2998/2191/1850 3044/2177/1839
f 3033/2192/1851 3038/2193/1852 2946/2194/1853 1128/2195/1854
f 2980/2196/1855 1128/2195/1854 2946/2194/1853 2984/2197/1856
f 2941/2198/1857 1123/2199/1858 1121/2200/1859 2937/2201/1860
f 2962/2202/1861 1126/2203/1854 3011/2204/1862 2989/2205/1863
f 2953/2206/1864 2982/2183/1844 1119/2182/1843 1122/2207/1865
f 2964/2173/1835 3008/2172/1834 3006/2208/1866 2959/2209/1867
f 1126/2203/1854 1127/2210/1854 2974/2211/1868 3011/2204/1862
f 2962/2202/1861 3019/2212/1869 3014/2213/1870 1126/2203/1854
f 2976/2214/1871 1118/2215/1854 1128/2195/1854 2980/2196/1855
f 2949/2216/1872 1125/2217/1873 1124/2218/1874 2944/2219/1875
f 3018/2220/1876 3024/2221/1877 2955/2222/1878 3015/2223/1879
f 1127/2210/1854 3005/2224/1880 3009/2225/1881 1118/2215/1854
f 3245/2226/1882 1129/2176/1838 3046/2179/192 3249/2227/1883
f 1109/2118/1784 1111/2117/1783 2958/2174/1836 2956/2228/1884
f 2971/2229/1885 3036/2230/1886 3034/2171/1833 2968/2170/1832
f 1126/2203/1854 3014/2213/1870 3005/2224/1880 1127/2210/1854
f 2944/2219/1875 1124/2218/1874 1123/2199/1858 2941/2198/1857
f 3009/2225/1881 3033/2192/1851 1128/2195/1854 1118/2215/1854
f 2953/2206/1864 1122/2207/1865 1125/2217/1873 2949/2216/1872
f 2950/2163/1825 2979/2162/1824 2983/2231/1887 2952/2232/1888
f 1121/2200/1859 3043/2233/1889 2997/2234/1890 2937/2201/1860
f 2967/2186/1847 2965/2175/1837 1112/2136/1799 1113/2135/1798
f 1127/2210/1854 1118/2215/1854 2976/2214/1871 2974/2211/1868
f 3025/2235/1891 3017/2236/1892 2961/2237/1893 2935/2238/191
f 2959/2209/1867 3006/2208/1866 3015/2223/1879 2955/2222/1878
f 1109/2118/1784 2956/2228/1884 3027/2239/1894 2931/2151/1814
f 2938/2164/1826 3012/2167/1829 2973/2190/1849 2940/2189/1848
f 2999/2240/1895 2935/2238/191 2961/2237/1893 2991/2241/1896
f 3245/2226/1882 3243/2145/1808 2934/2097/191 1129/2176/1838
f 3055/2242/1897 3089/2243/1898 3091/2244/1899 3062/2245/1900
f 3050/2246/1901 3108/2247/1902 3102/2248/1903 3124/2249/1904
f 1122/2207/1865 1119/2182/1843 3149/2250/1905 3082/2251/1906
f 3080/2252/1907 3146/2253/1908 3120/2254/1909 3076/2255/1910
f 3070/2256/1911 1123/2199/1858 1124/2218/1874 3077/2257/1912
f 3246/2181/1842 3248/2258/1913 3251/2259/1914 961/1111/546
f 1131/1006/772 3094/2260/1915 3059/2261/1916 1132/2262/1917
f 3082/2251/1906 3079/2263/1918 1125/2217/1873 1122/2207/1865
f 1119/2182/1843 1132/2264/1917 3059/2265/1916 3149/2250/1905
f 3052/2266/1919 3085/2267/1920 3089/2243/1898 3055/2242/1897
f 1141/1069/828 3046/2179/192 3110/2268/1921 3155/1070/829
f 3145/2269/1922 3150/2270/1923 3058/2271/1924 1140/2272/1925
f 3092/2273/1926 1140/2272/1925 3058/2271/1924 3096/2274/1927
f 3053/2275/1928 1135/1014/780 1133/1072/831 3049/2276/1929
f 3074/2277/1930 1138/2278/1925 3123/2279/1931 3101/2280/1932
f 3065/2281/1933 3094/2260/1915 1131/1006/772 1134/1005/771
f 3076/2255/1910 3120/2254/1909 3118/2282/1934 3071/2283/1935
f 1138/2278/1925 1139/2284/1925 3086/2285/1936 3123/2279/1931
f 3074/2277/1930 3131/2286/1937 3126/2287/1938 1138/2278/1925
f 3088/2288/1939 1130/2289/1925 1140/2272/1925 3092/2273/1926
f 3061/2290/1940 1137/1029/793 1136/1015/781 3056/2291/1941
f 3130/2292/1942 3136/2293/1943 3067/2294/1944 3127/2295/1945
f 1139/2284/1925 3117/2296/1946 3121/2297/1947 1130/2289/1925
f 1121/2200/1859 1123/2199/1858 3070/2256/1911 3068/2298/1948
f 3083/2299/1949 3148/2300/1950 3146/2253/1908 3080/2252/1907
f 1138/2278/1925 3126/2287/1938 3117/2296/1946 1139/2284/1925
f 3056/2291/1941 1136/1015/781 1135/1014/780 3053/2275/1928
f 3121/2297/1947 3145/2269/1922 1140/2272/1925 1130/2289/1925
f 3065/2281/1933 1134/1005/771 1137/1029/793 3061/2290/1940
f 3062/2245/1900 3091/2244/1899 3095/2301/1951 3064/2302/1952
f 1133/1072/831 3156/1075/834 3109/2303/1953 3049/2276/1929
f 3079/2263/1918 3077/2257/1912 1124/2218/1874 1125/2217/1873
f 1139/2284/1925 1130/2289/1925 3088/2288/1939 3086/2285/1936
f 3137/2304/1954 3129/2305/1955 3073/2306/1956 3047/2307/192
f 3071/2283/1935 3118/2282/1934 3127/2295/1945 3067/2294/1944
f 1121/2200/1859 3068/2298/1948 3139/2308/1957 3043/2233/1889
f 3050/2246/1901 3124/2249/1904 3085/2267/1920 3052/2266/1919
f 3111/2309/1958 3047/2307/192 3073/2306/1956 3103/2310/1959
f 3252/1087/845 3249/2227/1883 3046/2179/192 1141/1069/828
f 1297/2311/1960 1333/2312/1961 1302/2313/1962 1143/2314/1963
f 1282/2315/1964 1330/2316/1965 1331/2317/1966 1287/2318/1967
f 1217/2319/1968 1317/2320/1969 1318/2321/1970 1222/2322/1971
f 1152/2323/1972 1304/2324/1973 1305/2325/1974 1157/2326/1975
f 1287/2318/1967 1331/2317/1966 1332/2327/1976 1292/2328/1977
f 1222/2322/1971 1318/2321/1970 1319/2329/1978 1227/2330/1979
f 1157/2326/1975 1305/2325/1974 1306/2331/1980 1162/2332/1981
f 1292/2328/1977 1332/2327/1976 1333/2312/1961 1297/2311/1960
f 1227/2330/1979 1319/2329/1978 1320/2333/1982 1232/2334/1983
f 1162/2332/1981 1306/2331/1980 1307/2335/1984 1167/2336/1985
f 1232/2334/1983 1320/2333/1982 1321/2337/1986 1237/2338/1987
f 1167/2336/1985 1307/2335/1984 1308/2339/1988 1172/2340/1989
f 1147/2341/1990 1303/2342/1991 1304/2324/1973 1152/2323/1972
f 1237/2338/1987 1321/2337/1986 1322/2343/1992 1242/2344/1993
f 1172/2340/1989 1308/2339/1988 1309/2345/1994 1177/2346/1995
f 1242/2344/1993 1322/2343/1992 1323/2347/1996 1247/2348/1997
f 1177/2346/1995 1309/2345/1994 1310/2349/1998 1182/2350/1999
f 1247/2348/1997 1323/2347/1996 1324/2351/2000 1252/2352/2001
f 1182/2350/1999 1310/2349/1998 1311/2353/2002 1187/2354/2003
f 1252/2352/2001 1324/2351/2000 1325/2355/2004 1257/2356/2005
f 1187/2354/2003 1311/2353/2002 1312/2357/2006 1192/2358/2007
f 1257/2356/2005 1325/2355/2004 1326/2359/2008 1262/2360/2009
f 1192/2358/2007 1312/2357/2006 1313/2361/2010 1197/2362/2011
f 1262/2363/2009 1326/2364/2008 1327/2365/2012 1267/2366/2013
f 1197/2362/2011 1313/2361/2010 1314/2367/2014 1202/2368/2015
f 1267/2366/2013 1327/2365/2012 1328/2369/2016 1272/2370/2017
f 1202/2368/2015 1314/2367/2014 1315/2371/2018 1207/2372/2019
f 1272/2370/2017 1328/2369/2016 1329/2373/2020 1277/2374/2021
f 1207/2372/2019 1315/2371/2018 1316/2375/2022 1212/2376/2023
f 1277/2374/2021 1329/2373/2020 1330/2316/1965 1282/2315/1964
f 1212/2376/2023 1316/2375/2022 1317/2320/1969 1217/2319/1968
f 1143/2314/1963 1302/2313/1962 1303/2342/1991 1147/2341/1990
f 1143/2314/1963 1147/2341/1990 1149/2377/2024 1146/2378/2025
f 1146/2378/2025 1149/2377/2024 1150/2379/2026 1145/2380/2027
f 1145/2380/2027 1150/2379/2026 1151/2381/2028 1144/2382/2029
f 1144/2382/2029 1151/2381/2028 1148/2383/2030 1142/2384/2031
f 1147/2341/1990 1152/2323/1972 1154/2385/2032 1149/2377/2024
f 1149/2377/2024 1154/2385/2032 1155/2386/2033 1150/2379/2026
f 1150/2379/2026 1155/2386/2033 1156/2387/2034 1151/2381/2028
f 1151/2381/2028 1156/2387/2034 1153/2388/2035 1148/2383/2030
f 1152/2323/1972 1157/2326/1975 1159/2389/2036 1154/2385/2032
f 1154/2385/2032 1159/2389/2036 1160/2390/2037 1155/2386/2033
f 1155/2386/2033 1160/2390/2037 1161/2391/2038 1156/2387/2034
f 1156/2387/2034 1161/2391/2038 1158/2392/2039 1153/2388/2035
f 1157/2326/1975 1162/2332/1981 1164/2393/2040 1159/2389/2036
f 1159/2389/2036 1164/2393/2040 1165/2394/2041 1160/2390/2037
f 1160/2390/2037 1165/2394/2041 1166/2395/2042 1161/2391/2038
f 1161/2391/2038 1166/2395/2042 1163/2396/2043 1158/2392/2039
f 1162/2332/1981 1167/2336/1985 1169/2397/2044 1164/2393/2040
f 1164/2393/2040 1169/2397/2044 1170/2398/2045 1165/2394/2041
f 1165/2394/2041 1170/2398/2045 1171/2399/2046 1166/2395/2042
f 1166/2395/2042 1171/2399/2046 1168/2400/2047 1163/2396/2043
f 1167/2336/1985 1172/2340/1989 1174/2401/2048 1169/2397/2044
f 1169/2397/2044 1174/2401/2048 1175/2402/2049 1170/2398/2045
f 1170/2398/2045 1175/2402/2049 1176/2403/2050 1171/2399/2046
f 1171/2399/2046 1176/2403/2050 1173/2404/2051 1168/2400/2047
f 1172/2340/1989 1177/2346/1995 1179/2405/2052 1174/2401/2048
f 1174/2401/2048 1179/2405/2052 1180/2406/2053 1175/2402/2049
f 1175/2402/2049 1180/2406/2053 1181/2407/2054 1176/2403/2050
f 1176/2403/2050 1181/2407/2054 1178/2408/2055 1173/2404/2051
f 1177/2346/1995 1182/2350/1999 1184/2409/2056 1179/2405/2052
f 1179/2405/2052 1184/2409/2056 1185/2410/2057 1180/2406/2053
f 1180/2406/2053 1185/2410/2057 1186/2411/2058 1181/2407/2054
f 1181/2407/2054 1186/2411/2058 1183/2412/2059 1178/2408/2055
f 1182/2350/1999 1187/2354/2003 1189/2413/2060 1184/2409/2056
f 1184/2409/2056 1189/2413/2060 1190/2414/2061 1185/2410/2057
f 1185/2410/2057 1190/2414/2061 1191/2415/2062 1186/2411/2058
f 1186/2411/2058 1191/2415/2062 1188/2416/2063 1183/2412/2059
f 1187/2354/2003 1192/2358/2007 1194/2417/2064 1189/2413/2060
f 1189/2413/2060 1194/2417/2064 1195/2418/2065 1190/2414/2061
f 1190/2414/2061 1195/2418/2065 1196/2419/2066 1191/2415/2062
f 1191/2415/2062 1196/2419/2066 1193/2420/2067 1188/2416/2063
f 1192/2358/2007 1197/2362/2011 1199/2421/2068 1194/2417/2064
f 1194/2417/2064 1199/2421/2068 1200/2422/2069 1195/2418/2065
f 1195/2418/2065 1200/2422/2069 1201/2423/2070 1196/2419/2066
f 1196/2419/2066 1201/2423/2070 1198/2424/2071 1193/2420/2067
f 1197/2362/2011 1202/2368/2015 1204/2425/2072 1199/2421/2068
f 1199/2421/2068 1204/2425/2072 1205/2426/2073 1200/2422/2069
f 1200/2422/2069 1205/2426/2073 1206/2427/2074 1201/2423/2070
f 1201/2423/2070 1206/2427/2074 1203/2428/2075 1198/2424/2071
f 1202/2368/2015 1207/2372/2019 1209/2429/2076 1204/2425/2072
f 1204/2425/2072 1209/2429/2076 1210/2430/2077 1205/2426/2073
f 1205/2426/2073 1210/2430/2077 1211/2431/2078 1206/2427/2074
f 1206/2427/2074 1211/2431/2078 1208/2432/2079 1203/2428/2075
f 1207/2372/2019 1212/2376/2023 1214/2433/2080 1209/2429/2076
f 1209/2429/2076 1214/2433/2080 1215/2434/2081 1210/2430/2077
f 1210/2430/2077 1215/2434/2081 1216/2435/2082 1211/2431/2078
f 1211/2431/2078 1216/2435/2082 1213/2436/2083 1208/2432/2079
f 1212/2376/2023 1217/2319/1968 1219/2437/2084 1214/2433/2080
f 1214/2433/2080 1219/2437/2084 1220/2438/2085 1215/2434/2081
f 1215/2434/2081 1220/2438/2085 1221/2439/2086 1216/2435/2082
f 1216/2435/2082 1221/2439/2086 1218/2440/2087 1213/2436/2083
f 1217/2319/1968 1222/2322/1971 1224/2441/2088 1219/2437/2084
f 1219/2437/2084 1224/2441/2088 1225/2442/2089 1220/2438/2085
f 1220/2438/2085 1225/2442/2089 1226/2443/2090 1221/2439/2086
f 1221/2439/2086 1226/2443/2090 1223/2444/2091 1218/2440/2087
f 1222/2322/1971 1227/2330/1979 1229/2445/2092 1224/2441/2088
f 1224/2441/2088 1229/2445/2092 1230/2446/2093 1225/2442/2089
f 1225/2442/2089 1230/2446/2093 1231/2447/2094 1226/2443/2090
f 1226/2443/2090 1231/2447/2094 1228/2448/2095 1223/2444/2091
f 1227/2330/1979 1232/2334/1983 1234/2449/2096 1229/2445/2092
f 1229/2445/2092 1234/2449/2096 1235/2450/2097 1230/2446/2093
f 1230/2446/2093 1235/2450/2097 1236/2451/2098 1231/2447/2094
f 1231/2447/2094 1236/2451/2098 1233/2452/2099 1228/2448/2095
f 1232/2334/1983 1237/2338/1987 1239/2453/2100 1234/2449/2096
f 1234/2449/2096 1239/2453/2100 1240/2454/2101 1235/2450/2097
f 1235/2450/2097 1240/2454/2101 1241/2455/2102 1236/2451/2098
f 1236/2451/2098 1241/2455/2102 1238/2456/2103 1233/2452/2099
f 1237/2338/1987 1242/2344/1993 1244/2457/2104 1239/2453/2100
f 1239/2453/2100 1244/2457/2104 1245/2458/2105 1240/2454/2101
f 1240/2454/2101 1245/2458/2105 1246/2459/2106 1241/2455/2102
f 1241/2455/2102 1246/2459/2106 1243/2460/2107 1238/2456/2103
f 1242/2344/1993 1247/2348/1997 1249/2461/2108 1244/2457/2104
f 1244/2457/2104 1249/2461/2108 1250/2462/2109 1245/2458/2105
f 1245/2458/2105 1250/2462/2109 1251/2463/2110 1246/2459/2106
f 1246/2459/2106 1251/2463/2110 1248/2464/2111 1243/2460/2107
f 1247/2348/1997 1252/2352/2001 1254/2465/2112 1249/2461/2108
f 1249/2461/2108 1254/2465/2112 1255/2466/2113 1250/2462/2109
f 1250/2462/2109 1255/2466/2113 1256/2467/2114 1251/2463/2110
f 1251/2463/2110 1256/2467/2114 1253/2468/2115 1248/2464/2111
f 1252/2352/2001 1257/2356/2005 1259/2469/2116 1254/2465/2112
f 1254/2465/2112 1259/2469/2116 1260/2470/2117 1255/2466/2113
f 1255/2466/2113 1260/2470/2117 1261/2471/2118 1256/2467/2114
f 1256/2467/2114 1261/2471/2118 1258/2472/2119 1253/2468/2115
f 1257/2356/2005 1262/2360/2009 1264/2473/2120 1259/2469/2116
f 1259/2469/2116 1264/2473/2120 1265/2474/2121 1260/2470/2117
f 1260/2470/2117 1265/2474/2121 1266/2475/2122 1261/2471/2118
f 1261/2471/2118 1266/2475/2122 1263/2476/2123 1258/2472/2119
f 1262/2363/2009 1267/2366/2013 1269/2477/2124 1264/2478/2120
f 1264/2478/2120 1269/2477/2124 1270/2479/2125 1265/2480/2121
f 1265/2480/2121 1270/2479/2125 1271/2481/2126 1266/2482/2122
f 1266/2482/2122 1271/2481/2126 1268/2483/2127 1263/2484/2123
f 1267/2366/2013 1272/2370/2017 1274/2485/2128 1269/2477/2124
f 1269/2477/2124 1274/2485/2128 1275/2486/2129 1270/2479/2125
f 1270/2479/2125 1275/2486/2129 1276/2487/2130 1271/2481/2126
f 1271/2481/2126 1276/2487/2130 1273/2488/2131 1268/2483/2127
f 1272/2370/2017 1277/2374/2021 1279/2489/2132 1274/2485/2128
f 1274/2485/2128 1279/2489/2132 1280/2490/2133 1275/2486/2129
f 1275/2486/2129 1280/2490/2133 1281/2491/2134 1276/2487/2130
f 1276/2487/2130 1281/2491/2134 1278/2492/2135 1273/2488/2131
f 1277/2374/2021 1282/2315/1964 1284/2493/2136 1279/2489/2132
f 1279/2489/2132 1284/2493/2136 1285/2494/2137 1280/2490/2133
f 1280/2490/2133 1285/2494/2137 1286/2495/2138 1281/2491/2134
f 1281/2491/2134 1286/2495/2138 1283/2496/2139 1278/2492/2135
f 1282/2315/1964 1287/2318/1967 1289/2497/2140 1284/2493/2136
f 1284/2493/2136 1289/2497/2140 1290/2498/2141 1285/2494/2137
f 1285/2494/2137 1290/2498/2141 1291/2499/2142 1286/2495/2138
f 1286/2495/2138 1291/2499/2142 1288/2500/2143 1283/2496/2139
f 1287/2318/1967 1292/2328/1977 1294/2501/2144 1289/2497/2140
f 1289/2497/2140 1294/2501/2144 1295/2502/2145 1290/2498/2141
f 1290/2498/2141 1295/2502/2145 1296/2503/2146 1291/2499/2142
f 1291/2499/2142 1296/2503/2146 1293/2504/2147 1288/2500/2143
f 1292/2328/1977 1297/2311/1960 1299/2505/2148 1294/2501/2144
f 1294/2501/2144 1299/2505/2148 1300/2506/2149 1295/2502/2145
f 1295/2502/2145 1300/2506/2149 1301/2507/2150 1296/2503/2146
f 1296/2503/2146 1301/2507/2150 1298/2508/2151 1293/2504/2147
f 1297/2311/1960 1143/2314/1963 1146/2378/2025 1299/2505/2148
f 1299/2505/2148 1146/2378/2025 1145/2380/2027 1300/2506/2149
f 1300/2506/2149 1145/2380/2027 1144/2382/2029 1301/2507/2150
f 1301/2507/2150 1144/2382/2029 1142/2384/2031 1298/2508/2151
f 1334/2509/783 1335/2510/194 964/1117/871 950/1024/788
f 1335/2511/194 1336/2512/862 963/1112/868 964/1115/871
f 1336/2512/862 1337/2513/195 976/1199/946 963/1112/868
f 1337/2514/195 1338/2515/938 975/1194/943 976/1197/946
f 1338/2515/938 1339/2516/196 988/1281/1021 975/1194/943
f 1339/2517/196 1340/2518/1013 987/1276/1018 988/1279/1021
f 1340/2518/1013 1341/2519/159 1000/1363/1096 987/1276/1018
f 1341/2520/159 1342/2521/1088 999/1358/1093 1000/1361/1096
f 1342/2521/1088 1343/2522/158 1012/1447/1171 999/1358/1093
f 1343/2523/158 1344/2524/1163 1011/1442/1168 1012/1445/1171
f 1344/2524/1163 1345/2525/160 1024/1529/1246 1011/1442/1168
f 1345/2526/160 1346/2527/1238 1023/1524/1243 1024/1527/1246
f 1346/2527/1238 1347/2528/161 1036/1611/1321 1023/1524/1243
f 1347/2529/161 1348/2530/1313 1035/1606/1318 1036/1609/1321
f 1348/2530/1313 1349/2531/162 1048/1693/1396 1035/1606/1318
f 1349/2532/162 1350/2533/1388 1047/1688/1393 1048/1691/1396
f 1350/2533/1388 1351/2534/163 1060/1775/1471 1047/1688/1393
f 1351/2535/163 1352/2536/1463 1059/1770/1468 1060/1773/1471
f 1352/2536/1463 1353/2537/164 1072/1857/1546 1059/1770/1468
f 1353/2538/164 1354/2539/1538 1071/1852/1543 1072/1855/1546
f 1354/2539/1538 1355/2540/165 1084/1939/1621 1071/1852/1543
f 1355/2541/165 1356/2542/1613 1083/1934/1618 1084/1937/1621
f 1356/2542/1613 1357/2543/189 1096/2021/1696 1083/1934/1618
f 1357/2544/189 1358/2545/1688 1095/2016/1693 1096/2019/1696
f 1358/2545/1688 1359/2546/190 1108/2105/1771 1095/2016/1693
f 1359/2547/190 1360/2548/1763 1107/2100/1768 1108/2103/1771
f 1360/2548/1763 1361/2549/191 1120/2187/1846 1107/2100/1768
f 1361/2550/191 1362/2551/1838 1119/2182/1843 1120/2185/1846
f 1362/2551/1838 1363/2552/192 1132/2264/1917 1119/2182/1843
f 1363/2553/192 1364/2554/828 1131/1006/772 1132/2262/1917
f 1364/2554/828 1365/2555/193 951/1030/791 1131/1006/772
f 1365/2556/193 1334/2509/783 950/1024/788 951/1027/791
f 1318/2321/1970 1317/2320/1969 1334/2557/783 1365/2558/193
f 1319/2329/1978 1318/2321/1970 1365/2558/193 1364/2559/828
f 1320/2333/1982 1319/2329/1978 1364/2559/828 1363/2560/192
f 1321/2337/1986 1320/2333/1982 1363/2560/192 1362/2561/1838
f 1322/2343/1992 1321/2337/1986 1362/2561/1838 1361/2562/191
f 1323/2347/1996 1322/2343/1992 1361/2562/191 1360/2563/1763
f 1324/2351/2000 1323/2347/1996 1360/2563/1763 1359/2564/190
f 1325/2355/2004 1324/2351/2000 1359/2564/190 1358/2565/1688
f 1326/2359/2008 1325/2355/2004 1358/2565/1688 1357/2566/189
f 1327/2365/2012 1326/2364/2008 1357/2567/189 1356/2568/1613
f 1328/2369/2016 1327/2365/2012 1356/2568/1613 1355/2569/165
f 1329/2373/2020 1328/2369/2016 1355/2569/165 1354/2570/1538
f 1330/2316/1965 1329/2373/2020 1354/2570/1538 1353/2571/164
f 1331/2317/1966 1330/2316/1965 1353/2571/164 1352/2572/1463
f 1332/2327/1976 1331/2317/1966 1352/2572/1463 1351/2573/163
f 1333/2312/1961 1332/2327/1976 1351/2573/163 1350/2574/1388
f 1302/2313/1962 1333/2312/1961 1350/2574/1388 1349/2575/162
f 1303/2342/1991 1302/2313/1962 1349/2575/162 1348/2576/1313
f 1304/2324/1973 1303/2342/1991 1348/2576/1313 1347/2577/161
f 1305/2325/1974 1304/2324/1973 1347/2577/161 1346/2578/1238
f 1306/2331/1980 1305/2325/1974 1346/2578/1238 1345/2579/160
f 1307/2335/1984 1306/2331/1980 1345/2579/160 1344/2580/1163
f 1308/2339/1988 1307/2335/1984 1344/2580/1163 1343/2581/158
f 1309/2345/1994 1308/2339/1988 1343/2581/158 1342/2582/1088
f 1310/2349/1998 1309/2345/1994 1342/2582/1088 1341/2583/159
f 1311/2353/2002 1310/2349/1998 1341/2583/159 1340/2584/1013
f 1312/2357/2006 1311/2353/2002 1340/2584/1013 1339/2585/196
f 1313/2361/2010 1312/2357/2006 1339/2585/196 1338/2586/938
f 1314/2367/2014 1313/2361/2010 1338/2586/938 1337/2587/195
f 1315/2371/2018 1314/2367/2014 1337/2587/195 1336/2588/862
f 1316/2375/2022 1315/2371/2018 1336/2588/862 1335/2589/194
f 1317/2320/1969 1316/2375/2022 1335/2589/194 1334/2557/783
f 1414/1025/789 1417/2590/2152 1418/2591/2153 1420/2592/2154
f 1415/1078/837 1419/2593/2155 1418/2594/2153 1417/2595/2152
f 1416/1040/802 1420/2596/2154 1418/2594/2153 1419/2593/2155
f 1421/1048/809 1424/2597/2156 1425/2598/2157 1427/2599/2158
f 1422/1003/769 1426/2600/2159 1425/2598/2157 1424/2597/2156
f 1423/1086/844 1427/2599/2158 1425/2598/2157 1426/2601/2159
f 1428/1002/768 1432/2602/2160 1433/2603/2161 1436/2604/2162
f 1429/1081/840 1434/2605/2163 1433/2606/2161 1432/2607/2160
f 1430/1034/796 1435/2608/2164 1433/2609/2161 1434/2610/2163
f 1431/1083/842 1436/2611/2162 1433/2612/2161 1435/2613/2164
f 1449/2614/2165 1452/2615/2166 1453/2616/2167 1455/2617/2168
f 1450/1063/822 1454/2618/2169 1453/2616/2167 1452/2619/2166
f 1451/1055/815 1455/2617/2168 1453/2616/2167 1454/2618/2169
f 1456/1064/823 1460/2620/2170 1461/2621/2171 1464/2622/2172
f 1457/2623/2173 1462/2624/2174 1461/2625/2171 1460/2626/2170
f 1458/1071/830 1463/2627/2175 1461/2628/2171 1462/2629/2174
f 1459/1074/833 1464/2630/2172 1461/2631/2171 1463/2632/2175
f 1468/1077/836 1471/2633/2176 1472/2634/2177 1474/2635/2178
f 1469/1007/773 1473/2636/2179 1472/2637/2177 1471/2638/2176
f 1470/1036/798 1474/2635/2178 1472/2634/2177 1473/2639/2179
f 1526/1113/869 1529/2640/2180 1530/2641/2181 1532/2642/2182
f 1527/1161/912 1531/2643/2183 1530/2644/2181 1529/2645/2180
f 1528/1127/881 1532/2646/2182 1530/2644/2181 1531/2643/2183
f 1533/1135/888 1536/2647/2184 1537/2648/2185 1539/2649/2186
f 1534/1094/852 1538/2650/2187 1537/2648/2185 1536/2647/2184
f 1535/1171/921 1539/2649/2186 1537/2648/2185 1538/2651/2187
f 1540/1093/851 1544/2652/2188 1545/2653/2189 1548/2654/2190
f 1541/1164/915 1546/2655/2191 1545/2656/2189 1544/2657/2188
f 1542/1121/875 1547/2658/2192 1545/2659/2189 1546/2660/2191
f 1543/1170/920 1548/2661/2190 1545/2662/2189 1547/2663/2192
f 1561/1166/917 1564/2664/2193 1565/2665/2194 1567/2666/2195
f 1562/1150/901 1566/2667/2196 1565/2665/2194 1564/2668/2193
f 1563/1142/894 1567/2666/2195 1565/2665/2194 1566/2667/2196
f 1568/1151/902 1572/2669/2197 1573/2670/2198 1576/2671/2199
f 1569/1165/916 1574/2672/2200 1573/2673/2198 1572/2674/2197
f 1570/1019/785 1575/2675/2201 1573/2676/2198 1574/2677/2200
f 1571/1169/919 1576/2678/2199 1573/2679/2198 1575/2680/2201
f 1580/1160/911 1583/2681/2202 1584/2682/2203 1586/2683/2204
f 1581/1096/854 1585/2684/2205 1584/2685/2203 1583/2686/2202
f 1582/1123/877 1586/2683/2204 1584/2682/2203 1585/2687/2205
f 1638/1195/944 1641/2688/2206 1642/2689/2207 1644/2690/2208
f 1639/1243/987 1643/2691/2209 1642/2692/2207 1641/2693/2206
f 1640/1209/956 1644/2694/2208 1642/2692/2207 1643/2691/2209
f 1645/1217/963 1648/2695/2210 1649/2696/2211 1651/2697/2212
f 1646/1178/928 1650/2698/2213 1649/2696/2211 1648/2695/2210
f 1647/1253/996 1651/2697/2212 1649/2696/2211 1650/2699/2213
f 1652/1177/927 1656/2700/2214 1657/2701/2215 1660/2702/2216
f 1653/1246/990 1658/2703/2217 1657/2704/2215 1656/2705/2214
f 1654/1203/950 1659/2706/2218 1657/2707/2215 1658/2708/2217
f 1655/1252/995 1660/2709/2216 1657/2710/2215 1659/2711/2218
f 1673/1248/992 1676/2712/2219 1677/2713/2220 1679/2714/2221
f 1674/1232/976 1678/2715/2222 1677/2713/2220 1676/2716/2219
f 1675/1224/969 1679/2714/2221 1677/2713/2220 1678/2715/2222
f 1680/1233/977 1684/2717/2223 1685/2718/2224 1688/2719/2225
f 1681/1247/991 1686/2720/2226 1685/2721/2224 1684/2722/2223
f 1682/1106/864 1687/2723/2227 1685/2724/2224 1686/2725/2226
f 1683/1251/994 1688/2726/2225 1685/2727/2224 1687/2728/2227
f 1692/1242/986 1695/2729/2228 1696/2730/2229 1698/2731/2230
f 1693/1180/930 1697/2732/2231 1696/2733/2229 1695/2734/2228
f 1694/1205/952 1698/2731/2230 1696/2730/2229 1697/2735/2231
f 1750/1277/1019 1753/2736/2232 1754/2737/2233 1756/2738/2234
f 1751/1325/1062 1755/2739/2235 1754/2740/2233 1753/2741/2232
f 1752/1291/1031 1756/2742/2234 1754/2740/2233 1755/2739/2235
f 1757/1299/1038 1760/2743/2236 1761/2744/2237 1763/2745/2238
f 1758/1260/1003 1762/2746/2239 1761/2744/2237 1760/2743/2236
f 1759/1335/1071 1763/2745/2238 1761/2744/2237 1762/2747/2239
f 1764/1259/1002 1768/2748/2240 1769/2749/2241 1772/2750/2242
f 1765/1328/1065 1770/2751/2243 1769/2752/2241 1768/2753/2240
f 1766/1285/1025 1771/2754/2244 1769/2755/2241 1770/2756/2243
f 1767/1334/1070 1772/2757/2242 1769/2758/2241 1771/2759/2244
f 1785/1330/1067 1788/2760/2245 1789/2761/2246 1791/2762/2247
f 1786/1314/1051 1790/2763/2248 1789/2761/2246 1788/2764/2245
f 1787/1306/1044 1791/2762/2247 1789/2761/2246 1790/2763/2248
f 1792/1315/1052 1796/2765/2249 1797/2766/2250 1800/2767/2251
f 1793/1329/1066 1798/2768/2252 1797/2769/2250 1796/2770/2249
f 1794/1190/940 1799/2771/2253 1797/2772/2250 1798/2773/2252
f 1795/1333/1069 1800/2774/2251 1797/2775/2250 1799/2776/2253
f 1804/1324/1061 1807/2777/2254 1808/2778/2255 1810/2779/2256
f 1805/1262/1005 1809/2780/2257 1808/2781/2255 1807/2782/2254
f 1806/1287/1027 1810/2779/2256 1808/2778/2255 1809/2783/2257
f 1862/1359/1094 1865/2784/2258 1866/2785/2259 1868/2786/2260
f 1863/1408/1137 1867/2787/2261 1866/2788/2259 1865/2789/2258
f 1864/1374/1106 1868/2790/2260 1866/2788/2259 1867/2787/2261
f 1869/1382/1113 1872/2791/2262 1873/2792/2263 1875/2793/2264
f 1870/1342/1078 1874/2794/2265 1873/2792/2263 1872/2791/2262
f 1871/1418/1146 1875/2793/2264 1873/2792/2263 1874/2795/2265
f 1876/1341/1077 1880/2796/2266 1881/2797/2267 1884/2798/2268
f 1877/1411/1140 1882/2799/2269 1881/2800/2267 1880/2801/2266
f 1878/1368/1100 1883/2802/2270 1881/2803/2267 1882/2804/2269
f 1879/1417/1145 1884/2805/2268 1881/2806/2267 1883/2807/2270
f 1897/1413/1142 1900/2808/2271 1901/2809/2272 1903/2810/2273
f 1898/1397/1126 1902/2811/2274 1901/2809/2272 1900/2812/2271
f 1899/1389/1119 1903/2810/2273 1901/2809/2272 1902/2811/2274
f 1904/1398/1127 1908/2813/2275 1909/2814/2276 1912/2815/2277
f 1905/1412/1141 1910/2816/2278 1909/2817/2276 1908/2818/2275
f 1906/1272/1015 1911/2819/2279 1909/2820/2276 1910/2821/2278
f 1907/1416/1144 1912/2822/2277 1909/2823/2276 1911/2824/2279
f 1916/1407/1136 1919/2825/2280 1920/2826/2281 1922/2827/2282
f 1917/1344/1080 1921/2828/2283 1920/2829/2281 1919/2830/2280
f 1918/1370/1102 1922/2827/2282 1920/2826/2281 1921/2831/2283
f 1974/1443/1169 1977/2832/2284 1978/2833/2285 1980/2834/2286
f 1975/1491/1212 1979/2835/2287 1978/2836/2285 1977/2837/2284
f 1976/1457/1181 1980/2838/2286 1978/2836/2285 1979/2835/2287
f 1981/1465/1188 1984/2839/2288 1985/2840/2289 1987/2841/2290
f 1982/1426/1153 1986/2842/2291 1985/2840/2289 1984/2839/2288
f 1983/1501/1221 1987/2841/2290 1985/2840/2289 1986/2843/2291
f 1988/1425/1152 1992/2844/2292 1993/2845/2293 1996/2846/2294
f 1989/1494/1215 1994/2847/2295 1993/2848/2293 1992/2849/2292
f 1990/1451/1175 1995/2850/2296 1993/2851/2293 1994/2852/2295
f 1991/1500/1220 1996/2853/2294 1993/2854/2293 1995/2855/2296
f 2009/1496/1217 2012/2856/2297 2013/2857/2298 2015/2858/2299
f 2010/1480/1201 2014/2859/2300 2013/2857/2298 2012/2860/2297
f 2011/1472/1194 2015/2858/2299 2013/2857/2298 2014/2859/2300
f 2016/1481/1202 2020/2861/2301 2021/2862/2302 2024/2863/2303
f 2017/1495/1216 2022/2864/2304 2021/2865/2302 2020/2866/2301
f 2018/1354/1090 2023/2867/2305 2021/2868/2302 2022/2869/2304
f 2019/1499/1219 2024/2870/2303 2021/2871/2302 2023/2872/2305
f 2028/1490/1211 2031/2873/2306 2032/2874/2307 2034/2875/2308
f 2029/1428/1155 2033/2876/2309 2032/2877/2307 2031/2878/2306
f 2030/1453/1177 2034/2875/2308 2032/2874/2307 2033/2879/2309
f 2086/1525/1244 2089/2880/2310 2090/2881/2311 2092/2882/2312
f 2087/1573/1287 2091/2883/2313 2090/2884/2311 2089/2885/2310
f 2088/1539/1256 2092/2886/2312 2090/2884/2311 2091/2883/2313
f 2093/1547/1263 2096/2887/2314 2097/2888/2315 2099/2889/2316
f 2094/1508/1228 2098/2890/2317 2097/2888/2315 2096/2887/2314
f 2095/1583/1296 2099/2889/2316 2097/2888/2315 2098/2891/2317
f 2100/1507/1227 2104/2892/2318 2105/2893/2319 2108/2894/2320
f 2101/1576/1290 2106/2895/2321 2105/2896/2319 2104/2897/2318
f 2102/1533/1250 2107/2898/2322 2105/2899/2319 2106/2900/2321
f 2103/1582/1295 2108/2901/2320 2105/2902/2319 2107/2903/2322
f 2121/1578/1292 2124/2904/2323 2125/2905/2324 2127/2906/2325
f 2122/1562/1276 2126/2907/2326 2125/2905/2324 2124/2908/2323
f 2123/1554/1269 2127/2906/2325 2125/2905/2324 2126/2907/2326
f 2128/1563/1277 2132/2909/2327 2133/2910/2328 2136/2911/2329
f 2129/1577/1291 2134/2912/2330 2133/2913/2328 2132/2914/2327
f 2130/1438/1165 2135/2915/2331 2133/2916/2328 2134/2917/2330
f 2131/1581/1294 2136/2918/2329 2133/2919/2328 2135/2920/2331
f 2140/1572/1286 2143/2921/2332 2144/2922/2333 2146/2923/2334
f 2141/1510/1230 2145/2924/2335 2144/2925/2333 2143/2926/2332
f 2142/1535/1252 2146/2923/2334 2144/2922/2333 2145/2927/2335
f 2198/1607/1319 2201/2928/2336 2202/2929/2337 2204/2930/2338
f 2199/1655/1362 2203/2931/2339 2202/2932/2337 2201/2933/2336
f 2200/1621/1331 2204/2934/2338 2202/2932/2337 2203/2931/2339
f 2205/1629/1338 2208/2935/2340 2209/2936/2341 2211/2937/2342
f 2206/1590/1303 2210/2938/2343 2209/2936/2341 2208/2935/2340
f 2207/1665/1371 2211/2937/2342 2209/2936/2341 2210/2939/2343
f 2212/1589/1302 2216/2940/2344 2217/2941/2345 2220/2942/2346
f 2213/1658/1365 2218/2943/2347 2217/2944/2345 2216/2945/2344
f 2214/1615/1325 2219/2946/2348 2217/2947/2345 2218/2948/2347
f 2215/1664/1370 2220/2949/2346 2217/2950/2345 2219/2951/2348
f 2233/1660/1367 2236/2952/2349 2237/2953/2350 2239/2954/2351
f 2234/1644/1351 2238/2955/2352 2237/2953/2350 2236/2956/2349
f 2235/1636/1344 2239/2954/2351 2237/2953/2350 2238/2955/2352
f 2240/1645/1352 2244/2957/2353 2245/2958/2354 2248/2959/2355
f 2241/1659/1366 2246/2960/2356 2245/2961/2354 2244/2962/2353
f 2242/1520/1240 2247/2963/2357 2245/2964/2354 2246/2965/2356
f 2243/1663/1369 2248/2966/2355 2245/2967/2354 2247/2968/2357
f 2252/1654/1361 2255/2969/2358 2256/2970/2359 2258/2971/2360
f 2253/1592/1305 2257/2972/2361 2256/2973/2359 2255/2974/2358
f 2254/1617/1327 2258/2971/2360 2256/2970/2359 2257/2975/2361
f 2310/1689/1394 2313/2976/2362 2314/2977/2363 2316/2978/2364
f 2311/1737/1437 2315/2979/2365 2314/2980/2363 2313/2981/2362
f 2312/1703/1406 2316/2982/2364 2314/2980/2363 2315/2979/2365
f 2317/1711/1413 2320/2983/2366 2321/2984/2367 2323/2985/2368
f 2318/1672/1378 2322/2986/2369 2321/2984/2367 2320/2983/2366
f 2319/1747/1446 2323/2985/2368 2321/2984/2367 2322/2987/2369
f 2324/1671/1377 2328/2988/2370 2329/2989/2371 2332/2990/2372
f 2325/1740/1440 2330/2991/2373 2329/2992/2371 2328/2993/2370
f 2326/1697/1400 2331/2994/2374 2329/2995/2371 2330/2996/2373
f 2327/1746/1445 2332/2997/2372 2329/2998/2371 2331/2999/2374
f 2345/1742/1442 2348/3000/2375 2349/3001/2376 2351/3002/2377
f 2346/1726/1426 2350/3003/2378 2349/3001/2376 2348/3004/2375
f 2347/1718/1419 2351/3002/2377 2349/3001/2376 2350/3003/2378
f 2352/1727/1427 2356/3005/2379 2357/3006/2380 2360/3007/2381
f 2353/1741/1441 2358/3008/2382 2357/3009/2380 2356/3010/2379
f 2354/1602/1315 2359/3011/2383 2357/3012/2380 2358/3013/2382
f 2355/1745/1444 2360/3014/2381 2357/3015/2380 2359/3016/2383
f 2364/1736/1436 2367/3017/2384 2368/3018/2385 2370/3019/2386
f 2365/1674/1380 2369/3020/2387 2368/3021/2385 2367/3022/2384
f 2366/1699/1402 2370/3019/2386 2368/3018/2385 2369/3023/2387
f 2422/1771/1469 2425/3024/2388 2426/3025/2389 2428/3026/2390
f 2423/1819/1512 2427/3027/2391 2426/3028/2389 2425/3029/2388
f 2424/1785/1481 2428/3030/2390 2426/3028/2389 2427/3027/2391
f 2429/1793/1488 2432/3031/2392 2433/3032/2393 2435/3033/2394
f 2430/1754/1453 2434/3034/2395 2433/3032/2393 2432/3031/2392
f 2431/1829/1521 2435/3033/2394 2433/3032/2393 2434/3035/2395
f 2436/1753/1452 2440/3036/2396 2441/3037/2397 2444/3038/2398
f 2437/1822/1515 2442/3039/2399 2441/3040/2397 2440/3041/2396
f 2438/1779/1475 2443/3042/2400 2441/3043/2397 2442/3044/2399
f 2439/1828/1520 2444/3045/2398 2441/3046/2397 2443/3047/2400
f 2457/1824/1517 2460/3048/2401 2461/3049/2402 2463/3050/2403
f 2458/1808/1501 2462/3051/2404 2461/3049/2402 2460/3052/2401
f 2459/1800/1494 2463/3050/2403 2461/3049/2402 2462/3051/2404
f 2464/1809/1502 2468/3053/2405 2469/3054/2406 2472/3055/2407
f 2465/1823/1516 2470/3056/2408 2469/3057/2406 2468/3058/2405
f 2466/1684/1390 2471/3059/2409 2469/3060/2406 2470/3061/2408
f 2467/1827/1519 2472/3062/2407 2469/3063/2406 2471/3064/2409
f 2476/1818/1511 2479/3065/2410 2480/3066/2411 2482/3067/2412
f 2477/1756/1455 2481/3068/2413 2480/3069/2411 2479/3070/2410
f 2478/1781/1477 2482/3067/2412 2480/3066/2411 2481/3071/2413
f 2534/1853/1544 2537/3072/2414 2538/3073/2415 2540/3074/2416
f 2535/1901/1587 2539/3075/2417 2538/3076/2415 2537/3077/2414
f 2536/1867/1556 2540/3078/2416 2538/3076/2415 2539/3075/2417
f 2541/1875/1563 2544/3079/2418 2545/3080/2419 2547/3081/2420
f 2542/1836/1528 2546/3082/2421 2545/3080/2419 2544/3079/2418
f 2543/1911/1596 2547/3081/2420 2545/3080/2419 2546/3083/2421
f 2548/1835/1527 2552/3084/2422 2553/3085/2423 2556/3086/2424
f 2549/1904/1590 2554/3087/2425 2553/3088/2423 2552/3089/2422
f 2550/1861/1550 2555/3090/2426 2553/3091/2423 2554/3092/2425
f 2551/1910/1595 2556/3093/2424 2553/3094/2423 2555/3095/2426
f 2569/1906/1592 2572/3096/2427 2573/3097/2428 2575/3098/2429
f 2570/1890/1576 2574/3099/2430 2573/3097/2428 2572/3100/2427
f 2571/1882/1569 2575/3098/2429 2573/3097/2428 2574/3099/2430
f 2576/1891/1577 2580/3101/2431 2581/3102/2432 2584/3103/2433
f 2577/1905/1591 2582/3104/2434 2581/3105/2432 2580/3106/2431
f 2578/1766/1465 2583/3107/2435 2581/3108/2432 2582/3109/2434
f 2579/1909/1594 2584/3110/2433 2581/3111/2432 2583/3112/2435
f 2588/1900/1586 2591/3113/2436 2592/3114/2437 2594/3115/2438
f 2589/1838/1530 2593/3116/2439 2592/3117/2437 2591/3118/2436
f 2590/1863/1552 2594/3115/2438 2592/3114/2437 2593/3119/2439
f 2646/1935/1619 2649/3120/2440 2650/3121/2441 2652/3122/2442
f 2647/1983/1662 2651/3123/2443 2650/3124/2441 2649/3125/2440
f 2648/1949/1631 2652/3126/2442 2650/3124/2441 2651/3123/2443
f 2653/1957/1638 2656/3127/2444 2657/3128/2445 2659/3129/2446
f 2654/1918/1603 2658/3130/2447 2657/3128/2445 2656/3127/2444
f 2655/1993/1671 2659/3129/2446 2657/3128/2445 2658/3131/2447
f 2660/1917/1602 2664/3132/2448 2665/3133/2449 2668/3134/2450
f 2661/1986/1665 2666/3135/2451 2665/3136/2449 2664/3137/2448
f 2662/1943/1625 2667/3138/2452 2665/3139/2449 2666/3140/2451
f 2663/1992/1670 2668/3141/2450 2665/3142/2449 2667/3143/2452
f 2681/1988/1667 2684/3144/2453 2685/3145/2454 2687/3146/2455
f 2682/1972/1651 2686/3147/2456 2685/3145/2454 2684/3148/2453
f 2683/1964/1644 2687/3146/2455 2685/3145/2454 2686/3147/2456
f 2688/1973/1652 2692/3149/2457 2693/3150/2458 2696/3151/2459
f 2689/1987/1666 2694/3152/2460 2693/3153/2458 2692/3154/2457
f 2690/1848/1540 2695/3155/2461 2693/3156/2458 2694/3157/2460
f 2691/1991/1669 2696/3158/2459 2693/3159/2458 2695/3160/2461
f 2700/1982/1661 2703/3161/2462 2704/3162/2463 2706/3163/2464
f 2701/1920/1605 2705/3164/2465 2704/3165/2463 2703/3166/2462
f 2702/1945/1627 2706/3163/2464 2704/3162/2463 2705/3167/2465
f 2758/2017/1694 2761/3168/2466 2762/3169/2467 2764/3170/2468
f 2759/2066/1737 2763/3171/2469 2762/3172/2467 2761/3173/2466
f 2760/2032/1706 2764/3174/2468 2762/3172/2467 2763/3171/2469
f 2765/2040/1713 2768/3175/2470 2769/3176/2471 2771/3177/2472
f 2766/2000/1678 2770/3178/2473 2769/3176/2471 2768/3175/2470
f 2767/2076/1746 2771/3177/2472 2769/3176/2471 2770/3179/2473
f 2772/1999/1677 2776/3180/2474 2777/3181/2475 2780/3182/2476
f 2773/2069/1740 2778/3183/2477 2777/3184/2475 2776/3185/2474
f 2774/2026/1700 2779/3186/2478 2777/3187/2475 2778/3188/2477
f 2775/2075/1745 2780/3189/2476 2777/3190/2475 2779/3191/2478
f 2793/2071/1742 2796/3192/2479 2797/3193/2480 2799/3194/2481
f 2794/2055/1726 2798/3195/2482 2797/3193/2480 2796/3196/2479
f 2795/2047/1719 2799/3194/2481 2797/3193/2480 2798/3195/2482
f 2800/2056/1727 2804/3197/2483 2805/3198/2484 2808/3199/2485
f 2801/2070/1741 2806/3200/2486 2805/3201/2484 2804/3202/2483
f 2802/1930/1615 2807/3203/2487 2805/3204/2484 2806/3205/2486
f 2803/2074/1744 2808/3206/2485 2805/3207/2484 2807/3208/2487
f 2812/2065/1736 2815/3209/2488 2816/3210/2489 2818/3211/2490
f 2813/2002/1680 2817/3212/2491 2816/3213/2489 2815/3214/2488
f 2814/2028/1702 2818/3211/2490 2816/3210/2489 2817/3215/2491
f 2870/2101/1769 2873/3216/2492 2874/3217/2493 2876/3218/2494
f 2871/2149/1812 2875/3219/2495 2874/3220/2493 2873/3221/2492
f 2872/2115/1781 2876/3222/2494 2874/3220/2493 2875/3219/2495
f 2877/2123/1788 2880/3223/2496 2881/3224/2497 2883/3225/2498
f 2878/2084/1753 2882/3226/2499 2881/3224/2497 2880/3223/2496
f 2879/2159/1821 2883/3225/2498 2881/3224/2497 2882/3227/2499
f 2884/2083/1752 2888/3228/2500 2889/3229/2501 2892/3230/2502
f 2885/2152/1815 2890/3231/2503 2889/3232/2501 2888/3233/2500
f 2886/2109/1775 2891/3234/2504 2889/3235/2501 2890/3236/2503
f 2887/2158/1820 2892/3237/2502 2889/3238/2501 2891/3239/2504
f 2905/2154/1817 2908/3240/2505 2909/3241/2506 2911/3242/2507
f 2906/2138/1801 2910/3243/2508 2909/3241/2506 2908/3244/2505
f 2907/2130/1794 2911/3242/2507 2909/3241/2506 2910/3243/2508
f 2912/2139/1802 2916/3245/2509 2917/3246/2510 2920/3247/2511
f 2913/2153/1816 2918/3248/2512 2917/3249/2510 2916/3250/2509
f 2914/2012/1690 2919/3251/2513 2917/3252/2510 2918/3253/2512
f 2915/2157/1819 2920/3254/2511 2917/3255/2510 2919/3256/2513
f 2924/2148/1811 2927/3257/2514 2928/3258/2515 2930/3259/2516
f 2925/2086/1755 2929/3260/2517 2928/3261/2515 2927/3262/2514
f 2926/2111/1777 2930/3259/2516 2928/3258/2515 2929/3263/2517
f 2982/2183/1844 2985/3264/2518 2986/3265/2519 2988/3266/2520
f 2983/2231/1887 2987/3267/2521 2986/3268/2519 2985/3269/2518
f 2984/2197/1856 2988/3270/2520 2986/3268/2519 2987/3267/2521
f 2989/2205/1863 2992/3271/2522 2993/3272/2523 2995/3273/2524
f 2990/2166/1828 2994/3274/2525 2993/3272/2523 2992/3271/2522
f 2991/2241/1896 2995/3273/2524 2993/3272/2523 2994/3275/2525
f 2996/2165/1827 3000/3276/2526 3001/3277/2527 3004/3278/2528
f 2997/2234/1890 3002/3279/2529 3001/3280/2527 3000/3281/2526
f 2998/2191/1850 3003/3282/2530 3001/3283/2527 3002/3284/2529
f 2999/2240/1895 3004/3285/2528 3001/3286/2527 3003/3287/2530
f 3017/2236/1892 3020/3288/2531 3021/3289/2532 3023/3290/2533
f 3018/2220/1876 3022/3291/2534 3021/3289/2532 3020/3292/2531
f 3019/2212/1869 3023/3290/2533 3021/3289/2532 3022/3291/2534
f 3024/2221/1877 3028/3293/2535 3029/3294/2536 3032/3295/2537
f 3025/2235/1891 3030/3296/2538 3029/3297/2536 3028/3298/2535
f 3026/2096/1765 3031/3299/2539 3029/3300/2536 3030/3301/2538
f 3027/2239/1894 3032/3302/2537 3029/3303/2536 3031/3304/2539
f 3036/2230/1886 3039/3305/2540 3040/3306/2541 3042/3307/2542
f 3037/2168/1830 3041/3308/2543 3040/3309/2541 3039/3310/2540
f 3038/2193/1852 3042/3307/2542 3040/3306/2541 3041/3311/2543
f 3094/2260/1915 3097/3312/2544 3098/3313/2545 3100/3314/2546
f 3095/2301/1951 3099/3315/2547 3098/3316/2545 3097/3317/2544
f 3096/2274/1927 3100/3318/2546 3098/3316/2545 3099/3315/2547
f 3101/2280/1932 3104/3319/2548 3105/3320/2549 3107/3321/2550
f 3102/2248/1903 3106/3322/2551 3105/3320/2549 3104/3319/2548
f 3103/2310/1959 3107/3321/2550 3105/3320/2549 3106/3323/2551
f 3108/2247/1902 3112/3324/2552 3113/3325/2553 3116/3326/2554
f 3109/2303/1953 3114/3327/2555 3113/3328/2553 3112/3329/2552
f 3110/2268/1921 3115/3330/2556 3113/3331/2553 3114/3332/2555
f 3111/2309/1958 3116/3333/2554 3113/3334/2553 3115/3335/2556
f 3129/2305/1955 3132/3336/2557 3133/3337/2558 3135/3338/2559
f 3130/2292/1942 3134/3339/2560 3133/3337/2558 3132/3340/2557
f 3131/2286/1937 3135/3338/2559 3133/3337/2558 3134/3339/2560
f 3136/2293/1943 3140/3341/2561 3141/3342/2562 3144/3343/2563
f 3137/2304/1954 3142/3344/2564 3141/3345/2562 3140/3346/2561
f 3138/2178/1840 3143/3347/2565 3141/3348/2562 3142/3349/2564
f 3139/2308/1957 3144/3350/2563 3141/3351/2562 3143/3352/2565
f 3148/2300/1950 3151/3353/2566 3152/3354/2567 3154/3355/2568
f 3149/2250/1905 3153/3356/2569 3152/3357/2567 3151/3358/2566
f 3150/2270/1923 3154/3355/2568 3152/3354/2567 3153/3359/2569
f 1406/1054/814 1408/1057/817 1410/3360/2570 1407/3361/2570
f 1407/3361/2570 1410/3360/2570 1409/998/764 1405/1033/795
f 1385/1049/810 1381/1059/818 1383/3362/2571 1386/3363/2572
f 1386/3364/2572 1383/3365/2571 1382/1000/766 1384/1079/838
f 1394/1045/807 1421/1048/809 1427/2599/2158 1395/3366/2573
f 1395/3366/2573 1427/2599/2158 1423/1086/844 1393/1085/843
f 1416/1040/802 1378/1037/799 1380/3367/2574 1420/2596/2154
f 1420/2592/2154 1380/3368/2574 1379/1026/790 1414/1025/789
f 1370/1001/767 1372/1032/794 1374/3369/2575 1371/3370/2576
f 1371/3371/2576 1374/3372/2575 1373/1041/803 1369/1044/806
f 1376/1062/821 1373/1041/803 1374/3372/2575 1377/3373/2577
f 1377/3374/2577 1374/3369/2575 1372/1032/794 1375/997/763
f 1375/997/763 1382/1000/766 1383/3365/2571 1377/3374/2577
f 1377/3373/2577 1383/3362/2571 1381/1059/818 1376/1062/821
f 1412/1039/801 1416/1040/802 1419/2593/2155 1413/3375/2578
f 1413/3375/2578 1419/2593/2155 1415/1078/837 1411/999/765
f 1422/1003/769 1428/1002/768 1436/2604/2162 1426/2600/2159
f 1426/2601/2159 1436/2611/2162 1431/1083/842 1423/1086/844
f 1430/1034/796 1366/1023/193 1368/3376/193 1435/2608/2164
f 1435/2613/2164 1368/3377/193 1367/1084/193 1431/1083/842
f 1438/1051/812 1440/1011/777 1442/3378/2579 1439/3379/2579
f 1439/3379/2579 1442/3378/2579 1441/1068/827 1437/1067/826
f 1421/1048/809 1443/1047/808 1445/3380/2580 1424/2597/2156
f 1424/2597/2156 1445/3380/2580 1444/1004/770 1422/1003/769
f 1443/1047/808 1406/1054/814 1407/3361/2570 1445/3380/2580
f 1445/3380/2580 1407/3361/2570 1405/1033/795 1444/1004/770
f 1408/1057/817 1412/1039/801 1413/3375/2578 1410/3360/2570
f 1410/3360/2570 1413/3375/2578 1411/999/765 1409/998/764
f 1447/1066/825 1438/1051/812 1439/3379/2579 1448/3381/2581
f 1448/3381/2581 1439/3379/2579 1437/1067/826 1446/1056/816
f 1449/2614/2165 1457/2623/2173 1460/2626/2170 1452/2615/2166
f 1452/2619/2166 1460/2620/2170 1456/1064/823 1450/1063/822
f 1466/1010/776 1468/1077/836 1474/2635/2178 1467/3382/2582
f 1467/3382/2582 1474/2635/2178 1470/1036/798 1465/1035/797
f 1397/1016/782 1399/1028/792 1401/3383/2583 1398/3384/2584
f 1398/3385/2584 1401/3386/2583 1400/1009/775 1396/1012/778
f 1388/1073/832 1390/1013/779 1392/3387/2585 1389/3388/2586
f 1389/3389/2586 1392/3390/2585 1391/1052/813 1387/1065/824
f 1450/1063/822 1447/1066/825 1448/3381/2581 1454/2618/2169
f 1454/2618/2169 1448/3381/2581 1446/1056/816 1451/1055/815
f 1440/1011/777 1466/1010/776 1467/3382/2582 1442/3378/2579
f 1442/3378/2579 1467/3382/2582 1465/1035/797 1441/1068/827
f 1403/1076/835 1400/1009/775 1401/3386/2583 1404/3391/2587
f 1404/3392/2587 1401/3383/2583 1399/1028/792 1402/1008/774
f 1396/1012/778 1391/1052/813 1392/3390/2585 1398/3385/2584
f 1398/3384/2584 1392/3387/2585 1390/1013/779 1397/1016/782
f 1393/1085/843 1449/2614/2165 1455/2617/2168 1395/3366/2573
f 1395/3366/2573 1455/2617/2168 1451/1055/815 1394/1045/807
f 1457/2623/2173 1367/1084/193 1368/3377/193 1462/2624/2174
f 1462/2629/2174 1368/3376/193 1366/1023/193 1458/1071/830
f 1469/1007/773 1379/1031/790 1380/3393/2574 1473/2636/2179
f 1473/2639/2179 1380/3367/2574 1378/1037/799 1470/1036/798
f 1414/1025/789 1385/1049/810 1386/3363/2572 1417/2590/2152
f 1417/2595/2152 1386/3364/2572 1384/1079/838 1415/1078/837
f 1369/1044/806 1429/1081/840 1432/2607/2160 1371/3371/2576
f 1371/3370/2576 1432/2602/2160 1428/1002/768 1370/1001/767
f 1459/1074/833 1388/1073/832 1389/3388/2586 1464/2630/2172
f 1464/2622/2172 1389/3389/2586 1387/1065/824 1456/1064/823
f 1402/1008/774 1469/1007/773 1471/2638/2176 1404/3392/2587
f 1404/3391/2587 1471/2633/2176 1468/1077/836 1403/1076/835
f 1476/1018/784 1430/1034/796 1434/2610/2163 1477/3394/2588
f 1477/3395/2588 1434/2605/2163 1429/1081/840 1475/1080/839
f 3156/1075/834 1459/1074/833 1463/2632/2175 3157/3396/2589
f 3157/3397/2589 1463/2627/2175 1458/1071/830 3155/1070/829
f 1518/1141/893 1520/1144/896 1522/3398/2590 1519/3399/2590
f 1519/3399/2590 1522/3398/2590 1521/1089/847 1517/1120/874
f 1497/1136/889 1493/1146/897 1495/3400/2591 1498/3401/2592
f 1498/3402/2592 1495/3403/2591 1494/1091/849 1496/1162/913
f 1506/1132/886 1533/1135/888 1539/2649/2186 1507/3404/2593
f 1507/3404/2593 1539/2649/2186 1535/1171/921 1505/1167/918
f 1528/1127/881 1490/1124/878 1492/3405/2594 1532/2646/2182
f 1532/2642/2182 1492/3406/2594 1491/1114/870 1526/1113/869
f 1482/1092/850 1484/1119/873 1486/3407/2595 1483/3408/2596
f 1483/3409/2596 1486/3410/2595 1485/1128/882 1481/1131/885
f 1488/1149/900 1485/1128/882 1486/3410/2595 1489/3411/2597
f 1489/3412/2597 1486/3407/2595 1484/1119/873 1487/1088/846
f 1487/1088/846 1494/1091/849 1495/3403/2591 1489/3412/2597
f 1489/3411/2597 1495/3400/2591 1493/1146/897 1488/1149/900
f 1524/1126/880 1528/1127/881 1531/2643/2183 1525/3413/2598
f 1525/3413/2598 1531/2643/2183 1527/1161/912 1523/1090/848
f 1534/1094/852 1540/1093/851 1548/2654/2190 1538/2650/2187
f 1538/2651/2187 1548/2661/2190 1543/1170/920 1535/1171/921
f 1542/1121/875 1478/1020/194 1480/3414/194 1547/2658/2192
f 1547/2663/2192 1480/3415/194 1479/1168/194 1543/1170/920
f 1550/1138/891 1552/1100/858 1554/3416/2599 1551/3417/2599
f 1551/3417/2599 1554/3416/2599 1553/1155/906 1549/1154/905
f 1533/1135/888 1555/1134/887 1557/3418/2600 1536/2647/2184
f 1536/2647/2184 1557/3418/2600 1556/1095/853 1534/1094/852
f 1555/1134/887 1518/1141/893 1519/3399/2590 1557/3418/2600
f 1557/3418/2600 1519/3399/2590 1517/1120/874 1556/1095/853
f 1520/1144/896 1524/1126/880 1525/3413/2598 1522/3398/2590
f 1522/3398/2590 1525/3413/2598 1523/1090/848 1521/1089/847
f 1559/1153/904 1550/1138/891 1551/3417/2599 1560/3419/2601
f 1560/3419/2601 1551/3417/2599 1549/1154/905 1558/1143/895
f 1561/1166/917 1569/1165/916 1572/2674/2197 1564/2664/2193
f 1564/2668/2193 1572/2669/2197 1568/1151/902 1562/1150/901
f 1578/1099/857 1580/1160/911 1586/2683/2204 1579/3420/2602
f 1579/3420/2602 1586/2683/2204 1582/1123/877 1577/1122/876
f 1509/1103/861 1511/1116/872 1513/3421/2603 1510/3422/2604
f 1510/3423/2604 1513/3424/2603 1512/1098/856 1508/1101/859
f 1500/1158/909 1502/1102/860 1504/3425/2605 1501/3426/2606
f 1501/3427/2606 1504/3428/2605 1503/1139/892 1499/1152/903
f 1562/1150/901 1559/1153/904 1560/3419/2601 1566/2667/2196
f 1566/2667/2196 1560/3419/2601 1558/1143/895 1563/1142/894
f 1552/1100/858 1578/1099/857 1579/3420/2602 1554/3416/2599
f 1554/3416/2599 1579/3420/2602 1577/1122/876 1553/1155/906
f 1515/1159/910 1512/1098/856 1513/3424/2603 1516/3429/2607
f 1516/3430/2607 1513/3421/2603 1511/1116/872 1514/1097/855
f 1508/1101/859 1503/1139/892 1504/3428/2605 1510/3423/2604
f 1510/3422/2604 1504/3425/2605 1502/1102/860 1509/1103/861
f 1505/1167/918 1561/1166/917 1567/2666/2195 1507/3404/2593
f 1507/3404/2593 1567/2666/2195 1563/1142/894 1506/1132/886
f 1569/1165/916 1479/1168/194 1480/3415/194 1574/2672/2200
f 1574/2677/2200 1480/3414/194 1478/1020/194 1570/1019/785
f 1581/1096/854 1491/1118/870 1492/3431/2594 1585/2684/2205
f 1585/2687/2205 1492/3405/2594 1490/1124/878 1582/1123/877
f 1526/1113/869 1497/1136/889 1498/3401/2592 1529/2640/2180
f 1529/2645/2180 1498/3402/2592 1496/1162/913 1527/1161/912
f 1481/1131/885 1541/1164/915 1544/2657/2188 1483/3409/2596
f 1483/3408/2596 1544/2652/2188 1540/1093/851 1482/1092/850
f 1571/1169/919 1500/1158/909 1501/3426/2606 1576/2678/2199
f 1576/2671/2199 1501/3427/2606 1499/1152/903 1568/1151/902
f 1514/1097/855 1581/1096/854 1583/2686/2202 1516/3430/2607
f 1516/3429/2607 1583/2681/2202 1580/1160/911 1515/1159/910
f 1588/1105/863 1542/1121/875 1546/2660/2191 1589/3432/2608
f 1589/3433/2608 1546/2655/2191 1541/1164/915 1587/1163/914
f 1475/1080/839 1571/1169/919 1575/2680/2201 1477/3395/2588
f 1477/3394/2588 1575/2675/2201 1570/1019/785 1476/1018/784
f 1630/1223/968 1632/1226/971 1634/3434/2609 1631/3435/2609
f 1631/3435/2609 1634/3434/2609 1633/1173/923 1629/1202/949
f 1609/1218/964 1605/1228/972 1607/3436/2610 1610/3437/2611
f 1610/3438/2611 1607/3439/2610 1606/1175/925 1608/1244/988
f 1618/1214/961 1645/1217/963 1651/2697/2212 1619/3440/2612
f 1619/3440/2612 1651/2697/2212 1647/1253/996 1617/1249/993
f 1640/1209/956 1602/1206/953 1604/3441/2613 1644/2694/2208
f 1644/2690/2208 1604/3442/2613 1603/1196/945 1638/1195/944
f 1594/1176/926 1596/1201/948 1598/3443/2614 1595/3444/2615
f 1595/3445/2615 1598/3446/2614 1597/1210/957 1593/1213/960
f 1600/1231/975 1597/1210/957 1598/3446/2614 1601/3447/2616
f 1601/3448/2616 1598/3443/2614 1596/1201/948 1599/1172/922
f 1599/1172/922 1606/1175/925 1607/3439/2610 1601/3448/2616
f 1601/3447/2616 1607/3436/2610 1605/1228/972 1600/1231/975
f 1636/1208/955 1640/1209/956 1643/2691/2209 1637/3449/2617
f 1637/3449/2617 1643/2691/2209 1639/1243/987 1635/1174/924
f 1646/1178/928 1652/1177/927 1660/2702/2216 1650/2698/2213
f 1650/2699/2213 1660/2709/2216 1655/1252/995 1647/1253/996
f 1654/1203/950 1590/1107/195 1592/3450/195 1659/2706/2218
f 1659/2711/2218 1592/3451/195 1591/1250/195 1655/1252/995
f 1662/1220/966 1664/1184/934 1666/3452/2618 1663/3453/2618
f 1663/3453/2618 1666/3452/2618 1665/1237/981 1661/1236/980
f 1645/1217/963 1667/1216/962 1669/3454/2619 1648/2695/2210
f 1648/2695/2210 1669/3454/2619 1668/1179/929 1646/1178/928
f 1667/1216/962 1630/1223/968 1631/3435/2609 1669/3454/2619
f 1669/3454/2619 1631/3435/2609 1629/1202/949 1668/1179/929
f 1632/1226/971 1636/1208/955 1637/3449/2617 1634/3434/2609
f 1634/3434/2609 1637/3449/2617 1635/1174/924 1633/1173/923
f 1671/1235/979 1662/1220/966 1663/3453/2618 1672/3455/2620
f 1672/3455/2620 1663/3453/2618 1661/1236/980 1670/1225/970
f 1673/1248/992 1681/1247/991 1684/2722/2223 1676/2712/2219
f 1676/2716/2219 1684/2717/2223 1680/1233/977 1674/1232/976
f 1690/1183/933 1692/1242/986 1698/2731/2230 1691/3456/2621
f 1691/3456/2621 1698/2731/2230 1694/1205/952 1689/1204/951
f 1621/1187/937 1623/1198/947 1625/3457/2622 1622/3458/2623
f 1622/3459/2623 1625/3460/2622 1624/1182/932 1620/1185/935
f 1612/1240/984 1614/1186/936 1616/3461/2624 1613/3462/2625
f 1613/3463/2625 1616/3464/2624 1615/1221/967 1611/1234/978
f 1674/1232/976 1671/1235/979 1672/3455/2620 1678/2715/2222
f 1678/2715/2222 1672/3455/2620 1670/1225/970 1675/1224/969
f 1664/1184/934 1690/1183/933 1691/3456/2621 1666/3452/2618
f 1666/3452/2618 1691/3456/2621 1689/1204/951 1665/1237/981
f 1627/1241/985 1624/1182/932 1625/3460/2622 1628/3465/2626
f 1628/3466/2626 1625/3457/2622 1623/1198/947 1626/1181/931
f 1620/1185/935 1615/1221/967 1616/3464/2624 1622/3459/2623
f 1622/3458/2623 1616/3461/2624 1614/1186/936 1621/1187/937
f 1617/1249/993 1673/1248/992 1679/2714/2221 1619/3440/2612
f 1619/3440/2612 1679/2714/2221 1675/1224/969 1618/1214/961
f 1681/1247/991 1591/1250/195 1592/3451/195 1686/2720/2226
f 1686/2725/2226 1592/3450/195 1590/1107/195 1682/1106/864
f 1693/1180/930 1603/1200/945 1604/3467/2613 1697/2732/2231
f 1697/2735/2231 1604/3441/2613 1602/1206/953 1694/1205/952
f 1638/1195/944 1609/1218/964 1610/3437/2611 1641/2688/2206
f 1641/2693/2206 1610/3438/2611 1608/1244/988 1639/1243/987
f 1593/1213/960 1653/1246/990 1656/2705/2214 1595/3445/2615
f 1595/3444/2615 1656/2700/2214 1652/1177/927 1594/1176/926
f 1683/1251/994 1612/1240/984 1613/3462/2625 1688/2726/2225
f 1688/2719/2225 1613/3463/2625 1611/1234/978 1680/1233/977
f 1626/1181/931 1693/1180/930 1695/2734/2228 1628/3466/2626
f 1628/3465/2626 1695/2729/2228 1692/1242/986 1627/1241/985
f 1700/1189/939 1654/1203/950 1658/2708/2217 1701/3468/2627
f 1701/3469/2627 1658/2703/2217 1653/1246/990 1699/1245/989
f 1587/1163/914 1683/1251/994 1687/2728/2227 1589/3433/2608
f 1589/3432/2608 1687/2723/2227 1682/1106/864 1588/1105/863
f 1742/1305/1043 1744/1308/1046 1746/3470/2628 1743/3471/2628
f 1743/3471/2628 1746/3470/2628 1745/1255/998 1741/1284/1024
f 1721/1300/1039 1717/1310/1047 1719/3472/2629 1722/3473/2630
f 1722/3474/2630 1719/3475/2629 1718/1257/1000 1720/1326/1063
f 1730/1296/1036 1757/1299/1038 1763/2745/2238 1731/3476/2631
f 1731/3476/2631 1763/2745/2238 1759/1335/1071 1729/1331/1068
f 1752/1291/1031 1714/1288/1028 1716/3477/2632 1756/2742/2234
f 1756/2738/2234 1716/3478/2632 1715/1278/1020 1750/1277/1019
f 1706/1258/1001 1708/1283/1023 1710/3479/2633 1707/3480/2634
f 1707/3481/2634 1710/3482/2633 1709/1292/1032 1705/1295/1035
f 1712/1313/1050 1709/1292/1032 1710/3482/2633 1713/3483/2635
f 1713/3484/2635 1710/3479/2633 1708/1283/1023 1711/1254/997
f 1711/1254/997 1718/1257/1000 1719/3475/2629 1713/3484/2635
f 1713/3483/2635 1719/3472/2629 1717/1310/1047 1712/1313/1050
f 1748/1290/1030 1752/1291/1031 1755/2739/2235 1749/3485/2636
f 1749/3485/2636 1755/2739/2235 1751/1325/1062 1747/1256/999
f 1758/1260/1003 1764/1259/1002 1772/2750/2242 1762/2746/2239
f 1762/2747/2239 1772/2757/2242 1767/1334/1070 1759/1335/1071
f 1766/1285/1025 1702/1191/196 1704/3486/196 1771/2754/2244
f 1771/2759/2244 1704/3487/196 1703/1332/196 1767/1334/1070
f 1774/1302/1041 1776/1266/1009 1778/3488/2637 1775/3489/2637
f 1775/3489/2637 1778/3488/2637 1777/1319/1056 1773/1318/1055
f 1757/1299/1038 1779/1298/1037 1781/3490/2638 1760/2743/2236
f 1760/2743/2236 1781/3490/2638 1780/1261/1004 1758/1260/1003
f 1779/1298/1037 1742/1305/1043 1743/3471/2628 1781/3490/2638
f 1781/3490/2638 1743/3471/2628 1741/1284/1024 1780/1261/1004
f 1744/1308/1046 1748/1290/1030 1749/3485/2636 1746/3470/2628
f 1746/3470/2628 1749/3485/2636 1747/1256/999 1745/1255/998
f 1783/1317/1054 1774/1302/1041 1775/3489/2637 1784/3491/2639
f 1784/3491/2639 1775/3489/2637 1773/1318/1055 1782/1307/1045
f 1785/1330/1067 1793/1329/1066 1796/2770/2249 1788/2760/2245
f 1788/2764/2245 1796/2765/2249 1792/1315/1052 1786/1314/1051
f 1802/1265/1008 1804/1324/1061 1810/2779/2256 1803/3492/2640
f 1803/3492/2640 1810/2779/2256 1806/1287/1027 1801/1286/1026
f 1733/1269/1012 1735/1280/1022 1737/3493/2641 1734/3494/2642
f 1734/3495/2642 1737/3496/2641 1736/1264/1007 1732/1267/1010
f 1724/1322/1059 1726/1268/1011 1728/3497/2643 1725/3498/2644
f 1725/3499/2644 1728/3500/2643 1727/1303/1042 1723/1316/1053
f 1786/1314/1051 1783/1317/1054 1784/3491/2639 1790/2763/2248
f 1790/2763/2248 1784/3491/2639 1782/1307/1045 1787/1306/1044
f 1776/1266/1009 1802/1265/1008 1803/3492/2640 1778/3488/2637
f 1778/3488/2637 1803/3492/2640 1801/1286/1026 1777/1319/1056
f 1739/1323/1060 1736/1264/1007 1737/3496/2641 1740/3501/2645
f 1740/3502/2645 1737/3493/2641 1735/1280/1022 1738/1263/1006
f 1732/1267/1010 1727/1303/1042 1728/3500/2643 1734/3495/2642
f 1734/3494/2642 1728/3497/2643 1726/1268/1011 1733/1269/1012
f 1729/1331/1068 1785/1330/1067 1791/2762/2247 1731/3476/2631
f 1731/3476/2631 1791/2762/2247 1787/1306/1044 1730/1296/1036
f 1793/1329/1066 1703/1332/196 1704/3487/196 1798/2768/2252
f 1798/2773/2252 1704/3486/196 1702/1191/196 1794/1190/940
f 1805/1262/1005 1715/1282/1020 1716/3503/2632 1809/2780/2257
f 1809/2783/2257 1716/3477/2632 1714/1288/1028 1806/1287/1027
f 1750/1277/1019 1721/1300/1039 1722/3473/2630 1753/2736/2232
f 1753/2741/2232 1722/3474/2630 1720/1326/1063 1751/1325/1062
f 1705/1295/1035 1765/1328/1065 1768/2753/2240 1707/3481/2634
f 1707/3480/2634 1768/2748/2240 1764/1259/1002 1706/1258/1001
f 1795/1333/1069 1724/1322/1059 1725/3498/2644 1800/2774/2251
f 1800/2767/2251 1725/3499/2644 1723/1316/1053 1792/1315/1052
f 1738/1263/1006 1805/1262/1005 1807/2782/2254 1740/3502/2645
f 1740/3501/2645 1807/2777/2254 1804/1324/1061 1739/1323/1060
f 1812/1271/1014 1766/1285/1025 1770/2756/2243 1813/3504/2646
f 1813/3505/2646 1770/2751/2243 1765/1328/1065 1811/1327/1064
f 1699/1245/989 1795/1333/1069 1799/2776/2253 1701/3469/2627
f 1701/3468/2627 1799/2771/2253 1794/1190/940 1700/1189/939
f 1854/1388/1118 1856/1391/1121 1858/3506/2647 1855/3507/2647
f 1855/3507/2647 1858/3506/2647 1857/1337/1073 1853/1366/1099
f 1833/1383/1114 1829/1393/1122 1831/3508/2648 1834/3509/2649
f 1834/3510/2649 1831/3511/2648 1830/1339/1075 1832/1409/1138
f 1842/1379/1111 1869/1382/1113 1875/2793/2264 1843/3512/2650
f 1843/3512/2650 1875/2793/2264 1871/1418/1146 1841/1414/1143
f 1864/1374/1106 1826/1371/1103 1828/3513/2651 1868/2790/2260
f 1868/2786/2260 1828/3514/2651 1827/1360/1095 1862/1359/1094
f 1818/1340/1076 1820/1365/1098 1822/3515/2652 1819/3516/2653
f 1819/3517/2653 1822/3518/2652 1821/1375/1107 1817/1378/1110
f 1824/1396/1125 1821/1375/1107 1822/3518/2652 1825/3519/2654
f 1825/3520/2654 1822/3515/2652 1820/1365/1098 1823/1336/1072
f 1823/1336/1072 1830/1339/1075 1831/3511/2648 1825/3520/2654
f 1825/3519/2654 1831/3508/2648 1829/1393/1122 1824/1396/1125
f 1860/1373/1105 1864/1374/1106 1867/2787/2261 1861/3521/2655
f 1861/3521/2655 1867/2787/2261 1863/1408/1137 1859/1338/1074
f 1870/1342/1078 1876/1341/1077 1884/2798/2268 1874/2794/2265
f 1874/2795/2265 1884/2805/2268 1879/1417/1145 1871/1418/1146
f 1878/1368/1100 1814/1367/159 1816/3522/159 1883/2802/2270
f 1883/2807/2270 1816/3523/159 1815/1415/159 1879/1417/1145
f 1886/1385/1116 1888/1348/1084 1890/3524/2656 1887/3525/2656
f 1887/3525/2656 1890/3524/2656 1889/1402/1131 1885/1401/1130
f 1869/1382/1113 1891/1381/1112 1893/3526/2657 1872/2791/2262
f 1872/2791/2262 1893/3526/2657 1892/1343/1079 1870/1342/1078
f 1891/1381/1112 1854/1388/1118 1855/3507/2647 1893/3526/2657
f 1893/3526/2657 1855/3507/2647 1853/1366/1099 1892/1343/1079
f 1856/1391/1121 1860/1373/1105 1861/3521/2655 1858/3506/2647
f 1858/3506/2647 1861/3521/2655 1859/1338/1074 1857/1337/1073
f 1895/1400/1129 1886/1385/1116 1887/3525/2656 1896/3527/2658
f 1896/3527/2658 1887/3525/2656 1885/1401/1130 1894/1390/1120
f 1897/1413/1142 1905/1412/1141 1908/2818/2275 1900/2808/2271
f 1900/2812/2271 1908/2813/2275 1904/1398/1127 1898/1397/1126
f 1914/1347/1083 1916/1407/1136 1922/2827/2282 1915/3528/2659
f 1915/3528/2659 1922/2827/2282 1918/1370/1102 1913/1369/1101
f 1845/1351/1087 1847/1362/1097 1849/3529/2660 1846/3530/2661
f 1846/3531/2661 1849/3532/2660 1848/1346/1082 1844/1349/1085
f 1836/1405/1134 1838/1350/1086 1840/3533/2662 1837/3534/2663
f 1837/3535/2663 1840/3536/2662 1839/1386/1117 1835/1399/1128
f 1898/1397/1126 1895/1400/1129 1896/3527/2658 1902/2811/2274
f 1902/2811/2274 1896/3527/2658 1894/1390/1120 1899/1389/1119
f 1888/1348/1084 1914/1347/1083 1915/3528/2659 1890/3524/2656
f 1890/3524/2656 1915/3528/2659 1913/1369/1101 1889/1402/1131
f 1851/1406/1135 1848/1346/1082 1849/3532/2660 1852/3537/2664
f 1852/3538/2664 1849/3529/2660 1847/1362/1097 1850/1345/1081
f 1844/1349/1085 1839/1386/1117 1840/3536/2662 1846/3531/2661
f 1846/3530/2661 1840/3533/2662 1838/1350/1086 1845/1351/1087
f 1841/1414/1143 1897/1413/1142 1903/2810/2273 1843/3512/2650
f 1843/3512/2650 1903/2810/2273 1899/1389/1119 1842/1379/1111
f 1905/1412/1141 1815/1415/159 1816/3523/159 1910/2816/2278
f 1910/2821/2278 1816/3539/159 1814/1273/159 1906/1272/1015
f 1917/1344/1080 1827/1364/1095 1828/3540/2651 1921/2828/2283
f 1921/2831/2283 1828/3513/2651 1826/1371/1103 1918/1370/1102
f 1862/1359/1094 1833/1383/1114 1834/3509/2649 1865/2784/2258
f 1865/2789/2258 1834/3510/2649 1832/1409/1138 1863/1408/1137
f 1817/1378/1110 1877/1411/1140 1880/2801/2266 1819/3517/2653
f 1819/3516/2653 1880/2796/2266 1876/1341/1077 1818/1340/1076
f 1907/1416/1144 1836/1405/1134 1837/3534/2663 1912/2822/2277
f 1912/2815/2277 1837/3535/2663 1835/1399/1128 1904/1398/1127
f 1850/1345/1081 1917/1344/1080 1919/2830/2280 1852/3538/2664
f 1852/3537/2664 1919/2825/2280 1916/1407/1136 1851/1406/1135
f 1924/1353/1089 1878/1368/1100 1882/2804/2269 1925/3541/2665
f 1925/3542/2665 1882/2799/2269 1877/1411/1140 1923/1410/1139
f 1811/1327/1064 1907/1416/1144 1911/2824/2279 1813/3505/2646
f 1813/3504/2646 1911/2819/2279 1906/1272/1015 1812/1271/1014
f 1966/1471/1193 1968/1474/1196 1970/3543/2666 1967/3544/2666
f 1967/3544/2666 1970/3543/2666 1969/1421/1148 1965/1450/1174
f 1945/1466/1189 1941/1476/1197 1943/3545/2667 1946/3546/2668
f 1946/3547/2668 1943/3548/2667 1942/1423/1150 1944/1492/1213
f 1954/1462/1186 1981/1465/1188 1987/2841/2290 1955/3549/2669
f 1955/3549/2669 1987/2841/2290 1983/1501/1221 1953/1497/1218
f 1976/1457/1181 1938/1454/1178 1940/3550/2670 1980/2838/2286
f 1980/2834/2286 1940/3551/2670 1939/1444/1170 1974/1443/1169
f 1930/1424/1151 1932/1449/1173 1934/3552/2671 1931/3553/2672
f 1931/3554/2672 1934/3555/2671 1933/1458/1182 1929/1461/1185
f 1936/1479/1200 1933/1458/1182 1934/3555/2671 1937/3556/2673
f 1937/3557/2673 1934/3552/2671 1932/1449/1173 1935/1420/1147
f 1935/1420/1147 1942/1423/1150 1943/3548/2667 1937/3557/2673
f 1937/3556/2673 1943/3545/2667 1941/1476/1197 1936/1479/1200
f 1972/1456/1180 1976/1457/1181 1979/2835/2287 1973/3558/2674
f 1973/3558/2674 1979/2835/2287 1975/1491/1212 1971/1422/1149
f 1982/1426/1153 1988/1425/1152 1996/2846/2294 1986/2842/2291
f 1986/2843/2291 1996/2853/2294 1991/1500/1220 1983/1501/1221
f 1990/1451/1175 1926/1355/158 1928/3559/158 1995/2850/2296
f 1995/2855/2296 1928/3560/158 1927/1498/158 1991/1500/1220
f 1998/1468/1191 2000/1432/1159 2002/3561/2675 1999/3562/2675
f 1999/3562/2675 2002/3561/2675 2001/1485/1206 1997/1484/1205
f 1981/1465/1188 2003/1464/1187 2005/3563/2676 1984/2839/2288
f 1984/2839/2288 2005/3563/2676 2004/1427/1154 1982/1426/1153
f 2003/1464/1187 1966/1471/1193 1967/3544/2666 2005/3563/2676
f 2005/3563/2676 1967/3544/2666 1965/1450/1174 2004/1427/1154
f 1968/1474/1196 1972/1456/1180 1973/3558/2674 1970/3543/2666
f 1970/3543/2666 1973/3558/2674 1971/1422/1149 1969/1421/1148
f 2007/1483/1204 1998/1468/1191 1999/3562/2675 2008/3564/2677
f 2008/3564/2677 1999/3562/2675 1997/1484/1205 2006/1473/1195
f 2009/1496/1217 2017/1495/1216 2020/2866/2301 2012/2856/2297
f 2012/2860/2297 2020/2861/2301 2016/1481/1202 2010/1480/1201
f 2026/1431/1158 2028/1490/1211 2034/2875/2308 2027/3565/2678
f 2027/3565/2678 2034/2875/2308 2030/1453/1177 2025/1452/1176
f 1957/1435/1162 1959/1446/1172 1961/3566/2679 1958/3567/2680
f 1958/3568/2680 1961/3569/2679 1960/1430/1157 1956/1433/1160
f 1948/1488/1209 1950/1434/1161 1952/3570/2681 1949/3571/2682
f 1949/3572/2682 1952/3573/2681 1951/1469/1192 1947/1482/1203
f 2010/1480/1201 2007/1483/1204 2008/3564/2677 2014/2859/2300
f 2014/2859/2300 2008/3564/2677 2006/1473/1195 2011/1472/1194
f 2000/1432/1159 2026/1431/1158 2027/3565/2678 2002/3561/2675
f 2002/3561/2675 2027/3565/2678 2025/1452/1176 2001/1485/1206
f 1963/1489/1210 1960/1430/1157 1961/3569/2679 1964/3574/2683
f 1964/3575/2683 1961/3566/2679 1959/1446/1172 1962/1429/1156
f 1956/1433/1160 1951/1469/1192 1952/3573/2681 1958/3568/2680
f 1958/3567/2680 1952/3570/2681 1950/1434/1161 1957/1435/1162
f 1953/1497/1218 2009/1496/1217 2015/2858/2299 1955/3549/2669
f 1955/3549/2669 2015/2858/2299 2011/1472/1194 1954/1462/1186
f 2017/1495/1216 1927/1498/158 1928/3560/158 2022/2864/2304
f 2022/2869/2304 1928/3559/158 1926/1355/158 2018/1354/1090
f 2029/1428/1155 1939/1448/1170 1940/3576/2670 2033/2876/2309
f 2033/2879/2309 1940/3550/2670 1938/1454/1178 2030/1453/1177
f 1974/1443/1169 1945/1466/1189 1946/3546/2668 1977/2832/2284
f 1977/2837/2284 1946/3547/2668 1944/1492/1213 1975/1491/1212
f 1929/1461/1185 1989/1494/1215 1992/2849/2292 1931/3554/2672
f 1931/3553/2672 1992/2844/2292 1988/1425/1152 1930/1424/1151
f 2019/1499/1219 1948/1488/1209 1949/3571/2682 2024/2870/2303
f 2024/2863/2303 1949/3572/2682 1947/1482/1203 2016/1481/1202
f 1962/1429/1156 2029/1428/1155 2031/2878/2306 1964/3575/2683
f 1964/3574/2683 2031/2873/2306 2028/1490/1211 1963/1489/1210
f 2036/1437/1164 1990/1451/1175 1994/2852/2295 2037/3577/2684
f 2037/3578/2684 1994/2847/2295 1989/1494/1215 2035/1493/1214
f 1923/1410/1139 2019/1499/1219 2023/2872/2305 1925/3542/2665
f 1925/3541/2665 2023/2867/2305 2018/1354/1090 1924/1353/1089
f 2078/1553/1268 2080/1556/1271 2082/3579/2685 2079/3580/2685
f 2079/3580/2685 2082/3579/2685 2081/1503/1223 2077/1532/1249
f 2057/1548/1264 2053/1558/1272 2055/3581/2686 2058/3582/2687
f 2058/3583/2687 2055/3584/2686 2054/1505/1225 2056/1574/1288
f 2066/1544/1261 2093/1547/1263 2099/2889/2316 2067/3585/2688
f 2067/3585/2688 2099/2889/2316 2095/1583/1296 2065/1579/1293
f 2088/1539/1256 2050/1536/1253 2052/3586/2689 2092/2886/2312
f 2092/2882/2312 2052/3587/2689 2051/1526/1245 2086/1525/1244
f 2042/1506/1226 2044/1531/1248 2046/3588/2690 2043/3589/2691
f 2043/3590/2691 2046/3591/2690 2045/1540/1257 2041/1543/1260
f 2048/1561/1275 2045/1540/1257 2046/3591/2690 2049/3592/2692
f 2049/3593/2692 2046/3588/2690 2044/1531/1248 2047/1502/1222
f 2047/1502/1222 2054/1505/1225 2055/3584/2686 2049/3593/2692
f 2049/3592/2692 2055/3581/2686 2053/1558/1272 2048/1561/1275
f 2084/1538/1255 2088/1539/1256 2091/2883/2313 2085/3594/2693
f 2085/3594/2693 2091/2883/2313 2087/1573/1287 2083/1504/1224
f 2094/1508/1228 2100/1507/1227 2108/2894/2320 2098/2890/2317
f 2098/2891/2317 2108/2901/2320 2103/1582/1295 2095/1583/1296
f 2102/1533/1250 2038/1439/160 2040/3595/160 2107/2898/2322
f 2107/2903/2322 2040/3596/160 2039/1580/160 2103/1582/1295
f 2110/1550/1266 2112/1514/1234 2114/3597/2694 2111/3598/2694
f 2111/3598/2694 2114/3597/2694 2113/1567/1281 2109/1566/1280
f 2093/1547/1263 2115/1546/1262 2117/3599/2695 2096/2887/2314
f 2096/2887/2314 2117/3599/2695 2116/1509/1229 2094/1508/1228
f 2115/1546/1262 2078/1553/1268 2079/3580/2685 2117/3599/2695
f 2117/3599/2695 2079/3580/2685 2077/1532/1249 2116/1509/1229
f 2080/1556/1271 2084/1538/1255 2085/3594/2693 2082/3579/2685
f 2082/3579/2685 2085/3594/2693 2083/1504/1224 2081/1503/1223
f 2119/1565/1279 2110/1550/1266 2111/3598/2694 2120/3600/2696
f 2120/3600/2696 2111/3598/2694 2109/1566/1280 2118/1555/1270
f 2121/1578/1292 2129/1577/1291 2132/2914/2327 2124/2904/2323
f 2124/2908/2323 2132/2909/2327 2128/1563/1277 2122/1562/1276
f 2138/1513/1233 2140/1572/1286 2146/2923/2334 2139/3601/2697
f 2139/3601/2697 2146/2923/2334 2142/1535/1252 2137/1534/1251
f 2069/1517/1237 2071/1528/1247 2073/3602/2698 2070/3603/2699
f 2070/3604/2699 2073/3605/2698 2072/1512/1232 2068/1515/1235
f 2060/1570/1284 2062/1516/1236 2064/3606/2700 2061/3607/2701
f 2061/3608/2701 2064/3609/2700 2063/1551/1267 2059/1564/1278
f 2122/1562/1276 2119/1565/1279 2120/3600/2696 2126/2907/2326
f 2126/2907/2326 2120/3600/2696 2118/1555/1270 2123/1554/1269
f 2112/1514/1234 2138/1513/1233 2139/3601/2697 2114/3597/2694
f 2114/3597/2694 2139/3601/2697 2137/1534/1251 2113/1567/1281
f 2075/1571/1285 2072/1512/1232 2073/3605/2698 2076/3610/2702
f 2076/3611/2702 2073/3602/2698 2071/1528/1247 2074/1511/1231
f 2068/1515/1235 2063/1551/1267 2064/3609/2700 2070/3604/2699
f 2070/3603/2699 2064/3606/2700 2062/1516/1236 2069/1517/1237
f 2065/1579/1293 2121/1578/1292 2127/2906/2325 2067/3585/2688
f 2067/3585/2688 2127/2906/2325 2123/1554/1269 2066/1544/1261
f 2129/1577/1291 2039/1580/160 2040/3596/160 2134/2912/2330
f 2134/2917/2330 2040/3595/160 2038/1439/160 2130/1438/1165
f 2141/1510/1230 2051/1530/1245 2052/3612/2689 2145/2924/2335
f 2145/2927/2335 2052/3586/2689 2050/1536/1253 2142/1535/1252
f 2086/1525/1244 2057/1548/1264 2058/3582/2687 2089/2880/2310
f 2089/2885/2310 2058/3583/2687 2056/1574/1288 2087/1573/1287
f 2041/1543/1260 2101/1576/1290 2104/2897/2318 2043/3590/2691
f 2043/3589/2691 2104/2892/2318 2100/1507/1227 2042/1506/1226
f 2131/1581/1294 2060/1570/1284 2061/3607/2701 2136/2918/2329
f 2136/2911/2329 2061/3608/2701 2059/1564/1278 2128/1563/1277
f 2074/1511/1231 2141/1510/1230 2143/2926/2332 2076/3611/2702
f 2076/3610/2702 2143/2921/2332 2140/1572/1286 2075/1571/1285
f 2148/1519/1239 2102/1533/1250 2106/2900/2321 2149/3613/2703
f 2149/3614/2703 2106/2895/2321 2101/1576/1290 2147/1575/1289
f 2035/1493/1214 2131/1581/1294 2135/2920/2331 2037/3578/2684
f 2037/3577/2684 2135/2915/2331 2130/1438/1165 2036/1437/1164
f 2190/1635/1343 2192/1638/1346 2194/3615/2704 2191/3616/2704
f 2191/3616/2704 2194/3615/2704 2193/1585/1298 2189/1614/1324
f 2169/1630/1339 2165/1640/1347 2167/3617/2705 2170/3618/2706
f 2170/3619/2706 2167/3620/2705 2166/1587/1300 2168/1656/1363
f 2178/1626/1336 2205/1629/1338 2211/2937/2342 2179/3621/2707
f 2179/3621/2707 2211/2937/2342 2207/1665/1371 2177/1661/1368
f 2200/1621/1331 2162/1618/1328 2164/3622/2708 2204/2934/2338
f 2204/2930/2338 2164/3623/2708 2163/1608/1320 2198/1607/1319
f 2154/1588/1301 2156/1613/1323 2158/3624/2709 2155/3625/2710
f 2155/3626/2710 2158/3627/2709 2157/1622/1332 2153/1625/1335
f 2160/1643/1350 2157/1622/1332 2158/3627/2709 2161/3628/2711
f 2161/3629/2711 2158/3624/2709 2156/1613/1323 2159/1584/1297
f 2159/1584/1297 2166/1587/1300 2167/3620/2705 2161/3629/2711
f 2161/3628/2711 2167/3617/2705 2165/1640/1347 2160/1643/1350
f 2196/1620/1330 2200/1621/1331 2203/2931/2339 2197/3630/2712
f 2197/3630/2712 2203/2931/2339 2199/1655/1362 2195/1586/1299
f 2206/1590/1303 2212/1589/1302 2220/2942/2346 2210/2938/2343
f 2210/2939/2343 2220/2949/2346 2215/1664/1370 2207/1665/1371
f 2214/1615/1325 2150/1521/161 2152/3631/161 2219/2946/2348
f 2219/2951/2348 2152/3632/161 2151/1662/161 2215/1664/1370
f 2222/1632/1341 2224/1596/1309 2226/3633/2713 2223/3634/2713
f 2223/3634/2713 2226/3633/2713 2225/1649/1356 2221/1648/1355
f 2205/1629/1338 2227/1628/1337 2229/3635/2714 2208/2935/2340
f 2208/2935/2340 2229/3635/2714 2228/1591/1304 2206/1590/1303
f 2227/1628/1337 2190/1635/1343 2191/3616/2704 2229/3635/2714
f 2229/3635/2714 2191/3616/2704 2189/1614/1324 2228/1591/1304
f 2192/1638/1346 2196/1620/1330 2197/3630/2712 2194/3615/2704
f 2194/3615/2704 2197/3630/2712 2195/1586/1299 2193/1585/1298
f 2231/1647/1354 2222/1632/1341 2223/3634/2713 2232/3636/2715
f 2232/3636/2715 2223/3634/2713 2221/1648/1355 2230/1637/1345
f 2233/1660/1367 2241/1659/1366 2244/2962/2353 2236/2952/2349
f 2236/2956/2349 2244/2957/2353 2240/1645/1352 2234/1644/1351
f 2250/1595/1308 2252/1654/1361 2258/2971/2360 2251/3637/2716
f 2251/3637/2716 2258/2971/2360 2254/1617/1327 2249/1616/1326
f 2181/1599/1312 2183/1610/1322 2185/3638/2717 2182/3639/2718
f 2182/3640/2718 2185/3641/2717 2184/1594/1307 2180/1597/1310
f 2172/1652/1359 2174/1598/1311 2176/3642/2719 2173/3643/2720
f 2173/3644/2720 2176/3645/2719 2175/1633/1342 2171/1646/1353
f 2234/1644/1351 2231/1647/1354 2232/3636/2715 2238/2955/2352
f 2238/2955/2352 2232/3636/2715 2230/1637/1345 2235/1636/1344
f 2224/1596/1309 2250/1595/1308 2251/3637/2716 2226/3633/2713
f 2226/3633/2713 2251/3637/2716 2249/1616/1326 2225/1649/1356
f 2187/1653/1360 2184/1594/1307 2185/3641/2717 2188/3646/2721
f 2188/3647/2721 2185/3638/2717 2183/1610/1322 2186/1593/1306
f 2180/1597/1310 2175/1633/1342 2176/3645/2719 2182/3640/2718
f 2182/3639/2718 2176/3642/2719 2174/1598/1311 2181/1599/1312
f 2177/1661/1368 2233/1660/1367 2239/2954/2351 2179/3621/2707
f 2179/3621/2707 2239/2954/2351 2235/1636/1344 2178/1626/1336
f 2241/1659/1366 2151/1662/161 2152/3632/161 2246/2960/2356
f 2246/2965/2356 2152/3631/161 2150/1521/161 2242/1520/1240
f 2253/1592/1305 2163/1612/1320 2164/3648/2708 2257/2972/2361
f 2257/2975/2361 2164/3622/2708 2162/1618/1328 2254/1617/1327
f 2198/1607/1319 2169/1630/1339 2170/3618/2706 2201/2928/2336
f 2201/2933/2336 2170/3619/2706 2168/1656/1363 2199/1655/1362
f 2153/1625/1335 2213/1658/1365 2216/2945/2344 2155/3626/2710
f 2155/3625/2710 2216/2940/2344 2212/1589/1302 2154/1588/1301
f 2243/1663/1369 2172/1652/1359 2173/3643/2720 2248/2966/2355
f 2248/2959/2355 2173/3644/2720 2171/1646/1353 2240/1645/1352
f 2186/1593/1306 2253/1592/1305 2255/2974/2358 2188/3647/2721
f 2188/3646/2721 2255/2969/2358 2252/1654/1361 2187/1653/1360
f 2260/1601/1314 2214/1615/1325 2218/2948/2347 2261/3649/2722
f 2261/3650/2722 2218/2943/2347 2213/1658/1365 2259/1657/1364
f 2147/1575/1289 2243/1663/1369 2247/2968/2357 2149/3614/2703
f 2149/3613/2703 2247/2963/2357 2242/1520/1240 2148/1519/1239
f 2302/1717/1418 2304/1720/1421 2306/3651/2723 2303/3652/2723
f 2303/3652/2723 2306/3651/2723 2305/1667/1373 2301/1696/1399
f 2281/1712/1414 2277/1722/1422 2279/3653/2724 2282/3654/2725
f 2282/3655/2725 2279/3656/2724 2278/1669/1375 2280/1738/1438
f 2290/1708/1411 2317/1711/1413 2323/2985/2368 2291/3657/2726
f 2291/3657/2726 2323/2985/2368 2319/1747/1446 2289/1743/1443
f 2312/1703/1406 2274/1700/1403 2276/3658/2727 2316/2982/2364
f 2316/2978/2364 2276/3659/2727 2275/1690/1395 2310/1689/1394
f 2266/1670/1376 2268/1695/1398 2270/3660/2728 2267/3661/2729
f 2267/3662/2729 2270/3663/2728 2269/1704/1407 2265/1707/1410
f 2272/1725/1425 2269/1704/1407 2270/3663/2728 2273/3664/2730
f 2273/3665/2730 2270/3660/2728 2268/1695/1398 2271/1666/1372
f 2271/1666/1372 2278/1669/1375 2279/3656/2724 2273/3665/2730
f 2273/3664/2730 2279/3653/2724 2277/1722/1422 2272/1725/1425
f 2308/1702/1405 2312/1703/1406 2315/2979/2365 2309/3666/2731
f 2309/3666/2731 2315/2979/2365 2311/1737/1437 2307/1668/1374
f 2318/1672/1378 2324/1671/1377 2332/2990/2372 2322/2986/2369
f 2322/2987/2369 2332/2997/2372 2327/1746/1445 2319/1747/1446
f 2326/1697/1400 2262/1603/162 2264/3667/162 2331/2994/2374
f 2331/2999/2374 2264/3668/162 2263/1744/162 2327/1746/1445
f 2334/1714/1416 2336/1678/1384 2338/3669/2732 2335/3670/2732
f 2335/3670/2732 2338/3669/2732 2337/1731/1431 2333/1730/1430
f 2317/1711/1413 2339/1710/1412 2341/3671/2733 2320/2983/2366
f 2320/2983/2366 2341/3671/2733 2340/1673/1379 2318/1672/1378
f 2339/1710/1412 2302/1717/1418 2303/3652/2723 2341/3671/2733
f 2341/3671/2733 2303/3652/2723 2301/1696/1399 2340/1673/1379
f 2304/1720/1421 2308/1702/1405 2309/3666/2731 2306/3651/2723
f 2306/3651/2723 2309/3666/2731 2307/1668/1374 2305/1667/1373
f 2343/1729/1429 2334/1714/1416 2335/3670/2732 2344/3672/2734
f 2344/3672/2734 2335/3670/2732 2333/1730/1430 2342/1719/1420
f 2345/1742/1442 2353/1741/1441 2356/3010/2379 2348/3000/2375
f 2348/3004/2375 2356/3005/2379 2352/1727/1427 2346/1726/1426
f 2362/1677/1383 2364/1736/1436 2370/3019/2386 2363/3673/2735
f 2363/3673/2735 2370/3019/2386 2366/1699/1402 2361/1698/1401
f 2293/1681/1387 2295/1692/1397 2297/3674/2736 2294/3675/2737
f 2294/3676/2737 2297/3677/2736 2296/1676/1382 2292/1679/1385
f 2284/1734/1434 2286/1680/1386 2288/3678/2738 2285/3679/2739
f 2285/3680/2739 2288/3681/2738 2287/1715/1417 2283/1728/1428
f 2346/1726/1426 2343/1729/1429 2344/3672/2734 2350/3003/2378
f 2350/3003/2378 2344/3672/2734 2342/1719/1420 2347/1718/1419
f 2336/1678/1384 2362/1677/1383 2363/3673/2735 2338/3669/2732
f 2338/3669/2732 2363/3673/2735 2361/1698/1401 2337/1731/1431
f 2299/1735/1435 2296/1676/1382 2297/3677/2736 2300/3682/2740
f 2300/3683/2740 2297/3674/2736 2295/1692/1397 2298/1675/1381
f 2292/1679/1385 2287/1715/1417 2288/3681/2738 2294/3676/2737
f 2294/3675/2737 2288/3678/2738 2286/1680/1386 2293/1681/1387
f 2289/1743/1443 2345/1742/1442 2351/3002/2377 2291/3657/2726
f 2291/3657/2726 2351/3002/2377 2347/1718/1419 2290/1708/1411
f 2353/1741/1441 2263/1744/162 2264/3668/162 2358/3008/2382
f 2358/3013/2382 2264/3667/162 2262/1603/162 2354/1602/1315
f 2365/1674/1380 2275/1694/1395 2276/3684/2727 2369/3020/2387
f 2369/3023/2387 2276/3658/2727 2274/1700/1403 2366/1699/1402
f 2310/1689/1394 2281/1712/1414 2282/3654/2725 2313/2976/2362
f 2313/2981/2362 2282/3655/2725 2280/1738/1438 2311/1737/1437
f 2265/1707/1410 2325/1740/1440 2328/2993/2370 2267/3662/2729
f 2267/3661/2729 2328/2988/2370 2324/1671/1377 2266/1670/1376
f 2355/1745/1444 2284/1734/1434 2285/3679/2739 2360/3014/2381
f 2360/3007/2381 2285/3680/2739 2283/1728/1428 2352/1727/1427
f 2298/1675/1381 2365/1674/1380 2367/3022/2384 2300/3683/2740
f 2300/3682/2740 2367/3017/2384 2364/1736/1436 2299/1735/1435
f 2372/1683/1389 2326/1697/1400 2330/2996/2373 2373/3685/2741
f 2373/3686/2741 2330/2991/2373 2325/1740/1440 2371/1739/1439
f 2259/1657/1364 2355/1745/1444 2359/3016/2383 2261/3650/2722
f 2261/3649/2722 2359/3011/2383 2354/1602/1315 2260/1601/1314
f 2414/1799/1493 2416/1802/1496 2418/3687/2742 2415/3688/2742
f 2415/3688/2742 2418/3687/2742 2417/1749/1448 2413/1778/1474
f 2393/1794/1489 2389/1804/1497 2391/3689/2743 2394/3690/2744
f 2394/3691/2744 2391/3692/2743 2390/1751/1450 2392/1820/1513
f 2402/1790/1486 2429/1793/1488 2435/3033/2394 2403/3693/2745
f 2403/3693/2745 2435/3033/2394 2431/1829/1521 2401/1825/1518
f 2424/1785/1481 2386/1782/1478 2388/3694/2746 2428/3030/2390
f 2428/3026/2390 2388/3695/2746 2387/1772/1470 2422/1771/1469
f 2378/1752/1451 2380/1777/1473 2382/3696/2747 2379/3697/2748
f 2379/3698/2748 2382/3699/2747 2381/1786/1482 2377/1789/1485
f 2384/1807/1500 2381/1786/1482 2382/3699/2747 2385/3700/2749
f 2385/3701/2749 2382/3696/2747 2380/1777/1473 2383/1748/1447
f 2383/1748/1447 2390/1751/1450 2391/3692/2743 2385/3701/2749
f 2385/3700/2749 2391/3689/2743 2389/1804/1497 2384/1807/1500
f 2420/1784/1480 2424/1785/1481 2427/3027/2391 2421/3702/2750
f 2421/3702/2750 2427/3027/2391 2423/1819/1512 2419/1750/1449
f 2430/1754/1453 2436/1753/1452 2444/3038/2398 2434/3034/2395
f 2434/3035/2395 2444/3045/2398 2439/1828/1520 2431/1829/1521
f 2438/1779/1475 2374/1685/163 2376/3703/163 2443/3042/2400
f 2443/3047/2400 2376/3704/163 2375/1826/163 2439/1828/1520
f 2446/1796/1491 2448/1760/1459 2450/3705/2751 2447/3706/2751
f 2447/3706/2751 2450/3705/2751 2449/1813/1506 2445/1812/1505
f 2429/1793/1488 2451/1792/1487 2453/3707/2752 2432/3031/2392
f 2432/3031/2392 2453/3707/2752 2452/1755/1454 2430/1754/1453
f 2451/1792/1487 2414/1799/1493 2415/3688/2742 2453/3707/2752
f 2453/3707/2752 2415/3688/2742 2413/1778/1474 2452/1755/1454
f 2416/1802/1496 2420/1784/1480 2421/3702/2750 2418/3687/2742
f 2418/3687/2742 2421/3702/2750 2419/1750/1449 2417/1749/1448
f 2455/1811/1504 2446/1796/1491 2447/3706/2751 2456/3708/2753
f 2456/3708/2753 2447/3706/2751 2445/1812/1505 2454/1801/1495
f 2457/1824/1517 2465/1823/1516 2468/3058/2405 2460/3048/2401
f 2460/3052/2401 2468/3053/2405 2464/1809/1502 2458/1808/1501
f 2474/1759/1458 2476/1818/1511 2482/3067/2412 2475/3709/2754
f 2475/3709/2754 2482/3067/2412 2478/1781/1477 2473/1780/1476
f 2405/1763/1462 2407/1774/1472 2409/3710/2755 2406/3711/2756
f 2406/3712/2756 2409/3713/2755 2408/1758/1457 2404/1761/1460
f 2396/1816/1509 2398/1762/1461 2400/3714/2757 2397/3715/2758
f 2397/3716/2758 2400/3717/2757 2399/1797/1492 2395/1810/1503
f 2458/1808/1501 2455/1811/1504 2456/3708/2753 2462/3051/2404
f 2462/3051/2404 2456/3708/2753 2454/1801/1495 2459/1800/1494
f 2448/1760/1459 2474/1759/1458 2475/3709/2754 2450/3705/2751
f 2450/3705/2751 2475/3709/2754 2473/1780/1476 2449/1813/1506
f 2411/1817/1510 2408/1758/1457 2409/3713/2755 2412/3718/2759
f 2412/3719/2759 2409/3710/2755 2407/1774/1472 2410/1757/1456
f 2404/1761/1460 2399/1797/1492 2400/3717/2757 2406/3712/2756
f 2406/3711/2756 2400/3714/2757 2398/1762/1461 2405/1763/1462
f 2401/1825/1518 2457/1824/1517 2463/3050/2403 2403/3693/2745
f 2403/3693/2745 2463/3050/2403 2459/1800/1494 2402/1790/1486
f 2465/1823/1516 2375/1826/163 2376/3704/163 2470/3056/2408
f 2470/3061/2408 2376/3703/163 2374/1685/163 2466/1684/1390
f 2477/1756/1455 2387/1776/1470 2388/3720/2746 2481/3068/2413
f 2481/3071/2413 2388/3694/2746 2386/1782/1478 2478/1781/1477
f 2422/1771/1469 2393/1794/1489 2394/3690/2744 2425/3024/2388
f 2425/3029/2388 2394/3691/2744 2392/1820/1513 2423/1819/1512
f 2377/1789/1485 2437/1822/1515 2440/3041/2396 2379/3698/2748
f 2379/3697/2748 2440/3036/2396 2436/1753/1452 2378/1752/1451
f 2467/1827/1519 2396/1816/1509 2397/3715/2758 2472/3062/2407
f 2472/3055/2407 2397/3716/2758 2395/1810/1503 2464/1809/1502
f 2410/1757/1456 2477/1756/1455 2479/3070/2410 2412/3719/2759
f 2412/3718/2759 2479/3065/2410 2476/1818/1511 2411/1817/1510
f 2484/1765/1464 2438/1779/1475 2442/3044/2399 2485/3721/2760
f 2485/3722/2760 2442/3039/2399 2437/1822/1515 2483/1821/1514
f 2371/1739/1439 2467/1827/1519 2471/3064/2409 2373/3686/2741
f 2373/3685/2741 2471/3059/2409 2466/1684/1390 2372/1683/1389
f 2526/1881/1568 2528/1884/1571 2530/3723/2761 2527/3724/2761
f 2527/3724/2761 2530/3723/2761 2529/1831/1523 2525/1860/1549
f 2505/1876/1564 2501/1886/1572 2503/3725/2762 2506/3726/2763
f 2506/3727/2763 2503/3728/2762 2502/1833/1525 2504/1902/1588
f 2514/1872/1561 2541/1875/1563 2547/3081/2420 2515/3729/2764
f 2515/3729/2764 2547/3081/2420 2543/1911/1596 2513/1907/1593
f 2536/1867/1556 2498/1864/1553 2500/3730/2765 2540/3078/2416
f 2540/3074/2416 2500/3731/2765 2499/1854/1545 2534/1853/1544
f 2490/1834/1526 2492/1859/1548 2494/3732/2766 2491/3733/2767
f 2491/3734/2767 2494/3735/2766 2493/1868/1557 2489/1871/1560
f 2496/1889/1575 2493/1868/1557 2494/3735/2766 2497/3736/2768
f 2497/3737/2768 2494/3732/2766 2492/1859/1548 2495/1830/1522
f 2495/1830/1522 2502/1833/1525 2503/3728/2762 2497/3737/2768
f 2497/3736/2768 2503/3725/2762 2501/1886/1572 2496/1889/1575
f 2532/1866/1555 2536/1867/1556 2539/3075/2417 2533/3738/2769
f 2533/3738/2769 2539/3075/2417 2535/1901/1587 2531/1832/1524
f 2542/1836/1528 2548/1835/1527 2556/3086/2424 2546/3082/2421
f 2546/3083/2421 2556/3093/2424 2551/1910/1595 2543/1911/1596
f 2550/1861/1550 2486/1767/164 2488/3739/164 2555/3090/2426
f 2555/3095/2426 2488/3740/164 2487/1908/164 2551/1910/1595
f 2558/1878/1566 2560/1842/1534 2562/3741/2770 2559/3742/2770
f 2559/3742/2770 2562/3741/2770 2561/1895/1581 2557/1894/1580
f 2541/1875/1563 2563/1874/1562 2565/3743/2771 2544/3079/2418
f 2544/3079/2418 2565/3743/2771 2564/1837/1529 2542/1836/1528
f 2563/1874/1562 2526/1881/1568 2527/3724/2761 2565/3743/2771
f 2565/3743/2771 2527/3724/2761 2525/1860/1549 2564/1837/1529
f 2528/1884/1571 2532/1866/1555 2533/3738/2769 2530/3723/2761
f 2530/3723/2761 2533/3738/2769 2531/1832/1524 2529/1831/1523
f 2567/1893/1579 2558/1878/1566 2559/3742/2770 2568/3744/2772
f 2568/3744/2772 2559/3742/2770 2557/1894/1580 2566/1883/1570
f 2569/1906/1592 2577/1905/1591 2580/3106/2431 2572/3096/2427
f 2572/3100/2427 2580/3101/2431 2576/1891/1577 2570/1890/1576
f 2586/1841/1533 2588/1900/1586 2594/3115/2438 2587/3745/2773
f 2587/3745/2773 2594/3115/2438 2590/1863/1552 2585/1862/1551
f 2517/1845/1537 2519/1856/1547 2521/3746/2774 2518/3747/2775
f 2518/3748/2775 2521/3749/2774 2520/1840/1532 2516/1843/1535
f 2508/1898/1584 2510/1844/1536 2512/3750/2776 2509/3751/2777
f 2509/3752/2777 2512/3753/2776 2511/1879/1567 2507/1892/1578
f 2570/1890/1576 2567/1893/1579 2568/3744/2772 2574/3099/2430
f 2574/3099/2430 2568/3744/2772 2566/1883/1570 2571/1882/1569
f 2560/1842/1534 2586/1841/1533 2587/3745/2773 2562/3741/2770
f 2562/3741/2770 2587/3745/2773 2585/1862/1551 2561/1895/1581
f 2523/1899/1585 2520/1840/1532 2521/3749/2774 2524/3754/2778
f 2524/3755/2778 2521/3746/2774 2519/1856/1547 2522/1839/1531
f 2516/1843/1535 2511/1879/1567 2512/3753/2776 2518/3748/2775
f 2518/3747/2775 2512/3750/2776 2510/1844/1536 2517/1845/1537
f 2513/1907/1593 2569/1906/1592 2575/3098/2429 2515/3729/2764
f 2515/3729/2764 2575/3098/2429 2571/1882/1569 2514/1872/1561
f 2577/1905/1591 2487/1908/164 2488/3740/164 2582/3104/2434
f 2582/3109/2434 2488/3739/164 2486/1767/164 2578/1766/1465
f 2589/1838/1530 2499/1858/1545 2500/3756/2765 2593/3116/2439
f 2593/3119/2439 2500/3730/2765 2498/1864/1553 2590/1863/1552
f 2534/1853/1544 2505/1876/1564 2506/3726/2763 2537/3072/2414
f 2537/3077/2414 2506/3727/2763 2504/1902/1588 2535/1901/1587
f 2489/1871/1560 2549/1904/1590 2552/3089/2422 2491/3734/2767
f 2491/3733/2767 2552/3084/2422 2548/1835/1527 2490/1834/1526
f 2579/1909/1594 2508/1898/1584 2509/3751/2777 2584/3110/2433
f 2584/3103/2433 2509/3752/2777 2507/1892/1578 2576/1891/1577
f 2522/1839/1531 2589/1838/1530 2591/3118/2436 2524/3755/2778
f 2524/3754/2778 2591/3113/2436 2588/1900/1586 2523/1899/1585
f 2596/1847/1539 2550/1861/1550 2554/3092/2425 2597/3757/2779
f 2597/3758/2779 2554/3087/2425 2549/1904/1590 2595/1903/1589
f 2483/1821/1514 2579/1909/1594 2583/3112/2435 2485/3722/2760
f 2485/3721/2760 2583/3107/2435 2578/1766/1465 2484/1765/1464
f 2638/1963/1643 2640/1966/1646 2642/3759/2780 2639/3760/2780
f 2639/3760/2780 2642/3759/2780 2641/1913/1598 2637/1942/1624
f 2617/1958/1639 2613/1968/1647 2615/3761/2781 2618/3762/2782
f 2618/3763/2782 2615/3764/2781 2614/1915/1600 2616/1984/1663
f 2626/1954/1636 2653/1957/1638 2659/3129/2446 2627/3765/2783
f 2627/3765/2783 2659/3129/2446 2655/1993/1671 2625/1989/1668
f 2648/1949/1631 2610/1946/1628 2612/3766/2784 2652/3126/2442
f 2652/3122/2442 2612/3767/2784 2611/1936/1620 2646/1935/1619
f 2602/1916/1601 2604/1941/1623 2606/3768/2785 2603/3769/2786
f 2603/3770/2786 2606/3771/2785 2605/1950/1632 2601/1953/1635
f 2608/1971/1650 2605/1950/1632 2606/3771/2785 2609/3772/2787
f 2609/3773/2787 2606/3768/2785 2604/1941/1623 2607/1912/1597
f 2607/1912/1597 2614/1915/1600 2615/3764/2781 2609/3773/2787
f 2609/3772/2787 2615/3761/2781 2613/1968/1647 2608/1971/1650
f 2644/1948/1630 2648/1949/1631 2651/3123/2443 2645/3774/2788
f 2645/3774/2788 2651/3123/2443 2647/1983/1662 2643/1914/1599
f 2654/1918/1603 2660/1917/1602 2668/3134/2450 2658/3130/2447
f 2658/3131/2447 2668/3141/2450 2663/1992/1670 2655/1993/1671
f 2662/1943/1625 2598/1849/165 2600/3775/165 2667/3138/2452
f 2667/3143/2452 2600/3776/165 2599/1990/165 2663/1992/1670
f 2670/1960/1641 2672/1924/1609 2674/3777/2789 2671/3778/2789
f 2671/3778/2789 2674/3777/2789 2673/1977/1656 2669/1976/1655
f 2653/1957/1638 2675/1956/1637 2677/3779/2790 2656/3127/2444
f 2656/3127/2444 2677/3779/2790 2676/1919/1604 2654/1918/1603
f 2675/1956/1637 2638/1963/1643 2639/3760/2780 2677/3779/2790
f 2677/3779/2790 2639/3760/2780 2637/1942/1624 2676/1919/1604
f 2640/1966/1646 2644/1948/1630 2645/3774/2788 2642/3759/2780
f 2642/3759/2780 2645/3774/2788 2643/1914/1599 2641/1913/1598
f 2679/1975/1654 2670/1960/1641 2671/3778/2789 2680/3780/2791
f 2680/3780/2791 2671/3778/2789 2669/1976/1655 2678/1965/1645
f 2681/1988/1667 2689/1987/1666 2692/3154/2457 2684/3144/2453
f 2684/3148/2453 2692/3149/2457 2688/1973/1652 2682/1972/1651
f 2698/1923/1608 2700/1982/1661 2706/3163/2464 2699/3781/2792
f 2699/3781/2792 2706/3163/2464 2702/1945/1627 2697/1944/1626
f 2629/1927/1612 2631/1938/1622 2633/3782/2793 2630/3783/2794
f 2630/3784/2794 2633/3785/2793 2632/1922/1607 2628/1925/1610
f 2620/1980/1659 2622/1926/1611 2624/3786/2795 2621/3787/2796
f 2621/3788/2796 2624/3789/2795 2623/1961/1642 2619/1974/1653
f 2682/1972/1651 2679/1975/1654 2680/3780/2791 2686/3147/2456
f 2686/3147/2456 2680/3780/2791 2678/1965/1645 2683/1964/1644
f 2672/1924/1609 2698/1923/1608 2699/3781/2792 2674/3777/2789
f 2674/3777/2789 2699/3781/2792 2697/1944/1626 2673/1977/1656
f 2635/1981/1660 2632/1922/1607 2633/3785/2793 2636/3790/2797
f 2636/3791/2797 2633/3782/2793 2631/1938/1622 2634/1921/1606
f 2628/1925/1610 2623/1961/1642 2624/3789/2795 2630/3784/2794
f 2630/3783/2794 2624/3786/2795 2622/1926/1611 2629/1927/1612
f 2625/1989/1668 2681/1988/1667 2687/3146/2455 2627/3765/2783
f 2627/3765/2783 2687/3146/2455 2683/1964/1644 2626/1954/1636
f 2689/1987/1666 2599/1990/165 2600/3776/165 2694/3152/2460
f 2694/3157/2460 2600/3775/165 2598/1849/165 2690/1848/1540
f 2701/1920/1605 2611/1940/1620 2612/3792/2784 2705/3164/2465
f 2705/3167/2465 2612/3766/2784 2610/1946/1628 2702/1945/1627
f 2646/1935/1619 2617/1958/1639 2618/3762/2782 2649/3120/2440
f 2649/3125/2440 2618/3763/2782 2616/1984/1663 2647/1983/1662
f 2601/1953/1635 2661/1986/1665 2664/3137/2448 2603/3770/2786
f 2603/3769/2786 2664/3132/2448 2660/1917/1602 2602/1916/1601
f 2691/1991/1669 2620/1980/1659 2621/3787/2796 2696/3158/2459
f 2696/3151/2459 2621/3788/2796 2619/1974/1653 2688/1973/1652
f 2634/1921/1606 2701/1920/1605 2703/3166/2462 2636/3791/2797
f 2636/3790/2797 2703/3161/2462 2700/1982/1661 2635/1981/1660
f 2708/1929/1614 2662/1943/1625 2666/3140/2451 2709/3793/2798
f 2709/3794/2798 2666/3135/2451 2661/1986/1665 2707/1985/1664
f 2595/1903/1589 2691/1991/1669 2695/3160/2461 2597/3758/2779
f 2597/3757/2779 2695/3155/2461 2690/1848/1540 2596/1847/1539
f 2750/2046/1718 2752/2049/1721 2754/3795/2799 2751/3796/2799
f 2751/3796/2799 2754/3795/2799 2753/1995/1673 2749/2024/1699
f 2729/2041/1714 2725/2051/1722 2727/3797/2800 2730/3798/2801
f 2730/3799/2801 2727/3800/2800 2726/1997/1675 2728/2067/1738
f 2738/2037/1711 2765/2040/1713 2771/3177/2472 2739/3801/2802
f 2739/3801/2802 2771/3177/2472 2767/2076/1746 2737/2072/1743
f 2760/2032/1706 2722/2029/1703 2724/3802/2803 2764/3174/2468
f 2764/3170/2468 2724/3803/2803 2723/2018/1695 2758/2017/1694
f 2714/1998/1676 2716/2023/1698 2718/3804/2804 2715/3805/2805
f 2715/3806/2805 2718/3807/2804 2717/2033/1707 2713/2036/1710
f 2720/2054/1725 2717/2033/1707 2718/3807/2804 2721/3808/2806
f 2721/3809/2806 2718/3804/2804 2716/2023/1698 2719/1994/1672
f 2719/1994/1672 2726/1997/1675 2727/3800/2800 2721/3809/2806
f 2721/3808/2806 2727/3797/2800 2725/2051/1722 2720/2054/1725
f 2756/2031/1705 2760/2032/1706 2763/3171/2469 2757/3810/2807
f 2757/3810/2807 2763/3171/2469 2759/2066/1737 2755/1996/1674
f 2766/2000/1678 2772/1999/1677 2780/3182/2476 2770/3178/2473
f 2770/3179/2473 2780/3189/2476 2775/2075/1745 2767/2076/1746
f 2774/2026/1700 2710/2025/189 2712/3811/189 2779/3186/2478
f 2779/3191/2478 2712/3812/189 2711/2073/189 2775/2075/1745
f 2782/2043/1716 2784/2006/1684 2786/3813/2808 2783/3814/2808
f 2783/3814/2808 2786/3813/2808 2785/2060/1731 2781/2059/1730
f 2765/2040/1713 2787/2039/1712 2789/3815/2809 2768/3175/2470
f 2768/3175/2470 2789/3815/2809 2788/2001/1679 2766/2000/1678
f 2787/2039/1712 2750/2046/1718 2751/3796/2799 2789/3815/2809
f 2789/3815/2809 2751/3796/2799 2749/2024/1699 2788/2001/1679
f 2752/2049/1721 2756/2031/1705 2757/3810/2807 2754/3795/2799
f 2754/3795/2799 2757/3810/2807 2755/1996/1674 2753/1995/1673
f 2791/2058/1729 2782/2043/1716 2783/3814/2808 2792/3816/2810
f 2792/3816/2810 2783/3814/2808 2781/2059/1730 2790/2048/1720
f 2793/2071/1742 2801/2070/1741 2804/3202/2483 2796/3192/2479
f 2796/3196/2479 2804/3197/2483 2800/2056/1727 2794/2055/1726
f 2810/2005/1683 2812/2065/1736 2818/3211/2490 2811/3817/2811
f 2811/3817/2811 2818/3211/2490 2814/2028/1702 2809/2027/1701
f 2741/2009/1687 2743/2020/1697 2745/3818/2812 2742/3819/2813
f 2742/3820/2813 2745/3821/2812 2744/2004/1682 2740/2007/1685
f 2732/2063/1734 2734/2008/1686 2736/3822/2814 2733/3823/2815
f 2733/3824/2815 2736/3825/2814 2735/2044/1717 2731/2057/1728
f 2794/2055/1726 2791/2058/1729 2792/3816/2810 2798/3195/2482
f 2798/3195/2482 2792/3816/2810 2790/2048/1720 2795/2047/1719
f 2784/2006/1684 2810/2005/1683 2811/3817/2811 2786/3813/2808
f 2786/3813/2808 2811/3817/2811 2809/2027/1701 2785/2060/1731
f 2747/2064/1735 2744/2004/1682 2745/3821/2812 2748/3826/2816
f 2748/3827/2816 2745/3818/2812 2743/2020/1697 2746/2003/1681
f 2740/2007/1685 2735/2044/1717 2736/3825/2814 2742/3820/2813
f 2742/3819/2813 2736/3822/2814 2734/2008/1686 2741/2009/1687
f 2737/2072/1743 2793/2071/1742 2799/3194/2481 2739/3801/2802
f 2739/3801/2802 2799/3194/2481 2795/2047/1719 2738/2037/1711
f 2801/2070/1741 2711/2073/189 2712/3812/189 2806/3200/2486
f 2806/3205/2486 2712/3828/189 2710/1931/189 2802/1930/1615
f 2813/2002/1680 2723/2022/1695 2724/3829/2803 2817/3212/2491
f 2817/3215/2491 2724/3802/2803 2722/2029/1703 2814/2028/1702
f 2758/2017/1694 2729/2041/1714 2730/3798/2801 2761/3168/2466
f 2761/3173/2466 2730/3799/2801 2728/2067/1738 2759/2066/1737
f 2713/2036/1710 2773/2069/1740 2776/3185/2474 2715/3806/2805
f 2715/3805/2805 2776/3180/2474 2772/1999/1677 2714/1998/1676
f 2803/2074/1744 2732/2063/1734 2733/3823/2815 2808/3206/2485
f 2808/3199/2485 2733/3824/2815 2731/2057/1728 2800/2056/1727
f 2746/2003/1681 2813/2002/1680 2815/3214/2488 2748/3827/2816
f 2748/3826/2816 2815/3209/2488 2812/2065/1736 2747/2064/1735
f 2820/2011/1689 2774/2026/1700 2778/3188/2477 2821/3830/2817
f 2821/3831/2817 2778/3183/2477 2773/2069/1740 2819/2068/1739
f 2707/1985/1664 2803/2074/1744 2807/3208/2487 2709/3794/2798
f 2709/3793/2798 2807/3203/2487 2802/1930/1615 2708/1929/1614
f 2862/2129/1793 2864/2132/1796 2866/3832/2818 2863/3833/2818
f 2863/3833/2818 2866/3832/2818 2865/2079/1748 2861/2108/1774
f 2841/2124/1789 2837/2134/1797 2839/3834/2819 2842/3835/2820
f 2842/3836/2820 2839/3837/2819 2838/2081/1750 2840/2150/1813
f 2850/2120/1786 2877/2123/1788 2883/3225/2498 2851/3838/2821
f 2851/3838/2821 2883/3225/2498 2879/2159/1821 2849/2155/1818
f 2872/2115/1781 2834/2112/1778 2836/3839/2822 2876/3222/2494
f 2876/3218/2494 2836/3840/2822 2835/2102/1770 2870/2101/1769
f 2826/2082/1751 2828/2107/1773 2830/3841/2823 2827/3842/2824
f 2827/3843/2824 2830/3844/2823 2829/2116/1782 2825/2119/1785
f 2832/2137/1800 2829/2116/1782 2830/3844/2823 2833/3845/2825
f 2833/3846/2825 2830/3841/2823 2828/2107/1773 2831/2078/1747
f 2831/2078/1747 2838/2081/1750 2839/3837/2819 2833/3846/2825
f 2833/3845/2825 2839/3834/2819 2837/2134/1797 2832/2137/1800
f 2868/2114/1780 2872/2115/1781 2875/3219/2495 2869/3847/2826
f 2869/3847/2826 2875/3219/2495 2871/2149/1812 2867/2080/1749
f 2878/2084/1753 2884/2083/1752 2892/3230/2502 2882/3226/2499
f 2882/3227/2499 2892/3237/2502 2887/2158/1820 2879/2159/1821
f 2886/2109/1775 2822/2013/190 2824/3848/190 2891/3234/2504
f 2891/3239/2504 2824/3849/190 2823/2156/190 2887/2158/1820
f 2894/2126/1791 2896/2090/1759 2898/3850/2827 2895/3851/2827
f 2895/3851/2827 2898/3850/2827 2897/2143/1806 2893/2142/1805
f 2877/2123/1788 2899/2122/1787 2901/3852/2828 2880/3223/2496
f 2880/3223/2496 2901/3852/2828 2900/2085/1754 2878/2084/1753
f 2899/2122/1787 2862/2129/1793 2863/3833/2818 2901/3852/2828
f 2901/3852/2828 2863/3833/2818 2861/2108/1774 2900/2085/1754
f 2864/2132/1796 2868/2114/1780 2869/3847/2826 2866/3832/2818
f 2866/3832/2818 2869/3847/2826 2867/2080/1749 2865/2079/1748
f 2903/2141/1804 2894/2126/1791 2895/3851/2827 2904/3853/2829
f 2904/3853/2829 2895/3851/2827 2893/2142/1805 2902/2131/1795
f 2905/2154/1817 2913/2153/1816 2916/3250/2509 2908/3240/2505
f 2908/3244/2505 2916/3245/2509 2912/2139/1802 2906/2138/1801
f 2922/2089/1758 2924/2148/1811 2930/3259/2516 2923/3854/2830
f 2923/3854/2830 2930/3259/2516 2926/2111/1777 2921/2110/1776
f 2853/2093/1762 2855/2104/1772 2857/3855/2831 2854/3856/2832
f 2854/3857/2832 2857/3858/2831 2856/2088/1757 2852/2091/1760
f 2844/2146/1809 2846/2092/1761 2848/3859/2833 2845/3860/2834
f 2845/3861/2834 2848/3862/2833 2847/2127/1792 2843/2140/1803
f 2906/2138/1801 2903/2141/1804 2904/3853/2829 2910/3243/2508
f 2910/3243/2508 2904/3853/2829 2902/2131/1795 2907/2130/1794
f 2896/2090/1759 2922/2089/1758 2923/3854/2830 2898/3850/2827
f 2898/3850/2827 2923/3854/2830 2921/2110/1776 2897/2143/1806
f 2859/2147/1810 2856/2088/1757 2857/3858/2831 2860/3863/2835
f 2860/3864/2835 2857/3855/2831 2855/2104/1772 2858/2087/1756
f 2852/2091/1760 2847/2127/1792 2848/3862/2833 2854/3857/2832
f 2854/3856/2832 2848/3859/2833 2846/2092/1761 2853/2093/1762
f 2849/2155/1818 2905/2154/1817 2911/3242/2507 2851/3838/2821
f 2851/3838/2821 2911/3242/2507 2907/2130/1794 2850/2120/1786
f 2913/2153/1816 2823/2156/190 2824/3849/190 2918/3248/2512
f 2918/3253/2512 2824/3848/190 2822/2013/190 2914/2012/1690
f 2925/2086/1755 2835/2106/1770 2836/3865/2822 2929/3260/2517
f 2929/3263/2517 2836/3839/2822 2834/2112/1778 2926/2111/1777
f 2870/2101/1769 2841/2124/1789 2842/3835/2820 2873/3216/2492
f 2873/3221/2492 2842/3836/2820 2840/2150/1813 2871/2149/1812
f 2825/2119/1785 2885/2152/1815 2888/3233/2500 2827/3843/2824
f 2827/3842/2824 2888/3228/2500 2884/2083/1752 2826/2082/1751
f 2915/2157/1819 2844/2146/1809 2845/3860/2834 2920/3254/2511
f 2920/3247/2511 2845/3861/2834 2843/2140/1803 2912/2139/1802
f 2858/2087/1756 2925/2086/1755 2927/3262/2514 2860/3864/2835
f 2860/3863/2835 2927/3257/2514 2924/2148/1811 2859/2147/1810
f 2932/2095/1764 2886/2109/1775 2890/3236/2503 2933/3866/2836
f 2933/3867/2836 2890/3231/2503 2885/2152/1815 2931/2151/1814
f 2819/2068/1739 2915/2157/1819 2919/3256/2513 2821/3831/2817
f 2821/3830/2817 2919/3251/2513 2914/2012/1690 2820/2011/1689
f 2974/2211/1868 2976/2214/1871 2978/3868/2837 2975/3869/2837
f 2975/3869/2837 2978/3868/2837 2977/2161/1823 2973/2190/1849
f 2953/2206/1864 2949/2216/1872 2951/3870/2838 2954/3871/2839
f 2954/3872/2839 2951/3873/2838 2950/2163/1825 2952/2232/1888
f 2962/2202/1861 2989/2205/1863 2995/3273/2524 2963/3874/2840
f 2963/3874/2840 2995/3273/2524 2991/2241/1896 2961/2237/1893
f 2984/2197/1856 2946/2194/1853 2948/3875/2841 2988/3270/2520
f 2988/3266/2520 2948/3876/2841 2947/2184/1845 2982/2183/1844
f 2938/2164/1826 2940/2189/1848 2942/3877/2842 2939/3878/2843
f 2939/3879/2843 2942/3880/2842 2941/2198/1857 2937/2201/1860
f 2944/2219/1875 2941/2198/1857 2942/3880/2842 2945/3881/2844
f 2945/3882/2844 2942/3877/2842 2940/2189/1848 2943/2160/1822
f 2943/2160/1822 2950/2163/1825 2951/3873/2838 2945/3882/2844
f 2945/3881/2844 2951/3870/2838 2949/2216/1872 2944/2219/1875
f 2980/2196/1855 2984/2197/1856 2987/3267/2521 2981/3883/2845
f 2981/3883/2845 2987/3267/2521 2983/2231/1887 2979/2162/1824
f 2990/2166/1828 2996/2165/1827 3004/3278/2528 2994/3274/2525
f 2994/3275/2525 3004/3285/2528 2999/2240/1895 2991/2241/1896
f 2998/2191/1850 2934/2097/191 2936/3884/191 3003/3282/2530
f 3003/3287/2530 2936/3885/191 2935/2238/191 2999/2240/1895
f 3006/2208/1866 3008/2172/1834 3010/3886/2846 3007/3887/2846
f 3007/3887/2846 3010/3886/2846 3009/2225/1881 3005/2224/1880
f 2989/2205/1863 3011/2204/1862 3013/3888/2847 2992/3271/2522
f 2992/3271/2522 3013/3888/2847 3012/2167/1829 2990/2166/1828
f 3011/2204/1862 2974/2211/1868 2975/3869/2837 3013/3888/2847
f 3013/3888/2847 2975/3869/2837 2973/2190/1849 3012/2167/1829
f 2976/2214/1871 2980/2196/1855 2981/3883/2845 2978/3868/2837
f 2978/3868/2837 2981/3883/2845 2979/2162/1824 2977/2161/1823
f 3015/2223/1879 3006/2208/1866 3007/3887/2846 3016/3889/2848
f 3016/3889/2848 3007/3887/2846 3005/2224/1880 3014/2213/1870
f 3017/2236/1892 3025/2235/1891 3028/3298/2535 3020/3288/2531
f 3020/3292/2531 3028/3293/2535 3024/2221/1877 3018/2220/1876
f 3034/2171/1833 3036/2230/1886 3042/3307/2542 3035/3890/2849
f 3035/3890/2849 3042/3307/2542 3038/2193/1852 3033/2192/1851
f 2965/2175/1837 2967/2186/1847 2969/3891/2850 2966/3892/2851
f 2966/3893/2851 2969/3894/2850 2968/2170/1832 2964/2173/1835
f 2956/2228/1884 2958/2174/1836 2960/3895/2852 2957/3896/2853
f 2957/3897/2853 2960/3898/2852 2959/2209/1867 2955/2222/1878
f 3018/2220/1876 3015/2223/1879 3016/3889/2848 3022/3291/2534
f 3022/3291/2534 3016/3889/2848 3014/2213/1870 3019/2212/1869
f 3008/2172/1834 3034/2171/1833 3035/3890/2849 3010/3886/2846
f 3010/3886/2846 3035/3890/2849 3033/2192/1851 3009/2225/1881
f 2971/2229/1885 2968/2170/1832 2969/3894/2850 2972/3899/2854
f 2972/3900/2854 2969/3891/2850 2967/2186/1847 2970/2169/1831
f 2964/2173/1835 2959/2209/1867 2960/3898/2852 2966/3893/2851
f 2966/3892/2851 2960/3895/2852 2958/2174/1836 2965/2175/1837
f 2961/2237/1893 3017/2236/1892 3023/3290/2533 2963/3874/2840
f 2963/3874/2840 3023/3290/2533 3019/2212/1869 2962/2202/1861
f 3025/2235/1891 2935/2238/191 2936/3885/191 3030/3296/2538
f 3030/3301/2538 2936/3884/191 2934/2097/191 3026/2096/1765
f 3037/2168/1830 2947/2188/1845 2948/3901/2841 3041/3308/2543
f 3041/3311/2543 2948/3875/2841 2946/2194/1853 3038/2193/1852
f 2982/2183/1844 2953/2206/1864 2954/3871/2839 2985/3264/2518
f 2985/3269/2518 2954/3872/2839 2952/2232/1888 2983/2231/1887
f 2937/2201/1860 2997/2234/1890 3000/3281/2526 2939/3879/2843
f 2939/3878/2843 3000/3276/2526 2996/2165/1827 2938/2164/1826
f 3027/2239/1894 2956/2228/1884 2957/3896/2853 3032/3302/2537
f 3032/3295/2537 2957/3897/2853 2955/2222/1878 3024/2221/1877
f 2970/2169/1831 3037/2168/1830 3039/3310/2540 2972/3900/2854
f 2972/3899/2854 3039/3305/2540 3036/2230/1886 2971/2229/1885
f 3044/2177/1839 2998/2191/1850 3002/3284/2529 3045/3902/2855
f 3045/3903/2855 3002/3279/2529 2997/2234/1890 3043/2233/1889
f 2931/2151/1814 3027/2239/1894 3031/3304/2539 2933/3867/2836
f 2933/3866/2836 3031/3299/2539 3026/2096/1765 2932/2095/1764
f 3086/2285/1936 3088/2288/1939 3090/3904/2856 3087/3905/2856
f 3087/3905/2856 3090/3904/2856 3089/2243/1898 3085/2267/1920
f 3065/2281/1933 3061/2290/1940 3063/3906/2857 3066/3907/2858
f 3066/3908/2858 3063/3909/2857 3062/2245/1900 3064/2302/1952
f 3074/2277/1930 3101/2280/1932 3107/3321/2550 3075/3910/2859
f 3075/3910/2859 3107/3321/2550 3103/2310/1959 3073/2306/1956
f 3096/2274/1927 3058/2271/1924 3060/3911/2860 3100/3318/2546
f 3100/3314/2546 3060/3912/2860 3059/2261/1916 3094/2260/1915
f 3050/2246/1901 3052/2266/1919 3054/3913/2861 3051/3914/2862
f 3051/3915/2862 3054/3916/2861 3053/2275/1928 3049/2276/1929
f 3056/2291/1941 3053/2275/1928 3054/3916/2861 3057/3917/2863
f 3057/3918/2863 3054/3913/2861 3052/2266/1919 3055/2242/1897
f 3055/2242/1897 3062/2245/1900 3063/3909/2857 3057/3918/2863
f 3057/3917/2863 3063/3906/2857 3061/2290/1940 3056/2291/1941
f 3092/2273/1926 3096/2274/1927 3099/3315/2547 3093/3919/2864
f 3093/3919/2864 3099/3315/2547 3095/2301/1951 3091/2244/1899
f 3102/2248/1903 3108/2247/1902 3116/3326/2554 3106/3322/2551
f 3106/3323/2551 3116/3333/2554 3111/2309/1958 3103/2310/1959
f 3110/2268/1921 3046/2179/192 3048/3920/192 3115/3330/2556
f 3115/3335/2556 3048/3921/192 3047/2307/192 3111/2309/1958
f 3118/2282/1934 3120/2254/1909 3122/3922/2865 3119/3923/2865
f 3119/3923/2865 3122/3922/2865 3121/2297/1947 3117/2296/1946
f 3101/2280/1932 3123/2279/1931 3125/3924/2866 3104/3319/2548
f 3104/3319/2548 3125/3924/2866 3124/2249/1904 3102/2248/1903
f 3123/2279/1931 3086/2285/1936 3087/3905/2856 3125/3924/2866
f 3125/3924/2866 3087/3905/2856 3085/2267/1920 3124/2249/1904
f 3088/2288/1939 3092/2273/1926 3093/3919/2864 3090/3904/2856
f 3090/3904/2856 3093/3919/2864 3091/2244/1899 3089/2243/1898
f 3127/2295/1945 3118/2282/1934 3119/3923/2865 3128/3925/2867
f 3128/3925/2867 3119/3923/2865 3117/2296/1946 3126/2287/1938
f 3129/2305/1955 3137/2304/1954 3140/3346/2561 3132/3336/2557
f 3132/3340/2557 3140/3341/2561 3136/2293/1943 3130/2292/1942
f 3146/2253/1908 3148/2300/1950 3154/3355/2568 3147/3926/2868
f 3147/3926/2868 3154/3355/2568 3150/2270/1923 3145/2269/1922
f 3077/2257/1912 3079/2263/1918 3081/3927/2869 3078/3928/2870
f 3078/3929/2870 3081/3930/2869 3080/2252/1907 3076/2255/1910
f 3068/2298/1948 3070/2256/1911 3072/3931/2871 3069/3932/2872
f 3069/3933/2872 3072/3934/2871 3071/2283/1935 3067/2294/1944
f 3130/2292/1942 3127/2295/1945 3128/3925/2867 3134/3339/2560
f 3134/3339/2560 3128/3925/2867 3126/2287/1938 3131/2286/1937
f 3120/2254/1909 3146/2253/1908 3147/3926/2868 3122/3922/2865
f 3122/3922/2865 3147/3926/2868 3145/2269/1922 3121/2297/1947
f 3083/2299/1949 3080/2252/1907 3081/3930/2869 3084/3935/2873
f 3084/3936/2873 3081/3927/2869 3079/2263/1918 3082/2251/1906
f 3076/2255/1910 3071/2283/1935 3072/3934/2871 3078/3929/2870
f 3078/3928/2870 3072/3931/2871 3070/2256/1911 3077/2257/1912
f 3073/2306/1956 3129/2305/1955 3135/3338/2559 3075/3910/2859
f 3075/3910/2859 3135/3338/2559 3131/2286/1937 3074/2277/1930
f 3137/2304/1954 3047/2307/192 3048/3921/192 3142/3344/2564
f 3142/3349/2564 3048/3920/192 3046/2179/192 3138/2178/1840
f 3149/2250/1905 3059/2265/1916 3060/3937/2860 3153/3356/2569
f 3153/3359/2569 3060/3911/2860 3058/2271/1924 3150/2270/1923
f 3094/2260/1915 3065/2281/1933 3066/3907/2858 3097/3312/2544
f 3097/3317/2544 3066/3908/2858 3064/2302/1952 3095/2301/1951
f 3049/2276/1929 3109/2303/1953 3112/3329/2552 3051/3915/2862
f 3051/3914/2862 3112/3324/2552 3108/2247/1902 3050/2246/1901
f 3139/2308/1957 3068/2298/1948 3069/3932/2872 3144/3350/2563
f 3144/3343/2563 3069/3933/2872 3067/2294/1944 3136/2293/1943
f 3082/2251/1906 3149/2250/1905 3151/3358/2566 3084/3936/2873
f 3084/3935/2873 3151/3353/2566 3148/2300/1950 3083/2299/1949
f 3155/1070/829 3110/2268/1921 3114/3332/2555 3157/3397/2589
f 3157/3396/2589 3114/3327/2555 3109/2303/1953 3156/1075/834
f 3043/2233/1889 3139/2308/1957 3143/3352/2565 3045/3903/2855
f 3045/3902/2855 3143/3347/2565 3138/2178/1840 3044/2177/1839
f 1457/2623/2173 1449/2614/2165 1393/1085/843 1367/1084/193
f 3162/1108/865 3158/3938/2874 3160/3939/2875 3163/3940/2876
f 3163/3941/2876 3160/3942/2875 3159/1022/787 3161/1021/786
f 3252/1087/845 3159/1022/787 3160/3942/2875 3253/3943/2877
f 3253/3944/2877 3160/3939/2875 3158/3938/2874 3251/2259/1914
f 3168/1110/867 3164/1109/866 3166/3945/2878 3169/3946/2879
f 3169/3947/2879 3166/3948/2878 3165/1082/841 3167/1156/907
f 3161/1021/786 3165/1082/841 3166/3948/2878 3163/3941/2876
f 3163/3940/2876 3166/3945/2878 3164/1109/866 3162/1108/865
f 3174/1193/942 3170/1192/941 3172/3949/2880 3175/3950/2881
f 3175/3951/2881 3172/3952/2880 3171/1157/908 3173/1238/982
f 3167/1156/907 3171/1157/908 3172/3952/2880 3169/3947/2879
f 3169/3946/2879 3172/3949/2880 3170/1192/941 3168/1110/867
f 3180/1275/1017 3176/1274/1016 3178/3953/2882 3181/3954/2883
f 3181/3955/2883 3178/3956/2882 3177/1239/983 3179/1320/1057
f 3173/1238/982 3177/1239/983 3178/3956/2882 3175/3951/2881
f 3175/3950/2881 3178/3953/2882 3176/1274/1016 3174/1193/942
f 3186/1357/1092 3182/1356/1091 3184/3957/2884 3187/3958/2885
f 3187/3959/2885 3184/3960/2884 3183/1419/1058 3185/1403/1132
f 3179/1320/1057 3183/1321/1058 3184/3961/2884 3181/3955/2883
f 3181/3954/2883 3184/3957/2884 3182/1356/1091 3180/1275/1017
f 3192/1441/1167 3188/1440/1166 3190/3962/2886 3193/3963/2887
f 3193/3964/2887 3190/3965/2886 3189/1404/1133 3191/1486/1207
f 3185/1403/1132 3189/1404/1133 3190/3965/2886 3187/3959/2885
f 3187/3958/2885 3190/3962/2886 3188/1440/1166 3186/1357/1092
f 3198/1523/1242 3194/1522/1241 3196/3966/2888 3199/3967/2889
f 3199/3968/2889 3196/3969/2888 3195/1487/1208 3197/1568/1282
f 3191/1486/1207 3195/1487/1208 3196/3969/2888 3193/3964/2887
f 3193/3963/2887 3196/3966/2888 3194/1522/1241 3192/1441/1167
f 3204/1605/1317 3200/1604/1316 3202/3970/2890 3205/3971/2891
f 3205/3972/2891 3202/3973/2890 3201/1569/1283 3203/1650/1357
f 3197/1568/1282 3201/1569/1283 3202/3973/2890 3199/3968/2889
f 3199/3967/2889 3202/3970/2890 3200/1604/1316 3198/1523/1242
f 3210/1687/1392 3206/1686/1391 3208/3974/2892 3211/3975/2893
f 3211/3976/2893 3208/3977/2892 3207/1651/1358 3209/1732/1432
f 3203/1650/1357 3207/1651/1358 3208/3977/2892 3205/3972/2891
f 3205/3971/2891 3208/3974/2892 3206/1686/1391 3204/1605/1317
f 3216/1769/1467 3212/1768/1466 3214/3978/2894 3217/3979/2895
f 3217/3980/2895 3214/3981/2894 3213/1733/1433 3215/1814/1507
f 3209/1732/1432 3213/1733/1433 3214/3981/2894 3211/3976/2893
f 3211/3975/2893 3214/3978/2894 3212/1768/1466 3210/1687/1392
f 3222/1851/1542 3218/1850/1541 3220/3982/2896 3223/3983/2897
f 3223/3984/2897 3220/3985/2896 3219/1815/1508 3221/1896/1582
f 3215/1814/1507 3219/1815/1508 3220/3985/2896 3217/3980/2895
f 3217/3979/2895 3220/3982/2896 3218/1850/1541 3216/1769/1467
f 3228/1933/1617 3224/1932/1616 3226/3986/2898 3229/3987/2899
f 3229/3988/2899 3226/3989/2898 3225/1897/1583 3227/1978/1657
f 3221/1896/1582 3225/1897/1583 3226/3989/2898 3223/3984/2897
f 3223/3983/2897 3226/3986/2898 3224/1932/1616 3222/1851/1542
f 3234/2015/1692 3230/2014/1691 3232/3990/2900 3235/3991/2901
f 3235/3992/2901 3232/3993/2900 3231/2077/1658 3233/2061/1732
f 3227/1978/1657 3231/1979/1658 3232/3994/2900 3229/3988/2899
f 3229/3987/2899 3232/3990/2900 3230/2014/1691 3228/1933/1617
f 3240/2099/1767 3236/2098/1766 3238/3995/2902 3241/3996/2903
f 3241/3997/2903 3238/3998/2902 3237/2062/1733 3239/2144/1807
f 3233/2061/1732 3237/2062/1733 3238/3998/2902 3235/3992/2901
f 3235/3991/2901 3238/3995/2902 3236/2098/1766 3234/2015/1692
f 3246/2181/1842 3242/2180/1841 3244/3999/2904 3247/4000/2905
f 3247/4001/2905 3244/4002/2904 3243/2145/1808 3245/2226/1882
f 3239/2144/1807 3243/2145/1808 3244/4002/2904 3241/3997/2903
f 3241/3996/2903 3244/3999/2904 3242/2180/1841 3240/2099/1767
f 3251/2259/1914 3248/2258/1913 3250/4003/2906 3253/3944/2877
f 3253/3943/2877 3250/4004/2906 3249/2227/1883 3252/1087/845
f 3245/2226/1882 3249/2227/1883 3250/4004/2906 3247/4001/2905
f 3247/4000/2905 3250/4003/2906 3248/2258/1913 3246/2181/1842
f 3251/2259/1914 3158/3938/2874 3162/1108/865 961/1111/546
