# Blender 5.0.0
# www.blender.org
mtllib utility_box_01_1k.mtl
o utility_box_01_box_low
v 0.000000 0.150000 0.160000
v 0.000000 0.150000 -0.160000
v -0.231372 1.060000 -0.170000
v 0.000000 1.060000 -0.190000
v 0.000000 0.150000 -0.190000
v -0.231372 1.060000 0.120000
v -0.221372 0.150000 0.120000
v -0.231372 1.060000 0.160000
v 0.000000 1.060000 -0.170000
v 0.000000 1.070000 -0.170000
v 0.000000 1.070000 0.160000
v -0.231372 1.070000 -0.170000
v 0.000000 1.060000 0.160000
v -0.231372 1.070000 0.160000
v 0.000000 0.150000 0.170000
v -0.231372 1.060000 0.170000
v 0.000000 1.060000 0.170000
v -0.231372 0.150000 0.120000
v -0.231372 0.150000 0.160000
v -0.231372 0.150000 0.170000
v 0.000000 0.170000 0.170000
v -0.216485 1.040000 0.170000
v 0.000000 1.040000 0.170000
v -0.216485 0.170000 0.170000
v -0.200000 0.150000 -0.160000
v -0.200000 0.150000 0.170000
v -0.221372 0.150000 0.154000
v -0.215372 0.150000 0.160000
v -0.219615 0.150000 0.158243
v -0.215372 0.150000 -0.160000
v -0.221372 0.150000 -0.154000
v -0.219615 0.150000 -0.158243
v -0.251372 0.150000 -0.184000
v -0.245372 0.150000 -0.190000
v -0.249615 0.150000 -0.188243
v -0.245372 0.150000 0.120000
v -0.251372 0.150000 0.114000
v -0.249615 0.150000 0.118243
v -0.245372 1.060000 -0.190000
v -0.251372 1.060000 -0.184000
v -0.249615 1.060000 -0.188243
v -0.251372 1.060000 0.114000
v -0.245372 1.060000 0.120000
v -0.249615 1.060000 0.118243
v -0.221372 0.150000 0.110777
v -0.231372 1.060000 0.114000
v -0.231372 1.070000 0.114000
v -0.200000 0.090059 -0.160000
v -0.221372 0.090059 -0.154000
v -0.219615 0.090059 -0.158243
v -0.215372 0.090059 -0.160000
v 0.000000 0.111612 0.160000
v 0.000000 0.098163 0.160000
v -0.221372 0.120059 -0.154000
v 0.000000 0.128163 0.160000
v -0.200000 0.120059 -0.160000
v -0.219615 0.120059 -0.158243
v -0.215372 0.120059 -0.160000
v 0.231372 1.060000 -0.170000
v 0.231372 1.060000 0.120000
v 0.221372 0.150000 0.120000
v 0.231372 1.060000 0.160000
v 0.231372 1.070000 -0.170000
v 0.231372 1.070000 0.160000
v 0.231372 1.060000 0.170000
v 0.231372 0.150000 0.120000
v 0.231372 0.150000 0.160000
v 0.231372 0.150000 0.170000
v 0.216485 1.040000 0.170000
v 0.216485 0.170000 0.170000
v 0.200000 0.150000 0.170000
v 0.221372 0.150000 0.154000
v 0.215372 0.150000 0.160000
v 0.219615 0.150000 0.158243
v 0.215372 0.150000 -0.160000
v 0.221372 0.150000 -0.154000
v 0.219615 0.150000 -0.158243
v 0.251372 0.150000 -0.184000
v 0.245372 0.150000 -0.190000
v 0.249615 0.150000 -0.188243
v 0.245372 0.150000 0.120000
v 0.251372 0.150000 0.114000
v 0.249615 0.150000 0.118243
v 0.245372 1.060000 -0.190000
v 0.251372 1.060000 -0.184000
v 0.249615 1.060000 -0.188243
v 0.251372 1.060000 0.114000
v 0.245372 1.060000 0.120000
v 0.249615 1.060000 0.118243
v 0.221372 0.150000 0.110777
v 0.231372 1.060000 0.114000
v 0.231372 1.070000 0.114000
v 0.221372 0.090059 -0.154000
v 0.219615 0.090059 -0.158243
v 0.215372 0.090059 -0.160000
v 0.221372 0.120059 0.154000
v 0.219615 0.120059 0.158243
v 0.221372 0.120059 -0.154000
v 0.215372 0.120059 0.160000
v 0.219615 0.120059 -0.158243
v 0.215372 0.120059 -0.160000
v -0.168134 0.088194 0.163421
v -0.163232 0.088208 0.164947
v -0.161206 0.092701 0.163072
v -0.165374 0.092621 0.161887
v -0.174476 0.098163 0.160000
v -0.174476 0.090402 0.160000
v -0.160597 0.098163 0.160000
v -0.174476 0.081612 0.160000
v -0.169317 0.083812 0.163466
v -0.164816 0.083812 0.165866
v -0.166543 0.098163 0.160000
v -0.169555 0.092634 0.160000
v -0.171621 0.088171 0.160000
v -0.172347 0.083812 0.160000
v -0.160597 0.096098 0.160000
v -0.163252 0.095979 0.160000
v -0.166477 0.095164 0.160000
v -0.111867 0.088194 0.163421
v -0.116769 0.088208 0.164947
v -0.118795 0.092701 0.163072
v -0.114626 0.092621 0.161887
v -0.119404 0.098163 0.160000
v -0.100000 0.118171 0.160000
v -0.110683 0.083812 0.163466
v -0.115185 0.083812 0.165866
v -0.113457 0.098163 0.160000
v -0.110446 0.092634 0.160000
v -0.108380 0.088171 0.160000
v -0.107653 0.083812 0.160000
v -0.119404 0.096098 0.160000
v -0.116749 0.095979 0.160000
v -0.113523 0.095164 0.160000
v -0.168134 0.118194 0.163421
v -0.163232 0.118208 0.164947
v -0.161206 0.122701 0.163072
v -0.165374 0.122621 0.161887
v -0.174476 0.128163 0.160000
v -0.174476 0.118171 0.160000
v -0.174476 0.122634 0.160000
v -0.160597 0.128163 0.160000
v -0.174476 0.111612 0.160000
v -0.169317 0.113812 0.163466
v -0.164816 0.113812 0.165866
v -0.166543 0.128163 0.160000
v -0.169555 0.122634 0.160000
v -0.171621 0.118171 0.160000
v -0.172347 0.113812 0.160000
v -0.160597 0.126098 0.160000
v -0.163252 0.125979 0.160000
v -0.166477 0.125164 0.160000
v -0.111867 0.118194 0.163421
v -0.116769 0.118208 0.164947
v -0.118795 0.122701 0.163072
v -0.114626 0.122621 0.161887
v -0.119404 0.128163 0.160000
v -0.100000 0.128163 0.160000
v -0.110683 0.113812 0.163466
v -0.115185 0.113812 0.165866
v -0.100000 0.111612 0.160000
v -0.113457 0.128163 0.160000
v -0.110446 0.122634 0.160000
v -0.108380 0.118171 0.160000
v -0.107653 0.113812 0.160000
v -0.119404 0.126098 0.160000
v -0.116749 0.125979 0.160000
v -0.113523 0.125164 0.160000
v -0.088134 0.088194 0.163421
v -0.083232 0.088208 0.164947
v -0.081206 0.092701 0.163072
v -0.085374 0.092621 0.161887
v -0.080597 0.098163 0.160000
v -0.089317 0.083812 0.163466
v -0.084816 0.083812 0.165866
v -0.086543 0.098163 0.160000
v -0.089555 0.092634 0.160000
v -0.091621 0.088171 0.160000
v -0.092347 0.083812 0.160000
v -0.080597 0.096098 0.160000
v -0.083252 0.095979 0.160000
v -0.086477 0.095164 0.160000
v -0.031867 0.088194 0.163421
v -0.036769 0.088208 0.164947
v -0.038795 0.092701 0.163072
v -0.034626 0.092621 0.161887
v -0.025525 0.098163 0.160000
v -0.025525 0.090402 0.160000
v -0.039404 0.098163 0.160000
v -0.025525 0.081612 0.160000
v -0.030683 0.083812 0.163466
v -0.035185 0.083812 0.165866
v -0.033457 0.098163 0.160000
v -0.030446 0.092634 0.160000
v -0.028380 0.088171 0.160000
v -0.027653 0.083812 0.160000
v -0.039404 0.096098 0.160000
v -0.036749 0.095979 0.160000
v -0.033523 0.095164 0.160000
v -0.088134 0.118194 0.163421
v -0.083232 0.118208 0.164947
v -0.081206 0.122701 0.163072
v -0.085374 0.122621 0.161887
v -0.080597 0.128163 0.160000
v -0.100000 0.150000 0.160000
v -0.089317 0.113812 0.163466
v -0.084816 0.113812 0.165866
v -0.086543 0.128163 0.160000
v -0.089555 0.122634 0.160000
v -0.091621 0.118171 0.160000
v -0.092347 0.113812 0.160000
v -0.080597 0.126098 0.160000
v -0.083252 0.125979 0.160000
v -0.086477 0.125164 0.160000
v -0.031867 0.118194 0.163421
v -0.036769 0.118208 0.164947
v -0.038795 0.122701 0.163072
v -0.034626 0.122621 0.161887
v -0.025525 0.128163 0.160000
v -0.025525 0.118171 0.160000
v -0.025525 0.122634 0.160000
v -0.039404 0.128163 0.160000
v -0.025525 0.111612 0.160000
v -0.030683 0.113812 0.163466
v -0.035185 0.113812 0.165866
v -0.033457 0.128163 0.160000
v -0.030446 0.122634 0.160000
v -0.028380 0.118171 0.160000
v -0.027653 0.113812 0.160000
v -0.039404 0.126098 0.160000
v -0.036749 0.125979 0.160000
v -0.033523 0.125164 0.160000
v -0.174476 0.150000 0.160000
v -0.166543 0.150000 0.160000
v -0.100000 0.083812 0.160000
v -0.025525 0.150000 0.160000
v -0.100000 0.113812 0.160000
v -0.033457 0.150000 0.160000
v -0.100000 0.122634 0.160000
v 0.000000 0.090059 0.160000
v -0.215372 0.090059 0.160000
v -0.200000 0.150000 0.160000
v -0.100000 0.098163 0.160000
v -0.100000 0.092634 0.160000
v -0.100000 0.088171 0.160000
v -0.100000 0.081612 0.160000
v -0.100000 0.125164 0.160000
v 0.168134 0.088194 0.163421
v 0.163232 0.088208 0.164947
v 0.161206 0.092701 0.163072
v 0.165374 0.092621 0.161887
v 0.174476 0.098163 0.160000
v 0.174476 0.090402 0.160000
v 0.160597 0.098163 0.160000
v 0.174476 0.081612 0.160000
v 0.169317 0.083812 0.163466
v 0.164816 0.083812 0.165866
v 0.166543 0.098163 0.160000
v 0.169555 0.092634 0.160000
v 0.171621 0.088171 0.160000
v 0.172347 0.083812 0.160000
v 0.160597 0.096098 0.160000
v 0.163252 0.095979 0.160000
v 0.166477 0.095164 0.160000
v 0.111867 0.088194 0.163421
v 0.116769 0.088208 0.164947
v 0.118795 0.092701 0.163072
v 0.114626 0.092621 0.161887
v 0.119404 0.098163 0.160000
v 0.100000 0.118171 0.160000
v 0.110683 0.083812 0.163466
v 0.115185 0.083812 0.165866
v 0.113457 0.098163 0.160000
v 0.110446 0.092634 0.160000
v 0.108380 0.088171 0.160000
v 0.107653 0.083812 0.160000
v 0.119404 0.096098 0.160000
v 0.116749 0.095979 0.160000
v 0.113523 0.095164 0.160000
v 0.168134 0.118194 0.163421
v 0.163232 0.118208 0.164947
v 0.161206 0.122701 0.163072
v 0.165374 0.122621 0.161887
v 0.174476 0.128163 0.160000
v 0.174476 0.118171 0.160000
v 0.174476 0.122634 0.160000
v 0.160597 0.128163 0.160000
v 0.174476 0.111612 0.160000
v 0.169317 0.113812 0.163466
v 0.164816 0.113812 0.165866
v 0.166543 0.128163 0.160000
v 0.169555 0.122634 0.160000
v 0.171621 0.118171 0.160000
v 0.172347 0.113812 0.160000
v 0.160597 0.126098 0.160000
v 0.163252 0.125979 0.160000
v 0.166477 0.125164 0.160000
v 0.111867 0.118194 0.163421
v 0.116769 0.118208 0.164947
v 0.118795 0.122701 0.163072
v 0.114626 0.122621 0.161887
v 0.119404 0.128163 0.160000
v 0.100000 0.128163 0.160000
v 0.110683 0.113812 0.163466
v 0.115185 0.113812 0.165866
v 0.100000 0.111612 0.160000
v 0.113457 0.128163 0.160000
v 0.110446 0.122634 0.160000
v 0.108380 0.118171 0.160000
v 0.107653 0.113812 0.160000
v 0.119404 0.126098 0.160000
v 0.116749 0.125979 0.160000
v 0.113523 0.125164 0.160000
v 0.088134 0.088194 0.163421
v 0.083232 0.088208 0.164947
v 0.081206 0.092701 0.163072
v 0.085374 0.092621 0.161887
v 0.080597 0.098163 0.160000
v 0.089317 0.083812 0.163466
v 0.084816 0.083812 0.165866
v 0.086543 0.098163 0.160000
v 0.089555 0.092634 0.160000
v 0.091621 0.088171 0.160000
v 0.092347 0.083812 0.160000
v 0.080597 0.096098 0.160000
v 0.083252 0.095979 0.160000
v 0.086477 0.095164 0.160000
v 0.031867 0.088194 0.163421
v 0.036769 0.088208 0.164947
v 0.038795 0.092701 0.163072
v 0.034626 0.092621 0.161887
v 0.025525 0.098163 0.160000
v 0.025525 0.090402 0.160000
v 0.039404 0.098163 0.160000
v 0.025525 0.081612 0.160000
v 0.030683 0.083812 0.163466
v 0.035185 0.083812 0.165866
v 0.033457 0.098163 0.160000
v 0.030446 0.092634 0.160000
v 0.028380 0.088171 0.160000
v 0.027653 0.083812 0.160000
v 0.039404 0.096098 0.160000
v 0.036749 0.095979 0.160000
v 0.033523 0.095164 0.160000
v 0.088134 0.118194 0.163421
v 0.083232 0.118208 0.164947
v 0.081206 0.122701 0.163072
v 0.085374 0.122621 0.161887
v 0.080597 0.128163 0.160000
v 0.100000 0.150000 0.160000
v 0.089317 0.113812 0.163466
v 0.084816 0.113812 0.165866
v 0.086543 0.128163 0.160000
v 0.089555 0.122634 0.160000
v 0.091621 0.118171 0.160000
v 0.092347 0.113812 0.160000
v 0.080597 0.126098 0.160000
v 0.083252 0.125979 0.160000
v 0.086477 0.125164 0.160000
v 0.031867 0.118194 0.163421
v 0.036769 0.118208 0.164947
v 0.038795 0.122701 0.163072
v 0.034626 0.122621 0.161887
v 0.025525 0.128163 0.160000
v 0.025525 0.118171 0.160000
v 0.025525 0.122634 0.160000
v 0.039404 0.128163 0.160000
v 0.025525 0.111612 0.160000
v 0.030683 0.113812 0.163466
v 0.035185 0.113812 0.165866
v 0.033457 0.128163 0.160000
v 0.030446 0.122634 0.160000
v 0.028380 0.118171 0.160000
v 0.027653 0.113812 0.160000
v 0.039404 0.126098 0.160000
v 0.036749 0.125979 0.160000
v 0.033523 0.125164 0.160000
v 0.174476 0.150000 0.160000
v 0.166543 0.150000 0.160000
v 0.113457 0.150000 0.160000
v 0.100000 0.083812 0.160000
v 0.086543 0.150000 0.160000
v 0.025525 0.150000 0.160000
v 0.100000 0.113812 0.160000
v 0.033457 0.150000 0.160000
v 0.100000 0.122634 0.160000
v 0.200000 0.150000 0.160000
v 0.100000 0.098163 0.160000
v 0.100000 0.092634 0.160000
v 0.100000 0.088171 0.160000
v 0.100000 0.081612 0.160000
v 0.100000 0.125164 0.160000
v -0.168134 0.088194 -0.163421
v -0.163232 0.088208 -0.164947
v -0.161206 0.092701 -0.163072
v -0.165374 0.092621 -0.161887
v -0.174476 0.098163 -0.160000
v -0.174476 0.090402 -0.160000
v -0.160597 0.098163 -0.160000
v -0.174476 0.081612 -0.160000
v -0.169317 0.083812 -0.163466
v -0.164816 0.083812 -0.165866
v -0.166543 0.098163 -0.160000
v -0.169555 0.092634 -0.160000
v -0.171621 0.088171 -0.160000
v -0.172347 0.083812 -0.160000
v -0.160597 0.096098 -0.160000
v -0.163252 0.095979 -0.160000
v -0.166477 0.095164 -0.160000
v -0.111867 0.088194 -0.163421
v -0.116769 0.088208 -0.164947
v -0.118795 0.092701 -0.163072
v -0.114626 0.092621 -0.161887
v -0.119404 0.098163 -0.160000
v -0.100000 0.118171 -0.160000
v -0.110683 0.083812 -0.163466
v -0.115185 0.083812 -0.165866
v -0.113457 0.098163 -0.160000
v -0.110446 0.092634 -0.160000
v -0.108380 0.088171 -0.160000
v -0.107653 0.083812 -0.160000
v -0.119404 0.096098 -0.160000
v -0.116749 0.095979 -0.160000
v -0.113523 0.095164 -0.160000
v -0.168134 0.118194 -0.163421
v -0.163232 0.118208 -0.164947
v -0.161206 0.122701 -0.163072
v -0.165374 0.122621 -0.161887
v -0.174476 0.128163 -0.160000
v -0.174476 0.118171 -0.160000
v -0.174476 0.122634 -0.160000
v -0.160597 0.128163 -0.160000
v -0.174476 0.111612 -0.160000
v -0.169317 0.113812 -0.163466
v -0.164816 0.113812 -0.165866
v -0.166543 0.128163 -0.160000
v -0.169555 0.122634 -0.160000
v -0.171621 0.118171 -0.160000
v -0.172347 0.113812 -0.160000
v -0.160597 0.126098 -0.160000
v -0.163252 0.125979 -0.160000
v -0.166477 0.125164 -0.160000
v -0.111867 0.118194 -0.163421
v -0.116769 0.118208 -0.164947
v -0.118795 0.122701 -0.163072
v -0.114626 0.122621 -0.161887
v -0.119404 0.128163 -0.160000
v -0.100000 0.128163 -0.160000
v -0.110683 0.113812 -0.163466
v -0.115185 0.113812 -0.165866
v -0.100000 0.111612 -0.160000
v -0.113457 0.128163 -0.160000
v -0.110446 0.122634 -0.160000
v -0.108380 0.118171 -0.160000
v -0.107653 0.113812 -0.160000
v -0.119404 0.126098 -0.160000
v -0.116749 0.125979 -0.160000
v -0.113523 0.125164 -0.160000
v -0.088134 0.088194 -0.163421
v -0.083232 0.088208 -0.164947
v -0.081206 0.092701 -0.163072
v -0.085374 0.092621 -0.161887
v -0.080597 0.098163 -0.160000
v -0.089317 0.083812 -0.163466
v -0.084816 0.083812 -0.165866
v -0.086543 0.098163 -0.160000
v -0.089555 0.092634 -0.160000
v -0.091621 0.088171 -0.160000
v -0.092347 0.083812 -0.160000
v -0.080597 0.096098 -0.160000
v -0.083252 0.095979 -0.160000
v -0.086477 0.095164 -0.160000
v -0.031867 0.088194 -0.163421
v -0.036769 0.088208 -0.164947
v -0.038795 0.092701 -0.163072
v -0.034626 0.092621 -0.161887
v -0.025525 0.098163 -0.160000
v -0.025525 0.090402 -0.160000
v -0.039404 0.098163 -0.160000
v -0.025525 0.081612 -0.160000
v -0.030683 0.083812 -0.163466
v -0.035185 0.083812 -0.165866
v -0.033457 0.098163 -0.160000
v -0.030446 0.092634 -0.160000
v -0.028380 0.088171 -0.160000
v -0.027653 0.083812 -0.160000
v -0.039404 0.096098 -0.160000
v -0.036749 0.095979 -0.160000
v -0.033523 0.095164 -0.160000
v -0.088134 0.118194 -0.163421
v -0.083232 0.118208 -0.164947
v -0.081206 0.122701 -0.163072
v -0.085374 0.122621 -0.161887
v -0.080597 0.128163 -0.160000
v -0.089317 0.113812 -0.163466
v -0.084816 0.113812 -0.165866
v -0.086543 0.128163 -0.160000
v -0.089555 0.122634 -0.160000
v -0.091621 0.118171 -0.160000
v -0.092347 0.113812 -0.160000
v -0.080597 0.126098 -0.160000
v -0.083252 0.125979 -0.160000
v -0.086477 0.125164 -0.160000
v -0.031867 0.118194 -0.163421
v -0.036769 0.118208 -0.164947
v -0.038795 0.122701 -0.163072
v -0.034626 0.122621 -0.161887
v -0.025525 0.128163 -0.160000
v -0.025525 0.118171 -0.160000
v -0.025525 0.122634 -0.160000
v -0.039404 0.128163 -0.160000
v -0.025525 0.111612 -0.160000
v -0.030683 0.113812 -0.163466
v -0.035185 0.113812 -0.165866
v -0.033457 0.128163 -0.160000
v -0.030446 0.122634 -0.160000
v -0.028380 0.118171 -0.160000
v -0.027653 0.113812 -0.160000
v -0.039404 0.126098 -0.160000
v -0.036749 0.125979 -0.160000
v -0.033523 0.125164 -0.160000
v -0.166543 0.150000 -0.160000
v -0.113457 0.150000 -0.160000
v -0.100000 0.083812 -0.160000
v -0.086543 0.150000 -0.160000
v -0.025525 0.150000 -0.160000
v -0.100000 0.113812 -0.160000
v -0.033457 0.150000 -0.160000
v -0.100000 0.122634 -0.160000
v 0.000000 0.090059 -0.160000
v 0.000000 0.122634 -0.160000
v -0.100000 0.098163 -0.160000
v -0.100000 0.092634 -0.160000
v -0.100000 0.088171 -0.160000
v -0.100000 0.081612 -0.160000
v -0.100000 0.125164 -0.160000
v 0.168134 0.088194 -0.163421
v 0.163232 0.088208 -0.164947
v 0.161206 0.092701 -0.163072
v 0.165374 0.092621 -0.161887
v 0.174476 0.098163 -0.160000
v 0.174476 0.090402 -0.160000
v 0.160597 0.098163 -0.160000
v 0.174476 0.081612 -0.160000
v 0.169317 0.083812 -0.163466
v 0.164816 0.083812 -0.165866
v 0.166543 0.098163 -0.160000
v 0.169555 0.092634 -0.160000
v 0.171621 0.088171 -0.160000
v 0.172347 0.083812 -0.160000
v 0.160597 0.096098 -0.160000
v 0.163252 0.095979 -0.160000
v 0.166477 0.095164 -0.160000
v 0.111867 0.088194 -0.163421
v 0.116769 0.088208 -0.164947
v 0.118795 0.092701 -0.163072
v 0.114626 0.092621 -0.161887
v 0.119404 0.098163 -0.160000
v 0.100000 0.118171 -0.160000
v 0.110683 0.083812 -0.163466
v 0.115185 0.083812 -0.165866
v 0.113457 0.098163 -0.160000
v 0.110446 0.092634 -0.160000
v 0.108380 0.088171 -0.160000
v 0.107653 0.083812 -0.160000
v 0.119404 0.096098 -0.160000
v 0.116749 0.095979 -0.160000
v 0.113523 0.095164 -0.160000
v 0.168134 0.118194 -0.163421
v 0.163232 0.118208 -0.164947
v 0.161206 0.122701 -0.163072
v 0.165374 0.122621 -0.161887
v 0.174476 0.128163 -0.160000
v 0.174476 0.118171 -0.160000
v 0.174476 0.122634 -0.160000
v 0.160597 0.128163 -0.160000
v 0.174476 0.111612 -0.160000
v 0.169317 0.113812 -0.163466
v 0.164816 0.113812 -0.165866
v 0.166543 0.128163 -0.160000
v 0.169555 0.122634 -0.160000
v 0.171621 0.118171 -0.160000
v 0.172347 0.113812 -0.160000
v 0.160597 0.126098 -0.160000
v 0.163252 0.125979 -0.160000
v 0.166477 0.125164 -0.160000
v 0.111867 0.118194 -0.163421
v 0.116769 0.118208 -0.164947
v 0.118795 0.122701 -0.163072
v 0.114626 0.122621 -0.161887
v 0.119404 0.128163 -0.160000
v 0.100000 0.128163 -0.160000
v 0.110683 0.113812 -0.163466
v 0.115185 0.113812 -0.165866
v 0.100000 0.111612 -0.160000
v 0.113457 0.128163 -0.160000
v 0.110446 0.122634 -0.160000
v 0.108380 0.118171 -0.160000
v 0.107653 0.113812 -0.160000
v 0.119404 0.126098 -0.160000
v 0.116749 0.125979 -0.160000
v 0.113523 0.125164 -0.160000
v 0.088134 0.088194 -0.163421
v 0.083232 0.088208 -0.164947
v 0.081206 0.092701 -0.163072
v 0.085374 0.092621 -0.161887
v 0.080597 0.098163 -0.160000
v 0.089317 0.083812 -0.163466
v 0.084816 0.083812 -0.165866
v 0.086543 0.098163 -0.160000
v 0.089555 0.092634 -0.160000
v 0.091621 0.088171 -0.160000
v 0.092347 0.083812 -0.160000
v 0.080597 0.096098 -0.160000
v 0.083252 0.095979 -0.160000
v 0.086477 0.095164 -0.160000
v 0.031867 0.088194 -0.163421
v 0.036769 0.088208 -0.164947
v 0.038795 0.092701 -0.163072
v 0.034626 0.092621 -0.161887
v 0.025525 0.098163 -0.160000
v 0.025525 0.090402 -0.160000
v 0.039404 0.098163 -0.160000
v 0.025525 0.081612 -0.160000
v 0.030683 0.083812 -0.163466
v 0.035185 0.083812 -0.165866
v 0.033457 0.098163 -0.160000
v 0.030446 0.092634 -0.160000
v 0.028380 0.088171 -0.160000
v 0.027653 0.083812 -0.160000
v 0.039404 0.096098 -0.160000
v 0.036749 0.095979 -0.160000
v 0.033523 0.095164 -0.160000
v 0.088134 0.118194 -0.163421
v 0.083232 0.118208 -0.164947
v 0.081206 0.122701 -0.163072
v 0.085374 0.122621 -0.161887
v 0.080597 0.128163 -0.160000
v 0.089317 0.113812 -0.163466
v 0.084816 0.113812 -0.165866
v 0.086543 0.128163 -0.160000
v 0.089555 0.122634 -0.160000
v 0.091621 0.118171 -0.160000
v 0.092347 0.113812 -0.160000
v 0.080597 0.126098 -0.160000
v 0.083252 0.125979 -0.160000
v 0.086477 0.125164 -0.160000
v 0.031867 0.118194 -0.163421
v 0.036769 0.118208 -0.164947
v 0.038795 0.122701 -0.163072
v 0.034626 0.122621 -0.161887
v 0.025525 0.128163 -0.160000
v 0.025525 0.118171 -0.160000
v 0.025525 0.122634 -0.160000
v 0.039404 0.128163 -0.160000
v 0.025525 0.111612 -0.160000
v 0.030683 0.113812 -0.163466
v 0.035185 0.113812 -0.165866
v 0.033457 0.128163 -0.160000
v 0.030446 0.122634 -0.160000
v 0.028380 0.118171 -0.160000
v 0.027653 0.113812 -0.160000
v 0.039404 0.126098 -0.160000
v 0.036749 0.125979 -0.160000
v 0.033523 0.125164 -0.160000
v 0.166543 0.150000 -0.160000
v 0.113457 0.150000 -0.160000
v 0.100000 0.083812 -0.160000
v 0.086543 0.150000 -0.160000
v 0.025525 0.150000 -0.160000
v 0.100000 0.113812 -0.160000
v 0.033457 0.150000 -0.160000
v 0.100000 0.122634 -0.160000
v 0.200000 0.090059 -0.160000
v 0.200000 0.120059 -0.160000
v 0.200000 0.150000 -0.160000
v -0.221372 0.120033 0.119603
v -0.221372 0.090059 0.128430
v 0.100000 0.098163 -0.160000
v 0.100000 0.092634 -0.160000
v 0.100000 0.088171 -0.160000
v 0.100000 0.081612 -0.160000
v 0.100000 0.125164 -0.160000
v 0.000000 0.081612 0.160000
v 0.000000 0.122634 0.160000
v 0.000000 0.118171 0.160000
v -0.219615 0.090059 0.158243
v -0.221372 0.090059 0.154000
v -0.200000 0.090059 0.160000
v -0.215372 0.120030 0.160000
v -0.200000 0.120030 0.160000
v -0.221372 0.120030 0.154000
v -0.219615 0.120030 0.158243
v 0.200000 0.120059 0.160000
v 0.219615 0.090059 0.158243
v 0.221372 0.090059 0.154000
v 0.215372 0.090059 0.160000
v 0.200000 0.090059 0.160000
v -0.100000 0.150000 0.170000
v -0.100000 0.170000 0.170000
v -0.174476 0.150000 0.170000
v -0.174476 0.170000 0.170000
v -0.086543 0.150000 0.160000
v 0.100000 0.150000 0.170000
v 0.100000 0.170000 0.170000
v 0.174476 0.150000 0.170000
v 0.174476 0.170000 0.170000
v 0.000000 0.128163 -0.160000
v 0.000000 0.111612 -0.160000
v 0.000000 0.098163 -0.160000
v 0.000000 0.081612 -0.160000
v 0.000000 0.118171 -0.160000
v 0.100000 0.150000 -0.160000
v -0.100000 0.150000 -0.160000
v -0.174476 0.150000 -0.160000
v 0.174476 0.150000 -0.160000
v 0.000000 0.170000 -0.190000
v -0.231372 0.170000 0.120000
v -0.231372 0.170000 0.160000
v -0.231372 0.170000 0.170000
v -0.216485 0.189121 0.170000
v -0.245372 0.170000 -0.190000
v -0.249615 0.170000 -0.188243
v -0.251372 0.170000 -0.184000
v -0.251372 0.170000 0.114000
v -0.249615 0.170000 0.118243
v -0.245372 0.170000 0.120000
v 0.231372 0.170000 0.120000
v 0.231372 0.170000 0.160000
v 0.231372 0.170000 0.170000
v 0.216485 0.189121 0.170000
v 0.245372 0.170000 -0.190000
v 0.249615 0.170000 -0.188243
v 0.251372 0.170000 -0.184000
v 0.251372 0.170000 0.114000
v 0.249615 0.170000 0.118243
v 0.245372 0.170000 0.120000
v -0.113457 0.150000 0.160000
v -0.218133 0.000000 0.153356
v -0.221372 0.003240 0.154000
v -0.220423 0.000949 0.153811
v -0.200000 0.000000 -0.156760
v -0.200000 0.003240 -0.160000
v -0.200000 0.000949 -0.159051
v -0.214728 0.000000 0.156760
v -0.215372 0.003240 0.160000
v -0.215183 0.000949 0.159051
v -0.217135 0.000000 0.155763
v -0.219615 0.003240 0.158243
v -0.218889 0.000949 0.157516
v -0.218133 0.000000 -0.153356
v -0.221372 0.003240 -0.154000
v -0.220423 0.000949 -0.153811
v -0.214728 0.000000 -0.156760
v -0.215372 0.003240 -0.160000
v -0.215183 0.000949 -0.159051
v -0.217135 0.000000 -0.155763
v -0.219615 0.003240 -0.158243
v -0.218889 0.000949 -0.157516
v 0.221372 0.003240 0.154000
v 0.218133 0.000000 0.153356
v 0.220423 0.000949 0.153811
v 0.215372 0.003240 0.160000
v 0.214728 0.000000 0.156760
v 0.215183 0.000949 0.159051
v 0.217135 0.000000 0.155763
v 0.219615 0.003240 0.158243
v 0.218889 0.000949 0.157516
v 0.221372 0.003240 -0.154000
v 0.218133 0.000000 -0.153356
v 0.220423 0.000949 -0.153811
v 0.214728 0.000000 -0.156760
v 0.215372 0.003240 -0.160000
v 0.215183 0.000949 -0.159051
v 0.217135 0.000000 -0.155763
v 0.219615 0.003240 -0.158243
v 0.218889 0.000949 -0.157516
v -0.025525 0.000000 0.156760
v -0.025525 0.003240 0.160000
v -0.025525 0.000949 0.159051
v -0.174476 0.000000 0.156760
v -0.174476 0.003240 0.160000
v -0.174476 0.000949 0.159051
v 0.000000 0.000000 0.156760
v 0.000000 0.003240 0.160000
v 0.000000 0.000949 0.159051
v -0.200000 0.000000 0.156760
v -0.200000 0.003240 0.160000
v -0.200000 0.000949 0.159051
v -0.100000 0.000000 0.156760
v -0.100000 0.003240 0.160000
v -0.100000 0.000949 0.159051
v 0.025525 0.000000 0.156760
v 0.025525 0.003240 0.160000
v 0.025525 0.000949 0.159051
v 0.174476 0.000000 0.156760
v 0.174476 0.003240 0.160000
v 0.174476 0.000949 0.159051
v 0.200000 0.000000 0.156760
v 0.200000 0.003240 0.160000
v 0.200000 0.000949 0.159051
v 0.100000 0.003240 0.160000
v 0.100000 0.000000 0.156760
v 0.100000 0.000949 0.159051
v -0.025525 0.000000 -0.156760
v -0.025525 0.003240 -0.160000
v -0.025525 0.000949 -0.159051
v -0.174476 0.000000 -0.156760
v -0.174476 0.003240 -0.160000
v -0.174476 0.000949 -0.159051
v 0.000000 0.003240 -0.160000
v 0.000000 0.000000 -0.156760
v 0.000000 0.000949 -0.159051
v -0.100000 0.003240 -0.160000
v -0.100000 0.000000 -0.156760
v -0.100000 0.000949 -0.159051
v 0.025525 0.000000 -0.156760
v 0.025525 0.003240 -0.160000
v 0.025525 0.000949 -0.159051
v 0.174476 0.000000 -0.156760
v 0.174476 0.003240 -0.160000
v 0.174476 0.000949 -0.159051
v 0.200000 0.000000 -0.156760
v 0.200000 0.003240 -0.160000
v 0.200000 0.000949 -0.159051
v 0.100000 0.000000 -0.156760
v 0.100000 0.003240 -0.160000
v 0.100000 0.000949 -0.159051
v 0.200000 0.000000 0.153356
v 0.174476 0.000000 0.153356
v 0.100000 0.000000 0.153356
v 0.025525 0.000000 0.153356
v 0.000000 0.000000 0.153356
v -0.025525 0.000000 0.153356
v -0.100000 0.000000 0.153356
v -0.174476 0.000000 0.153356
v -0.200000 0.000000 0.153356
v 0.200000 0.000000 -0.153356
v 0.174476 0.000000 -0.153356
v 0.100000 0.000000 -0.153356
v 0.025525 0.000000 -0.153356
v 0.000000 0.000000 -0.153356
v -0.025525 0.000000 -0.153356
v -0.100000 0.000000 -0.153356
v -0.174476 0.000000 -0.153356
v -0.200000 0.000000 -0.153356
v -0.214728 0.000000 -0.153356
v -0.214728 0.000000 0.153356
v 0.214728 0.000000 -0.153356
v 0.214728 0.000000 0.153356
v 0.221372 0.090059 0.110777
v 0.221372 0.120059 0.110777
v -0.227362 1.068000 0.155990
v 0.000000 1.120333 0.000000
v 0.000000 1.068000 0.155990
v -0.227362 1.068000 0.000000
v 0.227362 1.068000 0.155990
v 0.227362 1.068000 0.000000
v -0.227362 1.068000 -0.155990
v 0.000000 1.068000 -0.155990
v 0.227362 1.068000 -0.155990
v -0.260000 1.090330 0.204000
v -0.254000 1.089667 0.210000
v -0.254000 1.096367 0.204041
v -0.258243 1.089854 0.208234
v -0.257464 1.093419 0.207473
v -0.254000 1.094122 0.208263
v -0.258243 1.094591 0.204020
v 0.000000 1.089667 0.210000
v 0.000000 1.096367 0.204041
v 0.000000 1.094114 0.208255
v 0.000000 1.068000 0.202937
v 0.000000 1.074000 0.210000
v 0.000000 1.069757 0.207931
v -0.254000 1.120333 0.000000
v -0.260000 1.114292 0.000000
v -0.258243 1.118564 0.000000
v -0.260000 1.074000 0.000000
v -0.255857 1.068000 0.000000
v -0.258787 1.069757 0.000000
v -0.260000 1.074000 0.204000
v -0.255932 1.068000 0.202894
v -0.254000 1.074000 0.210000
v -0.258781 1.069731 0.203357
v -0.257859 1.070536 0.207213
v -0.254894 1.069775 0.207933
v -0.258243 1.074000 0.208243
v 0.260000 1.090330 0.204000
v 0.254000 1.096367 0.204041
v 0.254000 1.089667 0.210000
v 0.258243 1.094591 0.204020
v 0.257464 1.093419 0.207473
v 0.254000 1.094122 0.208263
v 0.258243 1.089854 0.208234
v 0.260000 1.114292 0.000000
v 0.254000 1.120333 0.000000
v 0.258243 1.118564 0.000000
v 0.255857 1.068000 0.000000
v 0.260000 1.074000 0.000000
v 0.258787 1.069757 0.000000
v 0.260000 1.074000 0.204000
v 0.254000 1.074000 0.210000
v 0.255932 1.068000 0.202894
v 0.258243 1.074000 0.208243
v 0.257859 1.070536 0.207213
v 0.254894 1.069775 0.207933
v 0.258781 1.069731 0.203357
v -0.260000 1.090330 -0.204000
v -0.254000 1.096367 -0.204041
v -0.254000 1.089667 -0.210000
v -0.258243 1.094591 -0.204020
v -0.257464 1.093419 -0.207473
v -0.254000 1.094122 -0.208263
v -0.258243 1.089854 -0.208234
v 0.000000 1.096367 -0.204041
v 0.000000 1.089667 -0.210000
v 0.000000 1.094114 -0.208255
v 0.000000 1.074000 -0.210000
v 0.000000 1.068000 -0.202937
v 0.000000 1.069757 -0.207931
v -0.260000 1.074000 -0.204000
v -0.254000 1.074000 -0.210000
v -0.255932 1.068000 -0.202894
v -0.258243 1.074000 -0.208243
v -0.257859 1.070536 -0.207213
v -0.254894 1.069775 -0.207933
v -0.258781 1.069731 -0.203357
v 0.260000 1.090330 -0.204000
v 0.254000 1.089667 -0.210000
v 0.254000 1.096367 -0.204041
v 0.258243 1.089854 -0.208234
v 0.257464 1.093419 -0.207473
v 0.254000 1.094122 -0.208263
v 0.258243 1.094591 -0.204020
v 0.260000 1.074000 -0.204000
v 0.255932 1.068000 -0.202894
v 0.254000 1.074000 -0.210000
v 0.258781 1.069731 -0.203357
v 0.257859 1.070536 -0.207213
v 0.254894 1.069775 -0.207933
v 0.258243 1.074000 -0.208243
v -0.219172 0.160828 0.170000
v -0.219172 1.049172 0.170000
v 0.240972 0.160828 0.170000
v 0.240972 1.049172 0.170000
v -0.226000 1.060000 0.190333
v -0.230000 1.056000 0.190333
v -0.226000 1.056000 0.194333
v -0.228829 1.058828 0.190333
v -0.228310 1.058309 0.192643
v -0.228829 1.056000 0.193162
v -0.226000 1.058828 0.193162
v -0.226000 0.150000 0.190333
v -0.226000 0.154000 0.194333
v -0.230000 0.154000 0.190333
v -0.226000 0.151172 0.193162
v -0.228310 0.151691 0.192643
v -0.228829 0.154000 0.193162
v -0.228829 0.151172 0.190333
v 0.247800 0.150000 0.190333
v 0.251800 0.154000 0.190333
v 0.247800 0.154000 0.194333
v 0.250628 0.151172 0.190333
v 0.250109 0.151691 0.192643
v 0.250628 0.154000 0.193162
v 0.247800 0.151172 0.193162
v 0.251800 1.056000 0.190333
v 0.247800 1.060000 0.190333
v 0.247800 1.056000 0.194333
v 0.250628 1.058828 0.190333
v 0.250109 1.058309 0.192643
v 0.247800 1.058828 0.193162
v 0.250628 1.056000 0.193162
v 0.247800 1.060000 0.174000
v 0.251800 1.056000 0.174000
v 0.247800 1.056000 0.170000
v 0.250628 1.058828 0.174000
v 0.250109 1.058309 0.171691
v 0.250628 1.056000 0.171172
v 0.247800 1.058828 0.171172
v 0.247800 0.150000 0.174000
v 0.247800 0.154000 0.170000
v 0.251800 0.154000 0.174000
v 0.247800 0.151172 0.171172
v 0.250109 0.151691 0.171691
v 0.250628 0.154000 0.171172
v 0.250628 0.151172 0.174000
v -0.226000 0.150000 0.174000
v -0.230000 0.154000 0.174000
v -0.226000 0.154000 0.170000
v -0.228829 0.151172 0.174000
v -0.228310 0.151691 0.171691
v -0.228829 0.154000 0.171172
v -0.226000 0.151172 0.171172
v -0.226000 1.056000 0.170000
v -0.230000 1.056000 0.174000
v -0.226000 1.060000 0.174000
v -0.228829 1.056000 0.171172
v -0.228310 1.058309 0.171691
v -0.228829 1.058828 0.174000
v -0.226000 1.058828 0.171172
v 0.231800 1.053411 0.163411
v 0.251800 1.060000 0.170000
v 0.231800 1.061411 0.153411
v 0.231800 1.061411 0.126589
v 0.251800 1.068000 0.170000
v 0.231800 1.068000 0.170000
v 0.231800 0.156589 0.126589
v 0.231800 0.156589 0.163411
v 0.251800 0.150000 0.170000
v 0.231800 0.142000 0.120000
v 0.251800 0.142000 0.170000
v 0.231800 0.142000 0.170000
v 0.231800 1.053411 0.153411
v 0.231800 1.068000 0.120000
v 0.231800 1.060000 0.170000
v 0.231800 0.150000 0.170000
v 0.241800 1.060000 0.183262
v 0.251800 1.068000 0.125000
v 0.246800 1.068000 0.120000
v 0.250336 1.068000 0.121464
v 0.251800 0.142000 0.125000
v 0.246800 0.142000 0.120000
v 0.250336 0.142000 0.121464
v 0.251800 1.060000 0.183262
v 0.245062 1.060000 0.190000
v 0.249827 1.060000 0.188027
v 0.245062 1.068000 0.190000
v 0.251800 1.068000 0.183262
v 0.249827 1.068000 0.188027
v 0.238538 1.060000 0.190000
v 0.231800 1.060000 0.183262
v 0.233773 1.060000 0.188027
v 0.231800 1.068000 0.183262
v 0.238538 1.068000 0.190000
v 0.233773 1.068000 0.188027
v 0.245062 0.150000 0.190000
v 0.251800 0.150000 0.183262
v 0.249827 0.150000 0.188027
v 0.251800 0.142000 0.183262
v 0.245062 0.142000 0.190000
v 0.249827 0.142000 0.188027
v 0.231800 0.150000 0.183262
v 0.238538 0.150000 0.190000
v 0.233773 0.150000 0.188027
v 0.238538 0.142000 0.190000
v 0.231800 0.142000 0.183262
v 0.233773 0.142000 0.188027
v 0.241800 1.068000 0.170000
v 0.241800 1.068000 0.183262
v 0.246296 1.068000 0.125036
v 0.231800 1.068000 0.125131
v 0.241800 0.142000 0.170000
v 0.241800 0.142000 0.183262
v 0.231800 0.142000 0.123763
v 0.246334 0.142000 0.124662
v 0.241800 0.150000 0.183262
v -0.189500 0.627845 0.199000
v -0.189500 0.627767 0.201219
v -0.186781 0.626719 0.199000
v -0.186836 0.626664 0.201219
v -0.185655 0.624000 0.199000
v -0.185733 0.624000 0.201219
v -0.186781 0.621281 0.199000
v -0.186836 0.621336 0.201219
v -0.189500 0.620155 0.199000
v -0.189500 0.620233 0.201219
v -0.192219 0.621281 0.199000
v -0.192164 0.621336 0.201219
v -0.193345 0.624000 0.199000
v -0.193267 0.624000 0.201219
v -0.192219 0.626719 0.199000
v -0.192164 0.626664 0.201219
v -0.189500 0.624000 0.201348
v -0.151500 0.627845 0.199000
v -0.151500 0.627767 0.201219
v -0.154219 0.626719 0.199000
v -0.154164 0.626664 0.201219
v -0.155345 0.624000 0.199000
v -0.155267 0.624000 0.201219
v -0.154219 0.621281 0.199000
v -0.154164 0.621336 0.201219
v -0.151500 0.620155 0.199000
v -0.151500 0.620233 0.201219
v -0.148781 0.621281 0.199000
v -0.148836 0.621336 0.201219
v -0.147655 0.624000 0.199000
v -0.147733 0.624000 0.201219
v -0.148781 0.626719 0.199000
v -0.148836 0.626664 0.201219
v -0.151500 0.624000 0.201348
v -0.189500 0.572155 0.199000
v -0.189500 0.572233 0.201219
v -0.186781 0.573281 0.199000
v -0.186836 0.573336 0.201219
v -0.185655 0.576000 0.199000
v -0.185733 0.576000 0.201219
v -0.186781 0.578719 0.199000
v -0.186836 0.578664 0.201219
v -0.189500 0.579845 0.199000
v -0.189500 0.579767 0.201219
v -0.192219 0.578719 0.199000
v -0.192164 0.578664 0.201219
v -0.193345 0.576000 0.199000
v -0.193267 0.576000 0.201219
v -0.192219 0.573281 0.199000
v -0.192164 0.573336 0.201219
v -0.189500 0.576000 0.201348
v -0.151500 0.572155 0.199000
v -0.151500 0.572233 0.201219
v -0.154219 0.573281 0.199000
v -0.154164 0.573336 0.201219
v -0.155345 0.576000 0.199000
v -0.155267 0.576000 0.201219
v -0.154219 0.578719 0.199000
v -0.154164 0.578664 0.201219
v -0.151500 0.579845 0.199000
v -0.151500 0.579767 0.201219
v -0.148781 0.578719 0.199000
v -0.148836 0.578664 0.201219
v -0.147655 0.576000 0.199000
v -0.147733 0.576000 0.201219
v -0.148781 0.573281 0.199000
v -0.148836 0.573336 0.201219
v -0.151500 0.576000 0.201348
v -0.183500 0.630000 0.194000
v -0.157500 0.630000 0.194000
v -0.157500 0.630000 0.199500
v -0.183500 0.630000 0.199500
v -0.170500 0.570000 0.199500
v -0.170500 0.570000 0.194500
v -0.157539 0.597000 0.199500
v -0.159275 0.590519 0.199500
v -0.164019 0.585775 0.199500
v -0.176981 0.585775 0.199500
v -0.181725 0.590519 0.199500
v -0.183461 0.597000 0.199500
v -0.195500 0.597000 0.199500
v -0.195500 0.597000 0.194300
v -0.145500 0.597000 0.194300
v -0.145500 0.597000 0.199500
v -0.170500 0.584000 0.199500
v -0.170500 0.630000 0.194000
v -0.170500 0.630000 0.199500
v -0.145500 0.590500 0.194350
v -0.145500 0.590500 0.199500
v -0.195500 0.590500 0.194350
v -0.195500 0.590500 0.199500
v -0.161674 0.591904 0.204000
v -0.165406 0.588176 0.204000
v -0.170500 0.586812 0.204000
v -0.175594 0.588176 0.204000
v -0.179326 0.591904 0.204000
v -0.195500 0.617000 0.199500
v -0.183481 0.617000 0.199500
v -0.157519 0.617000 0.199500
v -0.195500 0.617000 0.194150
v -0.145500 0.617000 0.194150
v -0.145500 0.617000 0.199500
v -0.167699 0.612164 0.200000
v -0.170500 0.611381 0.200000
v -0.176119 0.617000 0.200000
v -0.175336 0.619801 0.200000
v -0.173301 0.621836 0.200000
v -0.165664 0.614199 0.200000
v -0.164881 0.617000 0.200000
v -0.167699 0.621836 0.200000
v -0.170500 0.622619 0.200000
v -0.175336 0.614199 0.200000
v -0.165664 0.619801 0.200000
v -0.173301 0.612164 0.200000
v -0.170500 0.617000 0.197000
v -0.180717 0.617000 0.204000
v -0.180737 0.630000 0.204000
v -0.160284 0.617000 0.204000
v -0.160304 0.597000 0.204000
v -0.170500 0.597000 0.204000
v -0.160263 0.630000 0.204000
v -0.170500 0.630000 0.204000
v -0.180696 0.597000 0.204000
v -0.165664 0.614199 0.204000
v -0.164881 0.617000 0.204000
v -0.165664 0.619801 0.204000
v -0.167699 0.621836 0.204000
v -0.170500 0.622619 0.204000
v -0.173301 0.621836 0.204000
v -0.175336 0.619801 0.204000
v -0.176119 0.617000 0.204000
v -0.175336 0.614199 0.204000
v -0.173301 0.612164 0.204000
v -0.170500 0.611381 0.204000
v -0.167699 0.612164 0.204000
v -0.162424 0.597000 0.204000
v -0.166105 0.597000 0.204000
v -0.174895 0.597000 0.204000
v -0.178576 0.597000 0.204000
v -0.195500 0.576110 0.199500
v -0.189390 0.570000 0.199500
v -0.193711 0.571789 0.199500
v -0.189390 0.630000 0.199500
v -0.195500 0.623890 0.199500
v -0.193711 0.628211 0.199500
v -0.189390 0.570000 0.194500
v -0.195500 0.576110 0.194456
v -0.193711 0.571789 0.194487
v -0.195500 0.623890 0.194070
v -0.189390 0.630000 0.194000
v -0.193711 0.628211 0.194021
v -0.151610 0.570000 0.199500
v -0.145500 0.576110 0.199500
v -0.147289 0.571789 0.199500
v -0.145500 0.623890 0.199500
v -0.151610 0.630000 0.199500
v -0.147289 0.628211 0.199500
v -0.145500 0.576110 0.194456
v -0.151610 0.570000 0.194500
v -0.147289 0.571789 0.194487
v -0.151610 0.630000 0.194000
v -0.145500 0.623890 0.194070
v -0.147289 0.628211 0.194021
v -0.179355 0.597000 0.203750
v -0.178169 0.601428 0.203750
v -0.176986 0.600745 0.206000
v -0.174928 0.604669 0.203750
v -0.174245 0.603486 0.206000
v -0.170500 0.604489 0.206000
v -0.166072 0.604669 0.203750
v -0.166755 0.603486 0.206000
v -0.162831 0.601428 0.203750
v -0.161645 0.597000 0.203750
v -0.170500 0.605882 0.203750
v -0.162831 0.592572 0.203750
v -0.166072 0.589331 0.203750
v -0.174928 0.589331 0.203750
v -0.178169 0.592572 0.203750
v -0.170500 0.588118 0.203750
v -0.178169 0.601428 0.206000
v -0.179355 0.597000 0.206000
v -0.174928 0.604669 0.206000
v -0.170500 0.605855 0.206000
v -0.166072 0.604669 0.206000
v -0.162831 0.601428 0.206000
v -0.161645 0.597000 0.206000
v -0.166072 0.589331 0.206000
v -0.162831 0.592572 0.206000
v -0.170500 0.588145 0.206000
v -0.174928 0.589331 0.206000
v -0.178169 0.592572 0.206000
v -0.164014 0.600745 0.206000
v -0.170500 0.600745 0.206000
v -0.178846 0.516171 0.193589
v -0.162154 0.516171 0.193589
v -0.178846 0.524012 0.193589
v -0.162154 0.524012 0.193589
v -0.176986 0.586623 0.222000
v -0.176986 0.591883 0.219196
v -0.176986 0.589562 0.221179
v -0.164014 0.591883 0.219196
v -0.164014 0.586623 0.222000
v -0.164014 0.589562 0.221179
v -0.176986 0.588328 0.215522
v -0.176986 0.585554 0.217000
v -0.176986 0.587104 0.216567
v -0.164014 0.585554 0.217000
v -0.164014 0.588328 0.215522
v -0.164014 0.587104 0.216567
v -0.176986 0.518386 0.196967
v -0.164014 0.518386 0.196967
v -0.176986 0.523305 0.196545
v -0.164014 0.523305 0.196545
v -0.176986 0.521936 0.216228
v -0.176986 0.528870 0.222000
v -0.176986 0.524408 0.220309
v -0.164014 0.528870 0.222000
v -0.164014 0.521936 0.216228
v -0.164014 0.524408 0.220309
v -0.176986 0.531256 0.217000
v -0.176986 0.526391 0.212964
v -0.176986 0.528130 0.215818
v -0.164014 0.526391 0.212964
v -0.164014 0.531256 0.217000
v -0.164014 0.528130 0.215818
v -0.173743 0.600745 0.206000
v -0.173743 0.588328 0.215522
v -0.167257 0.600745 0.206000
v -0.167257 0.588328 0.215522
v -0.178701 0.597000 0.206000
v -0.177893 0.596335 0.207096
v -0.163108 0.596335 0.207096
v -0.162299 0.597000 0.206000
v -0.163397 0.592899 0.206000
v -0.164014 0.592730 0.207016
v -0.166811 0.590273 0.207050
v -0.166399 0.589897 0.206000
v -0.170500 0.589379 0.207059
v -0.170500 0.588799 0.206000
v -0.174189 0.590273 0.207050
v -0.174601 0.589897 0.206000
v -0.176986 0.592730 0.207016
v -0.177603 0.592899 0.206000
v 0.240126 0.138027 0.173752
v 0.241800 0.141973 0.173531
v 0.235552 0.138027 0.178326
v 0.236198 0.141973 0.176766
v 0.237226 0.138027 0.184574
v 0.237226 0.141973 0.184574
v 0.243474 0.138027 0.186248
v 0.243474 0.141973 0.186248
v 0.248048 0.138027 0.181674
v 0.248048 0.141973 0.181674
v 0.246374 0.138027 0.175426
v 0.246374 0.141973 0.175426
v 0.255641 0.190000 0.138531
v 0.251696 0.190000 0.138531
v 0.255641 0.195602 0.141766
v 0.251696 0.195602 0.141766
v 0.255641 0.195602 0.148234
v 0.251696 0.195602 0.148234
v 0.255641 0.190000 0.151469
v 0.251696 0.190000 0.151469
v 0.255641 0.184398 0.148234
v 0.251696 0.184398 0.148234
v 0.255641 0.184398 0.141766
v 0.251696 0.184398 0.141766
v 0.255641 0.611837 0.138752
v 0.251696 0.611837 0.138752
v 0.255641 0.616411 0.143326
v 0.251696 0.616411 0.143326
v 0.255641 0.614737 0.149574
v 0.251696 0.614737 0.149574
v 0.255641 0.608488 0.151248
v 0.251696 0.608488 0.151248
v 0.255641 0.603914 0.146674
v 0.251696 0.603914 0.146674
v 0.255641 0.605588 0.140426
v 0.251696 0.605588 0.140426
v 0.255641 1.036573 0.143326
v 0.251696 1.036573 0.143326
v 0.255641 1.034899 0.149574
v 0.251696 1.034899 0.149574
v 0.255641 1.028651 0.151248
v 0.251696 1.028651 0.151248
v 0.255641 1.024076 0.146674
v 0.251696 1.024076 0.146674
v 0.255641 1.025751 0.140426
v 0.251696 1.025751 0.140426
v 0.255641 1.031999 0.138752
v 0.251696 1.031999 0.138752
v -0.255641 0.190000 0.138531
v -0.251696 0.190000 0.138531
v -0.255641 0.195602 0.141766
v -0.251696 0.195602 0.141766
v -0.255641 0.195602 0.148234
v -0.251696 0.195602 0.148234
v -0.255641 0.190000 0.151469
v -0.251696 0.190000 0.151469
v -0.255641 0.184398 0.148234
v -0.251696 0.184398 0.148234
v -0.255641 0.184398 0.141766
v -0.251696 0.184398 0.141766
v -0.255641 0.611837 0.138752
v -0.251696 0.611837 0.138752
v -0.255641 0.616411 0.143326
v -0.251696 0.616411 0.143326
v -0.255641 0.614737 0.149574
v -0.251696 0.614737 0.149574
v -0.255641 0.608488 0.151248
v -0.251696 0.608488 0.151248
v -0.255641 0.603914 0.146674
v -0.251696 0.603914 0.146674
v -0.255641 0.605588 0.140426
v -0.251696 0.605588 0.140426
v -0.255641 1.036573 0.143326
v -0.251696 1.036573 0.143326
v -0.255641 1.034899 0.149574
v -0.251696 1.034899 0.149574
v -0.255641 1.028651 0.151248
v -0.251696 1.028651 0.151248
v -0.255641 1.024076 0.146674
v -0.251696 1.024076 0.146674
v -0.255641 1.025751 0.140426
v -0.251696 1.025751 0.140426
v -0.255641 1.031999 0.138752
v -0.251696 1.031999 0.138752
v -0.231800 1.056046 0.123954
v -0.231800 1.056046 0.166046
v -0.251800 1.060000 0.170000
v -0.231800 1.068000 0.120000
v -0.251800 1.068000 0.170000
v -0.231800 1.068000 0.170000
v -0.231800 0.153954 0.123954
v -0.231800 0.153954 0.166046
v -0.251800 0.150000 0.170000
v -0.231800 0.142000 0.120000
v -0.251800 0.142000 0.170000
v -0.231800 0.142000 0.170000
v -0.231800 1.060000 0.120000
v -0.231800 1.060000 0.170000
v -0.231800 0.150000 0.170000
v -0.231800 0.150000 0.120000
v -0.246800 1.060000 0.120000
v -0.251800 1.060000 0.125000
v -0.250336 1.060000 0.121464
v -0.246800 1.068000 0.120000
v -0.251800 1.068000 0.125000
v -0.250336 1.068000 0.121464
v -0.246800 0.150000 0.120000
v -0.251800 0.150000 0.125000
v -0.250336 0.150000 0.121464
v -0.251800 0.142000 0.125000
v -0.246800 0.142000 0.120000
v -0.250336 0.142000 0.121464
v -0.251800 1.060000 0.185228
v -0.247028 1.060000 0.190000
v -0.250402 1.060000 0.188602
v -0.236572 1.060000 0.190000
v -0.231800 1.060000 0.185228
v -0.233198 1.060000 0.188602
v -0.247028 0.150000 0.190000
v -0.251800 0.150000 0.185228
v -0.250402 0.150000 0.188602
v -0.231800 0.150000 0.185228
v -0.236572 0.150000 0.190000
v -0.233198 0.150000 0.188602
v -0.241800 1.068000 0.170000
v -0.241800 1.060000 0.170000
v -0.241800 1.060000 0.185228
v -0.241800 0.142000 0.170000
v -0.241800 0.150000 0.170000
v -0.241800 0.150000 0.185228
v -0.246434 0.142000 0.123659
v -0.246434 1.068000 0.123659
v 0.165881 0.286161 -0.189781
v 0.165881 0.286083 -0.192001
v 0.163163 0.285035 -0.189781
v 0.163218 0.284980 -0.192001
v 0.162036 0.282316 -0.189781
v 0.162114 0.282316 -0.192001
v 0.163163 0.279598 -0.189781
v 0.163218 0.279653 -0.192001
v 0.165881 0.278471 -0.189781
v 0.165881 0.278549 -0.192001
v 0.168600 0.279598 -0.189781
v 0.168545 0.279653 -0.192001
v 0.169726 0.282316 -0.189781
v 0.169648 0.282316 -0.192001
v 0.168600 0.285035 -0.189781
v 0.168545 0.284980 -0.192001
v 0.165881 0.282316 -0.192130
v -0.165881 0.286161 -0.189781
v -0.165881 0.286083 -0.192001
v -0.163163 0.285035 -0.189781
v -0.163218 0.284980 -0.192001
v -0.162037 0.282316 -0.189781
v -0.162114 0.282316 -0.192001
v -0.163163 0.279598 -0.189781
v -0.163218 0.279653 -0.192001
v -0.165881 0.278471 -0.189781
v -0.165881 0.278549 -0.192001
v -0.168600 0.279598 -0.189781
v -0.168545 0.279653 -0.192001
v -0.169726 0.282316 -0.189781
v -0.169649 0.282316 -0.192001
v -0.168600 0.285035 -0.189781
v -0.168545 0.284980 -0.192001
v -0.165881 0.282316 -0.192130
v -0.189500 0.193845 0.194033
v -0.189500 0.193767 0.196253
v -0.186781 0.192719 0.194033
v -0.186836 0.192664 0.196253
v -0.185655 0.190000 0.194033
v -0.185733 0.190000 0.196253
v -0.186781 0.187281 0.194033
v -0.186836 0.187336 0.196253
v -0.189500 0.186155 0.194033
v -0.189500 0.186233 0.196253
v -0.192219 0.187281 0.194033
v -0.192164 0.187336 0.196253
v -0.193345 0.190000 0.194033
v -0.193267 0.190000 0.196253
v -0.192219 0.192719 0.194033
v -0.192164 0.192664 0.196253
v -0.189500 0.190000 0.196382
v -0.189500 0.332262 0.194033
v -0.189500 0.332184 0.196253
v -0.186781 0.331136 0.194033
v -0.186836 0.331081 0.196253
v -0.185655 0.328417 0.194033
v -0.185733 0.328417 0.196253
v -0.186781 0.325698 0.194033
v -0.186836 0.325753 0.196253
v -0.189500 0.324572 0.194033
v -0.189500 0.324650 0.196253
v -0.192219 0.325698 0.194033
v -0.192164 0.325753 0.196253
v -0.193345 0.328417 0.194033
v -0.193267 0.328417 0.196253
v -0.192219 0.331136 0.194033
v -0.192164 0.331081 0.196253
v -0.189500 0.328417 0.196382
v -0.189500 0.470679 0.194033
v -0.189500 0.470601 0.196253
v -0.186781 0.469552 0.194033
v -0.186836 0.469497 0.196253
v -0.185655 0.466834 0.194033
v -0.185733 0.466834 0.196253
v -0.186781 0.464115 0.194033
v -0.186836 0.464170 0.196253
v -0.189500 0.462989 0.194033
v -0.189500 0.463067 0.196253
v -0.192219 0.464115 0.194033
v -0.192164 0.464170 0.196253
v -0.193345 0.466834 0.194033
v -0.193267 0.466834 0.196253
v -0.192219 0.469552 0.194033
v -0.192164 0.469497 0.196253
v -0.189500 0.466834 0.196382
v -0.151435 0.193845 0.194033
v -0.151435 0.193767 0.196253
v -0.148717 0.192719 0.194033
v -0.148772 0.192664 0.196253
v -0.147590 0.190000 0.194033
v -0.147668 0.190000 0.196253
v -0.148717 0.187281 0.194033
v -0.148772 0.187336 0.196253
v -0.151435 0.186155 0.194033
v -0.151435 0.186233 0.196253
v -0.154154 0.187281 0.194033
v -0.154099 0.187336 0.196253
v -0.155280 0.190000 0.194033
v -0.155202 0.190000 0.196253
v -0.154154 0.192719 0.194033
v -0.154099 0.192664 0.196253
v -0.151435 0.190000 0.196382
v -0.151435 0.332262 0.194033
v -0.151435 0.332184 0.196253
v -0.148717 0.331136 0.194033
v -0.148772 0.331081 0.196253
v -0.147590 0.328417 0.194033
v -0.147668 0.328417 0.196253
v -0.148717 0.325698 0.194033
v -0.148772 0.325753 0.196253
v -0.151435 0.324572 0.194033
v -0.151435 0.324650 0.196253
v -0.154154 0.325698 0.194033
v -0.154099 0.325753 0.196253
v -0.155280 0.328417 0.194033
v -0.155202 0.328417 0.196253
v -0.154154 0.331136 0.194033
v -0.154099 0.331081 0.196253
v -0.151435 0.328417 0.196382
v -0.151435 0.470679 0.194033
v -0.151435 0.470601 0.196253
v -0.148717 0.469552 0.194033
v -0.148772 0.469497 0.196253
v -0.147590 0.466834 0.194033
v -0.147668 0.466834 0.196253
v -0.148717 0.464115 0.194033
v -0.148772 0.464170 0.196253
v -0.151435 0.462989 0.194033
v -0.151435 0.463067 0.196253
v -0.154154 0.464115 0.194033
v -0.154099 0.464170 0.196253
v -0.155280 0.466834 0.194033
v -0.155202 0.466834 0.196253
v -0.154154 0.469552 0.194033
v -0.154099 0.469497 0.196253
v -0.151435 0.466834 0.196382
v -0.189500 0.663845 0.194033
v -0.189500 0.663767 0.196253
v -0.186781 0.662719 0.194033
v -0.186836 0.662664 0.196253
v -0.185655 0.660000 0.194033
v -0.185733 0.660000 0.196253
v -0.186781 0.657281 0.194033
v -0.186836 0.657336 0.196253
v -0.189500 0.656155 0.194033
v -0.189500 0.656233 0.196253
v -0.192219 0.657281 0.194033
v -0.192164 0.657336 0.196253
v -0.193345 0.660000 0.194033
v -0.193267 0.660000 0.196253
v -0.192219 0.662719 0.194033
v -0.192164 0.662664 0.196253
v -0.189500 0.660000 0.196382
v -0.189500 0.740743 0.194033
v -0.189500 0.740665 0.196253
v -0.186781 0.739617 0.194033
v -0.186836 0.739562 0.196253
v -0.185655 0.736898 0.194033
v -0.185733 0.736898 0.196253
v -0.186781 0.734179 0.194033
v -0.186836 0.734235 0.196253
v -0.189500 0.733053 0.194033
v -0.189500 0.733131 0.196253
v -0.192219 0.734179 0.194033
v -0.192164 0.734235 0.196253
v -0.193345 0.736898 0.194033
v -0.193267 0.736898 0.196253
v -0.192219 0.739617 0.194033
v -0.192164 0.739562 0.196253
v -0.189500 0.736898 0.196382
v -0.189500 0.817641 0.194033
v -0.189500 0.817564 0.196253
v -0.186781 0.816515 0.194033
v -0.186836 0.816460 0.196253
v -0.185655 0.813796 0.194033
v -0.185733 0.813796 0.196253
v -0.186781 0.811078 0.194033
v -0.186836 0.811133 0.196253
v -0.189500 0.809952 0.194033
v -0.189500 0.810029 0.196253
v -0.192219 0.811078 0.194033
v -0.192164 0.811133 0.196253
v -0.193345 0.813796 0.194033
v -0.193267 0.813796 0.196253
v -0.192219 0.816515 0.194033
v -0.192164 0.816460 0.196253
v -0.189500 0.813796 0.196382
v -0.151435 0.663845 0.194033
v -0.151435 0.663767 0.196253
v -0.148717 0.662719 0.194033
v -0.148772 0.662664 0.196253
v -0.147590 0.660000 0.194033
v -0.147668 0.660000 0.196253
v -0.148717 0.657281 0.194033
v -0.148772 0.657336 0.196253
v -0.151435 0.656155 0.194033
v -0.151435 0.656233 0.196253
v -0.154154 0.657281 0.194033
v -0.154099 0.657336 0.196253
v -0.155280 0.660000 0.194033
v -0.155202 0.660000 0.196253
v -0.154154 0.662719 0.194033
v -0.154099 0.662664 0.196253
v -0.151435 0.660000 0.196382
v -0.151435 0.740743 0.194033
v -0.151435 0.740665 0.196253
v -0.148717 0.739617 0.194033
v -0.148772 0.739562 0.196253
v -0.147590 0.736898 0.194033
v -0.147668 0.736898 0.196253
v -0.148717 0.734179 0.194033
v -0.148772 0.734235 0.196253
v -0.151435 0.733053 0.194033
v -0.151435 0.733131 0.196253
v -0.154154 0.734179 0.194033
v -0.154099 0.734235 0.196253
v -0.155280 0.736898 0.194033
v -0.155202 0.736898 0.196253
v -0.154154 0.739617 0.194033
v -0.154099 0.739562 0.196253
v -0.151435 0.736898 0.196382
v -0.151435 0.817641 0.194034
v -0.151435 0.817564 0.196253
v -0.148717 0.816515 0.194034
v -0.148772 0.816460 0.196253
v -0.147590 0.813796 0.194034
v -0.147668 0.813796 0.196253
v -0.148717 0.811078 0.194034
v -0.148772 0.811133 0.196253
v -0.151435 0.809952 0.194033
v -0.151435 0.810029 0.196253
v -0.154154 0.811078 0.194033
v -0.154099 0.811133 0.196253
v -0.155280 0.813796 0.194033
v -0.155202 0.813796 0.196253
v -0.154154 0.816515 0.194033
v -0.154099 0.816460 0.196253
v -0.151435 0.813796 0.196382
v -0.189500 1.003845 0.194033
v -0.189500 1.003767 0.196253
v -0.186781 1.002719 0.194033
v -0.186836 1.002664 0.196253
v -0.185655 1.000000 0.194033
v -0.185733 1.000000 0.196253
v -0.186781 0.997281 0.194033
v -0.186836 0.997336 0.196253
v -0.189500 0.996155 0.194033
v -0.189500 0.996233 0.196253
v -0.192219 0.997281 0.194033
v -0.192164 0.997336 0.196253
v -0.193345 1.000000 0.194033
v -0.193267 1.000000 0.196253
v -0.192219 1.002719 0.194033
v -0.192164 1.002664 0.196253
v -0.189500 1.000000 0.196382
v -0.147206 1.003845 0.194033
v -0.147206 1.003767 0.196253
v -0.144487 1.002719 0.194033
v -0.144542 1.002664 0.196253
v -0.143361 1.000000 0.194033
v -0.143439 1.000000 0.196253
v -0.144487 0.997281 0.194033
v -0.144542 0.997336 0.196253
v -0.147206 0.996155 0.194033
v -0.147206 0.996233 0.196253
v -0.149925 0.997281 0.194033
v -0.149870 0.997336 0.196253
v -0.151051 1.000000 0.194033
v -0.150973 1.000000 0.196253
v -0.149925 1.002719 0.194033
v -0.149870 1.002664 0.196253
v -0.147206 1.000000 0.196382
v 0.060000 0.723845 0.194033
v 0.060000 0.723767 0.196253
v 0.062719 0.722719 0.194033
v 0.062664 0.722664 0.196253
v 0.063845 0.720000 0.194033
v 0.063767 0.720000 0.196253
v 0.062719 0.717281 0.194033
v 0.062664 0.717336 0.196253
v 0.060000 0.716155 0.194033
v 0.060000 0.716233 0.196253
v 0.057281 0.717281 0.194033
v 0.057336 0.717336 0.196253
v 0.056155 0.720000 0.194033
v 0.056233 0.720000 0.196253
v 0.057281 0.722719 0.194033
v 0.057336 0.722664 0.196253
v 0.060000 0.720000 0.196382
v 0.060000 0.769984 0.194033
v 0.060000 0.769906 0.196253
v 0.062719 0.768858 0.194033
v 0.062664 0.768803 0.196253
v 0.063845 0.766139 0.194033
v 0.063767 0.766139 0.196253
v 0.062719 0.763420 0.194033
v 0.062664 0.763475 0.196253
v 0.060000 0.762294 0.194033
v 0.060000 0.762372 0.196253
v 0.057281 0.763420 0.194033
v 0.057336 0.763475 0.196253
v 0.056155 0.766139 0.194033
v 0.056233 0.766139 0.196253
v 0.057281 0.768858 0.194033
v 0.057336 0.768803 0.196253
v 0.060000 0.766139 0.196382
v 0.201800 0.346845 0.194033
v 0.201800 0.346767 0.196253
v 0.204519 0.345719 0.194033
v 0.204464 0.345664 0.196253
v 0.205645 0.343000 0.194033
v 0.205567 0.343000 0.196253
v 0.204519 0.340281 0.194033
v 0.204464 0.340336 0.196253
v 0.201800 0.339155 0.194033
v 0.201800 0.339233 0.196253
v 0.199081 0.340281 0.194033
v 0.199136 0.340336 0.196253
v 0.197955 0.343000 0.194033
v 0.198033 0.343000 0.196253
v 0.199081 0.345719 0.194033
v 0.199136 0.345664 0.196253
v 0.201800 0.343000 0.196382
v 0.201800 0.485262 0.194033
v 0.201800 0.485184 0.196253
v 0.204519 0.484136 0.194033
v 0.204464 0.484081 0.196253
v 0.205645 0.481417 0.194033
v 0.205567 0.481417 0.196253
v 0.204519 0.478698 0.194033
v 0.204464 0.478753 0.196253
v 0.201800 0.477572 0.194033
v 0.201800 0.477650 0.196253
v 0.199081 0.478698 0.194033
v 0.199136 0.478753 0.196253
v 0.197955 0.481417 0.194033
v 0.198033 0.481417 0.196253
v 0.199081 0.484136 0.194033
v 0.199136 0.484081 0.196253
v 0.201800 0.481417 0.196382
v 0.201800 0.623679 0.194033
v 0.201800 0.623601 0.196253
v 0.204519 0.622553 0.194033
v 0.204464 0.622497 0.196253
v 0.205645 0.619834 0.194033
v 0.205567 0.619834 0.196253
v 0.204519 0.617115 0.194033
v 0.204464 0.617170 0.196253
v 0.201800 0.615989 0.194033
v 0.201800 0.616067 0.196253
v 0.199081 0.617115 0.194033
v 0.199136 0.617170 0.196253
v 0.197955 0.619834 0.194033
v 0.198033 0.619834 0.196253
v 0.199081 0.622553 0.194033
v 0.199136 0.622497 0.196253
v 0.201800 0.619834 0.196382
v 0.201800 0.762095 0.194033
v 0.201800 0.762018 0.196253
v 0.204519 0.760969 0.194033
v 0.204464 0.760914 0.196253
v 0.205645 0.758250 0.194033
v 0.205567 0.758250 0.196253
v 0.204519 0.755532 0.194033
v 0.204464 0.755587 0.196253
v 0.201800 0.754406 0.194033
v 0.201800 0.754483 0.196253
v 0.199081 0.755532 0.194033
v 0.199136 0.755587 0.196253
v 0.197955 0.758250 0.194033
v 0.198033 0.758250 0.196253
v 0.199081 0.760969 0.194033
v 0.199136 0.760914 0.196253
v 0.201800 0.758250 0.196382
v 0.201800 0.900512 0.194034
v 0.201800 0.900434 0.196253
v 0.204519 0.899386 0.194034
v 0.204464 0.899331 0.196253
v 0.205645 0.896667 0.194034
v 0.205567 0.896667 0.196253
v 0.204519 0.893949 0.194034
v 0.204464 0.894004 0.196253
v 0.201800 0.892822 0.194034
v 0.201800 0.892900 0.196253
v 0.199081 0.893949 0.194034
v 0.199136 0.894004 0.196253
v 0.197955 0.896667 0.194034
v 0.198033 0.896667 0.196253
v 0.199081 0.899386 0.194034
v 0.199136 0.899331 0.196253
v 0.201800 0.896667 0.196382
v -0.200000 0.017845 0.160000
v -0.197336 0.016664 0.162219
v -0.197281 0.011281 0.160000
v -0.202664 0.011336 0.162219
v -0.202664 0.125336 0.162219
v 0.200000 0.017845 0.160000
v 0.197337 0.016664 0.162219
v 0.196233 0.014000 0.162219
v 0.197337 0.011336 0.162219
v 0.200000 0.010233 0.162219
v 0.203845 0.014000 0.160000
v 0.202664 0.016664 0.162219
v 0.200000 0.131767 0.162219
v 0.197282 0.125281 0.160000
v 0.197337 0.125336 0.162219
v 0.200000 0.124155 0.160000
v 0.200000 0.124233 0.162219
v 0.202719 0.125281 0.160000
v 0.202664 0.125336 0.162219
v 0.203845 0.128000 0.160000
v 0.200000 0.128000 0.162348
v 0.200000 0.017767 0.162219
v 0.197282 0.016719 0.160000
v 0.196155 0.014000 0.160000
v 0.197282 0.011281 0.160000
v 0.200000 0.010155 0.160000
v 0.202719 0.011281 0.160000
v 0.202664 0.011336 0.162219
v 0.203767 0.014000 0.162219
v 0.202719 0.016719 0.160000
v 0.200000 0.014000 0.162348
v 0.200000 0.131845 0.160000
v 0.197282 0.130719 0.160000
v 0.197337 0.130664 0.162219
v 0.196155 0.128000 0.160000
v 0.196233 0.128000 0.162219
v 0.203767 0.128000 0.162219
v 0.202719 0.130719 0.160000
v 0.202664 0.130664 0.162219
v -0.200000 0.017767 0.162219
v -0.197281 0.016719 0.160000
v -0.196155 0.014000 0.160000
v -0.196233 0.014000 0.162219
v -0.197336 0.011336 0.162219
v -0.200000 0.010155 0.160000
v -0.200000 0.010233 0.162219
v -0.202719 0.011281 0.160000
v -0.203845 0.014000 0.160000
v -0.203767 0.014000 0.162219
v -0.202719 0.016719 0.160000
v -0.202664 0.016664 0.162219
v -0.200000 0.014000 0.162348
v -0.200000 0.131845 0.160000
v -0.200000 0.131767 0.162219
v -0.197281 0.130719 0.160000
v -0.197336 0.130664 0.162219
v -0.196155 0.128000 0.160000
v -0.196233 0.128000 0.162219
v -0.197281 0.125281 0.160000
v -0.197336 0.125336 0.162219
v -0.200000 0.124155 0.160000
v -0.200000 0.124233 0.162219
v -0.202719 0.125281 0.160000
v -0.203845 0.128000 0.160000
v -0.203767 0.128000 0.162219
v -0.202719 0.130719 0.160000
v -0.202664 0.130664 0.162219
v -0.200000 0.128000 0.162348
v -0.197281 0.016719 -0.160000
v -0.197336 0.016664 -0.162219
v -0.196233 0.014000 -0.162219
v -0.197281 0.011281 -0.160000
v -0.200000 0.010233 -0.162219
v -0.202719 0.011281 -0.160000
v -0.202664 0.011336 -0.162219
v -0.203845 0.014000 -0.160000
v -0.202664 0.016664 -0.162219
v -0.200000 0.014000 -0.162348
v -0.200000 0.131767 -0.162219
v -0.197336 0.130664 -0.162219
v -0.196155 0.128000 -0.160000
v -0.196233 0.128000 -0.162219
v -0.197336 0.125336 -0.162219
v -0.202664 0.125336 -0.162219
v -0.203845 0.128000 -0.160000
v -0.200000 0.128000 -0.162348
v 0.200000 0.017767 -0.162219
v 0.196155 0.014000 -0.160000
v 0.196233 0.014000 -0.162219
v 0.197337 0.011336 -0.162219
v 0.200000 0.010233 -0.162219
v 0.202719 0.011281 -0.160000
v 0.202664 0.011336 -0.162219
v 0.203767 0.014000 -0.162219
v 0.202664 0.016664 -0.162219
v 0.200000 0.014000 -0.162348
v 0.200000 0.131767 -0.162219
v 0.197337 0.130664 -0.162219
v 0.196155 0.128000 -0.160000
v 0.196233 0.128000 -0.162219
v 0.197282 0.125281 -0.160000
v 0.200000 0.124155 -0.160000
v 0.202719 0.125281 -0.160000
v 0.202664 0.125336 -0.162219
v 0.200000 0.128000 -0.162348
v 0.200000 0.017845 -0.160000
v 0.197282 0.016719 -0.160000
v 0.197337 0.016664 -0.162219
v 0.197282 0.011281 -0.160000
v 0.200000 0.010155 -0.160000
v 0.203845 0.014000 -0.160000
v 0.202719 0.016719 -0.160000
v 0.200000 0.131845 -0.160000
v 0.197282 0.130719 -0.160000
v 0.197337 0.125336 -0.162219
v 0.200000 0.124233 -0.162219
v 0.203845 0.128000 -0.160000
v 0.203767 0.128000 -0.162219
v 0.202719 0.130719 -0.160000
v 0.202664 0.130664 -0.162219
v -0.200000 0.017845 -0.160000
v -0.200000 0.017767 -0.162219
v -0.196155 0.014000 -0.160000
v -0.197336 0.011336 -0.162219
v -0.200000 0.010155 -0.160000
v -0.203767 0.014000 -0.162219
v -0.202719 0.016719 -0.160000
v -0.200000 0.131845 -0.160000
v -0.197281 0.130719 -0.160000
v -0.197281 0.125281 -0.160000
v -0.200000 0.124155 -0.160000
v -0.200000 0.124233 -0.162219
v -0.202719 0.125281 -0.160000
v -0.203767 0.128000 -0.162219
v -0.202719 0.130719 -0.160000
v -0.202664 0.130664 -0.162219
v 0.250826 0.187011 0.100000
v 0.253045 0.186933 0.100000
v 0.250826 0.185885 0.097281
v 0.253045 0.185830 0.097336
v 0.250826 0.183166 0.096155
v 0.253045 0.183166 0.096233
v 0.250826 0.180448 0.097281
v 0.253045 0.180503 0.097336
v 0.250826 0.179321 0.100000
v 0.253045 0.179399 0.100000
v 0.250826 0.180448 0.102719
v 0.253045 0.180503 0.102664
v 0.250826 0.183166 0.103845
v 0.253045 0.183166 0.103767
v 0.250826 0.185885 0.102719
v 0.253045 0.185830 0.102664
v 0.253174 0.183166 0.100000
v 0.250826 0.471011 0.100000
v 0.253046 0.470933 0.100000
v 0.250826 0.469885 0.097281
v 0.253046 0.469830 0.097336
v 0.250826 0.467166 0.096155
v 0.253046 0.467166 0.096233
v 0.250826 0.464448 0.097281
v 0.253046 0.464503 0.097336
v 0.250826 0.463321 0.100000
v 0.253046 0.463399 0.100000
v 0.250826 0.464448 0.102719
v 0.253046 0.464503 0.102664
v 0.250826 0.467166 0.103845
v 0.253046 0.467166 0.103767
v 0.250826 0.469885 0.102719
v 0.253046 0.469830 0.102664
v 0.253174 0.467166 0.100000
v 0.250826 0.755011 0.100000
v 0.253046 0.754933 0.100000
v 0.250826 0.753885 0.097281
v 0.253046 0.753830 0.097336
v 0.250826 0.751166 0.096155
v 0.253046 0.751166 0.096233
v 0.250826 0.748448 0.097281
v 0.253046 0.748503 0.097336
v 0.250826 0.747321 0.100000
v 0.253046 0.747399 0.100000
v 0.250826 0.748448 0.102719
v 0.253046 0.748503 0.102664
v 0.250826 0.751166 0.103845
v 0.253046 0.751166 0.103767
v 0.250826 0.753885 0.102719
v 0.253046 0.753830 0.102664
v 0.253174 0.751166 0.100000
v 0.250826 1.039011 0.100000
v 0.253046 1.038933 0.100000
v 0.250826 1.037885 0.097281
v 0.253046 1.037830 0.097336
v 0.250826 1.035166 0.096155
v 0.253046 1.035166 0.096233
v 0.250826 1.032448 0.097281
v 0.253046 1.032503 0.097336
v 0.250826 1.031321 0.100000
v 0.253046 1.031399 0.100000
v 0.250826 1.032448 0.102719
v 0.253046 1.032503 0.102664
v 0.250826 1.035166 0.103845
v 0.253046 1.035166 0.103767
v 0.250826 1.037885 0.102719
v 0.253046 1.037830 0.102664
v 0.253174 1.035166 0.100000
v 0.250826 0.187011 -0.170000
v 0.253045 0.186933 -0.170000
v 0.250826 0.185885 -0.172719
v 0.253045 0.185830 -0.172664
v 0.250826 0.183166 -0.173845
v 0.253045 0.183166 -0.173767
v 0.250826 0.180448 -0.172719
v 0.253045 0.180503 -0.172664
v 0.250826 0.179321 -0.170000
v 0.253045 0.179399 -0.170000
v 0.250826 0.180448 -0.167281
v 0.253045 0.180503 -0.167336
v 0.250826 0.183166 -0.166155
v 0.253045 0.183166 -0.166233
v 0.250826 0.185885 -0.167281
v 0.253045 0.185830 -0.167336
v 0.253174 0.183166 -0.170000
v 0.250826 0.471011 -0.170000
v 0.253045 0.470933 -0.170000
v 0.250826 0.469885 -0.172719
v 0.253045 0.469830 -0.172664
v 0.250826 0.467166 -0.173845
v 0.253045 0.467166 -0.173767
v 0.250826 0.464448 -0.172719
v 0.253045 0.464503 -0.172664
v 0.250826 0.463321 -0.170000
v 0.253045 0.463399 -0.170000
v 0.250826 0.464448 -0.167281
v 0.253045 0.464503 -0.167336
v 0.250826 0.467166 -0.166155
v 0.253045 0.467166 -0.166233
v 0.250826 0.469885 -0.167281
v 0.253045 0.469830 -0.167336
v 0.253174 0.467166 -0.170000
v 0.250826 0.755011 -0.170000
v 0.253046 0.754933 -0.170000
v 0.250826 0.753885 -0.172719
v 0.253046 0.753830 -0.172664
v 0.250826 0.751166 -0.173845
v 0.253046 0.751166 -0.173767
v 0.250826 0.748448 -0.172719
v 0.253046 0.748503 -0.172664
v 0.250826 0.747321 -0.170000
v 0.253046 0.747399 -0.170000
v 0.250826 0.748448 -0.167281
v 0.253045 0.748503 -0.167336
v 0.250826 0.751166 -0.166155
v 0.253045 0.751166 -0.166233
v 0.250826 0.753885 -0.167281
v 0.253045 0.753830 -0.167336
v 0.253174 0.751166 -0.170000
v 0.250826 1.039011 -0.170000
v 0.253046 1.038933 -0.170000
v 0.250826 1.037885 -0.172719
v 0.253046 1.037830 -0.172664
v 0.250826 1.035166 -0.173845
v 0.253046 1.035166 -0.173767
v 0.250826 1.032448 -0.172719
v 0.253046 1.032503 -0.172664
v 0.250826 1.031321 -0.170000
v 0.253046 1.031399 -0.170000
v 0.250826 1.032448 -0.167281
v 0.253046 1.032503 -0.167336
v 0.250826 1.035166 -0.166155
v 0.253046 1.035166 -0.166233
v 0.250826 1.037885 -0.167281
v 0.253046 1.037830 -0.167336
v 0.253174 1.035166 -0.170000
v -0.250826 0.187011 0.100000
v -0.253045 0.186933 0.100000
v -0.250826 0.185885 0.097281
v -0.253045 0.185830 0.097336
v -0.250826 0.183166 0.096155
v -0.253045 0.183166 0.096233
v -0.250826 0.180448 0.097281
v -0.253045 0.180503 0.097336
v -0.250826 0.179321 0.100000
v -0.253045 0.179399 0.100000
v -0.250826 0.180448 0.102719
v -0.253045 0.180503 0.102664
v -0.250826 0.183166 0.103845
v -0.253045 0.183166 0.103767
v -0.250826 0.185885 0.102719
v -0.253045 0.185830 0.102664
v -0.253174 0.183166 0.100000
v -0.250826 0.471011 0.100000
v -0.253045 0.470933 0.100000
v -0.250826 0.469885 0.097281
v -0.253045 0.469830 0.097336
v -0.250826 0.467166 0.096155
v -0.253045 0.467166 0.096233
v -0.250826 0.464448 0.097281
v -0.253045 0.464503 0.097336
v -0.250826 0.463321 0.100000
v -0.253045 0.463399 0.100000
v -0.250826 0.464448 0.102719
v -0.253045 0.464503 0.102664
v -0.250826 0.467166 0.103845
v -0.253045 0.467166 0.103767
v -0.250826 0.469885 0.102719
v -0.253045 0.469830 0.102664
v -0.253174 0.467166 0.100000
v -0.250826 0.755011 0.100000
v -0.253045 0.754933 0.100000
v -0.250826 0.753885 0.097281
v -0.253045 0.753830 0.097336
v -0.250826 0.751166 0.096155
v -0.253045 0.751166 0.096233
v -0.250826 0.748448 0.097281
v -0.253045 0.748503 0.097336
v -0.250826 0.747321 0.100000
v -0.253045 0.747399 0.100000
v -0.250826 0.748448 0.102719
v -0.253045 0.748503 0.102664
v -0.250826 0.751166 0.103845
v -0.253045 0.751166 0.103767
v -0.250826 0.753885 0.102719
v -0.253045 0.753830 0.102664
v -0.253174 0.751166 0.100000
v -0.250826 1.039011 0.100000
v -0.253045 1.038933 0.100000
v -0.250826 1.037885 0.097281
v -0.253045 1.037830 0.097336
v -0.250826 1.035166 0.096155
v -0.253045 1.035166 0.096233
v -0.250826 1.032447 0.097281
v -0.253045 1.032503 0.097336
v -0.250826 1.031321 0.100000
v -0.253045 1.031399 0.100000
v -0.250826 1.032447 0.102719
v -0.253045 1.032503 0.102664
v -0.250826 1.035166 0.103845
v -0.253045 1.035166 0.103767
v -0.250826 1.037885 0.102719
v -0.253045 1.037830 0.102664
v -0.253174 1.035166 0.100000
v -0.250826 0.187011 -0.170000
v -0.253045 0.186933 -0.170000
v -0.250826 0.185885 -0.172719
v -0.253045 0.185830 -0.172664
v -0.250826 0.183166 -0.173845
v -0.253045 0.183166 -0.173767
v -0.250826 0.180448 -0.172719
v -0.253045 0.180503 -0.172664
v -0.250826 0.179321 -0.170000
v -0.253045 0.179399 -0.170000
v -0.250826 0.180448 -0.167281
v -0.253045 0.180503 -0.167336
v -0.250826 0.183166 -0.166155
v -0.253045 0.183166 -0.166233
v -0.250826 0.185885 -0.167281
v -0.253045 0.185830 -0.167336
v -0.253174 0.183166 -0.170000
v -0.250826 0.471011 -0.170000
v -0.253045 0.470933 -0.170000
v -0.250826 0.469885 -0.172719
v -0.253045 0.469830 -0.172664
v -0.250826 0.467166 -0.173845
v -0.253045 0.467166 -0.173767
v -0.250826 0.464448 -0.172719
v -0.253045 0.464503 -0.172664
v -0.250826 0.463321 -0.170000
v -0.253045 0.463399 -0.170000
v -0.250826 0.464448 -0.167281
v -0.253045 0.464503 -0.167336
v -0.250826 0.467166 -0.166155
v -0.253045 0.467166 -0.166233
v -0.250826 0.469885 -0.167281
v -0.253045 0.469830 -0.167336
v -0.253174 0.467166 -0.170000
v -0.250826 0.755011 -0.170000
v -0.253045 0.754933 -0.170000
v -0.250826 0.753885 -0.172719
v -0.253045 0.753830 -0.172664
v -0.250826 0.751166 -0.173845
v -0.253045 0.751166 -0.173767
v -0.250826 0.748448 -0.172719
v -0.253045 0.748503 -0.172664
v -0.250826 0.747321 -0.170000
v -0.253045 0.747399 -0.170000
v -0.250826 0.748448 -0.167281
v -0.253045 0.748503 -0.167336
v -0.250826 0.751166 -0.166155
v -0.253045 0.751166 -0.166233
v -0.250826 0.753885 -0.167281
v -0.253045 0.753830 -0.167336
v -0.253174 0.751166 -0.170000
v -0.250826 1.039011 -0.170000
v -0.253045 1.038933 -0.170000
v -0.250826 1.037885 -0.172719
v -0.253045 1.037830 -0.172664
v -0.250826 1.035166 -0.173845
v -0.253045 1.035166 -0.173767
v -0.250826 1.032447 -0.172719
v -0.253045 1.032503 -0.172664
v -0.250826 1.031321 -0.170000
v -0.253045 1.031399 -0.170000
v -0.250826 1.032447 -0.167281
v -0.253045 1.032503 -0.167336
v -0.250826 1.035166 -0.166155
v -0.253045 1.035166 -0.166233
v -0.250826 1.037885 -0.167281
v -0.253045 1.037830 -0.167336
v -0.253174 1.035166 -0.170000
v 0.230000 0.187011 -0.190000
v 0.230000 0.186933 -0.192219
v 0.227281 0.185885 -0.190000
v 0.227336 0.185830 -0.192219
v 0.226155 0.183166 -0.190000
v 0.226233 0.183166 -0.192219
v 0.227281 0.180448 -0.190000
v 0.227336 0.180503 -0.192219
v 0.230000 0.179321 -0.190000
v 0.230000 0.179399 -0.192219
v 0.232719 0.180448 -0.190000
v 0.232664 0.180503 -0.192219
v 0.233845 0.183166 -0.190000
v 0.233767 0.183166 -0.192219
v 0.232719 0.185885 -0.190000
v 0.232664 0.185830 -0.192219
v 0.230000 0.183166 -0.192348
v 0.230000 0.471011 -0.190000
v 0.230000 0.470933 -0.192219
v 0.227281 0.469885 -0.190000
v 0.227336 0.469830 -0.192219
v 0.226155 0.467166 -0.190000
v 0.226233 0.467166 -0.192219
v 0.227281 0.464448 -0.190000
v 0.227336 0.464503 -0.192219
v 0.230000 0.463321 -0.190000
v 0.230000 0.463399 -0.192219
v 0.232719 0.464448 -0.190000
v 0.232664 0.464503 -0.192219
v 0.233845 0.467166 -0.190000
v 0.233767 0.467166 -0.192219
v 0.232719 0.469885 -0.190000
v 0.232664 0.469830 -0.192219
v 0.230000 0.467166 -0.192348
v 0.230000 0.755011 -0.190000
v 0.230000 0.754933 -0.192219
v 0.227281 0.753885 -0.190000
v 0.227336 0.753830 -0.192219
v 0.226155 0.751166 -0.190000
v 0.226233 0.751166 -0.192219
v 0.227281 0.748448 -0.190000
v 0.227336 0.748503 -0.192219
v 0.230000 0.747321 -0.190000
v 0.230000 0.747399 -0.192219
v 0.232719 0.748448 -0.190000
v 0.232664 0.748503 -0.192219
v 0.233845 0.751166 -0.190000
v 0.233767 0.751166 -0.192219
v 0.232719 0.753885 -0.190000
v 0.232664 0.753830 -0.192219
v 0.230000 0.751166 -0.192348
v 0.230000 1.039011 -0.190000
v 0.230000 1.038933 -0.192219
v 0.227281 1.037885 -0.190000
v 0.227336 1.037830 -0.192219
v 0.226155 1.035166 -0.190000
v 0.226233 1.035166 -0.192219
v 0.227281 1.032448 -0.190000
v 0.227336 1.032503 -0.192219
v 0.230000 1.031321 -0.190000
v 0.230000 1.031399 -0.192219
v 0.232719 1.032448 -0.190000
v 0.232664 1.032503 -0.192219
v 0.233845 1.035166 -0.190000
v 0.233767 1.035166 -0.192219
v 0.232719 1.037885 -0.190000
v 0.232664 1.037830 -0.192219
v 0.230000 1.035166 -0.192348
v -0.229999 0.187011 -0.190000
v -0.229999 0.186933 -0.192219
v -0.227281 0.185885 -0.190000
v -0.227336 0.185830 -0.192219
v -0.226155 0.183166 -0.190000
v -0.226232 0.183166 -0.192219
v -0.227281 0.180448 -0.190000
v -0.227336 0.180503 -0.192219
v -0.229999 0.179321 -0.190000
v -0.229999 0.179399 -0.192219
v -0.232718 0.180448 -0.190000
v -0.232663 0.180503 -0.192219
v -0.233844 0.183166 -0.190000
v -0.233767 0.183166 -0.192219
v -0.232718 0.185885 -0.190000
v -0.232663 0.185830 -0.192219
v -0.229999 0.183166 -0.192348
v -0.229999 0.471011 -0.190000
v -0.229999 0.470933 -0.192219
v -0.227281 0.469885 -0.190000
v -0.227336 0.469830 -0.192219
v -0.226155 0.467166 -0.190000
v -0.226232 0.467166 -0.192219
v -0.227281 0.464448 -0.190000
v -0.227336 0.464503 -0.192219
v -0.229999 0.463321 -0.190000
v -0.229999 0.463399 -0.192219
v -0.232718 0.464448 -0.190000
v -0.232663 0.464503 -0.192219
v -0.233844 0.467166 -0.190000
v -0.233767 0.467166 -0.192219
v -0.232718 0.469885 -0.190000
v -0.232663 0.469830 -0.192219
v -0.229999 0.467166 -0.192348
v -0.229999 0.755011 -0.190000
v -0.229999 0.754933 -0.192219
v -0.227281 0.753885 -0.190000
v -0.227336 0.753830 -0.192219
v -0.226155 0.751166 -0.190000
v -0.226232 0.751166 -0.192219
v -0.227281 0.748448 -0.190000
v -0.227336 0.748503 -0.192219
v -0.229999 0.747321 -0.190000
v -0.229999 0.747399 -0.192219
v -0.232718 0.748448 -0.190000
v -0.232663 0.748503 -0.192219
v -0.233844 0.751166 -0.190000
v -0.233767 0.751166 -0.192219
v -0.232718 0.753885 -0.190000
v -0.232663 0.753830 -0.192219
v -0.229999 0.751166 -0.192348
v -0.229999 1.039011 -0.190000
v -0.229999 1.038933 -0.192219
v -0.227281 1.037885 -0.190000
v -0.227336 1.037830 -0.192219
v -0.226155 1.035166 -0.190000
v -0.226232 1.035166 -0.192219
v -0.227281 1.032447 -0.190000
v -0.227336 1.032503 -0.192219
v -0.229999 1.031321 -0.190000
v -0.229999 1.031399 -0.192219
v -0.232718 1.032447 -0.190000
v -0.232663 1.032503 -0.192219
v -0.233844 1.035166 -0.190000
v -0.233767 1.035166 -0.192219
v -0.232718 1.037885 -0.190000
v -0.232663 1.037830 -0.192219
v -0.229999 1.035166 -0.192348
v 0.250826 0.373845 0.050000
v 0.253045 0.373767 0.050000
v 0.250826 0.372719 0.047281
v 0.253045 0.372664 0.047336
v 0.250826 0.370000 0.046155
v 0.253045 0.370000 0.046233
v 0.250826 0.367281 0.047281
v 0.253045 0.367336 0.047336
v 0.250826 0.366155 0.050000
v 0.253045 0.366233 0.050000
v 0.250826 0.367281 0.052719
v 0.253045 0.367336 0.052664
v 0.250826 0.370000 0.053845
v 0.253045 0.370000 0.053767
v 0.250826 0.372719 0.052719
v 0.253045 0.372664 0.052664
v 0.253174 0.370000 0.050000
v -0.250826 0.373845 0.050000
v -0.253045 0.373767 0.050000
v -0.250826 0.372719 0.047281
v -0.253045 0.372664 0.047336
v -0.250826 0.370000 0.046155
v -0.253045 0.370000 0.046233
v -0.250826 0.367281 0.047281
v -0.253045 0.367336 0.047336
v -0.250826 0.366155 0.050000
v -0.253045 0.366233 0.050000
v -0.250826 0.367281 0.052719
v -0.253045 0.367336 0.052664
v -0.250826 0.370000 0.053845
v -0.253045 0.370000 0.053767
v -0.250826 0.372719 0.052719
v -0.253045 0.372664 0.052664
v -0.253174 0.370000 0.050000
v 0.250000 0.373845 0.010000
v 0.252219 0.373767 0.010000
v 0.250000 0.372719 0.007281
v 0.252219 0.372664 0.007336
v 0.250000 0.370000 0.006155
v 0.252219 0.370000 0.006233
v 0.250000 0.367281 0.007281
v 0.252219 0.367336 0.007336
v 0.250000 0.366155 0.010000
v 0.252219 0.366233 0.010000
v 0.250000 0.367281 0.012719
v 0.252219 0.367336 0.012664
v 0.250000 0.370000 0.013845
v 0.252219 0.370000 0.013767
v 0.250000 0.372719 0.012719
v 0.252219 0.372664 0.012664
v 0.252348 0.370000 0.010000
v -0.250000 0.373845 0.010000
v -0.252219 0.373767 0.010000
v -0.250000 0.372719 0.007281
v -0.252219 0.372664 0.007336
v -0.250000 0.370000 0.006155
v -0.252219 0.370000 0.006233
v -0.250000 0.367281 0.007281
v -0.252219 0.367336 0.007336
v -0.250000 0.366155 0.010000
v -0.252219 0.366233 0.010000
v -0.250000 0.367281 0.012719
v -0.252219 0.367336 0.012664
v -0.250000 0.370000 0.013845
v -0.252219 0.370000 0.013767
v -0.250000 0.372719 0.012719
v -0.252219 0.372664 0.012664
v -0.252348 0.370000 0.010000
v 0.250000 1.003845 -0.070000
v 0.252219 1.003767 -0.070000
v 0.250000 1.002719 -0.072719
v 0.252219 1.002664 -0.072664
v 0.250000 1.000000 -0.073845
v 0.252219 1.000000 -0.073767
v 0.250000 0.997281 -0.072719
v 0.252219 0.997336 -0.072664
v 0.250000 0.996155 -0.070000
v 0.252219 0.996233 -0.070000
v 0.250000 0.997281 -0.067281
v 0.252219 0.997336 -0.067336
v 0.250000 1.000000 -0.066155
v 0.252219 1.000000 -0.066233
v 0.250000 1.002719 -0.067281
v 0.252219 1.002664 -0.067336
v 0.252348 1.000000 -0.070000
v -0.250000 1.003845 -0.070000
v -0.252219 1.003767 -0.070000
v -0.250000 1.002719 -0.072719
v -0.252219 1.002664 -0.072664
v -0.250000 1.000000 -0.073845
v -0.252219 1.000000 -0.073767
v -0.250000 0.997281 -0.072719
v -0.252219 0.997336 -0.072664
v -0.250000 0.996155 -0.070000
v -0.252219 0.996233 -0.070000
v -0.250000 0.997281 -0.067281
v -0.252219 0.997336 -0.067336
v -0.250000 1.000000 -0.066155
v -0.252219 1.000000 -0.066233
v -0.250000 1.002719 -0.067281
v -0.252219 1.002664 -0.067336
v -0.252348 1.000000 -0.070000
v 0.125881 0.286161 -0.189834
v 0.125881 0.286083 -0.192053
v 0.123163 0.285035 -0.189834
v 0.123218 0.284980 -0.192053
v 0.122037 0.282316 -0.189834
v 0.122114 0.282316 -0.192053
v 0.123163 0.279598 -0.189834
v 0.123218 0.279653 -0.192053
v 0.125881 0.278471 -0.189834
v 0.125881 0.278549 -0.192053
v 0.128600 0.279598 -0.189834
v 0.128545 0.279653 -0.192053
v 0.129726 0.282316 -0.189834
v 0.129649 0.282316 -0.192053
v 0.128600 0.285035 -0.189834
v 0.128545 0.284980 -0.192053
v 0.125881 0.282316 -0.192182
v 0.165881 0.902285 -0.189781
v 0.165881 0.902207 -0.192001
v 0.163163 0.901159 -0.189781
v 0.163218 0.901104 -0.192001
v 0.162036 0.898440 -0.189781
v 0.162114 0.898440 -0.192001
v 0.163163 0.895722 -0.189781
v 0.163218 0.895777 -0.192001
v 0.165881 0.894595 -0.189781
v 0.165881 0.894673 -0.192001
v 0.168600 0.895722 -0.189781
v 0.168545 0.895777 -0.192001
v 0.169726 0.898440 -0.189781
v 0.169648 0.898440 -0.192001
v 0.168600 0.901159 -0.189781
v 0.168545 0.901104 -0.192001
v 0.165881 0.898440 -0.192130
v -0.165881 0.902285 -0.189781
v -0.165881 0.902207 -0.192001
v -0.163163 0.901159 -0.189781
v -0.163218 0.901104 -0.192001
v -0.162037 0.898440 -0.189781
v -0.162114 0.898440 -0.192001
v -0.163163 0.895722 -0.189781
v -0.163218 0.895777 -0.192001
v -0.165881 0.894595 -0.189781
v -0.165881 0.894673 -0.192001
v -0.168600 0.895722 -0.189781
v -0.168545 0.895777 -0.192001
v -0.169726 0.898440 -0.189781
v -0.169649 0.898440 -0.192001
v -0.168600 0.901159 -0.189781
v -0.168545 0.901104 -0.192001
v -0.165881 0.898440 -0.192130
v 0.221000 0.017845 0.140000
v 0.223219 0.017767 0.140000
v 0.221000 0.016719 0.137281
v 0.223219 0.016664 0.137336
v 0.221000 0.014000 0.136155
v 0.223219 0.014000 0.136233
v 0.221000 0.011281 0.137281
v 0.223219 0.011336 0.137336
v 0.221000 0.010155 0.140000
v 0.223219 0.010233 0.140000
v 0.221000 0.011281 0.142719
v 0.223219 0.011336 0.142664
v 0.221000 0.014000 0.143845
v 0.223219 0.014000 0.143767
v 0.221000 0.016719 0.142719
v 0.223219 0.016664 0.142664
v 0.223348 0.014000 0.140000
v 0.221000 0.131845 0.140000
v 0.223219 0.131767 0.140000
v 0.221000 0.130719 0.137281
v 0.223219 0.130664 0.137336
v 0.221000 0.128000 0.136155
v 0.223219 0.128000 0.136233
v 0.221000 0.125281 0.137281
v 0.223219 0.125336 0.137336
v 0.221000 0.124155 0.140000
v 0.223219 0.124233 0.140000
v 0.221000 0.125281 0.142719
v 0.223219 0.125336 0.142664
v 0.221000 0.128000 0.143845
v 0.223219 0.128000 0.143767
v 0.221000 0.130719 0.142719
v 0.223219 0.130664 0.142664
v 0.223348 0.128000 0.140000
v 0.221000 0.017845 -0.140000
v 0.223219 0.017767 -0.140000
v 0.221000 0.016719 -0.142719
v 0.223219 0.016664 -0.142664
v 0.221000 0.014000 -0.143845
v 0.223219 0.014000 -0.143767
v 0.221000 0.011281 -0.142719
v 0.223219 0.011336 -0.142664
v 0.221000 0.010155 -0.140000
v 0.223219 0.010233 -0.140000
v 0.221000 0.011281 -0.137281
v 0.223219 0.011336 -0.137336
v 0.221000 0.014000 -0.136155
v 0.223219 0.014000 -0.136233
v 0.221000 0.016719 -0.137281
v 0.223219 0.016664 -0.137336
v 0.223348 0.014000 -0.140000
v 0.221000 0.131845 -0.140000
v 0.223219 0.131767 -0.140000
v 0.221000 0.130719 -0.142719
v 0.223219 0.130664 -0.142664
v 0.221000 0.128000 -0.143845
v 0.223219 0.128000 -0.143767
v 0.221000 0.125281 -0.142719
v 0.223219 0.125336 -0.142664
v 0.221000 0.124155 -0.140000
v 0.223219 0.124233 -0.140000
v 0.221000 0.125281 -0.137281
v 0.223219 0.125336 -0.137336
v 0.221000 0.128000 -0.136155
v 0.223219 0.128000 -0.136233
v 0.221000 0.130719 -0.137281
v 0.223219 0.130664 -0.137336
v 0.223348 0.128000 -0.140000
v -0.221000 0.017845 0.140000
v -0.223219 0.017767 0.140000
v -0.221000 0.016719 0.137281
v -0.223219 0.016664 0.137336
v -0.221000 0.014000 0.136155
v -0.223219 0.014000 0.136233
v -0.221000 0.011281 0.137281
v -0.223219 0.011336 0.137336
v -0.221000 0.010155 0.140000
v -0.223219 0.010233 0.140000
v -0.221000 0.011281 0.142719
v -0.223219 0.011336 0.142664
v -0.221000 0.014000 0.143845
v -0.223219 0.014000 0.143767
v -0.221000 0.016719 0.142719
v -0.223219 0.016664 0.142664
v -0.223348 0.014000 0.140000
v -0.221000 0.131845 0.140000
v -0.223219 0.131767 0.140000
v -0.221000 0.130719 0.137281
v -0.223219 0.130664 0.137336
v -0.221000 0.128000 0.136155
v -0.223219 0.128000 0.136233
v -0.221000 0.125281 0.137281
v -0.223219 0.125336 0.137336
v -0.221000 0.124155 0.140000
v -0.223219 0.124233 0.140000
v -0.221000 0.125281 0.142719
v -0.223219 0.125336 0.142664
v -0.221000 0.128000 0.143845
v -0.223219 0.128000 0.143767
v -0.221000 0.130719 0.142719
v -0.223219 0.130664 0.142664
v -0.223348 0.128000 0.140000
v -0.221000 0.017845 -0.140000
v -0.223219 0.017767 -0.140000
v -0.221000 0.016719 -0.142719
v -0.223219 0.016664 -0.142664
v -0.221000 0.014000 -0.143845
v -0.223219 0.014000 -0.143767
v -0.221000 0.011281 -0.142719
v -0.223219 0.011336 -0.142664
v -0.221000 0.010155 -0.140000
v -0.223219 0.010233 -0.140000
v -0.221000 0.011281 -0.137281
v -0.223219 0.011336 -0.137336
v -0.221000 0.014000 -0.136155
v -0.223219 0.014000 -0.136233
v -0.221000 0.016719 -0.137281
v -0.223219 0.016664 -0.137336
v -0.223348 0.014000 -0.140000
v -0.221000 0.131845 -0.140000
v -0.223219 0.131767 -0.140000
v -0.221000 0.130719 -0.142719
v -0.223219 0.130664 -0.142664
v -0.221000 0.128000 -0.143845
v -0.223219 0.128000 -0.143767
v -0.221000 0.125281 -0.142719
v -0.223219 0.125336 -0.142664
v -0.221000 0.124155 -0.140000
v -0.223219 0.124233 -0.140000
v -0.221000 0.125281 -0.137281
v -0.223219 0.125336 -0.137336
v -0.221000 0.128000 -0.136155
v -0.223219 0.128000 -0.136233
v -0.221000 0.130719 -0.137281
v -0.223219 0.130664 -0.137336
v -0.223348 0.128000 -0.140000
vn -0.0000 -1.0000 -0.0000
vn -0.0000 -0.0000 1.0000
vn -0.0959 -0.0000 0.9954
vn -0.0891 -0.0106 0.9960
vn -0.0892 -0.0000 0.9960
vn -0.7071 -0.0000 0.7071
vn -0.7071 -0.0108 0.7071
vn -0.0000 -0.0000 -1.0000
vn -0.0070 -0.0000 -1.0000
vn -0.0071 -0.0000 -1.0000
vn -0.0000 1.0000 -0.0000
vn -1.0000 -0.0000 -0.0058
vn -1.0000 -0.0000 0.0058
vn -1.0000 -0.0000 -0.0000
vn -0.9999 -0.0111 -0.0058
vn -1.0000 -0.0000 -0.0060
vn -0.7071 -0.0000 -0.7071
vn -0.7071 -0.0108 -0.7071
vn -0.0070 0.0001 -1.0000
vn -1.0000 -0.0000 -0.0063
vn -1.0000 -0.0000 -0.0064
vn -0.0892 -0.0000 -0.9960
vn -0.9990 -0.0000 0.0457
vn -0.9988 -0.0000 0.0483
vn -0.0000 -0.0116 -0.9999
vn -0.0000 -0.0109 -0.9999
vn 0.9999 -0.0106 0.0056
vn 0.9999 -0.0114 -0.0060
vn 1.0000 -0.0000 -0.0062
vn 1.0000 -0.0000 -0.0000
vn -0.0891 -0.0106 -0.9960
vn 0.7071 -0.0108 0.7071
vn 0.9984 -0.0000 0.0559
vn 0.7071 -0.0000 0.7071
vn 0.0959 -0.0000 0.9954
vn -0.0000 -0.0118 0.9999
vn 0.0892 -0.0000 0.9960
vn 1.0000 -0.0000 -0.0058
vn 1.0000 -0.0000 0.0058
vn 0.7071 -0.0108 -0.7071
vn 0.7071 -0.0000 -0.7071
vn 0.0070 -0.0000 -1.0000
vn 1.0000 -0.0000 -0.0065
vn 0.0892 -0.0000 -0.9960
vn 0.9992 -0.0000 0.0389
vn 0.9992 -0.0001 0.0410
vn 0.0891 -0.0106 -0.9960
vn -0.0000 -0.0109 0.9999
vn 0.0891 -0.0106 0.9960
vn -0.4217 0.1995 0.8845
vn -0.4729 0.3259 0.8186
vn -0.3230 0.4919 0.8085
vn -0.2102 0.1814 0.9607
vn -0.0311 0.3026 0.9526
vn -0.0191 0.5278 0.8491
vn -0.0363 0.2074 0.9776
vn -0.5511 0.1944 0.8115
vn -0.0081 0.4957 0.8684
vn -0.0925 0.3776 0.9213
vn -0.0816 0.0182 0.9965
vn -0.0469 0.0884 0.9950
vn 0.0081 0.4957 0.8684
vn 0.0363 0.2074 0.9776
vn 0.0311 0.3026 0.9526
vn 0.3915 0.1853 0.9013
vn 0.2011 0.1735 0.9641
vn 0.0191 0.5278 0.8491
vn 0.2393 0.1132 0.9643
vn 0.1218 0.1052 0.9870
vn 0.3230 0.4919 0.8085
vn 0.4729 0.3259 0.8186
vn 0.5511 0.1944 0.8115
vn 0.0925 0.3776 0.9213
vn 0.0712 0.0159 0.9973
vn 0.0342 0.0645 0.9973
vn -0.2011 0.1735 0.9641
vn -0.3915 0.1853 0.9013
vn -0.1218 0.1052 0.9870
vn -0.2393 0.1132 0.9643
vn -0.0830 0.0186 0.9964
vn -0.0570 0.1074 0.9926
vn 0.1470 0.1269 0.9810
vn -0.1470 0.1269 0.9810
vn -0.0342 0.0645 0.9973
vn 0.0510 0.0962 0.9941
vn -0.0712 0.0159 0.9973
vn 0.4217 0.1995 0.8845
vn 0.2102 0.1814 0.9607
vn 0.0816 0.0182 0.9965
vn 0.0469 0.0884 0.9950
vn 0.0830 0.0186 0.9964
vn -0.0000 -0.0116 0.9999
vn 0.4216 0.1995 0.8845
vn 0.0925 0.3777 0.9213
vn 0.0570 0.1074 0.9926
vn -0.0511 0.0962 0.9941
vn -0.4216 0.1995 0.8845
vn -0.9999 -0.0107 0.0056
vn -0.0000 -0.0118 -0.9999
vn -0.4216 0.1995 -0.8845
vn -0.2102 0.1814 -0.9607
vn -0.3230 0.4919 -0.8085
vn -0.4729 0.3259 -0.8186
vn -0.0311 0.3026 -0.9526
vn -0.0191 0.5278 -0.8491
vn -0.0363 0.2074 -0.9776
vn -0.5511 0.1944 -0.8115
vn -0.0925 0.3776 -0.9213
vn -0.0081 0.4957 -0.8684
vn -0.0816 0.0182 -0.9965
vn -0.0469 0.0884 -0.9950
vn 0.0081 0.4957 -0.8684
vn 0.0363 0.2074 -0.9776
vn 0.0311 0.3026 -0.9526
vn 0.3915 0.1853 -0.9013
vn 0.2011 0.1735 -0.9641
vn 0.0191 0.5278 -0.8491
vn 0.2393 0.1132 -0.9643
vn 0.4729 0.3259 -0.8186
vn 0.3230 0.4919 -0.8085
vn 0.1218 0.1052 -0.9870
vn 0.5511 0.1944 -0.8115
vn 0.0925 0.3776 -0.9213
vn 0.0712 0.0159 -0.9973
vn 0.0342 0.0645 -0.9973
vn -0.2011 0.1735 -0.9641
vn -0.3915 0.1853 -0.9013
vn -0.1218 0.1052 -0.9870
vn -0.2393 0.1132 -0.9643
vn -0.0925 0.3777 -0.9213
vn -0.0830 0.0186 -0.9964
vn -0.0570 0.1074 -0.9926
vn 0.1470 0.1269 -0.9810
vn -0.0342 0.0645 -0.9973
vn -0.1470 0.1269 -0.9810
vn 0.0511 0.0962 -0.9941
vn -0.0712 0.0159 -0.9973
vn 0.4216 0.1995 -0.8845
vn 0.2102 0.1814 -0.9607
vn 0.0816 0.0182 -0.9965
vn 0.0469 0.0884 -0.9950
vn 0.0830 0.0186 -0.9964
vn 0.4217 0.1995 -0.8845
vn 0.0570 0.1074 -0.9926
vn -0.0510 0.0962 -0.9941
vn -0.4217 0.1995 -0.8845
vn -0.0000 -0.9864 -0.1643
vn -0.9967 -0.0000 0.0817
vn 0.0071 -0.0000 -1.0000
vn 1.0000 -0.0001 0.0058
vn -0.1704 -0.9705 -0.1704
vn -0.1646 -0.9864 -0.0007
vn -0.7075 -0.7067 -0.0035
vn -0.5072 -0.6968 -0.5072
vn -0.0118 -0.9857 -0.1682
vn -0.0577 -0.7014 -0.7104
vn -0.1704 -0.9705 0.1704
vn -0.0118 -0.9857 0.1682
vn -0.0577 -0.7014 0.7104
vn -0.5072 -0.6968 0.5072
vn -0.1646 -0.9864 0.0007
vn -0.7075 -0.7067 0.0035
vn -0.0000 -0.9863 -0.1649
vn -0.0000 -0.7059 -0.7083
vn 0.7075 -0.7067 -0.0035
vn 0.5072 -0.6968 -0.5072
vn 0.1646 -0.9864 -0.0007
vn 0.1704 -0.9705 -0.1704
vn 0.0577 -0.7014 -0.7104
vn 0.0118 -0.9857 -0.1682
vn 0.0577 -0.7014 0.7104
vn 0.5072 -0.6968 0.5072
vn 0.0118 -0.9857 0.1682
vn 0.1704 -0.9705 0.1704
vn 0.7075 -0.7067 0.0035
vn 0.1646 -0.9864 0.0007
vn -0.0000 -0.7071 0.7071
vn -0.0000 -0.9864 0.1643
vn -0.0000 -0.9863 0.1649
vn -0.0000 -0.7060 0.7083
vn -0.0000 -0.7071 -0.7071
vn -0.0000 -0.7060 -0.7083
vn -0.0069 1.0000 -0.0000
vn -0.0068 0.9922 0.1249
vn -0.0000 0.9922 0.1249
vn 0.0068 0.9921 0.1249
vn 0.0069 1.0000 -0.0000
vn -0.0000 -0.1035 0.9946
vn -0.0000 0.0862 0.9963
vn -0.0064 0.0859 0.9963
vn -0.0064 -0.1029 0.9947
vn 0.0620 -0.9981 -0.0000
vn 0.0196 -0.9995 0.0248
vn -0.0000 -0.9994 -0.0357
vn 0.0196 -0.9995 -0.0248
vn -0.0196 -0.9995 0.0249
vn -0.0620 -0.9981 -0.0000
vn -0.0000 -0.9994 0.0357
vn 0.0064 -0.1029 0.9947
vn 0.0064 0.0859 0.9963
vn 0.0068 0.9922 -0.1249
vn -0.0000 0.9922 -0.1249
vn -0.0068 0.9921 -0.1249
vn -0.0196 -0.9995 -0.0249
vn -0.0000 -0.1035 -0.9946
vn -0.0000 0.0862 -0.9963
vn 0.0064 0.0859 -0.9963
vn 0.0064 -0.1029 -0.9947
vn -0.9993 -0.0375 -0.0050
vn -0.9993 -0.0373 -0.0000
vn -0.9985 0.0538 -0.0000
vn -0.9985 0.0540 -0.0113
vn 0.9993 -0.0375 0.0050
vn 0.9993 -0.0373 -0.0000
vn 0.9985 0.0538 -0.0000
vn 0.9985 0.0540 0.0113
vn 0.9993 -0.0374 -0.0050
vn 0.9985 0.0540 -0.0113
vn -0.0064 -0.1029 -0.9947
vn -0.0064 0.0859 -0.9963
vn -0.9985 0.0540 0.0113
vn -0.7045 0.0648 0.7067
vn -0.5587 0.5512 0.6197
vn -0.7067 0.7019 0.0885
vn -0.0047 0.6645 0.7472
vn -0.9993 -0.0374 0.0050
vn -0.8247 -0.5655 0.0069
vn -0.6225 -0.5294 0.5764
vn -0.7121 -0.0586 0.6996
vn -0.0047 -0.7628 0.6466
vn 0.7067 0.7019 0.0885
vn 0.5587 0.5512 0.6197
vn 0.7045 0.0648 0.7067
vn 0.0047 0.6646 0.7472
vn 0.7121 -0.0586 0.6996
vn 0.6225 -0.5294 0.5764
vn 0.8247 -0.5656 0.0069
vn 0.0047 -0.7628 0.6466
vn -0.7067 0.7019 -0.0885
vn -0.5587 0.5512 -0.6197
vn -0.7045 0.0648 -0.7067
vn -0.0047 0.6646 -0.7472
vn -0.7121 -0.0586 -0.6996
vn -0.6225 -0.5294 -0.5764
vn -0.8247 -0.5656 -0.0069
vn -0.0047 -0.7628 -0.6466
vn 0.7045 0.0648 -0.7067
vn 0.5587 0.5512 -0.6197
vn 0.7067 0.7019 -0.0885
vn 0.0047 0.6645 -0.7472
vn 0.8247 -0.5655 -0.0069
vn 0.6225 -0.5294 -0.5764
vn 0.7121 -0.0586 -0.6996
vn 0.0047 -0.7628 -0.6466
vn -0.0000 0.6646 0.7472
vn -0.0000 -0.7636 0.6457
vn -0.7095 0.7047 -0.0000
vn -0.8256 -0.5643 -0.0000
vn 0.7095 0.7047 -0.0000
vn 0.8256 -0.5643 -0.0000
vn -0.0000 0.6646 -0.7472
vn -0.0000 -0.7636 -0.6457
vn -0.9981 -0.0012 0.0610
vn -0.9981 0.0012 0.0610
vn -0.9981 0.0012 -0.0610
vn -0.9981 -0.0012 -0.0610
vn 0.0799 0.0421 -0.9959
vn 0.0799 -0.0421 -0.9959
vn -0.0025 -0.0013 1.0000
vn 0.0025 -0.0013 1.0000
vn 0.0025 0.0013 1.0000
vn -0.0024 0.0013 1.0000
vn -0.0024 -0.9981 -0.0610
vn 0.0024 -0.9981 -0.0610
vn 0.0024 -0.9981 0.0610
vn -0.0024 -0.9981 0.0610
vn 0.9981 -0.0012 0.0610
vn 0.9981 -0.0012 -0.0610
vn 0.9981 0.0012 -0.0610
vn 0.9981 0.0012 0.0610
vn -0.0799 0.0421 -0.9959
vn -0.0799 -0.0421 -0.9959
vn -0.0024 0.9981 0.0609
vn -0.7064 0.7064 0.0455
vn -0.5773 0.5774 0.5774
vn -0.0018 0.7071 0.7071
vn -0.7071 0.0009 0.7071
vn -0.0018 -0.7071 0.7071
vn -0.5773 -0.5774 0.5774
vn -0.7064 -0.7064 0.0455
vn -0.7071 -0.0009 0.7071
vn 0.7064 -0.7064 0.0455
vn 0.5774 -0.5774 0.5773
vn 0.0018 -0.7071 0.7071
vn 0.7071 -0.0009 0.7071
vn 0.7064 0.7064 0.0455
vn 0.5773 0.5774 0.5773
vn 0.7071 0.0009 0.7071
vn 0.0024 0.9981 0.0609
vn 0.0018 0.7071 0.7071
vn 0.0024 0.9981 -0.0609
vn 0.7064 0.7064 -0.0455
vn 0.5773 0.5774 -0.5773
vn 0.0018 0.7071 -0.7071
vn 0.7071 0.0009 -0.7071
vn 0.0018 -0.7071 -0.7071
vn 0.5774 -0.5774 -0.5773
vn 0.7064 -0.7064 -0.0455
vn 0.7071 -0.0009 -0.7071
vn -0.7064 -0.7064 -0.0455
vn -0.5773 -0.5774 -0.5773
vn -0.0018 -0.7071 -0.7071
vn -0.7070 -0.0009 -0.7072
vn -0.7071 0.0009 -0.7071
vn -0.5773 0.5774 -0.5774
vn -0.0018 0.7071 -0.7071
vn -0.7064 0.7064 -0.0455
vn -0.0024 0.9981 -0.0609
vn 0.9995 -0.0000 -0.0303
vn 0.9941 -0.0000 0.1088
vn -0.9941 -0.0000 0.1088
vn 0.1722 -0.0000 0.9851
vn -0.1722 -0.0000 0.9851
vn 0.9995 0.0001 -0.0303
vn 0.0787 0.0001 -0.9969
vn 0.0787 -0.0000 -0.9969
vn -0.0000 0.9994 0.0350
vn -0.0000 0.7717 0.6359
vn 0.5475 0.5475 0.6329
vn 0.7067 0.7067 0.0351
vn 0.7717 -0.0000 0.6360
vn 0.9994 -0.0000 0.0351
vn 0.5475 -0.5475 0.6329
vn 0.7067 -0.7067 0.0351
vn -0.0000 -0.7717 0.6359
vn -0.0000 -0.9994 0.0350
vn -0.5475 -0.5475 0.6329
vn -0.7067 -0.7067 0.0350
vn -0.7717 -0.0000 0.6360
vn -0.9994 -0.0000 0.0351
vn -0.5475 0.5475 0.6329
vn -0.7067 0.7067 0.0350
vn -0.7067 0.7067 0.0351
vn -0.7067 -0.7067 0.0351
vn 0.7067 -0.7067 0.0350
vn 0.7067 0.7067 0.0350
vn -0.1725 0.9850 -0.0000
vn -0.1724 0.9850 -0.0000
vn -0.9873 0.1588 -0.0000
vn -0.9873 0.1588 0.0005
vn 0.1725 0.9850 -0.0000
vn 0.1724 0.9850 -0.0000
vn 0.9873 0.1588 -0.0000
vn 0.0769 -0.9970 -0.0000
vn -0.2380 0.4087 0.8811
vn -0.0000 0.4710 0.8821
vn 0.9956 -0.0942 -0.0000
vn 0.9956 -0.0942 -0.0008
vn -0.0769 -0.9970 -0.0000
vn -0.8521 -0.0011 0.5234
vn -0.8508 -0.0519 0.5229
vn -0.8508 -0.0519 0.5230
vn 0.8508 -0.0519 0.5229
vn 0.7374 -0.4260 0.5241
vn 0.7375 -0.4260 0.5241
vn 0.4266 -0.7360 0.5256
vn 0.4264 -0.7361 0.5256
vn -0.0000 -0.8495 0.5275
vn -0.4262 -0.7363 0.5256
vn -0.4264 -0.7361 0.5256
vn -0.7374 -0.4260 0.5241
vn -0.7375 -0.4260 0.5241
vn 0.8521 -0.0011 0.5234
vn 0.8521 -0.0013 0.5233
vn -0.8521 -0.0013 0.5233
vn -0.0000 -0.4710 0.8821
vn -0.2385 -0.4084 0.8811
vn -0.4710 -0.0000 0.8821
vn -0.4084 0.2385 0.8811
vn -0.4084 -0.2385 0.8811
vn 0.4710 -0.0000 0.8821
vn 0.4086 -0.2382 0.8811
vn 0.2380 -0.4087 0.8811
vn 0.2385 0.4084 0.8811
vn 0.4087 0.2380 0.8811
vn 0.8640 0.5034 -0.0000
vn 0.5034 0.8640 -0.0000
vn 0.8641 0.5034 -0.0000
vn 0.8641 -0.5034 -0.0000
vn -0.5034 0.8640 -0.0000
vn 0.5034 -0.8640 -0.0000
vn -0.8641 0.5034 -0.0000
vn -0.5034 -0.8641 -0.0000
vn -0.8640 -0.5034 -0.0000
vn -0.8641 -0.5034 -0.0000
vn -0.7077 -0.7065 -0.0000
vn -0.7080 -0.7062 -0.0000
vn -0.9956 -0.0942 -0.0000
vn -0.7062 0.7080 -0.0000
vn -0.7061 0.7081 -0.0000
vn 0.7080 -0.7062 -0.0000
vn 0.7077 -0.7065 -0.0000
vn 0.7061 0.7081 -0.0000
vn 0.7062 0.7080 -0.0000
vn -0.8660 0.5000 -0.0000
vn -0.5012 0.8653 0.0029
vn -0.0000 1.0000 0.0059
vn 0.5012 0.8653 0.0029
vn 0.8660 0.5000 -0.0000
vn 0.8660 -0.5000 -0.0000
vn 0.5012 -0.8653 0.0029
vn -0.0000 -1.0000 0.0059
vn -0.5012 -0.8653 0.0030
vn -0.8660 -0.5000 -0.0000
vn -0.9944 0.0041 0.1058
vn -0.8509 -0.5144 -0.1069
vn -0.8144 -0.5541 -0.1723
vn -0.0519 -0.9434 -0.3275
vn -0.3442 -0.9233 -0.1705
vn -0.0000 -0.9915 -0.1299
vn -0.0000 -0.6398 0.7685
vn -0.0000 -0.0272 0.9996
vn -0.0000 0.6385 -0.7696
vn -0.0000 0.9701 -0.2428
vn -0.0000 0.8302 0.5575
vn 0.0001 0.8302 0.5575
vn -0.0000 0.7982 0.6024
vn -0.9942 0.0652 0.0850
vn -0.0000 -0.9671 0.2544
vn -0.0000 -0.8362 0.5484
vn -0.0000 0.0135 0.9999
vn -0.0000 0.4704 0.8825
vn 0.0519 -0.9434 -0.3275
vn 0.8144 -0.5541 -0.1723
vn -0.0000 -0.4573 -0.8893
vn -0.0000 -0.4574 -0.8893
vn 0.9942 0.0652 0.0850
vn 0.9942 0.0035 0.1072
vn 0.8638 0.0166 0.5035
vn -0.8638 0.0166 0.5035
vn -0.9942 0.0035 0.1072
vn -0.9942 0.0036 0.1072
vn -0.0000 -0.9683 0.2498
vn -0.0000 -0.0078 -1.0000
vn -0.0001 0.0206 -0.9998
vn -0.0000 0.0206 -0.9998
vn 0.8509 -0.5144 -0.1069
vn 0.9944 0.0041 0.1059
vn -0.0000 0.9726 0.2324
vn -0.0000 0.9934 -0.1143
vn -0.8117 -0.0195 0.5837
vn -0.9436 0.2484 0.2190
vn 0.4344 -0.7954 0.4227
vn 0.7696 -0.4539 0.4491
vn 0.3442 -0.9233 -0.1705
vn -0.0000 -0.8932 0.4497
vn -0.4344 -0.7954 0.4227
vn -0.7696 -0.4539 0.4491
vn 0.8117 -0.0195 0.5837
vn 0.9436 0.2484 0.2190
vn -0.6088 -0.0000 -0.7934
vn -0.9753 0.1170 0.1875
vn -0.2588 -0.0000 0.9659
vn 0.9659 -0.0000 -0.2588
vn 0.3118 -0.0926 -0.9456
vn -0.0000 0.5000 -0.8660
vn -0.0000 0.5000 0.8660
vn -0.0000 -0.5000 0.8660
vn -0.0000 -0.5000 -0.8660
vn -0.0000 0.7071 -0.7071
vn -0.0000 0.9659 0.2588
vn -0.0000 0.2588 0.9659
vn -0.0000 -0.9659 -0.2588
vn -0.0000 -0.2588 -0.9659
vn -0.0787 -0.0000 -0.9969
vn -0.0788 -0.0000 -0.9969
vn -0.9995 -0.0000 -0.0301
vn -0.9995 -0.0001 -0.0302
vn -0.9972 -0.0000 0.0749
vn 0.9972 -0.0000 0.0749
vn -0.9995 -0.0000 -0.0302
vn 0.1005 -0.0000 0.9949
vn -0.1005 -0.0000 0.9949
vn -0.0000 0.9994 -0.0351
vn -0.0000 0.5188 -0.8549
vn -0.5386 0.5386 -0.6480
vn -0.7067 0.7067 -0.0350
vn -0.5188 -0.0000 -0.8549
vn -0.9994 -0.0000 -0.0350
vn -0.5386 -0.5386 -0.6480
vn -0.7067 -0.7067 -0.0350
vn -0.0001 -0.5188 -0.8549
vn -0.0000 -0.9994 -0.0351
vn 0.5386 -0.5386 -0.6479
vn 0.7067 -0.7067 -0.0350
vn 0.5188 -0.0000 -0.8549
vn 0.9994 -0.0000 -0.0350
vn 0.5386 0.5386 -0.6480
vn 0.7067 0.7067 -0.0350
vn 0.5386 0.5386 -0.6479
vn -0.0000 0.5187 -0.8550
vn 0.5386 -0.5386 -0.6480
vn -0.0000 -0.5187 -0.8550
vn -0.5386 -0.5386 -0.6479
vn -0.5386 0.5386 -0.6479
vn -0.0000 0.9994 0.0351
vn -0.0000 0.5187 0.8550
vn 0.5386 0.5386 0.6480
vn 0.5188 -0.0000 0.8549
vn 0.5386 -0.5386 0.6480
vn -0.0002 -0.5187 0.8550
vn -0.0000 -0.9994 0.0351
vn -0.5386 -0.5386 0.6480
vn -0.5187 -0.0000 0.8550
vn -0.5386 0.5386 0.6480
vn -0.0000 0.5188 0.8549
vn 0.5386 -0.5386 0.6479
vn -0.0000 -0.5188 0.8549
vn -0.5188 -0.0000 0.8549
vn 0.5188 0.0002 0.8549
vn -0.9994 -0.0000 0.0350
vn -0.5188 -0.0001 0.8549
vn 0.0002 -0.5187 0.8550
vn -0.5188 0.0002 0.8549
vn -0.5386 -0.5386 0.6479
vn -0.5187 0.0002 0.8550
vn 0.5188 -0.0002 0.8549
vn -0.0000 -0.5187 0.8550
vn 0.5188 0.0001 0.8549
vn 0.5187 -0.0000 0.8550
vn 0.9994 -0.0000 0.0350
vn 0.5386 0.5386 0.6479
vn 0.0001 -0.5188 0.8549
vn -0.0000 0.5187 0.8549
vn -0.0000 -0.5187 0.8549
vn -0.0001 -0.5188 0.8549
vn -0.5386 0.5386 0.6479
vn 0.0002 0.5188 0.8549
vn 0.7067 0.7067 -0.0351
vn -0.0000 0.5187 -0.8549
vn 0.9994 -0.0000 -0.0351
vn 0.5187 -0.0000 -0.8550
vn -0.0000 -0.9994 -0.0350
vn -0.7067 -0.7067 -0.0351
vn -0.9994 -0.0000 -0.0351
vn -0.5187 -0.0000 -0.8549
vn -0.7067 0.7067 -0.0351
vn -0.0000 0.9994 -0.0350
vn 0.7067 -0.7067 -0.0351
vn -0.0000 -0.5187 -0.8549
vn -0.5187 -0.0002 -0.8549
vn 0.5188 -0.0002 -0.8549
vn -0.0000 -0.5188 -0.8549
vn 0.5188 0.0002 -0.8549
vn 0.0351 0.9994 -0.0000
vn 0.8549 0.5188 -0.0000
vn 0.6480 0.5386 -0.5386
vn 0.0351 0.7067 -0.7067
vn 0.8549 -0.0000 -0.5188
vn 0.0350 -0.0000 -0.9994
vn 0.6480 -0.5386 -0.5386
vn 0.0351 -0.7067 -0.7067
vn 0.8549 -0.5188 -0.0000
vn 0.0351 -0.9994 -0.0000
vn 0.6480 -0.5386 0.5386
vn 0.0351 -0.7067 0.7067
vn 0.8549 -0.0000 0.5188
vn 0.0350 -0.0000 0.9994
vn 0.6480 0.5386 0.5386
vn 0.0350 0.7067 0.7067
vn 0.8549 -0.5188 0.0001
vn 0.0351 0.7067 0.7067
vn 0.0350 0.7067 -0.7067
vn 0.8549 -0.0002 -0.5188
vn 0.6479 -0.5386 -0.5386
vn 0.0350 -0.7067 -0.7067
vn 0.8549 -0.5187 -0.0000
vn 0.0350 -0.9994 -0.0000
vn 0.6479 -0.5386 0.5386
vn 0.0350 -0.7067 0.7067
vn 0.8550 -0.0000 0.5187
vn 0.0350 0.9994 -0.0000
vn 0.6479 0.5386 -0.5386
vn 0.8549 -0.0001 -0.5187
vn 0.0351 -0.0000 -0.9994
vn 0.0351 -0.0000 0.9994
vn 0.6479 0.5386 0.5386
vn 0.8550 -0.5187 -0.0001
vn 0.8550 -0.0002 -0.5187
vn 0.8549 -0.5187 0.0002
vn 0.8549 0.5187 -0.0000
vn 0.8549 -0.0000 -0.5187
vn -0.0351 0.9994 -0.0000
vn -0.0350 0.7067 -0.7067
vn -0.6479 0.5386 -0.5386
vn -0.8550 0.5187 -0.0000
vn -0.0350 -0.0000 -0.9994
vn -0.8550 -0.0000 -0.5187
vn -0.0351 -0.7067 -0.7067
vn -0.6480 -0.5386 -0.5386
vn -0.0351 -0.9994 -0.0000
vn -0.8550 -0.5187 -0.0000
vn -0.0351 -0.7067 0.7067
vn -0.6480 -0.5386 0.5386
vn -0.0350 -0.0000 0.9994
vn -0.8550 -0.0000 0.5187
vn -0.0350 0.7067 0.7067
vn -0.6479 0.5386 0.5386
vn -0.0350 0.9994 -0.0000
vn -0.6480 0.5386 -0.5386
vn -0.8549 -0.0000 -0.5188
vn -0.8549 -0.0000 0.5188
vn -0.6480 0.5386 0.5386
vn -0.0351 0.7067 -0.7067
vn -0.0351 0.7067 0.7067
vn -0.0351 -0.0000 -0.9994
vn -0.8549 -0.0000 -0.5187
vn -0.0351 -0.0000 0.9994
vn -0.8549 -0.0000 0.5187
vn -0.8549 0.5188 -0.0000
vn -0.8549 -0.5188 -0.0000
vn -0.0350 -0.7067 0.7067
vn -0.6479 -0.5386 0.5386
vn -0.8549 -0.5187 -0.0000
vn -0.0002 -0.5188 -0.8549
vn -0.5187 -0.0000 -0.8550
vn 0.0002 0.5187 -0.8550
vn -0.8549 0.5187 -0.0001
vn -0.0350 -0.7067 -0.7067
vn -0.6479 -0.5386 -0.5386
vn -0.0350 -0.9994 -0.0000
vn -0.8549 0.5187 -0.0000
vn -0.5188 -0.0002 -0.8549
vn 0.8550 -0.0000 -0.5187
vn 0.8550 -0.5187 -0.0000
vn 0.8549 -0.0001 -0.5188
vn 0.8550 -0.5187 0.0002
vn 0.8549 -0.0001 0.5188
vt 0.275999 0.679683
vt 0.253090 0.664535
vt 0.260851 0.664535
vt 0.967219 0.922817
vt 0.967219 0.473437
vt 0.974288 0.473437
vt 0.974288 0.922817
vt 0.832496 0.658212
vt 0.788672 0.658209
vt 0.788672 0.655890
vt 0.832535 0.655897
vt 0.777788 0.754067
vt 0.777788 0.766955
vt 0.774477 0.766955
vt 0.774477 0.754067
vt 0.376341 0.671278
vt 0.381390 0.668249
vt 0.376341 0.676328
vt 0.634034 0.004615
vt 0.634034 0.453995
vt 0.510140 0.453995
vt 0.510140 0.004615
vt 0.957215 0.730035
vt 0.947116 0.730035
vt 0.947116 0.613210
vt 0.957215 0.606141
vt 0.135167 0.988886
vt 0.122279 0.988886
vt 0.122279 0.983837
vt 0.248741 0.993507
vt 0.248741 0.988458
vt 0.365566 0.988458
vt 0.365566 0.993507
vt 0.402062 0.494947
vt 0.391963 0.494947
vt 0.392851 0.492805
vt 0.985850 0.560248
vt 0.985850 0.443423
vt 0.990899 0.443423
vt 0.990899 0.560248
vt 0.464094 0.489278
vt 0.453995 0.480954
vt 0.464094 0.473437
vt 0.382277 0.670391
vt 0.922265 0.453994
vt 0.922265 0.464093
vt 0.771798 0.464093
vt 0.771798 0.453994
vt 0.927772 0.619874
vt 0.927772 0.640071
vt 0.478391 0.640071
vt 0.478391 0.619874
vt 0.927772 0.645120
vt 0.478391 0.645120
vt 0.004615 0.590262
vt 0.004615 0.473437
vt 0.014713 0.480954
vt 0.014713 0.590262
vt 0.453995 0.473437
vt 0.444341 0.480954
vt 0.366242 0.648052
vt 0.381390 0.646425
vt 0.367130 0.650194
vt 0.369272 0.651081
vt 0.021180 0.292446
vt 0.021177 0.336282
vt 0.018857 0.336282
vt 0.018864 0.292406
vt 0.231025 0.988886
vt 0.223263 0.988886
vt 0.223263 0.983837
vt 0.239103 0.983837
vt 0.957215 0.853929
vt 0.956327 0.856071
vt 0.947116 0.846860
vt 0.392851 0.647556
vt 0.391963 0.645414
vt 0.402062 0.638345
vt 0.510140 0.464094
vt 0.507821 0.464094
vt 0.507821 0.453995
vt 0.924584 0.453994
vt 0.924584 0.464093
vt 0.021177 0.351430
vt 0.021177 0.366547
vt 0.018858 0.366547
vt 0.018858 0.351430
vt 0.903510 0.655888
vt 0.918628 0.655887
vt 0.918628 0.658206
vt 0.903510 0.658207
vt 0.773539 0.658208
vt 0.758407 0.658208
vt 0.758407 0.655889
vt 0.773539 0.655890
vt 0.179011 0.351416
vt 0.179011 0.366549
vt 0.176692 0.366549
vt 0.176692 0.351416
vt 0.769479 0.464093
vt 0.769479 0.453994
vt 0.976606 0.922817
vt 0.976606 0.932916
vt 0.974288 0.932916
vt 0.278141 0.678796
vt 0.262993 0.663648
vt 0.366242 0.497585
vt 0.367130 0.495443
vt 0.382277 0.510591
vt 0.381390 0.512733
vt 0.381390 0.651081
vt 0.376341 0.651081
vt 0.758405 0.754066
vt 0.769431 0.754067
vt 0.769431 0.766955
vt 0.758405 0.766955
vt 0.233167 0.989773
vt 0.464094 0.502165
vt 0.453995 0.502165
vt 0.478391 0.473447
vt 0.478391 0.616844
vt 0.473342 0.616844
vt 0.473342 0.473447
vt 0.402062 0.491918
vt 0.394993 0.491918
vt 0.473342 0.640071
vt 0.844527 0.678858
vt 0.844527 0.665970
vt 0.888363 0.665970
vt 0.884098 0.678858
vt 0.330065 0.494241
vt 0.330065 0.649750
vt 0.286229 0.649752
vt 0.286228 0.516062
vt 0.844499 0.655898
vt 0.888362 0.655889
vt 0.888362 0.658209
vt 0.844539 0.658213
vt 0.903511 0.665969
vt 0.918629 0.665968
vt 0.773539 0.665970
vt 0.788672 0.665970
vt 0.784579 0.779843
vt 0.777788 0.779843
vt 0.784579 0.766955
vt 0.028211 0.679683
vt 0.043359 0.664535
vt 0.051121 0.664535
vt 0.330105 0.491925
vt 0.286229 0.494237
vt 0.286229 0.491917
vt 0.963790 0.453999
vt 0.956721 0.453999
vt 0.956721 0.004618
vt 0.963790 0.004618
vt 0.832508 0.754067
vt 0.832508 0.766955
vt 0.792936 0.766955
vt 0.792936 0.754067
vt 0.773524 0.867940
vt 0.788672 0.867939
vt 0.788672 0.875701
vt 0.773524 0.875701
vt 0.350780 0.497797
vt 0.350780 0.492748
vt 0.355829 0.500827
vt 0.109391 0.988886
vt 0.482391 0.993507
vt 0.482391 0.988458
vt 0.983120 0.430977
vt 0.973909 0.433120
vt 0.973022 0.430977
vt 0.990899 0.677073
vt 0.985850 0.677073
vt 0.464094 0.691246
vt 0.464094 0.707087
vt 0.453995 0.699570
vt 0.356716 0.498685
vt 0.453998 0.871031
vt 0.453998 0.720564
vt 0.464096 0.720564
vt 0.464096 0.871031
vt 0.023961 0.883145
vt 0.473342 0.883145
vt 0.473342 0.903341
vt 0.023961 0.903341
vt 0.473342 0.908391
vt 0.023961 0.908391
vt 0.014713 0.699570
vt 0.004615 0.707087
vt 0.453995 0.707087
vt 0.444341 0.699570
vt 0.340681 0.521024
vt 0.341568 0.518881
vt 0.355829 0.522651
vt 0.343711 0.517994
vt 0.330105 0.652065
vt 0.286229 0.652072
vt 0.013533 0.988886
vt 0.005454 0.983837
vt 0.021294 0.983837
vt 0.021294 0.988886
vt 0.956327 0.603999
vt 0.973909 0.278369
vt 0.983120 0.287580
vt 0.973022 0.280511
vt 0.757927 0.453995
vt 0.760246 0.453995
vt 0.760246 0.464094
vt 0.757927 0.464094
vt 0.453998 0.873349
vt 0.464096 0.873349
vt 0.271081 0.649752
vt 0.271081 0.652071
vt 0.255964 0.652071
vt 0.255964 0.649753
vt 0.903510 0.878020
vt 0.903510 0.875701
vt 0.918628 0.875701
vt 0.918628 0.878020
vt 0.773524 0.878020
vt 0.758406 0.878021
vt 0.758406 0.875702
vt 0.271081 0.491918
vt 0.271081 0.494237
vt 0.255962 0.494236
vt 0.255962 0.491917
vt 0.453998 0.718245
vt 0.464096 0.718245
vt 0.954402 0.453999
vt 0.956721 0.464097
vt 0.954402 0.464097
vt 0.026069 0.678796
vt 0.041217 0.663648
vt 0.340681 0.671490
vt 0.355829 0.656343
vt 0.356716 0.658485
vt 0.341568 0.673632
vt 0.350780 0.517994
vt 0.355829 0.517994
vt 0.758406 0.867940
vt 0.011390 0.989773
vt 0.464094 0.678359
vt 0.453995 0.678359
vt 0.473342 0.736717
vt 0.478391 0.736717
vt 0.478391 0.880115
vt 0.473342 0.880115
vt 0.983120 0.434007
vt 0.976051 0.434007
vt 0.478391 0.903342
vt 0.788672 0.878020
vt 0.888363 0.875700
vt 0.844539 0.875697
vt 0.844527 0.867939
vt 0.888363 0.867939
vt 0.844499 0.878012
vt 0.888362 0.878020
vt 0.903510 0.867939
vt 0.918628 0.867940
vt 0.832507 0.867939
vt 0.832496 0.875697
vt 0.584301 0.728448
vt 0.583641 0.726066
vt 0.586015 0.724704
vt 0.586406 0.727025
vt 0.583347 0.723533
vt 0.585787 0.722527
vt 0.581099 0.724389
vt 0.581540 0.726993
vt 0.588110 0.722268
vt 0.588020 0.723658
vt 0.582174 0.729293
vt 0.587614 0.725345
vt 0.929615 0.775596
vt 0.929615 0.745990
vt 0.930827 0.748263
vt 0.930827 0.773323
vt 0.788498 0.678858
vt 0.784580 0.678858
vt 0.577782 0.763875
vt 0.575508 0.765087
vt 0.550449 0.765087
vt 0.548176 0.763875
vt 0.786094 0.682896
vt 0.784579 0.682863
vt 0.785622 0.685866
vt 0.785622 0.706665
vt 0.784579 0.706665
vt 0.784579 0.685866
vt 0.792936 0.678858
vt 0.791825 0.679933
vt 0.789625 0.680300
vt 0.787371 0.681343
vt 0.927865 0.777126
vt 0.927865 0.744460
vt 0.581099 0.699305
vt 0.583347 0.700161
vt 0.774477 0.752625
vt 0.772223 0.754067
vt 0.772223 0.751582
vt 0.585787 0.701167
vt 0.588110 0.701427
vt 0.584301 0.695246
vt 0.586407 0.696669
vt 0.586015 0.698990
vt 0.583641 0.697628
vt 0.581540 0.696701
vt 0.588020 0.700036
vt 0.582174 0.694401
vt 0.587614 0.698349
vt 0.772224 0.681342
vt 0.772224 0.678858
vt 0.774477 0.678858
vt 0.774477 0.680299
vt 0.787371 0.721736
vt 0.787371 0.716462
vt 0.789625 0.716462
vt 0.789625 0.720693
vt 0.785682 0.684525
vt 0.599595 0.723542
vt 0.599596 0.700170
vt 0.602036 0.701176
vt 0.602035 0.722536
vt 0.791825 0.716462
vt 0.789625 0.712231
vt 0.791825 0.712598
vt 0.600549 0.728457
vt 0.599889 0.726074
vt 0.602263 0.724713
vt 0.602655 0.727034
vt 0.597347 0.724398
vt 0.597788 0.727002
vt 0.604358 0.722276
vt 0.604268 0.723667
vt 0.598422 0.729302
vt 0.603862 0.725354
vt 0.579311 0.762125
vt 0.546646 0.762125
vt 0.777789 0.678858
vt 0.777788 0.716462
vt 0.776678 0.712598
vt 0.776678 0.679933
vt 0.769432 0.678858
vt 0.568311 0.809458
vt 0.568311 0.776793
vt 0.570061 0.778323
vt 0.570061 0.807928
vt 0.770946 0.682896
vt 0.769432 0.682863
vt 0.770475 0.685866
vt 0.770475 0.706665
vt 0.769432 0.706665
vt 0.769432 0.685866
vt 0.770535 0.684525
vt 0.597347 0.699314
vt 0.758406 0.682863
vt 0.604358 0.701436
vt 0.600549 0.695255
vt 0.602655 0.696678
vt 0.602263 0.698999
vt 0.599890 0.697637
vt 0.597788 0.696710
vt 0.604269 0.700045
vt 0.598422 0.694410
vt 0.603862 0.698358
vt 0.784579 0.716462
vt 0.784579 0.709667
vt 0.786093 0.709634
vt 0.792936 0.716462
vt 0.994106 0.387609
vt 0.992356 0.389139
vt 0.992356 0.356474
vt 0.994106 0.358004
vt 0.772224 0.716462
vt 0.772224 0.711188
vt 0.774477 0.712231
vt 0.774477 0.716462
vt 0.770946 0.716462
vt 0.772224 0.721736
vt 0.770946 0.723290
vt 0.769431 0.747059
vt 0.770534 0.748399
vt 0.770945 0.750028
vt 0.769431 0.750061
vt 0.571273 0.780596
vt 0.571273 0.805655
vt 0.769431 0.716462
vt 0.769431 0.723257
vt 0.758406 0.723257
vt 0.758406 0.716462
vt 0.550844 0.723544
vt 0.550844 0.700172
vt 0.553284 0.701178
vt 0.553284 0.722538
vt 0.551797 0.728459
vt 0.551138 0.726077
vt 0.553511 0.724715
vt 0.553903 0.727036
vt 0.548595 0.724401
vt 0.549036 0.727004
vt 0.555606 0.722279
vt 0.555517 0.723670
vt 0.549670 0.729304
vt 0.555110 0.725356
vt 0.995318 0.385336
vt 0.995318 0.360277
vt 0.789625 0.752625
vt 0.788498 0.754067
vt 0.787371 0.751582
vt 0.785622 0.726259
vt 0.785622 0.747059
vt 0.784579 0.747059
vt 0.784579 0.726259
vt 0.785682 0.708005
vt 0.791825 0.720326
vt 0.548596 0.699316
vt 0.555606 0.701438
vt 0.551798 0.695257
vt 0.553903 0.696680
vt 0.553512 0.699001
vt 0.551138 0.697640
vt 0.549037 0.696713
vt 0.555517 0.700047
vt 0.549670 0.694412
vt 0.555111 0.698361
vt 0.785682 0.748399
vt 0.772223 0.766955
vt 0.791825 0.752992
vt 0.784579 0.754067
vt 0.784579 0.750061
vt 0.786093 0.750028
vt 0.713320 0.723545
vt 0.713320 0.700173
vt 0.715760 0.701179
vt 0.715760 0.722539
vt 0.787371 0.711188
vt 0.714274 0.728460
vt 0.713614 0.726077
vt 0.715987 0.724715
vt 0.716379 0.727037
vt 0.711071 0.724401
vt 0.711512 0.727005
vt 0.718082 0.722279
vt 0.717993 0.723670
vt 0.712146 0.729305
vt 0.717586 0.725357
vt 0.769432 0.709667
vt 0.758406 0.709667
vt 0.770474 0.726259
vt 0.770474 0.747059
vt 0.769431 0.726259
vt 0.770534 0.708005
vt 0.770946 0.709634
vt 0.786093 0.723290
vt 0.711072 0.699317
vt 0.718082 0.701439
vt 0.714274 0.695258
vt 0.716379 0.696681
vt 0.715988 0.699002
vt 0.713614 0.697640
vt 0.711513 0.696713
vt 0.717993 0.700048
vt 0.712146 0.694413
vt 0.717587 0.698361
vt 0.788671 0.766955
vt 0.776677 0.752992
vt 0.784579 0.723257
vt 0.774477 0.779843
vt 0.774477 0.720693
vt 0.832508 0.779843
vt 0.792936 0.779843
vt 0.832508 0.678858
vt 0.832508 0.716462
vt 0.758406 0.678858
vt 0.758405 0.750061
vt 0.770534 0.724919
vt 0.776678 0.716462
vt 0.832507 0.665970
vt 0.758406 0.665970
vt 0.776678 0.720326
vt 0.785682 0.724919
vt 0.681777 0.695289
vt 0.683882 0.696712
vt 0.683491 0.699033
vt 0.681117 0.697671
vt 0.680823 0.700204
vt 0.683263 0.701210
vt 0.678574 0.699347
vt 0.679016 0.696744
vt 0.685496 0.700079
vt 0.685585 0.701469
vt 0.679649 0.694444
vt 0.685090 0.698392
vt 0.993573 0.299849
vt 0.992361 0.297576
vt 0.992361 0.272516
vt 0.993573 0.270243
vt 0.788498 0.855051
vt 0.784579 0.855052
vt 0.526888 0.810245
vt 0.526888 0.780639
vt 0.528100 0.782912
vt 0.528100 0.807972
vt 0.786094 0.851013
vt 0.784579 0.851046
vt 0.785622 0.848044
vt 0.784579 0.848044
vt 0.784579 0.827245
vt 0.785622 0.827245
vt 0.792936 0.855051
vt 0.789625 0.853610
vt 0.791825 0.853977
vt 0.787371 0.852567
vt 0.995323 0.301379
vt 0.995323 0.268713
vt 0.678575 0.724432
vt 0.680823 0.723576
vt 0.774477 0.781284
vt 0.772223 0.782327
vt 0.772223 0.779843
vt 0.683263 0.722570
vt 0.685585 0.722310
vt 0.681776 0.728491
vt 0.681117 0.726108
vt 0.683490 0.724747
vt 0.683882 0.727068
vt 0.679015 0.727035
vt 0.685496 0.723701
vt 0.679649 0.729336
vt 0.685090 0.725388
vt 0.772224 0.852567
vt 0.774477 0.853610
vt 0.774477 0.855052
vt 0.772224 0.855052
vt 0.787371 0.812173
vt 0.789625 0.813216
vt 0.789625 0.817447
vt 0.787371 0.817447
vt 0.785682 0.849384
vt 0.932629 0.730473
vt 0.930189 0.729467
vt 0.930189 0.708107
vt 0.932629 0.707101
vt 0.791825 0.817447
vt 0.791825 0.821312
vt 0.789625 0.821678
vt 0.931675 0.735388
vt 0.929570 0.733965
vt 0.929962 0.731644
vt 0.932335 0.733006
vt 0.934878 0.731330
vt 0.934437 0.733933
vt 0.927956 0.730598
vt 0.927867 0.729208
vt 0.933803 0.736233
vt 0.928363 0.732285
vt 0.525138 0.811775
vt 0.525138 0.779109
vt 0.777789 0.855052
vt 0.776678 0.853977
vt 0.776677 0.821312
vt 0.777788 0.817447
vt 0.769432 0.855052
vt 0.556106 0.776799
vt 0.557856 0.778329
vt 0.557856 0.807935
vt 0.556106 0.809465
vt 0.770946 0.851013
vt 0.769432 0.851046
vt 0.770475 0.848044
vt 0.769432 0.848044
vt 0.769431 0.827245
vt 0.770474 0.827245
vt 0.770535 0.849385
vt 0.934878 0.706245
vt 0.758406 0.851047
vt 0.927867 0.708367
vt 0.931676 0.702186
vt 0.932335 0.704569
vt 0.929962 0.705930
vt 0.929570 0.703609
vt 0.934437 0.703642
vt 0.927956 0.706976
vt 0.933803 0.701341
vt 0.928363 0.705289
vt 0.784579 0.817447
vt 0.786093 0.824275
vt 0.784579 0.824242
vt 0.792936 0.817447
vt 0.994106 0.314123
vt 0.994106 0.343728
vt 0.992356 0.345258
vt 0.992356 0.312593
vt 0.772223 0.817447
vt 0.774477 0.817447
vt 0.774477 0.821678
vt 0.772223 0.822721
vt 0.770946 0.817447
vt 0.770946 0.810619
vt 0.772223 0.812173
vt 0.769431 0.786851
vt 0.769431 0.783848
vt 0.770945 0.783881
vt 0.770534 0.785510
vt 0.559068 0.780602
vt 0.559068 0.805662
vt 0.769431 0.817447
vt 0.758405 0.817447
vt 0.758405 0.810653
vt 0.769431 0.810652
vt 0.664582 0.700169
vt 0.667022 0.701174
vt 0.667022 0.722535
vt 0.664582 0.723540
vt 0.665536 0.695254
vt 0.667641 0.696676
vt 0.667250 0.698998
vt 0.664876 0.697636
vt 0.662334 0.699312
vt 0.662775 0.696709
vt 0.669255 0.700043
vt 0.669345 0.701434
vt 0.663409 0.694409
vt 0.668849 0.698357
vt 0.995318 0.316396
vt 0.995318 0.341456
vt 0.789625 0.781284
vt 0.787371 0.782328
vt 0.788498 0.779843
vt 0.785622 0.807650
vt 0.784579 0.807650
vt 0.784579 0.786851
vt 0.785622 0.786851
vt 0.785682 0.825904
vt 0.791825 0.813583
vt 0.791825 0.780918
vt 0.662334 0.724397
vt 0.669344 0.722275
vt 0.665536 0.728455
vt 0.664876 0.726073
vt 0.667250 0.724711
vt 0.667641 0.727033
vt 0.662775 0.727000
vt 0.669255 0.723666
vt 0.663408 0.729300
vt 0.668849 0.725352
vt 0.785682 0.785510
vt 0.163781 0.336283
vt 0.176689 0.292446
vt 0.786093 0.783881
vt 0.784579 0.783848
vt 0.615841 0.700159
vt 0.618281 0.701165
vt 0.618281 0.722526
vt 0.615841 0.723531
vt 0.787371 0.822721
vt 0.616795 0.695244
vt 0.618900 0.696667
vt 0.618509 0.698989
vt 0.616135 0.697627
vt 0.613593 0.699303
vt 0.614034 0.696700
vt 0.620514 0.700034
vt 0.620604 0.701425
vt 0.614668 0.694399
vt 0.620108 0.698348
vt 0.769431 0.824242
vt 0.758406 0.824242
vt 0.770474 0.807650
vt 0.769431 0.807650
vt 0.770474 0.786851
vt 0.770946 0.824275
vt 0.770534 0.825904
vt 0.786093 0.810619
vt 0.613593 0.724387
vt 0.620604 0.722266
vt 0.616795 0.728446
vt 0.616135 0.726064
vt 0.618509 0.724702
vt 0.618900 0.727024
vt 0.614034 0.726991
vt 0.620514 0.723657
vt 0.614667 0.729291
vt 0.620108 0.725343
vt 0.776677 0.780918
vt 0.784579 0.810652
vt 0.769431 0.779843
vt 0.774477 0.813216
vt 0.844527 0.754067
vt 0.884099 0.754067
vt 0.884099 0.766955
vt 0.844527 0.766955
vt 0.832508 0.817447
vt 0.832508 0.855051
vt 0.758405 0.779843
vt 0.758406 0.855052
vt 0.758405 0.783848
vt 0.770534 0.808991
vt 0.776677 0.817447
vt 0.776677 0.813583
vt 0.785682 0.808991
vt 0.533740 0.772340
vt 0.531634 0.770917
vt 0.532026 0.768595
vt 0.534399 0.769957
vt 0.534694 0.767425
vt 0.532254 0.766419
vt 0.536942 0.768281
vt 0.536501 0.770884
vt 0.530021 0.767550
vt 0.529931 0.766159
vt 0.535867 0.773185
vt 0.530427 0.769236
vt 0.582261 0.776016
vt 0.583473 0.778289
vt 0.583473 0.803349
vt 0.582261 0.805622
vt 0.888537 0.678858
vt 0.892455 0.678858
vt 0.514688 0.814857
vt 0.514688 0.785251
vt 0.515900 0.787524
vt 0.515900 0.812584
vt 0.890941 0.682896
vt 0.892455 0.682863
vt 0.891413 0.685865
vt 0.892455 0.685865
vt 0.892456 0.706665
vt 0.891413 0.706665
vt 0.887410 0.680299
vt 0.885209 0.679933
vt 0.889663 0.681342
vt 0.580511 0.774486
vt 0.580511 0.807152
vt 0.536942 0.743197
vt 0.534693 0.744053
vt 0.902558 0.752625
vt 0.904812 0.751582
vt 0.904812 0.754067
vt 0.902558 0.754067
vt 0.532254 0.745058
vt 0.529931 0.745318
vt 0.533740 0.739138
vt 0.534400 0.741520
vt 0.532026 0.742882
vt 0.531635 0.740560
vt 0.536501 0.740593
vt 0.530021 0.743927
vt 0.535867 0.738293
vt 0.530427 0.742241
vt 0.904811 0.681342
vt 0.902558 0.680299
vt 0.902558 0.678857
vt 0.904811 0.678857
vt 0.889664 0.721736
vt 0.887410 0.720693
vt 0.887410 0.716462
vt 0.889664 0.716462
vt 0.891353 0.684525
vt 0.534585 0.700204
vt 0.537025 0.701210
vt 0.537025 0.722570
vt 0.534585 0.723575
vt 0.885210 0.716462
vt 0.885210 0.712598
vt 0.887410 0.712231
vt 0.535539 0.695289
vt 0.537644 0.696712
vt 0.537253 0.699033
vt 0.534879 0.697671
vt 0.532337 0.699347
vt 0.532778 0.696744
vt 0.539258 0.700078
vt 0.539347 0.701469
vt 0.533411 0.694444
vt 0.538852 0.698392
vt 0.512938 0.816387
vt 0.512938 0.783721
vt 0.899246 0.678857
vt 0.900357 0.679932
vt 0.900358 0.712598
vt 0.899247 0.716462
vt 0.907603 0.678857
vt 0.723532 0.765581
vt 0.721781 0.764051
vt 0.721781 0.734445
vt 0.723532 0.732916
vt 0.906089 0.682896
vt 0.907603 0.682862
vt 0.906560 0.685865
vt 0.907603 0.685865
vt 0.907604 0.706664
vt 0.906561 0.706664
vt 0.906500 0.684524
vt 0.532337 0.724432
vt 0.918629 0.682862
vt 0.539347 0.722310
vt 0.535538 0.728490
vt 0.534879 0.726108
vt 0.537253 0.724746
vt 0.537644 0.727068
vt 0.532777 0.727035
vt 0.539258 0.723701
vt 0.533411 0.729335
vt 0.538852 0.725387
vt 0.892456 0.716462
vt 0.890942 0.709634
vt 0.892456 0.709667
vt 0.884099 0.716462
vt 0.590305 0.763337
vt 0.619911 0.763337
vt 0.621441 0.765087
vt 0.588776 0.765087
vt 0.904812 0.716462
vt 0.902558 0.716462
vt 0.902558 0.712231
vt 0.904812 0.711188
vt 0.906089 0.716462
vt 0.906089 0.723290
vt 0.904812 0.721736
vt 0.907604 0.747059
vt 0.907604 0.750061
vt 0.906089 0.750028
vt 0.906501 0.748399
vt 0.720569 0.761778
vt 0.720569 0.736719
vt 0.907604 0.716462
vt 0.918630 0.716462
vt 0.918630 0.723257
vt 0.907604 0.723257
vt 0.697076 0.700169
vt 0.699516 0.701174
vt 0.699516 0.722535
vt 0.697076 0.723540
vt 0.698030 0.695254
vt 0.700135 0.696676
vt 0.699744 0.698998
vt 0.697370 0.697636
vt 0.694828 0.699312
vt 0.695269 0.696709
vt 0.701749 0.700043
vt 0.701839 0.701434
vt 0.695903 0.694409
vt 0.701343 0.698357
vt 0.592578 0.762125
vt 0.617638 0.762125
vt 0.887410 0.752625
vt 0.889664 0.751582
vt 0.888537 0.754067
vt 0.891413 0.726259
vt 0.892456 0.726259
vt 0.892456 0.747059
vt 0.891413 0.747059
vt 0.891353 0.708005
vt 0.885210 0.720326
vt 0.885210 0.752992
vt 0.694828 0.724397
vt 0.701838 0.722275
vt 0.698030 0.728455
vt 0.697370 0.726073
vt 0.699744 0.724711
vt 0.700135 0.727033
vt 0.695269 0.727000
vt 0.701749 0.723666
vt 0.695902 0.729300
vt 0.701343 0.725352
vt 0.891353 0.748399
vt 0.902558 0.766955
vt 0.904812 0.766955
vt 0.892456 0.754067
vt 0.890942 0.750028
vt 0.892456 0.750061
vt 0.648332 0.700169
vt 0.650772 0.701175
vt 0.650771 0.722535
vt 0.648332 0.723541
vt 0.889664 0.711188
vt 0.649286 0.695254
vt 0.651391 0.696676
vt 0.650999 0.698998
vt 0.648626 0.697636
vt 0.646083 0.699312
vt 0.646524 0.696709
vt 0.653005 0.700043
vt 0.653094 0.701434
vt 0.647158 0.694409
vt 0.652598 0.698357
vt 0.907604 0.709667
vt 0.918630 0.709667
vt 0.906561 0.726259
vt 0.907604 0.726259
vt 0.906561 0.747059
vt 0.906089 0.709634
vt 0.906501 0.708005
vt 0.890942 0.723290
vt 0.646083 0.724397
vt 0.653094 0.722275
vt 0.649285 0.728456
vt 0.648626 0.726073
vt 0.650999 0.724711
vt 0.651391 0.727033
vt 0.646524 0.727000
vt 0.653005 0.723666
vt 0.647158 0.729300
vt 0.652598 0.725353
vt 0.888364 0.766955
vt 0.899247 0.754067
vt 0.900358 0.752992
vt 0.892456 0.723257
vt 0.899247 0.779843
vt 0.899247 0.766955
vt 0.902558 0.779843
vt 0.902558 0.720693
vt 0.892456 0.766955
vt 0.907604 0.754067
vt 0.907604 0.766955
vt 0.844527 0.779843
vt 0.884099 0.779843
vt 0.918630 0.754067
vt 0.918630 0.766955
vt 0.918629 0.678857
vt 0.918630 0.750061
vt 0.906501 0.724919
vt 0.900358 0.716462
vt 0.844527 0.716462
vt 0.900358 0.720326
vt 0.891353 0.724919
vt 0.402659 0.651376
vt 0.403318 0.653758
vt 0.400945 0.655120
vt 0.400553 0.652798
vt 0.403612 0.656291
vt 0.401172 0.657296
vt 0.405861 0.655434
vt 0.405420 0.652831
vt 0.398850 0.657556
vt 0.398939 0.656165
vt 0.404786 0.650531
vt 0.399346 0.654479
vt 0.545112 0.776014
vt 0.545112 0.805620
vt 0.543900 0.803347
vt 0.543900 0.778287
vt 0.888536 0.855051
vt 0.892455 0.855051
vt 0.662029 0.763880
vt 0.659756 0.765092
vt 0.634696 0.765092
vt 0.632423 0.763880
vt 0.890941 0.851013
vt 0.892455 0.851046
vt 0.891412 0.848044
vt 0.891412 0.827244
vt 0.892455 0.827244
vt 0.892455 0.848044
vt 0.884098 0.855051
vt 0.885209 0.853976
vt 0.887410 0.853610
vt 0.889663 0.852567
vt 0.546862 0.774484
vt 0.546862 0.807149
vt 0.405860 0.680519
vt 0.403612 0.679662
vt 0.902558 0.781284
vt 0.904812 0.779843
vt 0.904812 0.782328
vt 0.401172 0.678657
vt 0.398850 0.678397
vt 0.402658 0.684577
vt 0.400553 0.683155
vt 0.400944 0.680833
vt 0.403318 0.682195
vt 0.405420 0.683122
vt 0.398939 0.679788
vt 0.404786 0.685422
vt 0.399346 0.681474
vt 0.904811 0.852567
vt 0.904810 0.855052
vt 0.902557 0.855052
vt 0.902557 0.853610
vt 0.889664 0.812173
vt 0.889664 0.817447
vt 0.887410 0.817447
vt 0.887410 0.813216
vt 0.891352 0.849384
vt 0.515178 0.767420
vt 0.515179 0.744048
vt 0.517618 0.745054
vt 0.517618 0.766414
vt 0.885210 0.817447
vt 0.887410 0.821678
vt 0.885210 0.821311
vt 0.516132 0.772335
vt 0.515472 0.769953
vt 0.517846 0.768591
vt 0.518237 0.770912
vt 0.512930 0.768277
vt 0.513371 0.770880
vt 0.519941 0.766155
vt 0.519851 0.767545
vt 0.514005 0.773180
vt 0.519445 0.769232
vt 0.663559 0.762130
vt 0.630893 0.762130
vt 0.899246 0.855051
vt 0.899246 0.817447
vt 0.900357 0.821312
vt 0.900357 0.853977
vt 0.907603 0.855052
vt 0.992361 0.433017
vt 0.992361 0.400351
vt 0.994111 0.401881
vt 0.994111 0.431487
vt 0.906088 0.851013
vt 0.907603 0.851046
vt 0.906560 0.848044
vt 0.906560 0.827245
vt 0.907603 0.827245
vt 0.907603 0.848044
vt 0.906500 0.849384
vt 0.512930 0.743192
vt 0.918628 0.851047
vt 0.519941 0.745314
vt 0.516132 0.739133
vt 0.518237 0.740556
vt 0.517846 0.742877
vt 0.515472 0.741516
vt 0.513371 0.740589
vt 0.519851 0.743923
vt 0.514005 0.738288
vt 0.519445 0.742236
vt 0.892455 0.817447
vt 0.892455 0.824242
vt 0.890941 0.824275
vt 0.884099 0.817447
vt 0.702054 0.768668
vt 0.700304 0.770198
vt 0.700304 0.737533
vt 0.702054 0.739063
vt 0.904811 0.817447
vt 0.904811 0.822721
vt 0.902558 0.821678
vt 0.902558 0.817447
vt 0.906089 0.817447
vt 0.904811 0.812173
vt 0.906089 0.810619
vt 0.907604 0.786851
vt 0.906501 0.785510
vt 0.906089 0.783881
vt 0.907604 0.783848
vt 0.995323 0.404154
vt 0.995323 0.429214
vt 0.907603 0.817447
vt 0.907603 0.810653
vt 0.918629 0.810653
vt 0.918629 0.817447
vt 0.567101 0.723566
vt 0.567101 0.700194
vt 0.569541 0.701200
vt 0.569541 0.722560
vt 0.568055 0.728481
vt 0.567395 0.726099
vt 0.569769 0.724737
vt 0.570160 0.727058
vt 0.564852 0.724423
vt 0.565294 0.727026
vt 0.571863 0.722301
vt 0.571774 0.723692
vt 0.565928 0.729326
vt 0.571368 0.725378
vt 0.703267 0.766395
vt 0.703267 0.741336
vt 0.887410 0.781284
vt 0.888537 0.779843
vt 0.889664 0.782328
vt 0.891413 0.807650
vt 0.891413 0.786851
vt 0.892456 0.786851
vt 0.892456 0.807650
vt 0.891353 0.825904
vt 0.885210 0.813583
vt 0.564853 0.699338
vt 0.571863 0.701460
vt 0.568055 0.695279
vt 0.570160 0.696702
vt 0.569769 0.699024
vt 0.567395 0.697662
vt 0.565294 0.696735
vt 0.571774 0.700069
vt 0.565927 0.694434
vt 0.571368 0.698382
vt 0.891353 0.785510
vt 0.885210 0.780918
vt 0.892456 0.779843
vt 0.892456 0.783848
vt 0.890942 0.783881
vt 0.632086 0.723576
vt 0.632086 0.700204
vt 0.634526 0.701209
vt 0.634526 0.722570
vt 0.889664 0.822721
vt 0.633040 0.728491
vt 0.632380 0.726108
vt 0.634754 0.724746
vt 0.635145 0.727068
vt 0.629838 0.724432
vt 0.630279 0.727036
vt 0.636848 0.722310
vt 0.636759 0.723701
vt 0.630912 0.729336
vt 0.636353 0.725388
vt 0.907603 0.824242
vt 0.918629 0.824242
vt 0.906560 0.807650
vt 0.906561 0.786851
vt 0.907603 0.807650
vt 0.906500 0.825904
vt 0.906089 0.824275
vt 0.890941 0.810619
vt 0.629838 0.699348
vt 0.636848 0.701469
vt 0.633040 0.695289
vt 0.635145 0.696711
vt 0.634754 0.699033
vt 0.632380 0.697671
vt 0.630279 0.696744
vt 0.636759 0.700078
vt 0.630912 0.694444
vt 0.636353 0.698392
vt 0.900358 0.780918
vt 0.892456 0.810652
vt 0.902558 0.813216
vt 0.907604 0.779843
vt 0.122448 0.494877
vt 0.122448 0.493158
vt 0.135336 0.493158
vt 0.135336 0.494877
vt 0.844527 0.855051
vt 0.844527 0.817447
vt 0.918628 0.855052
vt 0.918630 0.779843
vt 0.918629 0.783849
vt 0.906500 0.808991
vt 0.900357 0.817447
vt 0.900357 0.813583
vt 0.891353 0.808991
vt 0.179012 0.336282
vt 0.176692 0.336282
vt 0.832535 0.878012
vt 0.255962 0.516062
vt 0.271080 0.516062
vt 0.159323 0.351417
vt 0.154867 0.366548
vt 0.179566 0.988886
vt 0.172771 0.988886
vt 0.172771 0.983837
vt 0.210375 0.988886
vt 0.210375 0.983837
vt 0.206370 0.988886
vt 0.165976 0.988886
vt 0.464094 0.590262
vt 0.453995 0.590262
vt 0.453995 0.539770
vt 0.464094 0.539770
vt 0.139172 0.988886
vt 0.105385 0.988886
vt 0.078581 0.988886
vt 0.071786 0.983837
vt 0.464094 0.640754
vt 0.453995 0.640754
vt 0.071786 0.988886
vt 0.064992 0.988886
vt 0.038188 0.988886
vt 0.034182 0.983837
vt 0.034182 0.988886
vt 0.985849 0.805052
vt 0.985849 0.688227
vt 0.990898 0.688227
vt 0.990898 0.805052
vt 0.240202 0.664535
vt 0.757927 0.004615
vt 0.990898 0.921877
vt 0.985849 0.921877
vt 0.064008 0.664535
vt 0.634034 0.464094
vt 0.954402 0.004618
vt 0.004617 0.720564
vt 0.004617 0.718245
vt 0.004617 0.873349
vt 0.004617 0.871031
vt 0.760246 0.004615
vt 0.013863 0.903341
vt 0.013863 0.908391
vt 0.013863 0.883145
vt 0.963790 0.464097
vt 0.976606 0.473437
vt 0.771798 0.004614
vt 0.769479 0.004614
vt 0.924584 0.004614
vt 0.922265 0.004614
vt 0.507821 0.004615
vt 0.937870 0.640071
vt 0.937870 0.645120
vt 0.937870 0.619874
vt 0.967219 0.932916
vt 0.068014 0.664535
vt 0.094818 0.664535
vt 0.152105 0.679683
vt 0.101613 0.664535
vt 0.108408 0.664535
vt 0.135212 0.664535
vt 0.139217 0.664535
vt 0.152105 0.664535
vt 0.164993 0.664535
vt 0.168998 0.664535
vt 0.195803 0.664535
vt 0.202597 0.664535
vt 0.209392 0.664535
vt 0.236196 0.664535
vt 0.179005 0.292406
vt 0.025707 0.493678
vt 0.025200 0.494879
vt 0.023948 0.494624
vt 0.024755 0.492728
vt 0.019108 0.291125
vt 0.021201 0.291194
vt 0.026908 0.493170
vt 0.026650 0.491918
vt 0.843287 0.658234
vt 0.843218 0.656141
vt 0.025707 0.650946
vt 0.026908 0.651453
vt 0.026650 0.652706
vt 0.024755 0.651896
vt 0.833816 0.656141
vt 0.833747 0.658233
vt 0.025200 0.649744
vt 0.023948 0.650000
vt 0.176667 0.291194
vt 0.034347 0.493157
vt 0.034346 0.491902
vt 0.843270 0.665968
vt 0.178761 0.291125
vt 0.331317 0.649728
vt 0.331386 0.651821
vt 0.245918 0.492728
vt 0.246725 0.494624
vt 0.245473 0.494879
vt 0.244966 0.493678
vt 0.843218 0.877768
vt 0.843287 0.875676
vt 0.244023 0.491918
vt 0.243765 0.493170
vt 0.833747 0.875676
vt 0.833816 0.877768
vt 0.245918 0.651896
vt 0.244022 0.652706
vt 0.243765 0.651453
vt 0.244966 0.650946
vt 0.331317 0.494262
vt 0.246725 0.650000
vt 0.245473 0.649745
vt 0.331386 0.492169
vt 0.833760 0.678858
vt 0.833760 0.716462
vt 0.084843 0.652717
vt 0.047238 0.652718
vt 0.047238 0.651466
vt 0.084843 0.651465
vt 0.122448 0.651466
vt 0.135336 0.651466
vt 0.135336 0.652718
vt 0.122448 0.652718
vt 0.833760 0.754067
vt 0.833760 0.766955
vt 0.034348 0.651467
vt 0.034347 0.652722
vt 0.833765 0.665968
vt 0.185830 0.651466
vt 0.223435 0.651466
vt 0.223435 0.652718
vt 0.185830 0.652718
vt 0.833760 0.817447
vt 0.833760 0.855051
vt 0.833760 0.779843
vt 0.148225 0.652718
vt 0.148225 0.651466
vt 0.833765 0.867941
vt 0.236326 0.652722
vt 0.236325 0.651467
vt 0.084843 0.493158
vt 0.047238 0.493158
vt 0.047238 0.491906
vt 0.084843 0.491906
vt 0.843275 0.716462
vt 0.843275 0.678858
vt 0.843275 0.766955
vt 0.843275 0.754067
vt 0.122448 0.491906
vt 0.135336 0.491906
vt 0.843275 0.855051
vt 0.843275 0.817447
vt 0.185830 0.491906
vt 0.223435 0.491906
vt 0.223435 0.493158
vt 0.185830 0.493158
vt 0.148225 0.493158
vt 0.148225 0.491906
vt 0.843275 0.779843
vt 0.236325 0.493157
vt 0.236326 0.491902
vt 0.843270 0.867941
vt 0.243759 0.494882
vt 0.236324 0.494878
vt 0.159524 0.366549
vt 0.026914 0.649741
vt 0.034349 0.649746
vt 0.223435 0.494877
vt 0.185830 0.494877
vt 0.148225 0.494877
vt 0.084843 0.494877
vt 0.047237 0.494877
vt 0.034349 0.494878
vt 0.047238 0.649746
vt 0.223435 0.649746
vt 0.185830 0.649746
vt 0.236324 0.649746
vt 0.135336 0.649746
vt 0.122448 0.649746
vt 0.084843 0.649746
vt 0.148225 0.649746
vt 0.243759 0.649741
vt 0.026913 0.494882
vt 0.255962 0.511405
vt 0.124898 0.151236
vt 0.124898 0.279371
vt 0.021260 0.279372
vt 0.021257 0.151236
vt 0.021259 0.023100
vt 0.124898 0.023101
vt 0.983348 0.135117
vt 0.975441 0.135117
vt 0.975452 0.006947
vt 0.983347 0.006956
vt 0.733098 0.760946
vt 0.747475 0.760946
vt 0.747507 0.863299
vt 0.733096 0.839638
vt 0.733096 0.682253
vt 0.618398 0.682252
vt 0.618398 0.658567
vt 0.747507 0.658592
vt 0.503700 0.839638
vt 0.489289 0.863299
vt 0.489322 0.760946
vt 0.503699 0.760946
vt 0.618398 0.863324
vt 0.618398 0.839639
vt 0.983338 0.263279
vt 0.975443 0.263287
vt 0.228537 0.023099
vt 0.228540 0.151236
vt 0.228537 0.279373
vt 0.503700 0.682253
vt 0.489289 0.658592
vt 0.631432 0.528904
vt 0.631432 0.536811
vt 0.503262 0.536800
vt 0.503271 0.528904
vt 0.021188 0.378699
vt 0.124067 0.378680
vt 0.124067 0.399000
vt 0.021195 0.386927
vt 0.021188 0.413332
vt 0.124067 0.413313
vt 0.124067 0.433633
vt 0.021195 0.421561
vt 0.226946 0.413332
vt 0.226939 0.421561
vt 0.759594 0.528913
vt 0.759602 0.536809
vt 0.226939 0.386927
vt 0.229265 0.386767
vt 0.228937 0.388702
vt 0.227053 0.389249
vt 0.973037 0.006866
vt 0.973344 0.004977
vt 0.975283 0.004616
vt 0.021084 0.281683
vt 0.019159 0.281327
vt 0.018852 0.279450
vt 0.226946 0.378699
vt 0.226687 0.376449
vt 0.228764 0.376807
vt 0.229274 0.378639
vt 0.489745 0.866001
vt 0.488119 0.865730
vt 0.487633 0.863641
vt 0.983461 0.004634
vt 0.985373 0.004771
vt 0.985697 0.006397
vt 0.021082 0.423882
vt 0.019197 0.423336
vt 0.018869 0.421400
vt 0.018852 0.023022
vt 0.019159 0.021146
vt 0.021084 0.020789
vt 0.975274 0.265619
vt 0.973335 0.265258
vt 0.973028 0.263368
vt 0.018860 0.413273
vt 0.019370 0.411441
vt 0.021448 0.411083
vt 0.985688 0.263837
vt 0.985364 0.265463
vt 0.983452 0.265600
vt 0.749164 0.863641
vt 0.748678 0.865730
vt 0.747052 0.866001
vt 0.021082 0.389249
vt 0.019198 0.388702
vt 0.018869 0.386767
vt 0.230945 0.279451
vt 0.230638 0.281328
vt 0.228712 0.281684
vt 0.761933 0.536978
vt 0.761572 0.538916
vt 0.759683 0.539223
vt 0.018861 0.378639
vt 0.019370 0.376807
vt 0.021448 0.376449
vt 0.760152 0.526563
vt 0.761778 0.526888
vt 0.761915 0.528799
vt 0.487633 0.658250
vt 0.488118 0.656161
vt 0.489745 0.655890
vt 0.229265 0.421400
vt 0.228937 0.423336
vt 0.227053 0.423882
vt 0.503181 0.539214
vt 0.501292 0.538907
vt 0.500931 0.536969
vt 0.228712 0.020787
vt 0.230637 0.021144
vt 0.230944 0.023021
vt 0.226687 0.411083
vt 0.228764 0.411441
vt 0.229274 0.413273
vt 0.747052 0.655890
vt 0.748678 0.656161
vt 0.749164 0.658250
vt 0.500949 0.528790
vt 0.501086 0.526879
vt 0.502712 0.526554
vt 0.018845 0.151236
vt 0.973028 0.135117
vt 0.985731 0.135117
vt 0.618398 0.865996
vt 0.124898 0.281689
vt 0.124067 0.401331
vt 0.124067 0.376453
vt 0.487596 0.760946
vt 0.124067 0.435964
vt 0.124898 0.020783
vt 0.749201 0.760946
vt 0.124067 0.411087
vt 0.631432 0.539223
vt 0.230952 0.151236
vt 0.618398 0.655895
vt 0.631432 0.526520
vt 0.935370 0.461770
vt 0.935370 0.006171
vt 0.943618 0.006171
vt 0.943618 0.461770
vt 0.241999 0.458250
vt 0.241999 0.009614
vt 0.245447 0.006165
vt 0.245447 0.461698
vt 0.497042 0.461699
vt 0.257761 0.461699
vt 0.257761 0.006166
vt 0.497042 0.006166
vt 0.726860 0.969207
vt 0.966158 0.969207
vt 0.966158 0.977454
vt 0.726860 0.977454
vt 0.944787 0.590463
vt 0.944787 0.598711
vt 0.489188 0.598711
vt 0.489188 0.590463
vt 0.009614 0.009614
vt 0.006166 0.006165
vt 0.009614 0.458250
vt 0.006166 0.461698
vt 0.475221 0.969210
vt 0.473671 0.969156
vt 0.473906 0.967897
vt 0.475165 0.967665
vt 0.933825 0.006115
vt 0.934057 0.004856
vt 0.935315 0.004621
vt 0.497098 0.004623
vt 0.498352 0.004855
vt 0.498585 0.006110
vt 0.726804 0.978999
vt 0.725545 0.978768
vt 0.725311 0.977509
vt 0.498585 0.461754
vt 0.498352 0.463009
vt 0.497098 0.463241
vt 0.935315 0.463320
vt 0.934057 0.463085
vt 0.933825 0.461827
vt 0.967707 0.977509
vt 0.967473 0.978768
vt 0.966214 0.978999
vt 0.944843 0.588918
vt 0.946102 0.589150
vt 0.946337 0.590408
vt 0.257706 0.463241
vt 0.256451 0.463009
vt 0.256219 0.461754
vt 0.487638 0.590409
vt 0.487873 0.589150
vt 0.489131 0.588918
vt 0.714519 0.969210
vt 0.714575 0.967665
vt 0.715834 0.967897
vt 0.716069 0.969156
vt 0.256219 0.006110
vt 0.256451 0.004855
vt 0.257706 0.004623
vt 0.714519 0.977457
vt 0.716068 0.977512
vt 0.715834 0.978771
vt 0.714575 0.979002
vt 0.489132 0.600255
vt 0.487873 0.600024
vt 0.487638 0.598765
vt 0.245502 0.004623
vt 0.246757 0.004855
vt 0.246989 0.006110
vt 0.966214 0.967662
vt 0.967473 0.967894
vt 0.967708 0.969153
vt 0.246989 0.461754
vt 0.246757 0.463009
vt 0.245502 0.463241
vt 0.946337 0.598765
vt 0.946102 0.600024
vt 0.944843 0.600255
vt 0.725310 0.969153
vt 0.725545 0.967894
vt 0.726804 0.967662
vt 0.945162 0.461826
vt 0.944931 0.463085
vt 0.943672 0.463320
vt 0.006111 0.463241
vt 0.004856 0.463009
vt 0.004624 0.461754
vt 0.004624 0.006110
vt 0.004856 0.004855
vt 0.006111 0.004623
vt 0.943672 0.004621
vt 0.944931 0.004856
vt 0.945162 0.006115
vt 0.475221 0.977457
vt 0.475165 0.979002
vt 0.473906 0.978771
vt 0.473672 0.977512
vt 0.954117 0.926097
vt 0.954117 0.936256
vt 0.491899 0.936256
vt 0.491899 0.926097
vt 0.315759 0.667899
vt 0.319181 0.666243
vt 0.319181 0.669557
vt 0.947606 0.892322
vt 0.947769 0.915026
vt 0.943728 0.915029
vt 0.520319 0.695212
vt 0.523095 0.695384
vt 0.523095 0.718241
vt 0.518016 0.718241
vt 0.518016 0.724977
vt 0.516359 0.728399
vt 0.513939 0.727397
vt 0.487630 0.576682
vt 0.487630 0.553826
vt 0.491693 0.553826
vt 0.485163 0.931176
vt 0.481741 0.932833
vt 0.481741 0.929519
vt 0.957974 0.553826
vt 0.953910 0.553826
vt 0.953910 0.547089
vt 0.957974 0.547089
vt 0.491693 0.526562
vt 0.491693 0.533298
vt 0.487630 0.533298
vt 0.487630 0.526562
vt 0.491693 0.541851
vt 0.487630 0.541851
vt 0.487630 0.538537
vt 0.491693 0.538537
vt 0.523095 0.724977
vt 0.522093 0.727397
vt 0.957974 0.576682
vt 0.685984 0.742451
vt 0.684327 0.739029
vt 0.687641 0.739029
vt 0.953910 0.526562
vt 0.957974 0.526562
vt 0.957974 0.533298
vt 0.953910 0.533298
vt 0.953910 0.541851
vt 0.953910 0.538537
vt 0.957974 0.538537
vt 0.957974 0.541851
vt 0.940410 0.893721
vt 0.947644 0.890487
vt 0.491772 0.904016
vt 0.502063 0.904082
vt 0.489494 0.914784
vt 0.318179 0.663823
vt 0.957974 0.578626
vt 0.487630 0.578626
vt 0.501127 0.910328
vt 0.940436 0.911776
vt 0.496791 0.914353
vt 0.315759 0.662820
vt 0.318179 0.671977
vt 0.481741 0.948822
vt 0.952086 0.948822
vt 0.952086 0.956441
vt 0.481741 0.956441
vt 0.512937 0.724977
vt 0.286184 0.670183
vt 0.283626 0.670439
vt 0.283626 0.662820
vt 0.286232 0.662820
vt 0.491693 0.547089
vt 0.487630 0.547089
vt 0.487630 0.544470
vt 0.491693 0.544470
vt 0.487630 0.535917
vt 0.491693 0.535917
vt 0.957974 0.544470
vt 0.953910 0.544470
vt 0.957974 0.535917
vt 0.953910 0.535917
vt 0.309023 0.667899
vt 0.315759 0.672979
vt 0.309023 0.672979
vt 0.309023 0.662820
vt 0.284370 0.672235
vt 0.491339 0.890331
vt 0.487635 0.889439
vt 0.485163 0.926097
vt 0.482743 0.927099
vt 0.485163 0.936256
vt 0.482743 0.935253
vt 0.286166 0.672979
vt 0.487953 0.886865
vt 0.512937 0.718241
vt 0.522352 0.693588
vt 0.512937 0.694755
vt 0.512937 0.692844
vt 0.520556 0.692844
vt 0.481741 0.946879
vt 0.952086 0.946879
vt 0.519673 0.728399
vt 0.680905 0.749187
vt 0.680905 0.742451
vt 0.691063 0.749187
vt 0.681907 0.740031
vt 0.691063 0.742451
vt 0.690061 0.740031
vt 0.986015 0.934729
vt 0.987209 0.935409
vt 0.986965 0.936968
vt 0.985574 0.937320
vt 0.987865 0.938294
vt 0.987025 0.939778
vt 0.989466 0.938401
vt 0.989879 0.939776
vt 0.990689 0.937400
vt 0.991885 0.938078
vt 0.990933 0.935839
vt 0.992325 0.935486
vt 0.990032 0.934513
vt 0.990873 0.933028
vt 0.988948 0.936404
vt 0.988429 0.934405
vt 0.988019 0.933028
vt 0.636028 0.993517
vt 0.635588 0.990924
vt 0.636981 0.991277
vt 0.637223 0.992837
vt 0.637039 0.988466
vt 0.637884 0.989950
vt 0.639894 0.988474
vt 0.639484 0.989850
vt 0.641900 0.990173
vt 0.640704 0.990850
vt 0.642338 0.992764
vt 0.640947 0.992410
vt 0.640885 0.995220
vt 0.640045 0.993735
vt 0.638964 0.991844
vt 0.638032 0.995218
vt 0.638442 0.993842
vt 0.956208 0.881808
vt 0.953615 0.882243
vt 0.953970 0.880851
vt 0.955530 0.880611
vt 0.951159 0.880787
vt 0.952645 0.879945
vt 0.951173 0.877931
vt 0.952548 0.878345
vt 0.952876 0.875929
vt 0.953550 0.877126
vt 0.955468 0.875496
vt 0.955111 0.876887
vt 0.957921 0.876954
vt 0.956435 0.877791
vt 0.954541 0.878869
vt 0.957914 0.879808
vt 0.956538 0.879394
vt 0.981203 0.988881
vt 0.980009 0.988200
vt 0.980253 0.986641
vt 0.981645 0.986289
vt 0.979353 0.985316
vt 0.980193 0.983832
vt 0.977752 0.985208
vt 0.977339 0.983834
vt 0.976530 0.986209
vt 0.975333 0.985532
vt 0.976285 0.987770
vt 0.974894 0.988124
vt 0.977186 0.989097
vt 0.976345 0.990581
vt 0.978270 0.987206
vt 0.978789 0.989204
vt 0.979199 0.990581
vt 0.927853 0.663680
vt 0.927853 0.659337
vt 0.931908 0.659337
vt 0.931908 0.663680
vt 0.227978 0.290995
vt 0.231163 0.292315
vt 0.222898 0.299856
vt 0.139690 0.449816
vt 0.134611 0.449816
vt 0.134611 0.445814
vt 0.139690 0.445872
vt 0.927853 0.687190
vt 0.927853 0.682848
vt 0.931908 0.682848
vt 0.931908 0.687190
vt 0.232482 0.295499
vt 0.927853 0.673264
vt 0.931908 0.673264
vt 0.188249 0.309426
vt 0.198570 0.309426
vt 0.199879 0.314203
vt 0.088329 0.449666
vt 0.083249 0.449725
vt 0.083249 0.445722
vt 0.088329 0.445722
vt 0.935226 0.673264
vt 0.935226 0.680811
vt 0.473360 0.673259
vt 0.473360 0.659333
vt 0.477046 0.659333
vt 0.477046 0.673259
vt 0.222898 0.318995
vt 0.232482 0.319010
vt 0.232482 0.323352
vt 0.216244 0.354087
vt 0.212924 0.355129
vt 0.212863 0.353679
vt 0.935226 0.665717
vt 0.443192 0.672857
vt 0.438939 0.674043
vt 0.442072 0.670843
vt 0.212920 0.348135
vt 0.202533 0.347767
vt 0.202015 0.345651
vt 0.213080 0.345119
vt 0.218673 0.351682
vt 0.212846 0.351147
vt 0.216726 0.342447
vt 0.213293 0.342578
vt 0.213469 0.341121
vt 0.196125 0.351288
vt 0.198246 0.351915
vt 0.198282 0.355400
vt 0.188249 0.323352
vt 0.107865 0.449519
vt 0.107865 0.445722
vt 0.118474 0.445722
vt 0.118474 0.449440
vt 0.201898 0.349845
vt 0.192753 0.290995
vt 0.203362 0.290995
vt 0.203376 0.301151
vt 0.203376 0.317701
vt 0.192753 0.327856
vt 0.189568 0.326537
vt 0.103073 0.449555
vt 0.103073 0.445722
vt 0.159227 0.449816
vt 0.154435 0.449816
vt 0.154435 0.445983
vt 0.159227 0.446020
vt 0.188249 0.295499
vt 0.189568 0.292315
vt 0.199879 0.304648
vt 0.203362 0.327856
vt 0.208154 0.318981
vt 0.208154 0.327856
vt 0.477046 0.687186
vt 0.473360 0.687186
vt 0.208154 0.290995
vt 0.208154 0.299871
vt 0.198990 0.335733
vt 0.214210 0.337307
vt 0.198696 0.339821
vt 0.200350 0.351357
vt 0.213366 0.358936
vt 0.218271 0.357243
vt 0.221894 0.353569
vt 0.219640 0.348420
vt 0.223395 0.348598
vt 0.218959 0.345073
vt 0.222361 0.343470
vt 0.219038 0.339437
vt 0.198350 0.359412
vt 0.188292 0.359545
vt 0.188241 0.355459
vt 0.188601 0.335138
vt 0.188431 0.339357
vt 0.194687 0.345403
vt 0.188241 0.347463
vt 0.222898 0.290995
vt 0.222898 0.327856
vt 0.435806 0.677243
vt 0.437844 0.678321
vt 0.442082 0.677120
vt 0.443192 0.675125
vt 0.440112 0.678272
vt 0.435797 0.670967
vt 0.434686 0.672961
vt 0.434686 0.675229
vt 0.440034 0.669766
vt 0.437767 0.669814
vt 0.328413 0.679908
vt 0.328413 0.677786
vt 0.331362 0.677786
vt 0.331362 0.679908
vt 0.328413 0.675642
vt 0.331362 0.675642
vt 0.328413 0.684197
vt 0.328413 0.682052
vt 0.331362 0.682052
vt 0.331362 0.684197
vt 0.328413 0.673498
vt 0.331362 0.673498
vt 0.328413 0.686318
vt 0.331362 0.686318
vt 0.328413 0.671376
vt 0.328413 0.669232
vt 0.331362 0.669232
vt 0.331362 0.671376
vt 0.328413 0.664966
vt 0.328413 0.662822
vt 0.331362 0.662822
vt 0.331362 0.664966
vt 0.328413 0.667088
vt 0.331362 0.667088
vt 0.328413 0.688462
vt 0.331362 0.688462
vt 0.194023 0.347546
vt 0.194589 0.349707
vt 0.198472 0.343358
vt 0.196301 0.343888
vt 0.200544 0.344039
vt 0.477046 0.690633
vt 0.473351 0.690633
vt 0.173283 0.446121
vt 0.173283 0.449816
vt 0.169836 0.449816
vt 0.169836 0.446098
vt 0.927869 0.655890
vt 0.931908 0.655890
vt 0.131164 0.449816
vt 0.131164 0.445777
vt 0.473351 0.655886
vt 0.477046 0.655886
vt 0.121921 0.445722
vt 0.121921 0.449417
vt 0.931908 0.690638
vt 0.927869 0.690638
vt 0.079802 0.449761
vt 0.079802 0.445722
vt 0.232482 0.299842
vt 0.231163 0.326537
vt 0.227978 0.327856
vt 0.496460 0.611182
vt 0.496464 0.609743
vt 0.499395 0.609752
vt 0.499391 0.611191
vt 0.502326 0.609761
vt 0.502322 0.611200
vt 0.505257 0.609770
vt 0.505257 0.611209
vt 0.508188 0.609761
vt 0.508192 0.611200
vt 0.511118 0.609752
vt 0.511123 0.611191
vt 0.514049 0.609743
vt 0.514054 0.611182
vt 0.516980 0.609734
vt 0.516984 0.611173
vt 0.519911 0.609725
vt 0.519915 0.611164
vt 0.522842 0.609716
vt 0.522850 0.611155
vt 0.487663 0.611155
vt 0.487672 0.609716
vt 0.490603 0.609725
vt 0.490598 0.611164
vt 0.493534 0.609734
vt 0.493529 0.611173
vt 0.420724 0.595598
vt 0.420743 0.597933
vt 0.415415 0.600677
vt 0.422585 0.495354
vt 0.420833 0.493602
vt 0.421269 0.492845
vt 0.423342 0.494918
vt 0.418438 0.492960
vt 0.418438 0.492087
vt 0.416044 0.493602
vt 0.415607 0.492845
vt 0.414292 0.495354
vt 0.413535 0.494918
vt 0.897561 0.532737
vt 0.897544 0.530683
vt 0.903082 0.532377
vt 0.902981 0.534790
vt 0.416365 0.495354
vt 0.420512 0.495354
vt 0.903817 0.537229
vt 0.903699 0.534789
vt 0.904040 0.534789
vt 0.904169 0.537192
vt 0.421420 0.597752
vt 0.421602 0.595214
vt 0.421984 0.595234
vt 0.421776 0.597878
vt 0.414292 0.549398
vt 0.414292 0.546347
vt 0.422585 0.546347
vt 0.422585 0.549398
vt 0.903812 0.532347
vt 0.904192 0.529858
vt 0.904561 0.529818
vt 0.904166 0.532385
vt 0.858570 0.539088
vt 0.856420 0.539099
vt 0.856398 0.530760
vt 0.858546 0.530758
vt 0.422585 0.505518
vt 0.413092 0.598448
vt 0.422585 0.564971
vt 0.423775 0.567553
vt 0.413102 0.567553
vt 0.414292 0.564971
vt 0.422585 0.509420
vt 0.414292 0.509420
vt 0.414292 0.507469
vt 0.422585 0.507469
vt 0.414764 0.601464
vt 0.411834 0.599911
vt 0.411297 0.638835
vt 0.411305 0.601777
vt 0.414502 0.602457
vt 0.414510 0.637305
vt 0.442703 0.537116
vt 0.439505 0.537796
vt 0.439243 0.536803
vt 0.442174 0.535251
vt 0.897570 0.536862
vt 0.897564 0.538914
vt 0.896548 0.538933
vt 0.896525 0.530671
vt 0.438593 0.536016
vt 0.440916 0.533787
vt 0.426613 0.580995
vt 0.424154 0.582468
vt 0.424064 0.577415
vt 0.426323 0.577828
vt 0.429838 0.647135
vt 0.427380 0.645661
vt 0.427670 0.642494
vt 0.429930 0.642083
vt 0.439003 0.578641
vt 0.436889 0.575783
vt 0.414292 0.552448
vt 0.422585 0.552448
vt 0.415269 0.639319
vt 0.412374 0.641704
vt 0.417105 0.640446
vt 0.414990 0.643303
vt 0.438725 0.574657
vt 0.441620 0.577043
vt 0.895521 0.538953
vt 0.895495 0.530657
vt 0.860691 0.530756
vt 0.860717 0.539076
vt 0.439485 0.572644
vt 0.442698 0.574174
vt 0.433265 0.533269
vt 0.433285 0.530935
vt 0.418438 0.495354
vt 0.414292 0.505518
vt 0.843695 0.529595
vt 0.845653 0.530787
vt 0.845673 0.539129
vt 0.843722 0.540331
vt 0.904198 0.539711
vt 0.904565 0.539751
vt 0.432407 0.530550
vt 0.432588 0.533088
vt 0.432231 0.533214
vt 0.432025 0.530572
vt 0.421263 0.592739
vt 0.903541 0.539491
vt 0.903088 0.537201
vt 0.903531 0.530081
vt 0.432746 0.528075
vt 0.422055 0.592551
vt 0.431955 0.527887
vt 0.494484 0.875291
vt 0.500890 0.875291
vt 0.499345 0.879250
vt 0.492939 0.879250
vt 0.229198 0.401331
vt 0.222792 0.401331
vt 0.222792 0.397424
vt 0.230590 0.397316
vt 0.035543 0.939952
vt 0.041950 0.939952
vt 0.041950 0.943858
vt 0.035543 0.943858
vt 0.690703 0.879201
vt 0.684297 0.879201
vt 0.684297 0.875294
vt 0.690703 0.875294
vt 0.270169 0.939956
vt 0.276575 0.939956
vt 0.276575 0.943862
vt 0.270169 0.943862
vt 0.232127 0.366496
vt 0.225721 0.366565
vt 0.227224 0.362590
vt 0.232127 0.362590
vt 0.363368 0.672055
vt 0.366578 0.677599
vt 0.363383 0.683151
vt 0.356977 0.683160
vt 0.356962 0.672064
vt 0.353767 0.677616
vt 0.721992 0.875283
vt 0.721992 0.879190
vt 0.715586 0.879190
vt 0.715586 0.875283
vt 0.260940 0.939954
vt 0.260940 0.943860
vt 0.254534 0.943860
vt 0.254534 0.939954
vt 0.066836 0.943862
vt 0.066836 0.939955
vt 0.073242 0.939955
vt 0.073242 0.943862
vt 0.082483 0.943859
vt 0.082483 0.939953
vt 0.088888 0.939953
vt 0.088888 0.943859
vt 0.668662 0.879198
vt 0.668662 0.875291
vt 0.675068 0.875291
vt 0.675068 0.879198
vt 0.229669 0.939953
vt 0.229669 0.943860
vt 0.223263 0.943860
vt 0.223263 0.939953
vt 0.608984 0.747028
vt 0.603441 0.750239
vt 0.597889 0.747043
vt 0.597880 0.740637
vt 0.608976 0.740622
vt 0.603424 0.737427
vt 0.581255 0.875294
vt 0.581255 0.879201
vt 0.574849 0.879201
vt 0.574849 0.875294
vt 0.207628 0.943860
vt 0.207628 0.939953
vt 0.214034 0.939953
vt 0.214034 0.943860
vt 0.731234 0.879194
vt 0.731234 0.875288
vt 0.737640 0.875288
vt 0.737640 0.879194
vt 0.198398 0.939951
vt 0.198398 0.943857
vt 0.191992 0.943857
vt 0.191992 0.939951
vt 0.176357 0.943858
vt 0.176357 0.939951
vt 0.182763 0.939951
vt 0.182763 0.943858
vt 0.151477 0.939950
vt 0.151477 0.943856
vt 0.145071 0.943856
vt 0.145071 0.939950
vt 0.628012 0.752438
vt 0.621606 0.752430
vt 0.618411 0.746878
vt 0.621621 0.741334
vt 0.631223 0.746895
vt 0.628027 0.741343
vt 0.527918 0.879198
vt 0.527918 0.875291
vt 0.534324 0.875291
vt 0.534324 0.879198
vt 0.129424 0.943861
vt 0.129424 0.939954
vt 0.135830 0.939954
vt 0.135830 0.943861
vt 0.559208 0.879200
vt 0.559208 0.875293
vt 0.565614 0.875293
vt 0.565614 0.879200
vt 0.317075 0.943856
vt 0.317075 0.939949
vt 0.323481 0.939949
vt 0.323481 0.943856
vt 0.612527 0.875294
vt 0.612527 0.879201
vt 0.606121 0.879201
vt 0.606121 0.875294
vt 0.706346 0.875287
vt 0.706346 0.879193
vt 0.699940 0.879193
vt 0.699940 0.875287
vt 0.436879 0.589628
vt 0.442422 0.592838
vt 0.442414 0.599244
vt 0.436862 0.602440
vt 0.431327 0.592823
vt 0.431318 0.599229
vt 0.680127 0.826795
vt 0.686533 0.826795
vt 0.686533 0.830702
vt 0.680127 0.830702
vt 0.596891 0.879198
vt 0.590485 0.879198
vt 0.590485 0.875291
vt 0.596891 0.875291
vt 0.363981 0.939955
vt 0.370386 0.939955
vt 0.370386 0.943861
vt 0.363981 0.943861
vt 0.301440 0.939952
vt 0.307846 0.939952
vt 0.307846 0.943858
vt 0.301440 0.943858
vt 0.332711 0.939954
vt 0.339117 0.939954
vt 0.339117 0.943861
vt 0.332711 0.943861
vt 0.348347 0.939949
vt 0.354753 0.939949
vt 0.354753 0.943855
vt 0.348347 0.943855
vt 0.579287 0.741349
vt 0.572866 0.752436
vt 0.569670 0.746883
vt 0.572881 0.741340
vt 0.582482 0.746901
vt 0.579271 0.752444
vt 0.659433 0.879198
vt 0.653027 0.879198
vt 0.653027 0.875292
vt 0.659433 0.875292
vt 0.245305 0.943857
vt 0.238899 0.943857
vt 0.238899 0.939951
vt 0.245305 0.939951
vt 0.098127 0.939955
vt 0.104533 0.939955
vt 0.104533 0.943861
vt 0.098127 0.943861
vt 0.637391 0.875294
vt 0.643797 0.875294
vt 0.643797 0.879201
vt 0.637391 0.879201
vt 0.285804 0.939952
vt 0.292210 0.939952
vt 0.292210 0.943859
vt 0.285804 0.943859
vt 0.512271 0.875293
vt 0.518677 0.875293
vt 0.518677 0.879199
vt 0.512271 0.879199
vt 0.415229 0.682220
vt 0.428041 0.682237
vt 0.424830 0.687780
vt 0.418424 0.687772
vt 0.418440 0.676676
vt 0.424845 0.676685
vt 0.167124 0.943861
vt 0.160718 0.943861
vt 0.160718 0.939954
vt 0.167124 0.939954
vt 0.051192 0.939951
vt 0.057598 0.939951
vt 0.057598 0.943858
vt 0.051192 0.943858
vt 0.113778 0.939954
vt 0.120184 0.939954
vt 0.120184 0.943861
vt 0.113778 0.943861
vt 0.621755 0.875294
vt 0.628161 0.875294
vt 0.628161 0.879200
vt 0.621755 0.879200
vt 0.543566 0.875293
vt 0.549972 0.875293
vt 0.549972 0.879200
vt 0.543566 0.879200
vt 0.026304 0.943856
vt 0.019898 0.943856
vt 0.019898 0.939950
vt 0.026304 0.939950
vt 0.554690 0.750243
vt 0.554672 0.737431
vt 0.560224 0.740627
vt 0.560233 0.747033
vt 0.549138 0.747047
vt 0.549129 0.740642
vt 0.951483 0.473447
vt 0.955525 0.473447
vt 0.955525 0.481026
vt 0.951483 0.481026
vt 0.491671 0.484893
vt 0.491671 0.507631
vt 0.487628 0.507631
vt 0.487628 0.484893
vt 0.648331 0.746394
vt 0.648331 0.751446
vt 0.640636 0.751446
vt 0.640636 0.746394
vt 0.491671 0.473447
vt 0.491671 0.481026
vt 0.441884 0.493762
vt 0.444595 0.494439
vt 0.444595 0.517177
vt 0.439542 0.517177
vt 0.951483 0.484894
vt 0.951483 0.507631
vt 0.951483 0.515326
vt 0.491671 0.515326
vt 0.678316 0.759817
vt 0.683369 0.759817
vt 0.683369 0.763859
vt 0.678316 0.763859
vt 0.008657 0.921014
vt 0.468468 0.921014
vt 0.468468 0.928709
vt 0.008657 0.928709
vt 0.010654 0.951975
vt 0.466471 0.951975
vt 0.468468 0.953973
vt 0.008657 0.953973
vt 0.648331 0.741341
vt 0.650036 0.742047
vt 0.937774 0.531579
vt 0.914358 0.533921
vt 0.914358 0.528868
vt 0.937096 0.528868
vt 0.955525 0.484894
vt 0.955525 0.507631
vt 0.473336 0.707128
vt 0.477378 0.707128
vt 0.477378 0.712181
vt 0.473336 0.712181
vt 0.650742 0.749035
vt 0.650036 0.750740
vt 0.650742 0.743752
vt 0.466471 0.930707
vt 0.010654 0.930707
vt 0.472511 0.953973
vt 0.666605 0.741436
vt 0.663963 0.739025
vt 0.669247 0.739025
vt 0.487628 0.482960
vt 0.491671 0.482960
vt 0.487628 0.481026
vt 0.951483 0.482960
vt 0.955525 0.482960
vt 0.487628 0.473447
vt 0.004617 0.972485
vt 0.464429 0.972485
vt 0.464429 0.974330
vt 0.004617 0.974330
vt 0.008657 0.919169
vt 0.468468 0.919169
vt 0.951483 0.517171
vt 0.491671 0.517171
vt 0.004617 0.965356
vt 0.464429 0.965356
vt 0.464429 0.967201
vt 0.004617 0.967201
vt 0.666605 0.749130
vt 0.671658 0.741436
vt 0.671658 0.749130
vt 0.661552 0.749130
vt 0.661552 0.741436
vt 0.673263 0.759817
vt 0.673263 0.763859
vt 0.473336 0.702075
vt 0.477378 0.702075
vt 0.640636 0.741341
vt 0.939622 0.538974
vt 0.914358 0.538974
vt 0.938882 0.529608
vt 0.939622 0.531394
vt 0.434489 0.491913
vt 0.442069 0.491913
vt 0.443855 0.492653
vt 0.434489 0.517177
vt 0.662259 0.739731
vt 0.670952 0.739731
vt 0.004614 0.953973
vt 0.004614 0.928709
vt 0.472511 0.928709
vt 0.912477 0.990146
vt 0.913670 0.990830
vt 0.913424 0.992388
vt 0.912031 0.992738
vt 0.914325 0.993717
vt 0.913476 0.995200
vt 0.915927 0.993822
vt 0.916331 0.995200
vt 0.917147 0.992820
vt 0.918340 0.993503
vt 0.917393 0.991261
vt 0.918787 0.990912
vt 0.916492 0.989932
vt 0.917341 0.988449
vt 0.915409 0.991825
vt 0.914890 0.989828
vt 0.914486 0.988449
vt 0.659541 0.774329
vt 0.662133 0.773883
vt 0.661783 0.775276
vt 0.660224 0.775523
vt 0.664595 0.775328
vt 0.663112 0.776177
vt 0.664595 0.778184
vt 0.663216 0.777780
vt 0.662898 0.780192
vt 0.662215 0.778999
vt 0.660307 0.780639
vt 0.660656 0.779245
vt 0.657844 0.779194
vt 0.659327 0.778344
vt 0.661220 0.777261
vt 0.657844 0.776338
vt 0.659223 0.776742
vt 0.698235 0.821568
vt 0.699431 0.822245
vt 0.699191 0.823805
vt 0.697800 0.824161
vt 0.700095 0.825129
vt 0.699258 0.826616
vt 0.701697 0.825232
vt 0.702114 0.826607
vt 0.702918 0.824227
vt 0.704117 0.824902
vt 0.703159 0.822663
vt 0.704552 0.822310
vt 0.702249 0.821340
vt 0.703090 0.819858
vt 0.701174 0.823235
vt 0.700648 0.821238
vt 0.700236 0.819862
vt 0.928288 0.990158
vt 0.929483 0.990837
vt 0.929242 0.992397
vt 0.927850 0.992751
vt 0.930147 0.993723
vt 0.929303 0.995208
vt 0.931747 0.993822
vt 0.932159 0.995197
vt 0.932967 0.992820
vt 0.934165 0.993496
vt 0.933208 0.991258
vt 0.934601 0.990903
vt 0.932303 0.989932
vt 0.933147 0.988445
vt 0.931225 0.991828
vt 0.930700 0.989832
vt 0.930292 0.988455
vt 0.561713 0.993504
vt 0.560518 0.992822
vt 0.560759 0.991259
vt 0.562153 0.990911
vt 0.559858 0.989932
vt 0.560705 0.988449
vt 0.558258 0.989829
vt 0.557849 0.988453
vt 0.557036 0.990828
vt 0.555840 0.990150
vt 0.556791 0.992388
vt 0.555399 0.992741
vt 0.557691 0.993715
vt 0.556850 0.995200
vt 0.558775 0.991825
vt 0.559293 0.993824
vt 0.559705 0.995200
vt 0.680271 0.778725
vt 0.679076 0.778046
vt 0.679319 0.776486
vt 0.680711 0.776132
vt 0.678416 0.775161
vt 0.679256 0.773674
vt 0.676812 0.775055
vt 0.676401 0.773678
vt 0.675593 0.776061
vt 0.674397 0.775381
vt 0.675350 0.777623
vt 0.673957 0.777974
vt 0.676257 0.778947
vt 0.675414 0.780428
vt 0.677335 0.777054
vt 0.677858 0.779051
vt 0.678268 0.780428
vt 0.654841 0.812536
vt 0.655520 0.811341
vt 0.657080 0.811583
vt 0.657434 0.812975
vt 0.658405 0.810681
vt 0.659891 0.811521
vt 0.658511 0.809077
vt 0.659888 0.808666
vt 0.657504 0.807857
vt 0.658185 0.806662
vt 0.655943 0.807614
vt 0.655592 0.806222
vt 0.654619 0.808522
vt 0.653138 0.807679
vt 0.656512 0.809600
vt 0.654514 0.810123
vt 0.653138 0.810533
vt 0.609513 0.990150
vt 0.608321 0.990836
vt 0.607100 0.989831
vt 0.607505 0.988452
vt 0.605497 0.989933
vt 0.604649 0.988449
vt 0.604595 0.991259
vt 0.603202 0.990911
vt 0.604834 0.992819
vt 0.603642 0.993504
vt 0.606054 0.993823
vt 0.605650 0.995201
vt 0.607653 0.993722
vt 0.608504 0.995201
vt 0.606577 0.991828
vt 0.608561 0.992398
vt 0.609955 0.992742
vt 0.593240 0.781029
vt 0.594437 0.780350
vt 0.595658 0.781351
vt 0.595249 0.782726
vt 0.597255 0.781251
vt 0.598104 0.782730
vt 0.598162 0.779927
vt 0.599556 0.780272
vt 0.597923 0.778365
vt 0.599115 0.777680
vt 0.596703 0.777360
vt 0.597107 0.775982
vt 0.595102 0.777461
vt 0.594252 0.775980
vt 0.596179 0.779357
vt 0.594193 0.778787
vt 0.592798 0.778437
vt 0.675530 0.807711
vt 0.674334 0.808390
vt 0.673117 0.807384
vt 0.673527 0.806008
vt 0.671516 0.807488
vt 0.670674 0.806008
vt 0.670610 0.808809
vt 0.669218 0.808463
vt 0.670848 0.810371
vt 0.669654 0.811055
vt 0.672067 0.811377
vt 0.671660 0.812756
vt 0.673671 0.811277
vt 0.674516 0.812764
vt 0.672592 0.809381
vt 0.674576 0.809950
vt 0.675969 0.810304
vt 0.643375 0.813360
vt 0.642180 0.812679
vt 0.642423 0.811118
vt 0.643815 0.810768
vt 0.641515 0.809796
vt 0.642357 0.808315
vt 0.639915 0.809692
vt 0.639502 0.808317
vt 0.638692 0.810696
vt 0.637496 0.810015
vt 0.638454 0.812262
vt 0.637060 0.812608
vt 0.639363 0.813585
vt 0.638514 0.815066
vt 0.640438 0.811689
vt 0.640963 0.813684
vt 0.641370 0.815062
vt 0.853529 0.993509
vt 0.852333 0.992829
vt 0.852571 0.991266
vt 0.853964 0.990916
vt 0.851668 0.989940
vt 0.852513 0.988455
vt 0.850067 0.989840
vt 0.849656 0.988464
vt 0.848846 0.990842
vt 0.847649 0.990164
vt 0.848603 0.992405
vt 0.847210 0.992756
vt 0.849510 0.993728
vt 0.848668 0.995209
vt 0.850588 0.991835
vt 0.851110 0.993833
vt 0.851523 0.995207
vt 0.622072 0.807723
vt 0.623270 0.808399
vt 0.623027 0.809964
vt 0.621634 0.810315
vt 0.623935 0.811287
vt 0.623092 0.812768
vt 0.625536 0.811392
vt 0.625946 0.812768
vt 0.626754 0.810386
vt 0.627949 0.811065
vt 0.626996 0.808827
vt 0.628388 0.808473
vt 0.626094 0.807502
vt 0.626933 0.806016
vt 0.625013 0.809394
vt 0.624492 0.807396
vt 0.624077 0.806021
vt 0.590413 0.813360
vt 0.591608 0.812680
vt 0.592825 0.813685
vt 0.592418 0.815062
vt 0.594425 0.813586
vt 0.595274 0.815067
vt 0.595334 0.812262
vt 0.596728 0.812609
vt 0.595096 0.810697
vt 0.596292 0.810016
vt 0.593873 0.809692
vt 0.594286 0.808317
vt 0.592273 0.809796
vt 0.591431 0.808315
vt 0.593350 0.811690
vt 0.591365 0.811119
vt 0.589973 0.810768
vt 0.936465 0.790274
vt 0.935270 0.789593
vt 0.935514 0.788034
vt 0.936906 0.787682
vt 0.934613 0.786708
vt 0.935454 0.785223
vt 0.933010 0.786600
vt 0.932600 0.785223
vt 0.931790 0.787605
vt 0.930595 0.786924
vt 0.931546 0.789164
vt 0.930154 0.789517
vt 0.932447 0.790491
vt 0.931605 0.791975
vt 0.933530 0.788599
vt 0.934050 0.790598
vt 0.934459 0.791975
vt 0.723049 0.801817
vt 0.721855 0.801133
vt 0.722093 0.799571
vt 0.723486 0.799224
vt 0.721186 0.798249
vt 0.722029 0.796769
vt 0.719587 0.798146
vt 0.719174 0.796771
vt 0.718364 0.799150
vt 0.717168 0.798470
vt 0.718126 0.800715
vt 0.716733 0.801063
vt 0.719033 0.802037
vt 0.718190 0.803518
vt 0.720110 0.800143
vt 0.720635 0.802141
vt 0.721045 0.803518
vt 0.932907 0.825144
vt 0.932229 0.826341
vt 0.930665 0.826097
vt 0.930315 0.824704
vt 0.929341 0.827003
vt 0.927860 0.826160
vt 0.929235 0.828603
vt 0.927860 0.829015
vt 0.930238 0.829827
vt 0.929558 0.831022
vt 0.931800 0.830066
vt 0.932150 0.831458
vt 0.933125 0.829166
vt 0.934610 0.830006
vt 0.931233 0.828083
vt 0.933231 0.827564
vt 0.934607 0.827150
vt 0.658073 0.796372
vt 0.658754 0.795176
vt 0.660319 0.795415
vt 0.660665 0.796808
vt 0.661641 0.794509
vt 0.663121 0.795352
vt 0.661746 0.792910
vt 0.663121 0.792498
vt 0.660743 0.791687
vt 0.661423 0.790492
vt 0.659181 0.791448
vt 0.658831 0.790056
vt 0.657856 0.792349
vt 0.656371 0.791509
vt 0.659749 0.793431
vt 0.657750 0.793951
vt 0.656374 0.794365
vt 0.694700 0.778962
vt 0.694017 0.780155
vt 0.692458 0.779909
vt 0.692109 0.778516
vt 0.691129 0.780810
vt 0.689646 0.779961
vt 0.691025 0.782412
vt 0.689646 0.782816
vt 0.692026 0.783632
vt 0.691343 0.784825
vt 0.693585 0.783878
vt 0.693935 0.785272
vt 0.694914 0.782977
vt 0.696397 0.783827
vt 0.693022 0.781894
vt 0.695018 0.781375
vt 0.696397 0.780971
vt 0.772925 0.993501
vt 0.771732 0.992818
vt 0.771978 0.991259
vt 0.773371 0.990909
vt 0.771077 0.989930
vt 0.771926 0.988447
vt 0.769475 0.989826
vt 0.769070 0.988447
vt 0.768255 0.990827
vt 0.767062 0.990144
vt 0.768009 0.992386
vt 0.766615 0.992736
vt 0.768910 0.993715
vt 0.768060 0.995198
vt 0.769993 0.991822
vt 0.770512 0.993819
vt 0.770916 0.995198
vt 0.994550 0.979645
vt 0.993357 0.978962
vt 0.993603 0.977403
vt 0.994997 0.977054
vt 0.992702 0.976074
vt 0.993551 0.974591
vt 0.991100 0.975970
vt 0.990696 0.974591
vt 0.989880 0.976971
vt 0.988687 0.976288
vt 0.989634 0.978530
vt 0.988241 0.978880
vt 0.990535 0.979859
vt 0.989686 0.981342
vt 0.991619 0.977967
vt 0.992137 0.979963
vt 0.992541 0.981342
vt 0.938872 0.874680
vt 0.937678 0.875361
vt 0.936460 0.874358
vt 0.936866 0.872980
vt 0.934861 0.874458
vt 0.934011 0.872978
vt 0.933952 0.875783
vt 0.932558 0.875435
vt 0.934196 0.877345
vt 0.933001 0.878027
vt 0.935415 0.878349
vt 0.935008 0.879727
vt 0.937017 0.878247
vt 0.937864 0.879733
vt 0.935937 0.876353
vt 0.937921 0.876920
vt 0.939314 0.877272
vt 0.615545 0.822826
vt 0.616226 0.824020
vt 0.615222 0.825237
vt 0.613845 0.824832
vt 0.615323 0.826837
vt 0.613843 0.827686
vt 0.616648 0.827746
vt 0.616299 0.829139
vt 0.618209 0.827502
vt 0.618891 0.828696
vt 0.619214 0.826283
vt 0.620592 0.826690
vt 0.619112 0.824680
vt 0.620597 0.823834
vt 0.617217 0.825760
vt 0.617785 0.823777
vt 0.618137 0.822384
vt 0.670322 0.823867
vt 0.669126 0.824545
vt 0.667903 0.823544
vt 0.668315 0.822170
vt 0.666305 0.823650
vt 0.665461 0.822172
vt 0.665401 0.824972
vt 0.664009 0.824628
vt 0.665641 0.826533
vt 0.664449 0.827219
vt 0.666862 0.827538
vt 0.666457 0.828918
vt 0.668466 0.827436
vt 0.669314 0.828921
vt 0.667384 0.825541
vt 0.670763 0.826460
vt 0.669370 0.826107
vt 0.959915 0.990146
vt 0.961112 0.990825
vt 0.960867 0.992387
vt 0.959473 0.992739
vt 0.961770 0.993716
vt 0.960922 0.995201
vt 0.962853 0.991822
vt 0.588050 0.823877
vt 0.588492 0.826470
vt 0.587100 0.826117
vt 0.586856 0.824558
vt 0.587040 0.828929
vt 0.586199 0.827444
vt 0.584186 0.828929
vt 0.584596 0.827551
vt 0.582181 0.827227
vt 0.583376 0.826547
vt 0.581739 0.824635
vt 0.583132 0.824987
vt 0.583191 0.822176
vt 0.584033 0.823661
vt 0.585116 0.825552
vt 0.586045 0.822176
vt 0.585636 0.823553
vt 0.612105 0.810019
vt 0.612547 0.812612
vt 0.611153 0.812260
vt 0.610910 0.810700
vt 0.611097 0.815073
vt 0.608242 0.815068
vt 0.608648 0.813690
vt 0.610250 0.813588
vt 0.606236 0.813368
vt 0.607430 0.812687
vt 0.605794 0.810776
vt 0.607186 0.811128
vt 0.607245 0.808318
vt 0.608087 0.809802
vt 0.609169 0.811694
vt 0.610099 0.808318
vt 0.609690 0.809695
vt 0.934702 0.805683
vt 0.933252 0.808144
vt 0.932405 0.806659
vt 0.933308 0.805331
vt 0.725236 0.991656
vt 0.723752 0.990815
vt 0.723859 0.989212
vt 0.725236 0.988802
vt 0.719966 0.988652
vt 0.721860 0.989733
vt 0.720867 0.991472
vt 0.719864 0.990254
vt 0.722854 0.987992
vt 0.683894 0.990157
vt 0.685089 0.990838
vt 0.684845 0.992398
vt 0.683451 0.992750
vt 0.685748 0.993726
vt 0.684901 0.995211
vt 0.687350 0.993828
vt 0.687757 0.995206
vt 0.688569 0.992825
vt 0.689763 0.993506
vt 0.688753 0.988456
vt 0.687912 0.989941
vt 0.686309 0.989833
vt 0.685899 0.988456
vt 0.686829 0.991832
vt 0.646602 0.797197
vt 0.644596 0.798897
vt 0.644190 0.797518
vt 0.645410 0.796513
vt 0.641739 0.798903
vt 0.642587 0.797418
vt 0.640289 0.796440
vt 0.641683 0.796091
vt 0.640726 0.793848
vt 0.641921 0.794528
vt 0.642732 0.792150
vt 0.643144 0.793525
vt 0.645586 0.792150
vt 0.644743 0.793630
vt 0.643666 0.795521
vt 0.647041 0.794605
vt 0.645649 0.794951
vt 0.961853 0.947317
vt 0.961414 0.944724
vt 0.962806 0.945078
vt 0.963050 0.946639
vt 0.962866 0.942266
vt 0.963708 0.943751
vt 0.965721 0.942266
vt 0.965312 0.943644
vt 0.967727 0.943965
vt 0.966534 0.944649
vt 0.968165 0.946558
vt 0.966773 0.946210
vt 0.966714 0.949018
vt 0.965874 0.947534
vt 0.964791 0.945643
vt 0.963860 0.949016
vt 0.964273 0.947641
vt 0.821135 0.993497
vt 0.819941 0.992813
vt 0.820179 0.991251
vt 0.821570 0.990904
vt 0.819272 0.989931
vt 0.820112 0.988451
vt 0.817673 0.989828
vt 0.817259 0.988455
vt 0.816453 0.990832
vt 0.815255 0.990157
vt 0.816212 0.992395
vt 0.814819 0.992750
vt 0.817119 0.993722
vt 0.816274 0.995209
vt 0.818196 0.991824
vt 0.818723 0.993820
vt 0.819131 0.995199
vt 0.533121 0.816942
vt 0.534314 0.817624
vt 0.534069 0.819182
vt 0.532677 0.819533
vt 0.534968 0.820508
vt 0.534127 0.821992
vt 0.536570 0.820617
vt 0.536982 0.821992
vt 0.537793 0.819616
vt 0.538990 0.820295
vt 0.538038 0.818054
vt 0.539432 0.817703
vt 0.537136 0.816725
vt 0.537984 0.815241
vt 0.536053 0.818618
vt 0.535128 0.815243
vt 0.535534 0.816622
vt 0.832419 0.988452
vt 0.833268 0.989937
vt 0.832365 0.991265
vt 0.830972 0.990915
vt 0.669094 0.995197
vt 0.669937 0.993716
vt 0.671537 0.993821
vt 0.671949 0.995197
vt 0.672761 0.992818
vt 0.673956 0.993499
vt 0.673000 0.991253
vt 0.674393 0.990907
vt 0.672094 0.989931
vt 0.672937 0.988451
vt 0.670494 0.989826
vt 0.670082 0.988451
vt 0.669270 0.990829
vt 0.668075 0.990148
vt 0.671015 0.991823
vt 0.669031 0.992394
vt 0.667638 0.992740
vt 0.976749 0.964724
vt 0.978229 0.965567
vt 0.978125 0.967168
vt 0.976749 0.967578
vt 0.979133 0.968388
vt 0.978450 0.969582
vt 0.980696 0.968626
vt 0.981043 0.970019
vt 0.982018 0.967719
vt 0.983499 0.968562
vt 0.982122 0.966117
vt 0.983499 0.965708
vt 0.981114 0.964897
vt 0.981797 0.963703
vt 0.980124 0.966643
vt 0.979551 0.964660
vt 0.979204 0.963267
vt 0.592688 0.995208
vt 0.591849 0.993721
vt 0.592751 0.992396
vt 0.594143 0.992751
vt 0.592509 0.990837
vt 0.593704 0.990158
vt 0.591291 0.989830
vt 0.591701 0.988455
vt 0.589691 0.989935
vt 0.588848 0.988455
vt 0.588784 0.991257
vt 0.587391 0.990910
vt 0.589022 0.992822
vt 0.587826 0.993502
vt 0.590768 0.991828
vt 0.590246 0.993827
vt 0.589832 0.995202
vt 0.388987 0.688047
vt 0.388137 0.686567
vt 0.389046 0.685242
vt 0.390440 0.685588
vt 0.388807 0.683677
vt 0.390003 0.682996
vt 0.387583 0.682673
vt 0.387995 0.681298
vt 0.385984 0.682778
vt 0.385141 0.681298
vt 0.385078 0.684099
vt 0.383686 0.683754
vt 0.385317 0.685661
vt 0.384125 0.686346
vt 0.387061 0.684671
vt 0.386536 0.686667
vt 0.386131 0.688045
vt 0.656691 0.995198
vt 0.655848 0.993718
vt 0.656754 0.992395
vt 0.658147 0.992742
vt 0.656515 0.990831
vt 0.657710 0.990149
vt 0.655291 0.989827
vt 0.655703 0.988452
vt 0.653691 0.989932
vt 0.652848 0.988452
vt 0.652785 0.991255
vt 0.651392 0.990908
vt 0.653024 0.992819
vt 0.651829 0.993500
vt 0.654770 0.991825
vt 0.654248 0.993823
vt 0.653836 0.995198
vt 0.525222 0.995202
vt 0.526064 0.993720
vt 0.527664 0.993825
vt 0.528077 0.995200
vt 0.528888 0.992820
vt 0.530083 0.993501
vt 0.529126 0.991255
vt 0.530519 0.990908
vt 0.528219 0.989933
vt 0.529062 0.988453
vt 0.526618 0.989829
vt 0.526208 0.988453
vt 0.525399 0.990836
vt 0.524204 0.990156
vt 0.527142 0.991827
vt 0.525156 0.992397
vt 0.523764 0.992748
vt 0.686098 0.810627
vt 0.686939 0.812108
vt 0.686032 0.813430
vt 0.684640 0.813080
vt 0.686275 0.814991
vt 0.685080 0.815671
vt 0.687492 0.815996
vt 0.687085 0.817373
vt 0.689093 0.815897
vt 0.689941 0.817378
vt 0.690003 0.814571
vt 0.691397 0.814922
vt 0.689761 0.813007
vt 0.690958 0.812329
vt 0.688017 0.814000
vt 0.688539 0.812003
vt 0.688953 0.810629
vt 0.287656 0.690356
vt 0.288504 0.688876
vt 0.290105 0.688974
vt 0.290511 0.690352
vt 0.291322 0.687969
vt 0.292516 0.688650
vt 0.291564 0.686408
vt 0.292957 0.686058
vt 0.290657 0.685086
vt 0.291499 0.683605
vt 0.289057 0.684982
vt 0.288644 0.683607
vt 0.287833 0.685986
vt 0.286637 0.685305
vt 0.289580 0.686979
vt 0.287595 0.687552
vt 0.286201 0.687898
vt 0.720180 0.819680
vt 0.717326 0.819680
vt 0.717737 0.818305
vt 0.719337 0.818199
vt 0.715319 0.817982
vt 0.716514 0.817302
vt 0.714883 0.815390
vt 0.716275 0.815740
vt 0.716335 0.812930
vt 0.717175 0.814415
vt 0.719190 0.812933
vt 0.718776 0.814309
vt 0.721197 0.814633
vt 0.720000 0.815311
vt 0.718257 0.816307
vt 0.721637 0.817225
vt 0.720244 0.816875
vt 0.631210 0.780418
vt 0.628355 0.780420
vt 0.628766 0.779045
vt 0.630366 0.778939
vt 0.626347 0.778725
vt 0.627542 0.778042
vt 0.625907 0.776133
vt 0.627301 0.776477
vt 0.627358 0.773673
vt 0.628208 0.775153
vt 0.630215 0.773675
vt 0.629807 0.775052
vt 0.632224 0.775370
vt 0.631030 0.776052
vt 0.629286 0.777047
vt 0.632663 0.777961
vt 0.631271 0.777616
vt 0.555518 0.823073
vt 0.553063 0.824530
vt 0.552716 0.823137
vt 0.554038 0.822231
vt 0.550470 0.824093
vt 0.551154 0.822899
vt 0.548769 0.822088
vt 0.550146 0.821679
vt 0.548769 0.819233
vt 0.550250 0.820076
vt 0.551223 0.817775
vt 0.551574 0.819168
vt 0.553815 0.818213
vt 0.553138 0.819411
vt 0.552145 0.821154
vt 0.555516 0.820219
vt 0.554142 0.820632
vt 0.647059 0.775984
vt 0.648517 0.778437
vt 0.647124 0.778789
vt 0.646216 0.777465
vt 0.648079 0.781030
vt 0.646881 0.780353
vt 0.646074 0.782731
vt 0.645659 0.781356
vt 0.643218 0.782736
vt 0.644057 0.781251
vt 0.641765 0.780278
vt 0.643156 0.779928
vt 0.642201 0.777685
vt 0.643394 0.778367
vt 0.645138 0.779359
vt 0.644204 0.775984
vt 0.644614 0.777360
vt 0.756105 0.988450
vt 0.757560 0.990907
vt 0.756169 0.991259
vt 0.755267 0.989936
vt 0.757128 0.993499
vt 0.755933 0.992821
vt 0.755123 0.995199
vt 0.754713 0.993824
vt 0.752267 0.995208
vt 0.753114 0.993726
vt 0.750809 0.992754
vt 0.752203 0.992401
vt 0.751245 0.990161
vt 0.752444 0.990837
vt 0.754188 0.991829
vt 0.753249 0.988458
vt 0.753666 0.989832
vt 0.694934 0.799975
vt 0.692476 0.801428
vt 0.692126 0.800037
vt 0.693449 0.799135
vt 0.689883 0.800993
vt 0.690565 0.799800
vt 0.688181 0.798990
vt 0.689558 0.798580
vt 0.688181 0.796136
vt 0.689662 0.796979
vt 0.690637 0.794678
vt 0.690984 0.796071
vt 0.693229 0.795113
vt 0.692549 0.796310
vt 0.691556 0.798056
vt 0.694929 0.797119
vt 0.693554 0.797533
vt 0.928400 0.862325
vt 0.928400 0.859471
vt 0.929777 0.859881
vt 0.929881 0.861482
vt 0.930103 0.857467
vt 0.930783 0.858662
vt 0.932696 0.857027
vt 0.932345 0.858420
vt 0.935150 0.858485
vt 0.933668 0.859327
vt 0.935147 0.861341
vt 0.933772 0.860927
vt 0.933448 0.863347
vt 0.932768 0.862151
vt 0.931775 0.860405
vt 0.930856 0.863782
vt 0.931203 0.862389
vt 0.624730 0.988451
vt 0.626183 0.990910
vt 0.624791 0.991260
vt 0.623889 0.989937
vt 0.625748 0.993503
vt 0.624554 0.992821
vt 0.623744 0.995205
vt 0.623335 0.993829
vt 0.620891 0.995205
vt 0.621734 0.993725
vt 0.619434 0.992750
vt 0.620827 0.992403
vt 0.619870 0.990157
vt 0.621065 0.990840
vt 0.622810 0.991831
vt 0.621875 0.988454
vt 0.622285 0.989832
vt 0.710245 0.773063
vt 0.711438 0.773746
vt 0.711192 0.775305
vt 0.709799 0.775654
vt 0.712093 0.776634
vt 0.711244 0.778117
vt 0.713695 0.776738
vt 0.714100 0.778117
vt 0.714915 0.775736
vt 0.716108 0.776420
vt 0.715161 0.774178
vt 0.716555 0.773828
vt 0.714260 0.772849
vt 0.715110 0.771366
vt 0.713177 0.774741
vt 0.712658 0.772744
vt 0.712254 0.771366
vt 0.678799 0.794892
vt 0.677605 0.794211
vt 0.677849 0.792652
vt 0.679240 0.792300
vt 0.676948 0.791326
vt 0.677789 0.789842
vt 0.675345 0.791219
vt 0.674935 0.789842
vt 0.674125 0.792224
vt 0.672930 0.791543
vt 0.673881 0.793784
vt 0.672487 0.794136
vt 0.674784 0.795112
vt 0.673937 0.796597
vt 0.675865 0.793218
vt 0.676386 0.795214
vt 0.676793 0.796592
vt 0.896221 0.993498
vt 0.897415 0.992817
vt 0.898633 0.993820
vt 0.898228 0.995198
vt 0.900233 0.993719
vt 0.901083 0.995199
vt 0.901141 0.992393
vt 0.902535 0.992742
vt 0.900897 0.990831
vt 0.902092 0.990149
vt 0.899676 0.989826
vt 0.900086 0.988448
vt 0.898073 0.989933
vt 0.897231 0.988448
vt 0.899155 0.991825
vt 0.897171 0.991259
vt 0.895780 0.990906
vt 0.944289 0.866479
vt 0.945483 0.865797
vt 0.946702 0.866801
vt 0.946295 0.868179
vt 0.948305 0.866700
vt 0.949151 0.868185
vt 0.949208 0.865373
vt 0.950601 0.865725
vt 0.948965 0.863813
vt 0.950159 0.863132
vt 0.947748 0.862810
vt 0.948153 0.861433
vt 0.946148 0.862910
vt 0.945299 0.861430
vt 0.947225 0.864805
vt 0.945240 0.864235
vt 0.943846 0.863887
vt 0.624875 0.794897
vt 0.624429 0.792305
vt 0.625822 0.792655
vt 0.626068 0.794213
vt 0.625874 0.789843
vt 0.626723 0.791326
vt 0.628729 0.789843
vt 0.628325 0.791221
vt 0.630738 0.791540
vt 0.629545 0.792223
vt 0.631185 0.794131
vt 0.629791 0.793782
vt 0.629739 0.796594
vt 0.628890 0.795111
vt 0.627807 0.793218
vt 0.626884 0.796594
vt 0.627288 0.795215
vt 0.636231 0.826184
vt 0.636674 0.828776
vt 0.635281 0.828428
vt 0.635036 0.826866
vt 0.635221 0.831232
vt 0.634373 0.829753
vt 0.632366 0.831228
vt 0.632775 0.829853
vt 0.630358 0.829531
vt 0.631554 0.828853
vt 0.629918 0.826939
vt 0.631311 0.827292
vt 0.631368 0.824479
vt 0.632214 0.825964
vt 0.633295 0.827859
vt 0.634224 0.824484
vt 0.633817 0.825862
vt 0.609093 0.793846
vt 0.611102 0.792149
vt 0.611506 0.793527
vt 0.610286 0.794529
vt 0.613957 0.792149
vt 0.613108 0.793632
vt 0.615403 0.794611
vt 0.614009 0.794961
vt 0.614956 0.797203
vt 0.613763 0.796519
vt 0.612947 0.798900
vt 0.612543 0.797521
vt 0.610092 0.798900
vt 0.610941 0.797416
vt 0.612025 0.795524
vt 0.608647 0.796437
vt 0.610040 0.796088
vt 0.572011 0.993522
vt 0.571572 0.990929
vt 0.572965 0.991277
vt 0.573204 0.992838
vt 0.573020 0.988467
vt 0.573867 0.989951
vt 0.575875 0.988471
vt 0.575469 0.989849
vt 0.577881 0.990172
vt 0.576687 0.990853
vt 0.578322 0.992764
vt 0.576931 0.992411
vt 0.576871 0.995222
vt 0.576029 0.993737
vt 0.574947 0.991845
vt 0.574016 0.995222
vt 0.574426 0.993844
vt 0.703098 0.810448
vt 0.703940 0.808968
vt 0.705540 0.809071
vt 0.705953 0.810446
vt 0.706763 0.808067
vt 0.707959 0.808747
vt 0.707001 0.806502
vt 0.708394 0.806154
vt 0.706093 0.805180
vt 0.706937 0.803699
vt 0.704492 0.805076
vt 0.704082 0.803699
vt 0.703272 0.806084
vt 0.702078 0.805400
vt 0.705017 0.807074
vt 0.703034 0.807646
vt 0.701641 0.807993
vt 0.615362 0.781032
vt 0.613354 0.782730
vt 0.612945 0.781354
vt 0.614166 0.780354
vt 0.610498 0.782733
vt 0.611347 0.781254
vt 0.609046 0.780275
vt 0.610440 0.779931
vt 0.609487 0.777683
vt 0.610679 0.778369
vt 0.611494 0.775985
vt 0.611899 0.777364
vt 0.614350 0.775984
vt 0.613500 0.777464
vt 0.612423 0.779360
vt 0.615804 0.778441
vt 0.614409 0.778790
vt 0.868674 0.995197
vt 0.867832 0.993717
vt 0.868739 0.992395
vt 0.870131 0.992742
vt 0.868501 0.990833
vt 0.869694 0.990149
vt 0.867281 0.989825
vt 0.867690 0.988448
vt 0.865679 0.989929
vt 0.864836 0.988448
vt 0.864771 0.991251
vt 0.863378 0.990903
vt 0.865009 0.992816
vt 0.863813 0.993496
vt 0.866755 0.991823
vt 0.866232 0.993820
vt 0.865819 0.995195
vt 0.805328 0.993504
vt 0.803324 0.995207
vt 0.802907 0.993833
vt 0.804129 0.992828
vt 0.800468 0.995216
vt 0.801305 0.993729
vt 0.799011 0.992761
vt 0.800402 0.992406
vt 0.799447 0.990168
vt 0.800642 0.990847
vt 0.801450 0.988464
vt 0.801858 0.989841
vt 0.804305 0.988457
vt 0.803458 0.989939
vt 0.802384 0.991836
vt 0.805764 0.990911
vt 0.804370 0.991263
vt 0.977516 0.948557
vt 0.978996 0.949401
vt 0.978892 0.951002
vt 0.977516 0.951412
vt 0.979900 0.952222
vt 0.979217 0.953416
vt 0.981463 0.952460
vt 0.981810 0.953853
vt 0.982785 0.951553
vt 0.984266 0.952396
vt 0.982889 0.949951
vt 0.984266 0.949541
vt 0.981881 0.948731
vt 0.982564 0.947537
vt 0.980891 0.950477
vt 0.980318 0.948493
vt 0.979971 0.947100
vt 0.704925 0.995202
vt 0.702068 0.995202
vt 0.702475 0.993824
vt 0.704076 0.993719
vt 0.700056 0.993509
vt 0.701250 0.992826
vt 0.699614 0.990918
vt 0.701007 0.991264
vt 0.701057 0.988454
vt 0.701906 0.989936
vt 0.703913 0.988455
vt 0.703506 0.989831
vt 0.705924 0.990148
vt 0.704729 0.990829
vt 0.702991 0.991827
vt 0.706370 0.992739
vt 0.704976 0.992389
vt 0.735007 0.993505
vt 0.736200 0.992822
vt 0.737420 0.993823
vt 0.737016 0.995202
vt 0.739022 0.993719
vt 0.739871 0.995202
vt 0.739923 0.992390
vt 0.741316 0.992739
vt 0.739677 0.990831
vt 0.740870 0.990148
vt 0.738457 0.989830
vt 0.738861 0.988451
vt 0.736855 0.989934
vt 0.736006 0.988451
vt 0.737938 0.991826
vt 0.735954 0.991263
vt 0.734560 0.990913
vt 0.518376 0.823875
vt 0.519571 0.824555
vt 0.519329 0.826114
vt 0.517937 0.826468
vt 0.520231 0.827440
vt 0.519391 0.828926
vt 0.521835 0.827546
vt 0.522247 0.828923
vt 0.523055 0.826539
vt 0.524250 0.827219
vt 0.523298 0.824977
vt 0.524691 0.824627
vt 0.522390 0.823654
vt 0.523233 0.822173
vt 0.521312 0.825547
vt 0.520789 0.823549
vt 0.520380 0.822173
vt 0.704023 0.792580
vt 0.703584 0.789987
vt 0.704977 0.790332
vt 0.705216 0.791895
vt 0.705039 0.787531
vt 0.705882 0.789010
vt 0.707893 0.787531
vt 0.707480 0.788905
vt 0.709899 0.789230
vt 0.708702 0.789907
vt 0.710337 0.791823
vt 0.708945 0.791468
vt 0.708884 0.794281
vt 0.708043 0.792795
vt 0.706960 0.790902
vt 0.706029 0.794280
vt 0.706438 0.792902
vt 0.788078 0.995207
vt 0.787231 0.993725
vt 0.788141 0.992402
vt 0.789535 0.992750
vt 0.787904 0.990837
vt 0.789100 0.990157
vt 0.786681 0.989832
vt 0.787095 0.988457
vt 0.785082 0.989935
vt 0.784240 0.988454
vt 0.784174 0.991256
vt 0.782782 0.990907
vt 0.784411 0.992819
vt 0.783216 0.993500
vt 0.786157 0.991829
vt 0.785632 0.993823
vt 0.785222 0.995199
vt 0.881078 0.995201
vt 0.881920 0.993720
vt 0.883520 0.993824
vt 0.883933 0.995199
vt 0.884743 0.992819
vt 0.885939 0.993500
vt 0.884981 0.991254
vt 0.886374 0.990907
vt 0.884074 0.989932
vt 0.884917 0.988451
vt 0.882472 0.989828
vt 0.882062 0.988451
vt 0.881252 0.990836
vt 0.880058 0.990153
vt 0.882997 0.991827
vt 0.881014 0.992399
vt 0.879621 0.992746
vt 0.927861 0.842320
vt 0.929342 0.843162
vt 0.929238 0.844765
vt 0.927861 0.845174
vt 0.930246 0.845985
vt 0.929562 0.847178
vt 0.931809 0.846223
vt 0.932155 0.847616
vt 0.933130 0.845316
vt 0.934610 0.846159
vt 0.933234 0.843715
vt 0.934610 0.843305
vt 0.932228 0.842497
vt 0.932908 0.841301
vt 0.931237 0.844240
vt 0.930666 0.842254
vt 0.930315 0.840861
vt 0.541036 0.995195
vt 0.541879 0.993715
vt 0.543479 0.993820
vt 0.543891 0.995195
vt 0.544703 0.992817
vt 0.545898 0.993498
vt 0.544942 0.991252
vt 0.546335 0.990905
vt 0.544036 0.989929
vt 0.544879 0.988449
vt 0.542436 0.989824
vt 0.542024 0.988449
vt 0.541212 0.990828
vt 0.540017 0.990147
vt 0.542958 0.991822
vt 0.540973 0.992392
vt 0.539580 0.992739
vt 0.509411 0.995202
vt 0.507953 0.992746
vt 0.509346 0.992399
vt 0.510254 0.993721
vt 0.508388 0.990154
vt 0.509584 0.990834
vt 0.510394 0.988455
vt 0.510807 0.989829
vt 0.513249 0.988452
vt 0.512407 0.989933
vt 0.514706 0.990908
vt 0.513314 0.991254
vt 0.514269 0.993500
vt 0.513076 0.992817
vt 0.511331 0.991826
vt 0.512265 0.995202
vt 0.511856 0.993825
vt 0.497008 0.995199
vt 0.494153 0.995199
vt 0.494565 0.993824
vt 0.496164 0.993719
vt 0.492145 0.993502
vt 0.493341 0.992821
vt 0.491708 0.990909
vt 0.493102 0.991256
vt 0.493164 0.988453
vt 0.494007 0.989933
vt 0.496020 0.988453
vt 0.495607 0.989828
vt 0.498027 0.990151
vt 0.496831 0.990832
vt 0.495086 0.991826
vt 0.498463 0.992743
vt 0.497070 0.992396
vt 0.594290 0.798902
vt 0.592832 0.796448
vt 0.594224 0.796097
vt 0.595133 0.797420
vt 0.593272 0.793855
vt 0.594467 0.794535
vt 0.595275 0.792152
vt 0.595685 0.793528
vt 0.598129 0.792152
vt 0.597286 0.793632
vt 0.599586 0.794608
vt 0.598193 0.794954
vt 0.599149 0.797200
vt 0.597955 0.796517
vt 0.596210 0.795526
vt 0.597144 0.798902
vt 0.596735 0.797525
vt 0.573009 0.819233
vt 0.573009 0.822088
vt 0.571632 0.821678
vt 0.571528 0.820076
vt 0.571308 0.824092
vt 0.570624 0.822899
vt 0.568715 0.824529
vt 0.569061 0.823137
vt 0.566259 0.823073
vt 0.567739 0.822230
vt 0.566259 0.820219
vt 0.567635 0.820629
vt 0.567962 0.818215
vt 0.568642 0.819411
vt 0.569633 0.821154
vt 0.570555 0.817775
vt 0.570204 0.819168
s 1
usemtl utility_box_01
f 34/1/1 25/2/1 30/3/1
f 717/4/2 6/5/2 43/6/3 726/7/3
f 745/8/4 240/9/5 686/10/6 748/11/7
f 222/12/2 52/13/2 685/14/2 219/15/2
f 19/16/1 27/17/1 20/18/1
f 4/19/8 716/20/8 721/21/9 39/22/10
f 4/23/11 9/24/11 59/25/11 84/26/11
f 235/27/1 1/28/1 15/29/1
f 14/30/2 8/31/2 13/32/2 11/33/2
f 46/34/11 42/35/11 44/36/11
f 13/37/11 8/38/11 16/39/11 17/40/11
f 26/41/2 24/42/2 20/43/2
f 27/17/1 29/44/1 20/18/1
f 723/45/12 33/46/12 37/47/13 724/48/13
f 717/49/14 718/50/14 8/51/14 6/52/14
f 718/50/14 719/53/14 16/54/14 8/51/14
f 17/55/2 16/56/2 22/57/2 23/58/2
f 719/59/2 20/43/2 24/42/2 720/60/2
f 37/61/1 45/62/1 38/63/1
f 45/62/1 36/64/1 38/63/1
f 751/65/15 49/66/16 50/67/17 757/68/18
f 28/69/1 241/70/1 26/71/1 20/72/1
f 39/73/11 41/74/11 3/75/11
f 41/76/11 40/77/11 3/78/11
f 721/21/9 34/79/19 35/80/17 722/81/17
f 722/82/17 35/83/17 33/46/12 723/45/12
f 54/84/20 31/85/21 32/86/17 57/87/17
f 57/88/17 32/89/17 30/90/22 58/91/22
f 689/92/5 28/93/5 29/94/6 692/95/6
f 692/96/6 29/97/6 27/98/23 691/99/24
f 724/48/13 37/47/13 38/100/6 725/101/6
f 725/102/6 38/103/6 36/104/3 726/7/3
f 35/105/1 34/1/1 30/3/1 32/106/1
f 33/107/1 35/108/1 32/109/1 31/110/1
f 31/110/1 45/62/1 37/61/1 33/107/1
f 45/62/1 7/111/1 18/112/1
f 235/113/2 218/114/2 55/115/2 1/116/2
f 36/64/1 45/62/1 18/112/1
f 7/111/1 27/17/1 19/16/1 18/112/1
f 29/117/1 28/69/1 20/72/1
f 700/118/2 701/119/2 24/42/2 26/41/2
f 3/120/14 46/121/14 47/122/14 12/123/14
f 3/78/11 40/77/11 42/35/11 46/34/11
f 6/124/11 46/34/11 43/125/11
f 43/125/11 46/34/11 44/36/11
f 46/121/14 6/52/14 47/122/14
f 14/126/14 47/122/14 6/52/14 8/51/14
f 808/127/25 742/128/26 48/129/8 399/130/8
f 759/131/27 768/132/28 93/133/29 850/134/30
f 757/135/18 50/136/17 51/137/22 754/138/31
f 58/91/22 56/139/8 48/129/8 51/137/22
f 30/90/22 25/140/8 56/139/8 58/91/22
f 690/141/2 689/92/5 240/9/5 688/142/2
f 50/136/17 57/88/17 58/91/22 51/137/22
f 49/66/16 54/84/20 57/87/17 50/67/17
f 331/143/2 367/144/2 52/13/2 53/145/2
f 79/146/1 75/147/1 675/148/1
f 766/149/32 759/131/27 695/150/33 694/151/34
f 727/152/2 736/153/35 88/154/35 60/155/2
f 778/156/36 784/157/36 683/158/2 189/159/2
f 693/160/2 697/161/2 696/162/37 99/163/37
f 67/164/1 68/165/1 72/166/1
f 382/167/1 15/29/1 1/28/1
f 64/168/2 11/33/2 13/32/2 62/169/2
f 91/170/11 89/171/11 87/172/11
f 13/37/11 17/40/11 65/173/11 62/174/11
f 71/175/2 68/176/2 70/177/2
f 72/166/1 68/165/1 74/178/1
f 733/179/38 734/180/39 82/181/39 78/182/38
f 727/183/30 60/184/30 62/185/30 728/186/30
f 728/186/30 62/185/30 65/187/30 729/188/30
f 17/55/2 23/58/2 69/189/2 65/190/2
f 729/191/2 730/192/2 70/177/2 68/176/2
f 82/193/1 83/194/1 90/195/1
f 90/195/1 83/194/1 81/196/1
f 768/132/28 775/197/40 94/198/41 93/133/29
f 73/199/1 68/200/1 71/201/1 386/202/1
f 84/26/11 59/25/11 86/203/11
f 86/204/11 59/205/11 85/206/11
f 731/207/42 732/208/41 80/209/41 79/210/42
f 732/211/41 733/179/38 78/182/38 80/212/41
f 98/213/43 100/214/41 77/215/41 76/216/43
f 100/217/41 101/218/44 75/219/44 77/220/41
f 99/163/37 97/221/34 74/222/34 73/223/37
f 97/224/34 96/225/45 72/226/46 74/227/34
f 734/180/39 735/228/34 83/229/34 82/181/39
f 735/230/34 736/153/35 81/231/35 83/232/34
f 80/233/1 77/234/1 75/147/1 79/146/1
f 78/235/1 76/236/1 77/237/1 80/238/1
f 76/236/1 78/235/1 82/193/1 90/195/1
f 90/195/1 66/239/1 61/240/1
f 386/241/2 693/160/2 99/163/37 73/223/37
f 81/196/1 66/239/1 90/195/1
f 61/240/1 66/239/1 67/164/1 72/166/1
f 74/242/1 68/200/1 73/199/1
f 705/243/2 71/175/2 70/177/2 706/244/2
f 59/245/30 63/246/30 92/247/30 91/248/30
f 59/205/11 91/170/11 87/172/11 85/206/11
f 60/249/11 88/250/11 91/170/11
f 88/250/11 89/171/11 91/170/11
f 91/248/30 92/247/30 60/184/30
f 64/251/30 62/185/30 60/184/30 92/247/30
f 696/162/37 694/252/34 97/221/34 99/163/37
f 95/253/44 772/254/47 823/255/26 673/256/8
f 775/257/40 772/254/47 95/253/44 94/258/41
f 101/218/44 95/253/44 673/256/8 674/259/8
f 75/219/44 101/218/44 674/259/8 675/260/8
f 694/151/34 695/150/33 96/225/45 97/224/34
f 94/258/41 95/253/44 101/218/44 100/217/41
f 93/133/29 94/198/41 100/214/41 98/213/43
f 697/161/2 799/261/48 762/262/49 696/162/37
f 114/263/50 102/264/51 105/265/52 113/266/53
f 103/267/54 104/268/55 105/265/52 102/264/51
f 111/269/56 103/267/54 102/264/51 110/270/57
f 104/268/55 116/271/58 117/272/59 105/265/52
f 102/264/51 114/263/50 115/273/60 110/270/57
f 105/265/52 118/274/61 113/266/53
f 118/274/61 105/265/52 117/272/59
f 110/275/1 125/276/1 126/277/1 111/278/1
f 107/279/2 106/280/2 688/142/2
f 190/281/1 191/282/1 174/283/1 173/284/1
f 118/285/61 112/286/2 106/280/2
f 116/287/58 131/288/62 123/289/2 108/290/2
f 109/291/2 115/292/60 114/293/50 107/279/2
f 113/294/53 118/285/61 106/280/2 107/279/2
f 115/295/1 130/296/1 125/276/1 110/275/1
f 126/297/63 120/298/64 103/267/54 111/269/56
f 227/299/65 219/15/2 220/300/2 226/301/66
f 121/302/67 131/303/62 116/271/58 104/268/55
f 129/304/68 128/305/69 122/306/70 119/307/71
f 120/298/64 119/307/71 122/306/70 121/302/67
f 126/297/63 125/308/72 119/307/71 120/298/64
f 121/302/67 122/306/70 132/309/73 131/303/62
f 119/307/71 125/308/72 130/310/74 129/304/68
f 122/306/70 128/305/69 133/311/75
f 133/311/75 132/309/73 122/306/70
f 146/312/76 140/313/2 139/314/2 147/315/77
f 176/316/78 243/317/2 244/318/2 177/319/79
f 108/290/2 112/286/2 118/285/61 117/320/59
f 135/321/54 153/322/64 154/323/67 136/324/55
f 234/325/2 244/318/2 129/326/68 130/327/74
f 147/328/77 134/329/51 137/330/52 146/331/76
f 135/321/54 136/324/55 137/330/52 134/329/51
f 144/332/56 135/321/54 134/329/51 143/333/57
f 136/324/55 149/334/58 150/335/59 137/330/52
f 134/329/51 147/328/77 148/336/80 143/333/57
f 137/330/52 151/337/81 146/331/76
f 151/337/81 137/330/52 150/335/59
f 195/338/1 190/281/1 173/284/1 178/339/1
f 142/340/2 160/341/2 164/342/74 148/343/80
f 140/313/2 138/344/2 690/141/2
f 148/345/1 164/346/1 158/347/1 143/348/1
f 151/349/81 145/350/2 138/344/2
f 149/351/58 165/352/62 156/353/2 141/354/2
f 142/340/2 148/343/80 147/315/77 139/314/2
f 145/350/2 151/349/81 150/355/59
f 159/356/63 153/322/64 135/321/54 144/332/56
f 145/350/2 141/354/2 233/357/2
f 154/323/67 165/358/62 149/334/58 136/324/55
f 163/359/68 162/360/82 155/361/70 152/362/71
f 153/322/64 152/362/71 155/361/70 154/323/67
f 159/356/63 158/363/72 152/362/71 153/322/64
f 154/323/67 155/361/70 166/364/73 165/358/62
f 152/362/71 158/363/72 164/365/74 163/359/68
f 155/361/70 162/360/82 167/366/75
f 167/366/75 166/364/73 155/361/70
f 242/367/2 127/368/2 133/369/75
f 245/370/2 234/325/2 130/327/74
f 205/371/1 210/372/1 228/373/1 223/374/1
f 238/375/2 162/376/82 163/377/68 124/378/2
f 246/379/2 238/375/2 208/380/83 213/381/84
f 221/382/2 230/383/73 231/384/85 225/385/2
f 143/348/1 158/347/1 159/386/1 144/387/1
f 157/388/2 207/389/2 702/390/2 204/391/2
f 169/392/54 183/393/64 184/394/67 170/395/55
f 177/396/79 168/397/51 171/398/52 176/399/78
f 169/392/54 170/395/55 171/398/52 168/397/51
f 174/400/56 169/392/54 168/397/51 173/401/57
f 170/395/55 179/402/58 180/403/59 171/398/52
f 168/397/51 177/396/79 178/404/86 173/401/57
f 171/398/52 181/405/84 176/399/78
f 181/405/84 171/398/52 180/403/59
f 206/406/1 205/371/1 223/374/1 224/407/1
f 194/408/87 187/409/2 193/410/88
f 179/411/58 196/412/62 188/413/2 172/414/2
f 127/368/2 160/341/2 123/289/2
f 123/289/2 132/415/73 133/369/75 127/368/2
f 178/416/86 234/325/2 245/370/2
f 191/417/63 183/393/64 169/392/54 174/400/56
f 184/394/67 196/418/62 179/402/58 170/395/55
f 194/419/87 193/420/88 185/421/70 182/422/71
f 183/393/64 182/422/71 185/421/70 184/394/67
f 191/417/63 190/423/72 182/422/71 183/393/64
f 184/394/67 185/421/70 197/424/73 196/418/62
f 182/422/71 190/423/72 195/425/89 194/419/87
f 185/421/70 193/420/88 198/426/90
f 198/426/90 197/424/73 185/421/70
f 197/427/73 188/413/2 196/412/62
f 684/428/2 55/115/2 218/114/2 220/300/2
f 194/408/87 195/429/89 189/159/2 187/409/2
f 186/430/2 192/431/2 198/432/90
f 200/433/54 215/434/64 216/435/67 201/436/55
f 243/317/2 242/367/2 133/369/75 128/437/69
f 131/288/62 132/415/73 123/289/2
f 209/438/79 199/439/51 202/440/52 208/441/83
f 200/433/54 201/436/55 202/440/52 199/439/51
f 206/442/56 200/433/54 199/439/51 205/443/57
f 201/436/55 211/444/58 212/445/59 202/440/52
f 199/439/51 209/438/79 210/446/86 205/443/57
f 202/440/52 213/447/84 208/441/83
f 213/447/84 202/440/52 212/445/59
f 161/448/2 157/388/2 204/391/2 737/449/2
f 211/450/58 229/451/62 221/382/2 203/452/2
f 156/353/2 166/453/73 167/454/75 161/448/2
f 242/367/2 243/317/2 176/316/78 181/455/84
f 224/456/63 215/434/64 200/433/54 206/442/56
f 216/435/67 229/457/62 211/444/58 201/436/55
f 227/458/65 226/459/66 217/460/70 214/461/71
f 215/434/64 214/461/71 217/460/70 216/435/67
f 224/456/63 223/462/72 214/461/71 215/434/64
f 216/435/67 217/460/70 230/463/73 229/457/62
f 214/461/71 223/462/72 228/464/91 227/458/65
f 217/460/70 226/459/66 231/465/85
f 231/465/85 230/463/73 217/460/70
f 239/466/2 187/409/2 189/159/2 683/158/2
f 227/299/65 228/467/91 222/12/2 219/15/2
f 198/432/90 192/431/2 188/413/2 197/427/73
f 187/409/2 186/430/2 198/432/90 193/410/88
f 160/341/2 172/414/2 188/413/2 222/12/2
f 222/12/2 192/431/2 186/430/2
f 222/12/2 188/413/2 192/431/2
f 160/341/2 142/340/2 108/290/2 123/289/2
f 160/341/2 175/468/2 172/414/2
f 242/367/2 160/341/2 127/368/2
f 685/14/2 52/13/2 367/144/2 364/469/2
f 229/451/62 230/383/73 221/382/2
f 142/340/2 112/286/2 108/290/2
f 142/340/2 106/280/2 112/286/2
f 233/357/2 141/354/2 156/353/2 737/449/2
f 208/380/83 238/375/2 124/378/2 209/470/79
f 239/466/2 53/145/2 186/430/2 187/409/2
f 219/15/2 685/14/2 684/428/2 220/300/2
f 793/471/36 334/472/2 683/158/2 784/157/36
f 109/291/2 781/473/92 790/474/36 245/370/2
f 116/287/58 108/290/2 117/320/59
f 149/351/58 141/354/2 150/355/59
f 240/9/5 689/92/5 692/95/6 686/10/6
f 175/468/2 242/367/2 181/455/84
f 138/344/2 145/350/2 233/357/2 232/475/2
f 225/385/2 218/114/2 235/113/2 237/476/2
f 221/382/2 237/476/2 702/390/2 203/452/2
f 211/450/58 203/452/2 212/477/59
f 221/382/2 225/385/2 237/476/2
f 113/294/53 107/279/2 114/293/50
f 156/353/2 161/448/2 737/449/2
f 164/342/74 160/341/2 236/478/2
f 106/280/2 142/340/2 690/141/2 688/142/2
f 781/473/92 109/291/2 688/142/2 787/479/48
f 220/300/2 218/114/2 231/384/85 226/301/66
f 142/340/2 139/314/2 690/141/2
f 139/314/2 140/313/2 690/141/2
f 109/291/2 107/279/2 688/142/2
f 138/344/2 232/475/2 241/480/2 690/141/2
f 165/352/62 166/453/73 156/353/2
f 228/467/91 210/481/86 160/341/2 222/12/2
f 207/389/2 203/452/2 702/390/2
f 103/267/54 120/298/64 121/302/67 104/268/55
f 141/354/2 145/350/2 150/355/59
f 160/341/2 242/367/2 175/468/2
f 244/318/2 243/317/2 128/437/69 129/326/68
f 167/454/75 162/376/82 238/375/2 246/379/2
f 218/114/2 225/385/2 231/384/85
f 179/411/58 172/414/2 180/482/59
f 172/414/2 175/468/2 181/455/84 180/482/59
f 146/312/76 151/349/81 138/344/2 140/313/2
f 209/470/79 124/378/2 236/478/2 210/481/86
f 124/378/2 163/377/68 164/342/74 236/478/2
f 177/319/79 244/318/2 234/325/2 178/416/86
f 210/481/86 236/478/2 160/341/2
f 157/388/2 246/379/2 213/381/84 207/389/2
f 161/448/2 167/454/75 246/379/2 157/388/2
f 203/452/2 207/389/2 213/381/84 212/477/59
f 259/483/93 258/484/88 250/485/70 247/486/71
f 248/487/64 247/486/71 250/485/70 249/488/67
f 256/489/63 255/490/72 247/486/71 248/487/64
f 249/488/67 250/485/70 262/491/73 261/492/62
f 247/486/71 255/490/72 260/493/89 259/483/93
f 250/485/70 258/484/88 263/494/90
f 263/494/90 262/491/73 250/485/70
f 255/495/1 256/496/1 271/497/1 270/498/1
f 252/499/2 697/161/2 251/500/2
f 335/501/1 318/502/1 319/503/1 336/504/1
f 263/505/90 251/500/2 257/506/2
f 261/507/62 253/508/2 268/509/2 276/510/58
f 254/511/2 252/499/2 259/512/93 260/513/89
f 258/514/88 252/499/2 251/500/2 263/505/90
f 260/515/1 255/495/1 270/498/1 275/516/1
f 271/517/56 256/489/63 248/487/64 265/518/54
f 372/519/77 371/520/76 365/521/2 364/469/2
f 266/522/55 249/488/67 261/492/62 276/523/58
f 274/524/79 264/525/51 267/526/52 273/527/78
f 265/518/54 266/522/55 267/526/52 264/525/51
f 271/517/56 265/518/54 264/525/51 270/528/57
f 266/522/55 276/523/58 277/529/59 267/526/52
f 264/525/51 274/524/79 275/530/86 270/528/57
f 267/526/52 278/531/84 273/527/78
f 278/531/84 267/526/52 277/529/59
f 291/532/66 292/533/65 284/534/2 285/535/2
f 321/536/69 322/537/68 389/538/2 388/539/2
f 253/508/2 262/540/73 263/505/90 257/506/2
f 280/541/64 281/542/67 299/543/55 298/544/54
f 380/545/2 275/546/86 274/547/79 389/538/2
f 292/548/65 291/549/66 282/550/70 279/551/71
f 280/541/64 279/551/71 282/550/70 281/542/67
f 289/552/63 288/553/72 279/551/71 280/541/64
f 281/542/67 282/550/70 295/554/94 294/555/62
f 279/551/71 288/553/72 293/556/91 292/548/65
f 282/550/70 291/549/66 296/557/95
f 296/557/95 295/554/94 282/550/70
f 340/558/1 323/559/1 318/502/1 335/501/1
f 287/560/2 293/561/91 309/562/86 305/563/2
f 285/535/2 693/160/2 283/564/2
f 293/565/1 288/566/1 303/567/1 309/568/1
f 296/569/95 283/564/2 290/570/2
f 294/571/62 286/572/2 301/573/2 310/574/58
f 287/560/2 284/534/2 292/533/65 293/561/91
f 290/570/2 295/575/94 296/569/95
f 304/576/56 289/552/63 280/541/64 298/544/54
f 290/570/2 378/577/2 286/572/2
f 299/543/55 281/542/67 294/555/62 310/578/58
f 308/579/79 297/580/51 300/581/52 307/582/83
f 298/544/54 299/543/55 300/581/52 297/580/51
f 304/576/56 298/544/54 297/580/51 303/583/57
f 299/543/55 310/578/58 311/584/59 300/581/52
f 297/580/51 308/579/79 309/585/86 303/583/57
f 300/581/52 312/586/84 307/582/83
f 312/586/84 300/581/52 311/584/59
f 387/587/2 278/588/84 272/589/2
f 390/590/2 254/511/2 260/513/89 275/546/86
f 350/591/1 368/592/1 373/593/1 355/594/1
f 385/595/2 269/596/2 308/597/79 307/598/83
f 391/599/2 358/600/75 353/601/82 385/595/2
f 366/602/2 370/603/2 376/604/96 375/605/59
f 288/566/1 289/606/1 304/607/1 303/567/1
f 302/608/2 349/609/2 381/610/2 352/611/2
f 314/612/64 315/613/67 329/614/55 328/615/54
f 322/616/68 321/617/69 316/618/70 313/619/71
f 314/612/64 313/619/71 316/618/70 315/613/67
f 319/620/63 318/621/72 313/619/71 314/612/64
f 315/613/67 316/618/70 325/622/73 324/623/62
f 313/619/71 318/621/72 323/624/74 322/616/68
f 316/618/70 321/617/69 326/625/75
f 326/625/75 325/622/73 316/618/70
f 351/626/1 369/627/1 368/592/1 350/591/1
f 339/628/97 338/629/53 332/630/2
f 324/631/62 317/632/2 333/633/2 341/634/58
f 272/589/2 268/509/2 305/563/2
f 268/509/2 272/589/2 278/588/84 277/635/59
f 323/636/74 340/637/60 334/472/2 390/590/2
f 336/638/56 319/620/63 314/612/64 328/615/54
f 329/614/55 315/613/67 324/623/62 341/639/58
f 339/640/97 327/641/51 330/642/52 338/643/53
f 328/615/54 329/614/55 330/642/52 327/641/51
f 336/638/56 328/615/54 327/641/51 335/644/57
f 329/614/55 341/639/58 342/645/59 330/642/52
f 327/641/51 339/640/97 340/646/60 335/644/57
f 330/642/52 343/647/61 338/643/53
f 343/647/61 330/642/52 342/645/59
f 342/648/59 341/634/58 333/633/2
f 677/649/14 49/66/16 751/65/15 739/650/98
f 339/628/97 332/630/2 334/472/2 340/637/60
f 331/143/2 343/651/61 337/652/2
f 345/653/64 346/654/67 361/655/55 360/656/54
f 388/539/2 273/657/78 278/588/84 387/587/2
f 276/510/58 268/509/2 277/635/59
f 354/658/68 353/659/82 347/660/70 344/661/71
f 345/653/64 344/661/71 347/660/70 346/654/67
f 351/662/63 350/663/72 344/661/71 345/653/64
f 346/654/67 347/660/70 357/664/73 356/665/62
f 344/661/71 350/663/72 355/666/74 354/658/68
f 347/660/70 353/659/82 358/667/75
f 358/667/75 357/664/73 347/660/70
f 306/668/2 379/669/2 349/609/2 302/608/2
f 356/670/62 348/671/2 366/602/2 374/672/58
f 301/573/2 306/668/2 312/673/84 311/674/59
f 387/587/2 326/675/75 321/536/69 388/539/2
f 369/676/56 351/662/63 345/653/64 360/656/54
f 361/655/55 346/654/67 356/665/62 374/677/58
f 372/678/77 359/679/51 362/680/52 371/681/76
f 360/656/54 361/655/55 362/680/52 359/679/51
f 369/676/56 360/656/54 359/679/51 368/682/57
f 361/655/55 374/677/58 375/683/59 362/680/52
f 359/679/51 372/678/77 373/684/80 368/682/57
f 362/680/52 376/685/96 371/681/76
f 376/685/96 362/680/52 375/683/59
f 334/472/2 332/630/2 239/466/2 683/158/2
f 372/519/77 364/469/2 367/144/2 373/686/80
f 343/651/61 342/648/59 333/633/2 337/652/2
f 332/630/2 338/629/53 343/651/61 331/143/2
f 305/563/2 367/144/2 333/633/2 317/632/2
f 367/144/2 331/143/2 337/652/2
f 367/144/2 337/652/2 333/633/2
f 305/563/2 268/509/2 253/508/2 287/560/2
f 305/563/2 317/632/2 320/687/2
f 387/587/2 272/589/2 305/563/2
f 363/688/2 55/115/2 684/428/2 365/521/2
f 374/672/58 366/602/2 375/605/59
f 287/560/2 253/508/2 257/506/2
f 287/560/2 257/506/2 251/500/2
f 378/577/2 379/669/2 301/573/2 286/572/2
f 353/601/82 354/689/68 269/596/2 385/595/2
f 331/143/2 53/145/2 239/466/2 332/630/2
f 685/14/2 364/469/2 365/521/2 684/428/2
f 805/690/99 479/691/8 710/692/8 810/693/99
f 254/511/2 390/590/2 801/694/36 796/695/92
f 261/507/62 262/540/73 253/508/2
f 294/571/62 295/575/94 286/572/2
f 688/142/2 240/9/5 745/8/4 787/479/48
f 363/688/2 382/696/2 1/116/2 55/115/2
f 320/687/2 326/675/75 387/587/2
f 241/480/2 28/93/5 689/92/5 690/141/2
f 283/564/2 377/697/2 378/577/2 290/570/2
f 370/603/2 384/698/2 382/696/2 363/688/2
f 366/602/2 348/671/2 381/610/2 384/698/2
f 356/670/62 357/699/73 348/671/2
f 366/602/2 384/698/2 370/603/2
f 258/514/88 259/512/93 252/499/2
f 301/573/2 379/669/2 306/668/2
f 309/562/86 383/700/2 305/563/2
f 251/500/2 697/161/2 693/160/2 287/560/2
f 796/695/92 799/261/48 697/161/2 254/511/2
f 365/521/2 371/520/76 376/604/96 363/688/2
f 287/560/2 693/160/2 284/534/2
f 284/534/2 693/160/2 285/535/2
f 254/511/2 697/161/2 252/499/2
f 283/564/2 693/160/2 386/241/2 377/697/2
f 310/574/58 301/573/2 311/674/59
f 373/686/80 367/144/2 305/563/2 355/701/74
f 352/611/2 381/610/2 348/671/2
f 248/487/64 249/488/67 266/522/55 265/518/54
f 286/572/2 295/575/94 290/570/2
f 305/563/2 320/687/2 387/587/2
f 389/538/2 274/547/79 273/657/78 388/539/2
f 312/673/84 391/599/2 385/595/2 307/598/83
f 363/688/2 376/604/96 370/603/2
f 324/631/62 325/702/73 317/632/2
f 317/632/2 325/702/73 326/675/75 320/687/2
f 291/532/66 285/535/2 283/564/2 296/569/95
f 354/689/68 355/701/74 383/700/2 269/596/2
f 269/596/2 383/700/2 309/562/86 308/597/79
f 322/537/68 323/636/74 380/545/2 389/538/2
f 355/701/74 305/563/2 383/700/2
f 302/608/2 352/611/2 358/600/75 391/599/2
f 306/668/2 302/608/2 391/599/2 312/673/84
f 348/671/2 357/699/73 358/600/75 352/611/2
f 404/703/100 403/704/101 395/705/102 392/706/103
f 393/707/104 392/706/103 395/705/102 394/708/105
f 401/709/106 400/710/107 392/706/103 393/707/104
f 394/708/105 395/705/102 407/711/108 406/712/109
f 392/706/103 400/710/107 405/713/110 404/703/100
f 395/705/102 403/704/101 408/714/111
f 408/714/111 407/711/108 395/705/102
f 400/715/1 401/716/1 416/717/1 415/718/1
f 397/719/8 48/129/8 396/720/8
f 480/721/1 463/722/1 464/723/1 481/724/1
f 408/725/111 396/720/8 402/726/8
f 406/727/109 398/728/8 413/729/8 421/730/112
f 399/130/8 397/719/8 404/731/100 405/732/110
f 403/733/101 397/719/8 396/720/8 408/725/111
f 405/734/1 400/715/1 415/718/1 420/735/1
f 416/736/113 401/709/106 393/707/104 410/737/114
f 516/738/115 515/739/116 509/740/8 508/741/8
f 411/742/117 394/708/105 406/712/109 421/743/112
f 419/744/118 409/745/119 412/746/120 418/747/121
f 410/737/114 411/742/117 412/746/120 409/745/119
f 416/736/113 410/737/114 409/745/119 415/748/122
f 411/742/117 421/743/112 422/749/123 412/746/120
f 409/745/119 419/744/118 420/750/124 415/748/122
f 412/746/120 423/751/125 418/747/121
f 423/751/125 412/746/120 422/749/123
f 436/752/126 437/753/127 429/754/8 430/755/8
f 466/756/128 467/757/129 533/758/8 532/759/8
f 398/728/8 407/760/108 408/725/111 402/726/8
f 425/761/104 426/762/105 444/763/117 443/764/114
f 523/765/8 420/766/124 419/767/118 533/758/8
f 437/768/127 436/769/126 427/770/102 424/771/103
f 425/761/104 424/771/103 427/770/102 426/762/105
f 434/772/106 433/773/107 424/771/103 425/761/104
f 426/762/105 427/770/102 440/774/130 439/775/109
f 424/771/103 433/773/107 438/776/131 437/768/127
f 427/770/102 436/769/126 441/777/132
f 441/777/132 440/774/130 427/770/102
f 485/778/1 468/779/1 463/722/1 480/721/1
f 432/780/8 438/781/131 454/782/124 450/783/8
f 430/755/8 56/139/8 428/784/8
f 438/785/1 433/786/1 448/787/1 454/788/1
f 441/789/132 428/784/8 435/790/8
f 439/791/109 431/792/8 446/793/8 455/794/112
f 432/780/8 429/754/8 437/753/127 438/781/131
f 435/790/8 440/795/130 441/789/132
f 449/796/113 434/772/106 425/761/104 443/764/114
f 435/790/8 521/797/8 431/792/8
f 444/763/117 426/762/105 439/775/109 455/798/112
f 453/799/118 442/800/119 445/801/120 452/802/133
f 443/764/114 444/763/117 445/801/120 442/800/119
f 449/796/113 443/764/114 442/800/119 448/803/122
f 444/763/117 455/798/112 456/804/123 445/801/120
f 442/800/119 453/799/118 454/805/124 448/803/122
f 445/801/120 457/806/125 452/802/133
f 457/806/125 445/801/120 456/804/123
f 531/807/8 423/808/125 417/809/8
f 534/810/8 399/130/8 405/732/110 420/766/124
f 494/811/1 512/812/1 517/813/1 499/814/1
f 528/815/8 414/816/8 453/817/118 452/818/133
f 535/819/8 502/820/134 497/821/135 528/815/8
f 510/822/8 514/823/8 520/824/136 519/825/123
f 433/786/1 434/826/1 449/827/1 448/787/1
f 447/828/8 713/829/8 524/830/8 496/831/8
f 459/832/104 460/833/105 474/834/117 473/835/114
f 467/836/129 466/837/128 461/838/102 458/839/103
f 459/832/104 458/839/103 461/838/102 460/833/105
f 464/840/106 463/841/107 458/839/103 459/832/104
f 460/833/105 461/838/102 470/842/108 469/843/109
f 458/839/103 463/841/107 468/844/137 467/836/129
f 461/838/102 466/837/128 471/845/134
f 471/845/134 470/842/108 461/838/102
f 495/846/1 513/847/1 512/812/1 494/811/1
f 484/848/138 483/849/139 477/850/8
f 469/851/109 462/852/8 478/853/8 486/854/112
f 417/809/8 413/729/8 450/783/8
f 413/729/8 417/809/8 423/808/125 422/855/123
f 468/856/137 485/857/140 479/691/8 534/810/8
f 481/858/113 464/840/106 459/832/104 473/835/114
f 474/834/117 460/833/105 469/843/109 486/859/112
f 484/860/138 472/861/119 475/862/120 483/863/139
f 473/835/114 474/834/117 475/862/120 472/861/119
f 481/858/113 473/835/114 472/861/119 480/864/122
f 474/834/117 486/859/112 487/865/123 475/862/120
f 472/861/119 484/860/138 485/866/140 480/864/122
f 475/862/120 488/867/141 483/863/139
f 488/867/141 475/862/120 487/865/123
f 487/868/123 486/854/112 478/853/8
f 711/869/8 508/741/8 509/740/8 530/870/8
f 484/848/138 477/850/8 479/691/8 485/857/140
f 476/871/8 488/872/141 482/873/8
f 490/874/104 491/875/105 505/876/117 504/877/114
f 532/759/8 418/878/121 423/808/125 531/807/8
f 421/730/112 413/729/8 422/855/123
f 498/879/129 497/880/135 492/881/102 489/882/103
f 490/874/104 489/882/103 492/881/102 491/875/105
f 495/883/106 494/884/107 489/882/103 490/874/104
f 491/875/105 492/881/102 501/885/108 500/886/109
f 489/882/103 494/884/107 499/887/137 498/879/129
f 492/881/102 497/880/135 502/888/134
f 502/888/134 501/885/108 492/881/102
f 451/889/8 522/890/8 713/829/8 447/828/8
f 500/891/109 493/892/8 510/822/8 518/893/112
f 446/793/8 451/889/8 457/894/125 456/895/123
f 531/807/8 471/896/134 466/756/128 532/759/8
f 513/897/113 495/883/106 490/874/104 504/877/114
f 505/876/117 491/875/105 500/886/109 518/898/112
f 516/899/115 503/900/119 506/901/120 515/902/116
f 504/877/114 505/876/117 506/901/120 503/900/119
f 513/897/113 504/877/114 503/900/119 512/903/122
f 505/876/117 518/898/112 519/904/123 506/901/120
f 503/900/119 516/899/115 517/905/142 512/903/122
f 506/901/120 520/906/136 515/902/116
f 520/906/136 506/901/120 519/904/123
f 479/691/8 477/850/8 529/907/8 710/692/8
f 516/738/115 508/741/8 511/908/8 517/909/142
f 488/872/141 487/868/123 478/853/8 482/873/8
f 477/850/8 483/849/139 488/872/141 476/871/8
f 450/783/8 511/908/8 478/853/8 462/852/8
f 511/908/8 476/871/8 482/873/8
f 511/908/8 482/873/8 478/853/8
f 450/783/8 413/729/8 398/728/8 432/780/8
f 450/783/8 462/852/8 465/910/8
f 531/807/8 417/809/8 450/783/8
f 655/911/8 708/912/8 711/869/8 652/913/8
f 518/893/112 510/822/8 519/825/123
f 432/780/8 398/728/8 402/726/8
f 432/780/8 402/726/8 396/720/8
f 521/797/8 522/890/8 446/793/8 431/792/8
f 497/821/135 498/914/129 414/816/8 528/815/8
f 476/871/8 709/915/8 529/907/8 477/850/8
f 530/870/8 509/740/8 507/916/8 707/917/8
f 817/918/99 810/693/99 710/692/8 623/919/8
f 51/137/22 48/129/8 742/128/26 754/138/31
f 406/727/109 407/760/108 398/728/8
f 439/791/109 440/795/130 431/792/8
f 507/916/8 525/920/8 2/921/8 707/917/8
f 465/910/8 471/896/134 531/807/8
f 428/784/8 714/922/8 521/797/8 435/790/8
f 514/823/8 527/923/8 525/920/8 507/916/8
f 510/822/8 493/892/8 524/830/8 527/923/8
f 500/891/109 501/924/108 493/892/8
f 510/822/8 527/923/8 514/823/8
f 403/733/101 404/731/100 397/719/8
f 446/793/8 522/890/8 451/889/8
f 454/782/124 526/925/8 450/783/8
f 396/720/8 48/129/8 56/139/8 432/780/8
f 399/130/8 534/810/8 813/926/99 808/127/25
f 509/740/8 515/739/116 520/824/136 507/916/8
f 432/780/8 56/139/8 429/754/8
f 429/754/8 56/139/8 430/755/8
f 399/130/8 48/129/8 397/719/8
f 428/784/8 56/139/8 25/140/8 714/922/8
f 455/794/112 446/793/8 456/895/123
f 517/909/142 511/908/8 450/783/8 499/927/137
f 496/831/8 524/830/8 493/892/8
f 393/707/104 394/708/105 411/742/117 410/737/114
f 431/792/8 440/795/130 435/790/8
f 450/783/8 465/910/8 531/807/8
f 533/758/8 419/767/118 418/878/121 532/759/8
f 457/894/125 535/819/8 528/815/8 452/818/133
f 507/916/8 520/824/136 514/823/8
f 469/851/109 470/928/108 462/852/8
f 462/852/8 470/928/108 471/896/134 465/910/8
f 436/752/126 430/755/8 428/784/8 441/789/132
f 498/914/129 499/927/137 526/925/8 414/816/8
f 414/816/8 526/925/8 454/782/124 453/817/118
f 467/757/129 468/856/137 523/765/8 533/758/8
f 499/927/137 450/783/8 526/925/8
f 447/828/8 496/831/8 502/820/134 535/819/8
f 451/889/8 447/828/8 535/819/8 457/894/125
f 493/892/8 501/924/108 502/820/134 496/831/8
f 548/929/143 536/930/119 539/931/120 547/932/139
f 537/933/114 538/934/117 539/931/120 536/930/119
f 545/935/113 537/933/114 536/930/119 544/936/122
f 538/934/117 550/937/112 551/938/123 539/931/120
f 536/930/119 548/929/143 549/939/140 544/936/122
f 539/931/120 552/940/141 547/932/139
f 552/940/141 539/931/120 551/938/123
f 544/941/1 559/942/1 560/943/1 545/944/1
f 541/945/8 540/946/8 673/256/8
f 624/947/1 625/948/1 608/949/1 607/950/1
f 552/951/141 546/952/8 540/946/8
f 550/953/112 565/954/109 557/955/8 542/956/8
f 543/957/8 549/958/140 548/959/143 541/945/8
f 547/960/139 552/951/141 540/946/8 541/945/8
f 549/961/1 564/962/1 559/942/1 544/941/1
f 560/963/106 554/964/104 537/933/114 545/935/113
f 660/965/127 652/913/8 653/966/8 659/967/126
f 555/968/105 565/969/109 550/937/112 538/934/117
f 563/970/129 562/971/128 556/972/102 553/973/103
f 554/964/104 553/973/103 556/972/102 555/968/105
f 560/963/106 559/974/107 553/973/103 554/964/104
f 555/968/105 556/972/102 566/975/108 565/969/109
f 553/973/103 559/974/107 564/976/137 563/970/129
f 556/972/102 562/971/128 567/977/134
f 567/977/134 566/975/108 556/972/102
f 580/978/116 574/979/8 573/980/8 581/981/115
f 610/982/121 679/983/8 680/984/8 611/985/118
f 542/956/8 546/952/8 552/951/141 551/986/123
f 569/987/114 587/988/104 588/989/105 570/990/117
f 667/991/8 680/984/8 563/992/129 564/993/137
f 581/994/115 568/995/119 571/996/120 580/997/116
f 569/987/114 570/990/117 571/996/120 568/995/119
f 578/998/113 569/987/114 568/995/119 577/999/122
f 570/990/117 583/1000/112 584/1001/123 571/996/120
f 568/995/119 581/994/115 582/1002/142 577/999/122
f 571/996/120 585/1003/144 580/997/116
f 585/1003/144 571/996/120 584/1001/123
f 629/1004/1 624/947/1 607/950/1 612/1005/1
f 576/1006/8 594/1007/8 598/1008/137 582/1009/142
f 574/979/8 572/1010/8 674/259/8
f 582/1011/1 598/1012/1 592/1013/1 577/1014/1
f 585/1015/144 579/1016/8 572/1010/8
f 583/1017/112 599/1018/109 590/1019/8 575/1020/8
f 576/1006/8 582/1009/142 581/981/115 573/980/8
f 579/1016/8 585/1015/144 584/1021/123
f 593/1022/106 587/988/104 569/987/114 578/998/113
f 579/1016/8 575/1020/8 665/1023/8
f 588/989/105 599/1024/109 583/1000/112 570/990/117
f 597/1025/129 596/1026/135 589/1027/102 586/1028/103
f 587/988/104 586/1028/103 589/1027/102 588/989/105
f 593/1022/106 592/1029/107 586/1028/103 587/988/104
f 588/989/105 589/1027/102 600/1030/108 599/1024/109
f 586/1028/103 592/1029/107 598/1031/137 597/1025/129
f 589/1027/102 596/1026/135 601/1032/134
f 601/1032/134 600/1030/108 589/1027/102
f 678/1033/8 561/1034/8 567/1035/134
f 681/1036/8 667/991/8 564/993/137
f 638/1037/1 643/1038/1 661/1039/1 656/1040/1
f 672/1041/8 596/1042/135 597/1043/129 558/1044/8
f 682/1045/8 672/1041/8 641/1046/133 646/1047/125
f 654/1048/8 663/1049/108 664/1050/145 658/1051/8
f 577/1014/1 592/1013/1 593/1052/1 578/1053/1
f 591/1054/8 640/1055/8 668/1056/8 712/1057/8
f 603/1058/114 617/1059/104 618/1060/105 604/1061/117
f 611/1062/118 602/1063/119 605/1064/120 610/1065/121
f 603/1058/114 604/1061/117 605/1064/120 602/1063/119
f 608/1066/113 603/1058/114 602/1063/119 607/1067/122
f 604/1061/117 613/1068/112 614/1069/123 605/1064/120
f 602/1063/119 611/1062/118 612/1070/124 607/1067/122
f 605/1064/120 615/1071/125 610/1065/121
f 615/1071/125 605/1064/120 614/1069/123
f 639/1072/1 638/1037/1 656/1040/1 657/1073/1
f 628/1074/146 621/1075/8 627/1076/101
f 613/1077/112 630/1078/109 622/1079/8 606/1080/8
f 561/1034/8 594/1007/8 557/955/8
f 557/955/8 566/1081/108 567/1035/134 561/1034/8
f 612/1082/124 667/991/8 681/1036/8
f 625/1083/106 617/1059/104 603/1058/114 608/1066/113
f 618/1060/105 630/1084/109 613/1068/112 604/1061/117
f 628/1085/146 627/1086/101 619/1087/102 616/1088/103
f 617/1059/104 616/1088/103 619/1087/102 618/1060/105
f 625/1083/106 624/1089/107 616/1088/103 617/1059/104
f 618/1060/105 619/1087/102 631/1090/108 630/1084/109
f 616/1088/103 624/1089/107 629/1091/110 628/1085/146
f 619/1087/102 627/1086/101 632/1092/111
f 632/1092/111 631/1090/108 619/1087/102
f 631/1093/108 622/1079/8 630/1078/109
f 652/913/8 711/869/8 530/870/8 653/966/8
f 628/1074/146 629/1094/110 623/919/8 621/1075/8
f 620/1095/8 626/1096/8 632/1097/111
f 634/1098/114 648/1099/104 649/1100/105 635/1101/117
f 679/983/8 678/1033/8 567/1035/134 562/1102/128
f 565/954/109 566/1081/108 557/955/8
f 642/1103/118 633/1104/119 636/1105/120 641/1106/133
f 634/1098/114 635/1101/117 636/1105/120 633/1104/119
f 639/1107/113 634/1098/114 633/1104/119 638/1108/122
f 635/1101/117 644/1109/112 645/1110/123 636/1105/120
f 633/1104/119 642/1103/118 643/1111/124 638/1108/122
f 636/1105/120 646/1112/125 641/1106/133
f 646/1112/125 636/1105/120 645/1110/123
f 595/1113/8 591/1054/8 712/1057/8 666/1114/8
f 644/1115/112 662/1116/109 654/1048/8 637/1117/8
f 590/1019/8 600/1118/108 601/1119/134 595/1113/8
f 678/1033/8 679/983/8 610/982/121 615/1120/125
f 657/1121/106 648/1099/104 634/1098/114 639/1107/113
f 649/1100/105 662/1122/109 644/1109/112 635/1101/117
f 660/1123/127 659/1124/126 650/1125/102 647/1126/103
f 648/1099/104 647/1126/103 650/1125/102 649/1100/105
f 657/1121/106 656/1127/107 647/1126/103 648/1099/104
f 649/1100/105 650/1125/102 663/1128/108 662/1122/109
f 647/1126/103 656/1127/107 661/1129/131 660/1123/127
f 650/1125/102 659/1124/126 664/1130/145
f 664/1130/145 663/1128/108 650/1125/102
f 529/907/8 621/1075/8 623/919/8 710/692/8
f 660/965/127 661/1131/131 655/911/8 652/913/8
f 632/1097/111 626/1096/8 622/1079/8 631/1093/108
f 621/1075/8 620/1095/8 632/1097/111 627/1076/101
f 594/1007/8 606/1080/8 622/1079/8 655/911/8
f 655/911/8 626/1096/8 620/1095/8
f 655/911/8 622/1079/8 626/1096/8
f 594/1007/8 576/1006/8 542/956/8 557/955/8
f 594/1007/8 609/1132/8 606/1080/8
f 678/1033/8 594/1007/8 561/1034/8
f 708/912/8 511/908/8 508/741/8 711/869/8
f 662/1116/109 663/1049/108 654/1048/8
f 576/1006/8 546/952/8 542/956/8
f 576/1006/8 540/946/8 546/952/8
f 665/1023/8 575/1020/8 590/1019/8 666/1114/8
f 641/1046/133 672/1041/8 558/1044/8 642/1133/118
f 529/907/8 709/915/8 620/1095/8 621/1075/8
f 653/966/8 530/870/8 707/917/8 651/1134/8
f 842/1135/1 804/1136/147 811/1137/147 841/1138/1
f 543/957/8 820/1139/25 826/1140/99 681/1036/8
f 550/953/112 542/956/8 551/986/123
f 583/1017/112 575/1020/8 584/1021/123
f 609/1132/8 678/1033/8 615/1120/125
f 572/1010/8 579/1016/8 665/1023/8 715/1141/8
f 658/1051/8 651/1134/8 669/1142/8 671/1143/8
f 654/1048/8 671/1143/8 668/1056/8 637/1117/8
f 644/1115/112 637/1117/8 645/1144/123
f 654/1048/8 658/1051/8 671/1143/8
f 547/960/139 541/945/8 548/959/143
f 590/1019/8 595/1113/8 666/1114/8
f 598/1008/137 594/1007/8 670/1145/8
f 540/946/8 576/1006/8 674/259/8 673/256/8
f 820/1139/25 543/957/8 673/256/8 823/255/26
f 653/966/8 651/1134/8 664/1050/145 659/967/126
f 576/1006/8 573/980/8 674/259/8
f 573/980/8 574/979/8 674/259/8
f 543/957/8 541/945/8 673/256/8
f 572/1010/8 715/1141/8 675/260/8 674/259/8
f 599/1018/109 600/1118/108 590/1019/8
f 661/1131/131 643/1146/124 594/1007/8 655/911/8
f 640/1055/8 637/1117/8 668/1056/8
f 537/933/114 554/964/104 555/968/105 538/934/117
f 575/1020/8 579/1016/8 584/1021/123
f 594/1007/8 678/1033/8 609/1132/8
f 680/984/8 679/983/8 562/1102/128 563/992/129
f 601/1119/134 596/1042/135 672/1041/8 682/1045/8
f 651/1134/8 658/1051/8 664/1050/145
f 613/1077/112 606/1080/8 614/1147/123
f 606/1080/8 609/1132/8 615/1120/125 614/1147/123
f 580/978/116 585/1015/144 572/1010/8 574/979/8
f 642/1133/118 558/1044/8 670/1145/8 643/1146/124
f 558/1044/8 597/1043/129 598/1008/137 670/1145/8
f 611/985/118 680/984/8 667/991/8 612/1082/124
f 643/1146/124 670/1145/8 594/1007/8
f 591/1054/8 682/1045/8 646/1047/125 640/1055/8
f 595/1113/8 601/1119/134 682/1045/8 591/1054/8
f 637/1117/8 640/1055/8 646/1047/125 645/1144/123
f 222/12/2 186/430/2 53/145/2 52/13/2
f 334/472/2 793/471/36 801/694/36 390/590/2
f 189/159/2 245/370/2 790/474/36 778/156/36
f 686/1148/6 692/96/6 691/99/24 687/1149/148
f 762/262/49 766/1150/32 694/252/34 696/162/37
f 90/1151/30 851/1152/30 98/213/43 76/216/43
f 96/225/45 695/150/33 850/134/30 851/1152/30
f 676/1153/14 45/1154/14 31/85/21 54/84/20
f 676/1153/14 54/84/20 49/66/16 677/649/14
f 737/1155/1 204/1156/1 698/1157/1
f 241/70/1 232/1158/1 700/1159/1 26/71/1
f 232/1158/1 233/1160/1 700/1159/1
f 204/1156/1 702/1161/1 698/1157/1
f 15/1162/2 21/1163/2 699/1164/2 698/1165/2
f 702/1161/1 237/1166/1 15/29/1 698/1157/1
f 237/1166/1 235/27/1 15/29/1
f 384/1167/1 15/29/1 382/167/1
f 381/1168/1 703/1169/1 15/29/1 384/1167/1
f 703/1170/2 704/1171/2 21/1163/2 15/1162/2
f 349/1172/1 703/1169/1 381/1168/1
f 701/119/2 700/118/2 698/1165/2 699/1164/2
f 379/1173/1 703/1169/1 349/1172/1
f 378/1174/1 705/1175/1 703/1169/1 379/1173/1
f 386/202/1 71/201/1 705/1175/1 377/1176/1
f 377/1176/1 705/1175/1 378/1174/1
f 669/1142/8 651/1134/8 707/917/8 2/921/8
f 9/24/11 4/23/11 39/73/11 3/75/11
f 476/871/8 511/908/8 708/912/8 709/915/8
f 655/911/8 620/1095/8 709/915/8 708/912/8
f 623/919/8 681/1036/8 826/1140/99 817/918/99
f 479/691/8 805/690/99 813/926/99 534/810/8
f 9/1177/8 3/1178/8 12/1179/8 10/1180/8
f 34/1/1 714/1181/1 25/2/1
f 731/207/42 716/20/8 4/19/8 84/1182/149
f 10/1180/8 63/1183/8 59/1184/8 9/1177/8
f 79/146/1 675/148/1 715/1185/1
f 721/21/9 716/20/8 5/1186/8 34/79/19
f 79/210/42 5/1186/8 716/20/8 731/207/42
f 89/1187/34 88/154/35 736/153/35 735/230/34
f 87/1188/150 89/1189/34 735/228/34 734/180/39
f 86/1190/41 85/1191/38 733/179/38 732/211/41
f 84/1182/149 86/1192/41 732/208/41 731/207/42
f 65/190/2 69/189/2 730/192/2 729/191/2
f 67/1193/30 728/186/30 729/188/30 68/1194/30
f 66/1195/30 727/183/30 728/186/30 67/1193/30
f 85/1191/38 87/1188/150 734/180/39 733/179/38
f 66/1196/2 81/231/35 736/153/35 727/152/2
f 44/1197/6 725/102/6 726/7/3 43/6/3
f 42/1198/13 724/48/13 725/101/6 44/1199/6
f 41/1200/17 722/82/17 723/45/12 40/1201/12
f 39/22/10 721/21/9 722/81/17 41/1202/17
f 16/56/2 719/59/2 720/60/2 22/57/2
f 19/1203/14 20/1204/14 719/53/14 718/50/14
f 18/1205/14 19/1203/14 718/50/14 717/49/14
f 40/1201/12 723/45/12 724/48/13 42/1198/13
f 18/1206/2 717/4/2 726/7/3 36/104/3
f 715/1185/1 665/1207/1 79/146/1
f 665/1207/1 666/1208/1 5/1209/1 79/146/1
f 666/1208/1 712/1210/1 5/1209/1
f 668/1211/1 671/1212/1 5/1209/1
f 669/1213/1 5/1209/1 671/1212/1
f 669/1213/1 2/1214/1 5/1209/1
f 712/1210/1 668/1211/1 5/1209/1
f 525/1215/1 5/1209/1 2/1214/1
f 525/1215/1 527/1216/1 5/1209/1
f 524/1217/1 5/1209/1 527/1216/1
f 713/1218/1 5/1209/1 524/1217/1
f 522/1219/1 5/1209/1 713/1218/1
f 521/1220/1 34/1/1 5/1209/1 522/1219/1
f 34/1/1 521/1220/1 714/1181/1
f 703/1170/2 705/243/2 706/244/2 704/1171/2
f 233/1160/1 737/1155/1 698/1157/1 700/1159/1
f 748/1221/7 686/1148/6 687/1149/148 739/650/98
f 756/1222/151 750/1223/152 752/1224/153 758/1225/154
f 758/1226/154 752/1227/153 751/65/15 757/68/18
f 753/1228/155 756/1222/151 758/1225/154 755/1229/156
f 755/1230/156 758/1231/154 757/135/18 754/138/31
f 747/1232/157 744/1233/158 746/1234/159 749/1235/160
f 749/1236/160 746/1237/159 745/8/4 748/11/7
f 750/1223/152 738/1238/161 740/1239/162 752/1224/153
f 752/1227/153 740/1240/162 739/650/98 751/65/15
f 741/1241/163 753/1228/155 755/1229/156 743/1242/164
f 743/1243/164 755/1230/156 754/138/31 742/128/26
f 738/1238/161 747/1232/157 749/1235/160 740/1239/162
f 740/1240/162 749/1244/160 748/1221/7 739/650/98
f 775/197/40 768/132/28 770/1245/165 776/1246/166
f 776/1247/166 770/1248/165 769/1249/167 774/1250/168
f 772/254/47 775/257/40 776/1251/166 773/1252/169
f 773/1253/169 776/1247/166 774/1250/168 771/1254/170
f 766/1150/32 762/262/49 764/1255/171 767/1256/172
f 767/1257/172 764/1258/171 763/1259/173 765/1260/174
f 768/132/28 759/131/27 761/1261/175 770/1245/165
f 770/1248/165 761/1262/175 760/1263/176 769/1249/167
f 759/131/27 766/149/32 767/1264/172 761/1261/175
f 761/1262/175 767/1257/172 765/1260/174 760/1263/176
f 790/474/36 781/473/92 782/1265/177 791/1266/177
f 791/1267/177 782/1268/177 780/1269/178 789/1270/178
f 777/1271/178 783/1272/178 785/1273/177 779/1274/177
f 779/1275/177 785/1276/177 784/157/36 778/156/36
f 786/1277/179 780/1269/178 782/1268/177 788/1278/180
f 788/1279/180 782/1265/177 781/473/92 787/479/48
f 778/156/36 790/474/36 791/1266/177 779/1275/177
f 779/1274/177 791/1267/177 789/1270/178 777/1271/178
f 802/1280/178 795/1281/178 797/1282/177 803/1283/177
f 803/1284/177 797/1285/177 796/695/92 801/694/36
f 793/471/36 784/157/36 785/1276/177 794/1286/177
f 794/1287/177 785/1273/177 783/1272/178 792/1288/178
f 799/261/48 796/695/92 797/1285/177 800/1289/180
f 800/1290/180 797/1282/177 795/1281/178 798/1291/179
f 792/1288/178 802/1280/178 803/1283/177 794/1287/177
f 794/1286/177 803/1284/177 801/694/36 793/471/36
f 814/1292/147 807/1293/147 809/1294/181 815/1295/181
f 815/1296/181 809/1297/181 808/127/25 813/926/99
f 805/690/99 810/693/99 812/1298/181 806/1299/181
f 806/1300/181 812/1301/181 811/1137/147 804/1136/147
f 804/1136/147 814/1292/147 815/1295/181 806/1300/181
f 806/1299/181 815/1296/181 813/926/99 805/690/99
f 826/1140/99 820/1139/25 821/1302/181 827/1303/181
f 827/1304/181 821/1305/181 819/1306/147 825/1307/147
f 816/1308/147 811/1137/147 812/1301/181 818/1309/181
f 818/1310/181 812/1298/181 810/693/99 817/918/99
f 822/1311/163 819/1306/147 821/1305/181 824/1312/182
f 824/1313/182 821/1302/181 820/1139/25 823/255/26
f 817/918/99 826/1140/99 827/1303/181 818/1310/181
f 818/1309/181 827/1304/181 825/1307/147 816/1308/147
f 744/1233/158 786/1277/179 788/1278/180 746/1234/159
f 746/1237/159 788/1279/180 787/479/48 745/8/4
f 762/262/49 799/261/48 800/1289/180 764/1255/171
f 764/1258/171 800/1290/180 798/1291/179 763/1259/173
f 823/255/26 772/254/47 773/1252/169 824/1313/182
f 824/1312/182 773/1253/169 771/1254/170 822/1311/163
f 742/128/26 808/127/25 809/1297/181 743/1243/164
f 743/1242/164 809/1294/181 807/1293/147 741/1241/163
f 848/1314/1 837/1315/1 822/1311/163 771/1254/170
f 687/1149/148 677/649/14 739/650/98
f 691/99/24 676/1153/14 677/649/14 687/1149/148
f 7/1316/14 45/1154/14 676/1153/14
f 27/98/23 7/1316/14 676/1153/14 691/99/24
f 847/1317/1 836/1318/1 786/1277/179 744/1233/158
f 838/1319/1 819/1306/147 822/1311/163 837/1315/1
f 839/1320/1 825/1307/147 819/1306/147 838/1319/1
f 840/1321/1 816/1308/147 825/1307/147 839/1320/1
f 841/1138/1 811/1137/147 816/1308/147 840/1321/1
f 843/1322/1 814/1292/147 804/1136/147 842/1135/1
f 844/1323/1 807/1293/147 814/1292/147 843/1322/1
f 845/1324/1 741/1241/163 807/1293/147 844/1323/1
f 845/1324/1 844/1323/1 835/1325/1 836/1318/1
f 839/1320/1 838/1319/1 829/1326/1 830/1327/1
f 838/1319/1 837/1315/1 828/1328/1 829/1326/1
f 842/1135/1 841/1138/1 832/1329/1 833/1330/1
f 844/1323/1 843/1322/1 834/1331/1 835/1325/1
f 843/1322/1 842/1135/1 833/1330/1 834/1331/1
f 841/1138/1 840/1321/1 831/1332/1 832/1329/1
f 786/1277/179 836/1318/1 835/1325/1 780/1269/178
f 780/1269/178 835/1325/1 834/1331/1 789/1270/178
f 789/1270/178 834/1331/1 833/1330/1 777/1271/178
f 777/1271/178 833/1330/1 832/1329/1 783/1272/178
f 783/1272/178 832/1329/1 831/1332/1 792/1288/178
f 792/1288/178 831/1332/1 830/1327/1 802/1280/178
f 802/1280/178 830/1327/1 829/1326/1 795/1281/178
f 795/1281/178 829/1326/1 828/1328/1 798/1291/179
f 763/1259/173 849/1333/1 760/1263/176 765/1260/174
f 846/1334/1 753/1228/155 741/1241/163 845/1324/1
f 849/1333/1 848/1314/1 769/1249/167 760/1263/176
f 847/1317/1 846/1334/1 845/1324/1 836/1318/1
f 738/1238/161 750/1223/152 846/1334/1 847/1317/1
f 750/1223/152 756/1222/151 753/1228/155 846/1334/1
f 738/1238/161 847/1317/1 744/1233/158 747/1232/157
f 828/1328/1 837/1315/1 848/1314/1 849/1333/1
f 769/1249/167 848/1314/1 771/1254/170 774/1250/168
f 798/1291/179 828/1328/1 849/1333/1 763/1259/173
f 840/1321/1 839/1320/1 830/1327/1 831/1332/1
f 61/1335/30 851/1152/30 90/1151/30
f 851/1152/30 850/134/30 93/133/29 98/213/43
f 695/150/33 759/131/27 850/134/30
f 72/226/46 96/225/45 851/1152/30 61/1335/30
f 380/545/2 323/636/74 390/590/2
f 380/545/2 390/590/2 275/546/86
f 195/429/89 178/416/86 245/370/2 189/159/2
f 109/291/2 245/370/2 130/327/74 115/292/60
f 523/765/8 534/810/8 420/766/124
f 523/765/8 468/856/137 534/810/8
f 629/1094/110 612/1082/124 681/1036/8 623/919/8
f 543/957/8 681/1036/8 564/993/137 549/958/140
f 853/1336/11 874/1337/183 863/1338/184 869/1339/185
f 853/1336/11 869/1339/185 888/1340/186 895/1341/187
f 872/1342/188 868/1343/189 862/1344/190 882/1345/191
f 857/1346/1 897/1347/192 902/1348/193 856/1349/1
f 860/1350/1 859/1351/1 918/1352/194 935/1353/195
f 852/1354/1 881/1355/196 878/1356/197 855/1357/1
f 856/1349/1 902/1348/193 871/1358/198 854/1359/1
f 872/1342/188 901/1360/199 889/1361/200 868/1343/189
f 853/1336/11 895/1341/187 929/1362/201 914/1363/202
f 853/1336/11 914/1363/202 908/1364/203 874/1337/183
f 858/1365/1 922/1366/204 918/1352/194 859/1351/1
f 917/1367/205 915/1368/206 928/1369/207 936/1370/208
f 920/1371/209 877/1372/210 875/1373/211 907/1374/212
f 857/1346/1 860/1350/1 935/1353/195 897/1347/192
f 900/1375/213 898/1376/214 894/1377/215 887/1378/216
f 855/1357/1 878/1356/197 922/1366/204 858/1365/1
f 934/1379/217 927/1380/218 894/1377/215 898/1376/214
f 917/1367/205 921/1381/219 909/1382/220 915/1368/206
f 861/1383/221 864/1384/222 865/1385/223 867/1386/224
f 862/1344/190 866/1387/225 865/1388/223 864/1389/222
f 863/1338/184 867/1390/224 865/1391/223 866/1392/225
f 880/1393/226 883/1394/227 884/1395/228 886/1396/229
f 881/1355/196 885/1397/230 884/1398/228 883/1399/227
f 882/1345/191 886/1400/229 884/1401/228 885/1402/230
f 887/1378/216 890/1403/231 891/1404/232 893/1405/233
f 888/1340/186 892/1406/234 891/1407/232 890/1408/231
f 889/1361/200 893/1409/233 891/1410/232 892/1411/234
f 900/1375/213 903/1412/235 904/1413/236 906/1414/237
f 901/1360/199 905/1415/238 904/1416/236 903/1417/235
f 902/1348/193 906/1418/237 904/1419/236 905/1420/238
f 907/1374/212 910/1421/239 911/1422/240 913/1423/241
f 908/1364/203 912/1424/242 911/1425/240 910/1426/239
f 909/1382/220 913/1427/241 911/1428/240 912/1429/242
f 920/1371/209 923/1430/243 924/1431/244 926/1432/245
f 921/1381/219 925/1433/246 924/1434/244 923/1435/243
f 922/1366/204 926/1436/245 924/1437/244 925/1438/246
f 927/1380/218 930/1439/247 931/1440/248 933/1441/249
f 928/1369/207 932/1442/250 931/1443/248 930/1444/247
f 929/1362/201 933/1445/249 931/1446/248 932/1447/250
f 934/1379/217 937/1448/251 938/1449/252 940/1450/253
f 935/1353/195 939/1451/254 938/1452/252 937/1453/251
f 936/1370/208 940/1454/253 938/1455/252 939/1456/254
f 882/1345/191 862/1344/190 864/1389/222 886/1400/229
f 886/1396/229 864/1384/222 861/1383/221 880/1393/226
f 869/1339/185 863/1338/184 866/1392/225 870/1457/255
f 870/1458/255 866/1387/225 862/1344/190 868/1343/189
f 872/1342/188 882/1345/191 885/1402/230 873/1459/256
f 873/1460/256 885/1397/230 881/1355/196 871/1358/198
f 863/1338/184 874/1337/183 876/1461/257 867/1390/224
f 867/1386/224 876/1462/257 875/1373/211 861/1383/221
f 880/1393/226 877/1372/210 879/1463/258 883/1394/227
f 883/1399/227 879/1464/258 878/1356/197 881/1355/196
f 900/1375/213 887/1378/216 893/1405/233 903/1412/235
f 903/1417/235 893/1409/233 889/1361/200 901/1360/199
f 868/1343/189 889/1361/200 892/1411/234 870/1458/255
f 870/1457/255 892/1406/234 888/1340/186 869/1339/185
f 871/1358/198 902/1348/193 905/1420/238 873/1460/256
f 873/1459/256 905/1415/238 901/1360/199 872/1342/188
f 887/1378/216 894/1377/215 896/1465/259 890/1403/231
f 890/1408/231 896/1466/259 895/1341/187 888/1340/186
f 902/1348/193 897/1347/192 899/1467/260 906/1418/237
f 906/1414/237 899/1468/260 898/1376/214 900/1375/213
f 920/1371/209 907/1374/212 913/1423/241 923/1430/243
f 923/1435/243 913/1427/241 909/1382/220 921/1381/219
f 915/1368/206 909/1382/220 912/1429/242 916/1469/261
f 916/1470/261 912/1424/242 908/1364/203 914/1363/202
f 918/1352/194 922/1366/204 925/1438/246 919/1471/262
f 919/1472/262 925/1433/246 921/1381/219 917/1367/205
f 907/1374/212 875/1373/211 876/1462/257 910/1421/239
f 910/1426/239 876/1461/257 874/1337/183 908/1364/203
f 922/1366/204 878/1356/197 879/1464/258 926/1436/245
f 926/1432/245 879/1463/258 877/1372/210 920/1371/209
f 936/1370/208 928/1369/207 930/1444/247 940/1454/253
f 940/1450/253 930/1439/247 927/1380/218 934/1379/217
f 914/1363/202 929/1362/201 932/1447/250 916/1470/261
f 916/1469/261 932/1442/250 928/1369/207 915/1368/206
f 917/1367/205 936/1370/208 939/1456/254 919/1472/262
f 919/1471/262 939/1451/254 935/1353/195 918/1352/194
f 929/1362/201 895/1341/187 896/1466/259 933/1445/249
f 933/1441/249 896/1465/259 894/1377/215 927/1380/218
f 934/1379/217 898/1376/214 899/1468/260 937/1448/251
f 937/1453/251 899/1467/260 897/1347/192 935/1353/195
f 880/1393/226 861/1383/221 875/1373/211 877/1372/210
f 854/1359/1 871/1358/198 881/1355/196 852/1354/1
f 954/1473/263 946/1474/264 995/1475/265 988/1476/266
f 943/1477/8 944/1478/8 975/1479/267 981/1480/268
f 953/1481/269 961/1482/270 968/1483/271 947/1484/272
f 987/1485/273 980/1486/274 959/1487/275 952/1488/276
f 960/1489/277 982/1490/278 974/1491/279 966/1492/280
f 944/1478/8 942/1493/8 994/1494/281 975/1479/267
f 942/1493/8 941/1495/8 989/1496/282 994/1494/281
f 941/1495/8 943/1477/8 981/1480/268 989/1496/282
f 945/1497/283 948/1498/284 949/1499/285 951/1500/286
f 946/1474/264 950/1501/287 949/1502/285 948/1503/284
f 947/1484/272 951/1504/286 949/1505/285 950/1506/287
f 952/1488/276 955/1507/288 956/1508/289 958/1509/290
f 953/1481/269 957/1510/291 956/1511/289 955/1512/288
f 954/1473/263 958/1513/290 956/1514/289 957/1515/291
f 959/1487/275 962/1516/292 963/1517/293 965/1518/294
f 960/1489/277 964/1519/295 963/1520/293 962/1521/292
f 961/1482/270 965/1522/294 963/1523/293 964/1524/295
f 966/1492/280 969/1525/296 970/1526/297 972/1527/298
f 967/1528/299 971/1529/300 970/1530/297 969/1531/296
f 968/1483/271 972/1532/298 970/1533/297 971/1534/300
f 973/1535/301 976/1536/302 977/1537/303 979/1538/304
f 974/1491/279 978/1539/305 977/1540/303 976/1541/302
f 975/1479/267 979/1542/304 977/1543/303 978/1544/305
f 980/1486/274 983/1545/306 984/1546/307 986/1547/308
f 981/1480/268 985/1548/309 984/1549/307 983/1550/306
f 982/1490/278 986/1551/308 984/1552/307 985/1553/309
f 987/1485/273 990/1554/310 991/1555/311 993/1556/312
f 988/1476/266 992/1557/313 991/1558/311 990/1559/310
f 989/1496/282 993/1560/312 991/1561/311 992/1562/313
f 994/1494/281 997/1563/314 998/1564/315 1000/1565/316
f 995/1475/265 999/1566/317 998/1567/315 997/1568/314
f 996/1569/318 1000/1570/316 998/1571/315 999/1572/317
f 952/1488/276 959/1487/275 965/1518/294 955/1507/288
f 955/1512/288 965/1522/294 961/1482/270 953/1481/269
f 960/1489/277 966/1492/280 972/1527/298 964/1519/295
f 964/1524/295 972/1532/298 968/1483/271 961/1482/270
f 947/1484/272 968/1483/271 971/1534/300 951/1504/286
f 951/1500/286 971/1529/300 967/1528/299 945/1497/283
f 959/1487/275 980/1486/274 986/1547/308 962/1516/292
f 962/1521/292 986/1551/308 982/1490/278 960/1489/277
f 966/1492/280 974/1491/279 976/1541/302 969/1525/296
f 969/1531/296 976/1536/302 973/1535/301 967/1528/299
f 974/1491/279 982/1490/278 985/1553/309 978/1539/305
f 978/1544/305 985/1548/309 981/1480/268 975/1479/267
f 989/1496/282 981/1480/268 983/1550/306 993/1560/312
f 993/1556/312 983/1545/306 980/1486/274 987/1485/273
f 975/1479/267 994/1494/281 1000/1565/316 979/1542/304
f 979/1538/304 1000/1570/316 996/1569/318 973/1535/301
f 946/1474/264 954/1473/263 957/1515/291 950/1501/287
f 950/1506/287 957/1510/291 953/1481/269 947/1484/272
f 987/1485/273 952/1488/276 958/1509/290 990/1554/310
f 990/1559/310 958/1513/290 954/1473/263 988/1476/266
f 945/1497/283 996/1569/318 999/1572/317 948/1498/284
f 948/1503/284 999/1566/317 995/1475/265 946/1474/264
f 994/1494/281 989/1496/282 992/1562/313 997/1563/314
f 997/1568/314 992/1557/313 988/1476/266 995/1475/265
f 973/1535/301 996/1569/318 945/1497/283 967/1528/299
f 1016/1573/2 1009/1574/2 1002/1575/2 1015/1576/2
f 1049/1577/11 1034/1578/11 1027/1579/11
f 1054/1580/14 1012/1581/14 1016/1582/14
f 1055/1583/1 1021/1584/1 1011/1585/1 1052/1586/1
f 1053/1587/1 1045/1588/1 1047/1589/1
f 1018/1590/319 1005/1591/30 1002/1592/30
f 1017/1593/1 1025/1594/1 1030/1595/1
f 1011/1596/30 1009/1597/30 1037/1598/320 1039/1599/320
f 1015/1600/14 1031/1601/321 1033/1602/321 1006/1603/14
f 1025/1604/322 1027/1605/322 1034/1606/323 1030/1607/323
f 1053/1587/1 1039/1608/1 1041/1609/1
f 1009/1597/30 1011/1596/30 1021/1610/324
f 1056/1611/11 1043/1612/11 1036/1613/11
f 1016/1614/14 1012/1615/14 1046/1616/321 1042/1617/321
f 1036/1618/322 1043/1619/323 1045/1620/323 1040/1621/322
f 1054/1580/14 1007/1622/14 1010/1623/14
f 1003/1624/14 1013/1625/14 1006/1626/14
f 1035/1627/11 1034/1578/11 1049/1577/11
f 1021/1610/324 1023/1628/41 1020/1629/41 1018/1590/319
f 1001/1630/14 1008/1631/14 1016/1582/14 1015/1632/14
f 1033/1633/11 1035/1627/11 1049/1577/11
f 1049/1577/11 1027/1579/11 1029/1634/11
f 1019/1635/325 1022/1636/326 1010/1637/8 1014/1638/8
f 1018/1590/319 1002/1592/30 1009/1597/30 1021/1610/324
f 1046/1639/1 1053/1587/1 1047/1589/1
f 1050/1640/11 1019/1641/11 1014/1642/11 1051/1643/11
f 1024/1644/320 1028/1645/320 1029/1646/34 1026/1647/34
f 1026/1647/34 1029/1646/34 1027/1605/322 1025/1604/322
f 1030/1607/323 1034/1606/323 1035/1648/6 1032/1649/6
f 1032/1649/6 1035/1648/6 1033/1602/321 1031/1601/321
f 1036/1618/322 1040/1621/322 1041/1650/34 1038/1651/34
f 1038/1651/34 1041/1650/34 1039/1599/320 1037/1598/320
f 1042/1617/321 1046/1616/321 1047/1652/6 1044/1653/6
f 1044/1653/6 1047/1652/6 1045/1620/323 1043/1619/323
f 1005/1591/30 1028/1645/320 1024/1644/320 1002/1592/30
f 1048/1654/11 1049/1577/11 1028/1655/11 1005/1656/11
f 1006/1657/11 1033/1633/11 1049/1577/11 1048/1654/11
f 1020/1658/11 1019/1641/11 1050/1640/11
f 1004/1659/14 1003/1624/14 1006/1626/14 1051/1660/14
f 1013/1625/14 1001/1630/14 1015/1632/14 1006/1626/14
f 1028/1655/11 1049/1577/11 1029/1634/11
f 1015/1576/1 1017/1593/1 1031/1661/1
f 1031/1661/1 1017/1593/1 1032/1662/1
f 1017/1593/1 1030/1595/1 1032/1662/1
f 1002/1575/1 1024/1663/1 1017/1593/1
f 1015/1576/1 1002/1575/1 1017/1593/1
f 1026/1664/1 1025/1594/1 1017/1593/1
f 1024/1663/1 1026/1664/1 1017/1593/1
f 1048/1654/11 1050/1640/11 1051/1643/11 1006/1657/11
f 1005/1656/11 1018/1665/11 1050/1640/11 1048/1654/11
f 1014/1666/14 1004/1659/14 1051/1660/14
f 1018/1665/11 1020/1658/11 1050/1640/11
f 1052/1586/1 1011/1585/1 1039/1608/1 1053/1587/1
f 1012/1667/1 1052/1586/1 1053/1587/1 1046/1639/1
f 1007/1622/14 1004/1659/14 1014/1666/14 1010/1623/14
f 1023/1668/1 1021/1584/1 1055/1583/1
f 1007/1622/14 1054/1580/14 1016/1582/14 1008/1631/14
f 1054/1669/1 1055/1583/1 1052/1586/1 1012/1667/1
f 1010/1670/1 1022/1671/1 1055/1583/1 1054/1669/1
f 1022/1671/1 1023/1668/1 1055/1583/1
f 1020/1672/41 1023/1673/41 1022/1636/326 1019/1635/325
f 1045/1588/1 1053/1587/1 1040/1674/1
f 1040/1674/1 1053/1587/1 1041/1609/1
f 1016/1675/11 1042/1676/11 1056/1611/11
f 1009/1677/11 1016/1675/11 1056/1611/11
f 1056/1611/11 1042/1676/11 1044/1678/11
f 1037/1679/11 1009/1677/11 1056/1611/11
f 1037/1679/11 1056/1611/11 1038/1680/11
f 1038/1680/11 1056/1611/11 1036/1613/11
f 1043/1612/11 1056/1611/11 1044/1678/11
f 1057/1681/327 1058/1682/328 1060/1683/329 1059/1684/330
f 1059/1684/330 1060/1683/329 1062/1685/331 1061/1686/332
f 1061/1686/332 1062/1685/331 1064/1687/333 1063/1688/334
f 1063/1688/334 1064/1687/333 1066/1689/335 1065/1690/336
f 1065/1690/336 1066/1689/335 1068/1691/337 1067/1692/338
f 1067/1692/338 1068/1691/337 1070/1693/339 1069/1694/340
f 1073/1695/2 1070/1693/339 1068/1691/337 1066/1689/335
f 1069/1694/340 1070/1693/339 1072/1696/341 1071/1697/342
f 1071/1697/342 1072/1696/341 1058/1682/328 1057/1681/327
f 1062/1685/331 1073/1695/2 1066/1689/335 1064/1687/333
f 1058/1682/328 1072/1696/341 1070/1693/339 1073/1695/2
f 1060/1683/329 1058/1682/328 1073/1695/2 1062/1685/331
f 1074/1698/327 1076/1699/343 1077/1700/341 1075/1701/328
f 1076/1699/343 1078/1702/340 1079/1703/339 1077/1700/341
f 1078/1702/340 1080/1704/344 1081/1705/337 1079/1703/339
f 1080/1704/344 1082/1706/336 1083/1707/335 1081/1705/337
f 1082/1706/336 1084/1708/345 1085/1709/333 1083/1707/335
f 1084/1708/345 1086/1710/332 1087/1711/331 1085/1709/333
f 1090/1712/2 1083/1707/335 1085/1709/333 1087/1711/331
f 1086/1710/332 1088/1713/346 1089/1714/329 1087/1711/331
f 1088/1713/346 1074/1698/327 1075/1701/328 1089/1714/329
f 1079/1703/339 1081/1705/337 1083/1707/335 1090/1712/2
f 1075/1701/328 1090/1712/2 1087/1711/331 1089/1714/329
f 1077/1700/341 1079/1703/339 1090/1712/2 1075/1701/328
f 1091/1715/336 1093/1716/334 1094/1717/333 1092/1718/335
f 1093/1716/334 1095/1719/332 1096/1720/331 1094/1717/333
f 1095/1719/332 1097/1721/330 1098/1722/329 1096/1720/331
f 1097/1721/330 1099/1723/327 1100/1724/328 1098/1722/329
f 1099/1723/327 1101/1725/342 1102/1726/341 1100/1724/328
f 1101/1725/342 1103/1727/340 1104/1728/339 1102/1726/341
f 1107/1729/2 1100/1724/328 1102/1726/341 1104/1728/339
f 1103/1727/340 1105/1730/338 1106/1731/337 1104/1728/339
f 1105/1730/338 1091/1715/336 1092/1718/335 1106/1731/337
f 1096/1720/331 1098/1722/329 1100/1724/328 1107/1729/2
f 1092/1718/335 1107/1729/2 1104/1728/339 1106/1731/337
f 1094/1717/333 1096/1720/331 1107/1729/2 1092/1718/335
f 1108/1732/336 1109/1733/335 1111/1734/337 1110/1735/344
f 1110/1735/344 1111/1734/337 1113/1736/339 1112/1737/340
f 1112/1737/340 1113/1736/339 1115/1738/341 1114/1739/343
f 1114/1739/343 1115/1738/341 1117/1740/328 1116/1741/327
f 1116/1741/327 1117/1740/328 1119/1742/329 1118/1743/346
f 1118/1743/346 1119/1742/329 1121/1744/331 1120/1745/332
f 1124/1746/2 1121/1744/331 1119/1742/329 1117/1740/328
f 1120/1745/332 1121/1744/331 1123/1747/333 1122/1748/345
f 1122/1748/345 1123/1747/333 1109/1733/335 1108/1732/336
f 1113/1736/339 1124/1746/2 1117/1740/328 1115/1738/341
f 1109/1733/335 1123/1747/333 1121/1744/331 1124/1746/2
f 1111/1734/337 1109/1733/335 1124/1746/2 1113/1736/339
f 1125/1749/11 1206/1750/347 1199/1751/348 1128/1752/11
f 1211/1753/2 1213/1754/2 1155/1755/2
f 1153/1756/14 1200/1757/349 1205/1758/350 1156/1759/14
f 1217/1760/351 1126/1761/11 1127/1762/11 1212/1763/352
f 1155/1755/2 1213/1754/2 1212/1764/2
f 1142/1765/11 1125/1749/11 1128/1752/11 1143/1766/11
f 1129/1767/2 1141/1768/2 1134/1769/2
f 1157/1770/30 1218/1771/353 1211/1772/353 1158/1773/30
f 1127/1762/11 1143/1766/11 1178/1774/11 1177/1775/11
f 1130/1776/1 1215/1777/354 1208/1778/354 1129/1779/1
f 1154/1780/2 1128/1781/2 1199/1782/2
f 1148/1783/2 1175/1784/2 1192/1785/2
f 1143/1766/11 1128/1752/11 1173/1786/11 1178/1774/11
f 1159/1787/355 1171/1788/2 1160/1789/356
f 1176/1790/2 1190/1791/2 1189/1792/2 1194/1793/2
f 1149/1794/2 1148/1783/2 1192/1785/2 1193/1795/2
f 1152/1796/2 1195/1797/2 1179/1798/2
f 1182/1799/2 1181/1800/2 1174/1801/2
f 1134/1769/2 1197/1802/2 1129/1767/2
f 1144/1803/30 1145/1804/30 1209/1805/357 1214/1806/358
f 1191/1807/2 1190/1791/2 1176/1790/2 1193/1795/2
f 1209/1808/2 1145/1809/2 1132/1810/2
f 1135/1811/2 1196/1812/2 1198/1813/2
f 1144/1803/30 1139/1814/30 1140/1815/30 1145/1804/30
f 1147/1816/14 1137/1817/14 1138/1818/14 1146/1819/14
f 1126/1761/11 1142/1765/11 1143/1766/11 1127/1762/11
f 1208/1820/2 1210/1821/2 1133/1822/2
f 1134/1769/2 1198/1813/2 1197/1802/2
f 1147/1823/2 1135/1811/2 1136/1824/2 1137/1825/2
f 1133/1822/2 1141/1768/2 1129/1767/2
f 1133/1822/2 1210/1821/2 1132/1810/2
f 1129/1779/1 1197/1826/359 1202/1827/359 1130/1776/1
f 1132/1810/2 1145/1809/2 1140/1828/2 1131/1829/2
f 1208/1820/2 1133/1822/2 1129/1767/2
f 1154/1830/360 1136/1831/361 1179/1798/362 1172/1832/360
f 1175/1784/2 1174/1801/2 1180/1833/2 1192/1785/2
f 1131/1834/363 1175/1784/363 1148/1783/364 1132/1835/365
f 1132/1835/365 1148/1783/364 1149/1794/366 1133/1836/367
f 1133/1836/367 1149/1794/366 1150/1837/368 1141/1838/368
f 1141/1838/368 1150/1837/368 1151/1839/369 1134/1840/370
f 1134/1840/370 1151/1839/369 1152/1796/371 1135/1841/372
f 1135/1841/372 1152/1796/371 1179/1798/362 1136/1831/361
f 1155/1842/373 1127/1843/374 1177/1844/374 1174/1801/373
f 1131/1834/363 1155/1842/373 1174/1801/373 1175/1784/363
f 1128/1845/375 1154/1830/360 1172/1832/360 1173/1846/375
f 1185/1847/2 1178/1848/2 1173/1846/2
f 1140/1828/2 1158/1849/2 1155/1755/2 1131/1829/2
f 1136/1824/2 1154/1780/2 1153/1850/2 1137/1825/2
f 1139/1814/30 1157/1770/30 1158/1773/30 1140/1815/30
f 1137/1817/14 1153/1756/14 1156/1759/14 1138/1818/14
f 1167/1851/376 1171/1788/2 1166/1852/377
f 1165/1853/378 1171/1788/2 1164/1854/379
f 1171/1788/2 1165/1853/378 1169/1855/380
f 1161/1856/381 1171/1788/2 1162/1857/382
f 1166/1852/377 1171/1788/2 1169/1855/380
f 1171/1788/2 1167/1851/376 1163/1858/383
f 1160/1789/356 1171/1788/2 1170/1859/384
f 1162/1857/382 1171/1788/2 1163/1858/383
f 1192/1785/2 1180/1833/2 1191/1807/2 1193/1795/2
f 1171/1788/2 1168/1860/385 1170/1859/384
f 1171/1788/2 1161/1856/381 1168/1860/385
f 1188/1861/386 1189/1862/387 1170/1863/387 1168/1864/388
f 1189/1862/387 1190/1865/11 1160/1866/11 1170/1863/387
f 1186/1867/389 1187/1868/30 1161/1869/30 1162/1870/389
f 1190/1865/11 1191/1871/390 1159/1872/390 1160/1866/11
f 1185/1873/391 1186/1867/389 1162/1870/389 1163/1874/391
f 1180/1875/392 1181/1876/14 1165/1877/14 1164/1878/392
f 1183/1879/393 1184/1880/1 1167/1881/1 1166/1882/393
f 1187/1868/30 1188/1861/386 1168/1864/388 1161/1869/30
f 1182/1883/394 1183/1879/393 1166/1882/393 1169/1884/395
f 1181/1876/14 1182/1883/394 1169/1884/395 1165/1877/14
f 1184/1885/1 1185/1873/391 1163/1874/391 1167/1886/1
f 1191/1871/390 1180/1875/392 1164/1878/392 1159/1872/390
f 1174/1801/2 1177/1844/2 1182/1799/2
f 1178/1848/2 1184/1887/2 1183/1888/2
f 1185/1847/2 1184/1887/2 1178/1848/2
f 1183/1888/2 1177/1844/2 1178/1848/2
f 1172/1832/2 1187/1889/2 1186/1890/2
f 1172/1832/2 1188/1891/2 1187/1889/2
f 1189/1792/2 1188/1891/2 1195/1797/2 1194/1793/2
f 1164/1854/379 1171/1788/2 1159/1787/355
f 1179/1798/2 1195/1797/2 1188/1891/2 1172/1832/2
f 1150/1837/2 1149/1794/2 1193/1795/2 1176/1790/2
f 1150/1837/2 1176/1790/2 1194/1793/2 1151/1839/2
f 1151/1839/2 1194/1793/2 1195/1797/2 1152/1796/2
f 1172/1832/2 1186/1890/2 1173/1846/2
f 1132/1810/2 1210/1821/2 1209/1808/2
f 1174/1801/2 1181/1800/2 1180/1833/2
f 1202/1827/359 1197/1826/359 1198/1892/396 1204/1893/397
f 1204/1894/397 1198/1895/396 1196/1896/398 1203/1897/398
f 1199/1751/348 1206/1750/347 1207/1898/399 1201/1899/400
f 1201/1900/400 1207/1901/399 1205/1758/350 1200/1757/349
f 1208/1778/354 1215/1777/354 1216/1902/401 1210/1903/402
f 1210/1904/402 1216/1905/401 1214/1806/358 1209/1805/357
f 1217/1760/351 1212/1763/352 1213/1906/403 1219/1907/404
f 1219/1908/404 1213/1909/403 1211/1772/353 1218/1771/353
f 1134/1769/2 1135/1811/2 1198/1813/2
f 1127/1910/2 1155/1755/2 1212/1764/2
f 1158/1849/2 1211/1753/2 1155/1755/2
f 1147/1823/2 1196/1812/2 1135/1811/2
f 1196/1896/398 1147/1816/14 1146/1819/14 1203/1897/398
f 1154/1780/2 1199/1782/2 1201/1911/2
f 1153/1850/2 1154/1780/2 1200/1912/2
f 1200/1912/2 1154/1780/2 1201/1911/2
f 1185/1847/2 1173/1846/2 1186/1890/2
f 1183/1888/2 1182/1799/2 1177/1844/2
f 1220/1913/14 1237/1914/14 1236/1915/405 1221/1916/405
f 1221/1916/405 1236/1915/405 1238/1917/406 1223/1918/406
f 1223/1918/406 1238/1917/406 1239/1919/407 1230/1920/407
f 1230/1920/407 1239/1919/407 1240/1921/408 1226/1922/408
f 1226/1922/408 1240/1921/408 1241/1923/409 1228/1924/409
f 1228/1924/409 1241/1923/409 1242/1925/30 1229/1926/30
f 1229/1926/30 1242/1925/30 1244/1927/410 1231/1928/410
f 1231/1928/410 1244/1927/410 1243/1929/411 1232/1930/411
f 1232/1930/411 1243/1929/411 1245/1931/412 1235/1932/412
f 1235/1933/412 1245/1934/412 1246/1935/413 1233/1936/413
f 1233/1936/413 1246/1935/413 1247/1937/414 1234/1938/414
f 1234/1938/414 1247/1937/414 1237/1914/14 1220/1913/14
f 1287/1939/415 1298/1940/416 1260/1941/417
f 1222/1942/2 1224/1943/2 1238/1944/2 1236/1945/2
f 1224/1943/2 1225/1946/2 1239/1947/2 1238/1944/2
f 1225/1946/2 1227/1948/2 1240/1949/2 1239/1947/2
f 1227/1948/2 1248/1950/2 1241/1951/2 1240/1949/2
f 1283/1952/418 1260/1953/417 1296/1954/419 1294/1955/420
f 1248/1950/2 1227/1948/2 1284/1956/2
f 1224/1943/2 1222/1942/2 1282/1957/2
f 1293/1958/2 1295/1959/2 1245/1960/2 1243/1961/2
f 1299/1962/2 1286/1963/2 1237/1964/2 1247/1965/2
f 1275/1966/421 1273/1967/422 1271/1968/422 1272/1969/421
f 1297/1970/2 1299/1971/2 1247/1972/2 1246/1973/2
f 1281/1974/423 1279/1975/424 1277/1976/424 1278/1977/423
f 1282/1957/425 1222/1942/426 1255/1978/427
f 1260/1941/417 1255/1979/428 1287/1939/415
f 1266/1980/429 1250/1981/430 1251/1982/430 1267/1983/429
f 1254/1984/431 1258/1985/431 1259/1986/432 1256/1987/432
f 1255/1979/428 1260/1941/417 1262/1988/14 1256/1989/14
f 1271/1990/14 1254/1991/14 1261/1992/14 1276/1993/14
f 1256/1989/14 1262/1988/14 1261/1992/14 1254/1991/14
f 1258/1994/30 1263/1995/30 1265/1996/30 1259/1997/30
f 1285/1998/433 1264/1999/434 1265/2000/435
f 1283/1952/418 1285/1998/433 1265/2000/435 1262/2001/436
f 1259/1997/30 1265/1996/30 1264/2002/434 1257/2003/437
f 1267/2004/438 1251/2005/439 1253/2006/439 1269/2007/438
f 1250/2008/440 1266/2009/441 1268/2010/442 1252/2011/440
f 1274/2012/30 1267/2004/438 1269/2007/438 1279/2013/30
f 1274/2014/443 1270/2015/443 1266/1980/429 1267/1983/429
f 1270/2015/443 1274/2014/443 1275/1966/421 1272/1969/421
f 1271/1990/14 1276/1993/14 1278/2016/14 1272/2017/14
f 1272/2017/14 1278/2016/14 1277/2018/14 1270/2019/14
f 1274/2012/30 1279/2013/30 1281/2020/30 1275/2021/30
f 1265/2000/435 1263/2022/444 1261/2023/444 1262/2001/436
f 1276/2024/445 1280/2025/446 1281/1974/423 1278/1977/423
f 1275/2021/30 1281/2020/30 1280/2026/30 1273/2027/30
f 1266/2009/441 1270/2019/14 1277/2018/14 1268/2010/442
f 1258/1994/30 1273/2027/30 1280/2026/30 1263/1995/30
f 1291/2028/447 1288/2029/448 1264/2002/434
f 1284/1956/425 1249/2030/425 1257/2031/427
f 1295/1959/2 1297/1970/2 1246/1973/2 1245/1960/2
f 1259/1986/432 1257/2031/427 1255/1978/427 1256/1987/432
f 1252/2032/449 1268/2033/450 1269/2034/450 1253/2035/449
f 1276/2024/445 1261/2023/444 1263/2022/444 1280/2025/446
f 1283/1952/418 1294/1955/420 1285/1998/433
f 1254/1984/431 1271/1968/422 1273/1967/422 1258/1985/431
f 1249/2030/425 1255/1978/427 1257/2031/427
f 1282/1957/425 1255/1978/427 1249/2030/425
f 1290/2036/2 1293/1958/2 1243/1961/2 1244/2037/2
f 1289/2038/2 1290/2039/2 1244/2040/2 1242/2041/2
f 1286/1963/451 1287/1939/415 1222/2042/452
f 1225/1946/2 1224/1943/2 1282/1957/2 1249/2030/2
f 1227/1948/2 1225/1946/2 1249/2030/2 1284/1956/2
f 1293/1958/453 1290/2036/454 1291/2043/447 1292/2044/455
f 1295/1959/456 1293/1958/453 1292/2044/455 1294/1955/420
f 1297/1970/457 1295/1959/456 1294/1955/420 1296/1954/419
f 1299/1971/458 1297/1970/457 1296/1954/419 1298/2045/416
f 1290/2039/454 1289/2038/459 1288/2029/448 1291/2028/447
f 1286/1963/451 1299/1962/458 1298/1940/416 1287/1939/415
f 1288/2029/448 1289/2038/459 1248/2046/460
f 1255/1979/428 1222/2042/452 1287/1939/415
f 1237/1964/2 1286/1963/2 1222/2042/2 1236/2047/2
f 1241/2048/2 1248/2046/2 1289/2038/2 1242/2041/2
f 1248/2046/460 1257/2003/437 1288/2029/448
f 1248/1950/425 1284/1956/425 1257/2031/427
f 1257/2003/437 1264/2002/434 1288/2029/448
f 1291/2043/447 1264/1999/434 1292/2044/455
f 1298/2045/416 1296/1954/419 1260/1953/417
f 1269/2034/450 1268/2033/450 1277/1976/424 1279/1975/424
f 1260/1953/417 1283/1952/418 1262/2001/436
f 1285/1998/433 1294/1955/420 1292/2044/455 1264/1999/434
s 0
f 1300/2049/461 1302/2050/461 1303/2051/461 1301/2052/461
f 1302/2053/462 1304/2054/462 1305/2055/462 1303/2056/462
f 1304/2057/463 1306/2058/463 1307/2059/463 1305/2060/463
f 1306/2061/34 1308/2062/34 1309/2063/34 1307/2064/34
f 1308/2065/464 1310/2066/464 1311/2067/464 1309/2068/464
f 1310/2069/465 1300/2070/465 1301/2071/465 1311/2072/465
f 1310/2073/1 1308/2074/1 1306/2075/1 1304/2076/1
f 1300/2077/1 1310/2073/1 1304/2076/1 1302/2078/1
f 1312/2079/466 1313/2080/466 1315/2081/466 1314/2082/466
f 1314/2083/11 1315/2084/11 1317/2085/11 1316/2086/11
f 1316/2087/467 1317/2088/467 1319/2089/467 1318/2090/467
f 1318/2091/468 1319/2092/468 1321/2093/468 1320/2094/468
f 1320/2095/1 1321/2096/1 1323/2097/1 1322/2098/1
f 1322/2099/469 1323/2100/469 1313/2101/469 1312/2102/469
f 1312/2103/30 1314/2104/30 1316/2105/30 1318/2106/30
f 1322/2107/30 1312/2103/30 1318/2106/30 1320/2108/30
f 1324/2109/470 1325/2110/470 1327/2111/470 1326/2112/470
f 1326/2113/471 1327/2114/471 1329/2115/471 1328/2116/471
f 1328/2117/472 1329/2118/472 1331/2119/472 1330/2120/472
f 1330/2121/177 1331/2122/177 1333/2123/177 1332/2124/177
f 1332/2125/473 1333/2126/473 1335/2127/473 1334/2128/473
f 1334/2129/474 1335/2130/474 1325/2131/474 1324/2132/474
f 1324/2133/30 1326/2134/30 1328/2135/30 1330/2136/30
f 1334/2137/30 1324/2133/30 1330/2136/30 1332/2138/30
f 1336/2139/471 1337/2140/471 1339/2141/471 1338/2142/471
f 1338/2143/472 1339/2144/472 1341/2145/472 1340/2146/472
f 1340/2147/177 1341/2148/177 1343/2149/177 1342/2150/177
f 1342/2151/473 1343/2152/473 1345/2153/473 1344/2154/473
f 1344/2155/474 1345/2156/474 1347/2157/474 1346/2158/474
f 1346/2159/470 1347/2160/470 1337/2161/470 1336/2162/470
f 1336/2163/30 1338/2164/30 1340/2165/30 1342/2166/30
f 1346/2167/30 1336/2163/30 1342/2166/30 1344/2168/30
f 1348/2169/466 1350/2170/466 1351/2171/466 1349/2172/466
f 1350/2173/11 1352/2174/11 1353/2175/11 1351/2176/11
f 1352/2177/467 1354/2178/467 1355/2179/467 1353/2180/467
f 1354/2181/468 1356/2182/468 1357/2183/468 1355/2184/468
f 1356/2185/1 1358/2186/1 1359/2187/1 1357/2188/1
f 1358/2189/469 1348/2190/469 1349/2191/469 1359/2192/469
f 1348/2193/14 1354/2194/14 1352/2195/14 1350/2196/14
f 1358/2197/14 1356/2198/14 1354/2194/14 1348/2193/14
f 1360/2199/470 1362/2200/470 1363/2201/470 1361/2202/470
f 1362/2203/471 1364/2204/471 1365/2205/471 1363/2206/471
f 1364/2207/472 1366/2208/472 1367/2209/472 1365/2210/472
f 1366/2211/177 1368/2212/177 1369/2213/177 1367/2214/177
f 1368/2215/473 1370/2216/473 1371/2217/473 1369/2218/473
f 1370/2219/474 1360/2220/474 1361/2221/474 1371/2222/474
f 1360/2223/14 1366/2224/14 1364/2225/14 1362/2226/14
f 1370/2227/14 1368/2228/14 1366/2224/14 1360/2223/14
f 1372/2229/471 1374/2230/471 1375/2231/471 1373/2232/471
f 1374/2233/472 1376/2234/472 1377/2235/472 1375/2236/472
f 1376/2237/177 1378/2238/177 1379/2239/177 1377/2240/177
f 1378/2241/473 1380/2242/473 1381/2243/473 1379/2244/473
f 1380/2245/474 1382/2246/474 1383/2247/474 1381/2248/474
f 1382/2249/470 1372/2250/470 1373/2251/470 1383/2252/470
f 1372/2253/14 1378/2254/14 1376/2255/14 1374/2256/14
f 1382/2257/14 1380/2258/14 1378/2254/14 1372/2253/14
s 1
f 1399/2259/8 1393/2260/8 1410/2261/475 1406/2262/476
f 1401/2263/477 1386/2264/14 1388/2265/14 1404/2266/478
f 1429/2267/1 1419/2268/1 1392/2269/1 1428/2270/1
f 1396/2271/8 1399/2259/8 1406/2262/476 1400/2272/476
f 1431/2273/11 1404/2274/11 1388/2275/11 1424/2276/11
f 1386/2264/14 1401/2263/477 1407/2277/477 1392/2278/14
f 1386/2264/14 1392/2278/14 1419/2279/479 1412/2280/479
f 1425/2281/2 1397/2282/2 1389/2283/2 1424/2284/2
f 1416/2285/480 1421/2286/480 1398/2287/30 1397/2288/30
f 1384/2289/30 1390/2290/30 1399/2291/30 1396/2292/30
f 1421/2293/1 1423/2294/1 1429/2267/1
f 1430/2295/1 1427/2296/1 1394/2297/1 1409/2298/1
f 1407/2277/477 1409/2299/481 1394/2300/14 1392/2278/14
f 1428/2301/2 1427/2302/2 1395/2303/2 1398/2304/2
f 1418/2305/1 1420/2306/1 1429/2267/1
f 1423/2294/1 1422/2307/1 1429/2267/1
f 1391/2308/30 1385/2309/30 1397/2288/30 1398/2287/30
f 1399/2291/30 1390/2290/30 1393/2310/30
f 1426/2311/11 1413/2312/11 1415/2313/11
f 1401/2263/477 1404/2266/478 1405/2314/17 1402/2315/17
f 1402/2315/17 1405/2314/17 1403/2316/475 1400/2272/476
f 1407/2277/477 1401/2263/477 1402/2315/17 1408/2317/17
f 1408/2317/17 1402/2315/17 1400/2272/476 1406/2262/476
f 1406/2262/476 1410/2261/475 1411/2318/17 1408/2317/17
f 1408/2317/17 1411/2318/17 1409/2299/481 1407/2277/477
f 1396/2271/8 1400/2272/476 1403/2316/475 1387/2319/8
f 1415/2320/482 1422/2321/482 1423/2322/34 1417/2323/34
f 1417/2324/34 1423/2325/34 1421/2286/480 1416/2285/480
f 1412/2280/479 1419/2279/479 1420/2326/6 1414/2327/6
f 1414/2328/6 1420/2329/6 1418/2330/483 1413/2331/483
f 1413/2331/483 1418/2330/483 1422/2321/482 1415/2320/482
f 1425/2332/11 1426/2311/11 1416/2333/11 1397/2334/11
f 1386/2335/11 1412/2336/11 1426/2311/11 1425/2332/11
f 1386/2337/2 1425/2281/2 1424/2284/2 1388/2338/2
f 1420/2306/1 1419/2268/1 1429/2267/1
f 1392/2339/2 1394/2340/2 1427/2302/2 1428/2301/2
f 1421/2293/1 1429/2267/1 1428/2270/1 1398/2341/1
f 1393/2342/1 1395/2343/1 1427/2296/1 1430/2295/1
f 1430/2295/1 1409/2298/1 1411/2344/1
f 1410/2345/1 1393/2342/1 1430/2295/1
f 1410/2345/1 1430/2295/1 1411/2344/1
f 1387/2346/11 1403/2347/11 1431/2273/11
f 1405/2348/11 1404/2274/11 1431/2273/11
f 1389/2349/11 1387/2346/11 1431/2273/11 1424/2276/11
f 1403/2347/11 1405/2348/11 1431/2273/11
f 1414/2350/11 1413/2312/11 1426/2311/11
f 1426/2311/11 1415/2313/11 1417/2351/11
f 1412/2336/11 1414/2350/11 1426/2311/11
f 1416/2333/11 1426/2311/11 1417/2351/11
f 1384/2289/30 1396/2292/30 1387/2352/30
f 1385/2309/30 1384/2289/30 1387/2352/30 1389/2353/30
f 1390/2290/30 1391/2308/30 1395/2354/30 1393/2310/30
f 1422/2307/1 1418/2305/1 1429/2267/1
f 1389/2353/30 1397/2288/30 1385/2309/30
f 1395/2354/30 1391/2308/30 1398/2287/30
f 1432/2355/484 1433/2356/485 1435/2357/486 1434/2358/487
f 1434/2358/487 1435/2357/486 1437/2359/488 1436/2360/489
f 1436/2360/489 1437/2359/488 1439/2361/490 1438/2362/491
f 1438/2362/491 1439/2361/490 1441/2363/492 1440/2364/493
f 1440/2364/493 1441/2363/492 1443/2365/494 1442/2366/495
f 1442/2366/495 1443/2365/494 1445/2367/496 1444/2368/497
f 1448/2369/8 1445/2367/496 1443/2365/494 1441/2363/492
f 1444/2368/497 1445/2367/496 1447/2370/498 1446/2371/499
f 1446/2371/499 1447/2370/498 1433/2356/485 1432/2355/484
f 1437/2359/488 1448/2369/8 1441/2363/492 1439/2361/490
f 1433/2356/485 1447/2370/498 1445/2367/496 1448/2369/8
f 1435/2357/486 1433/2356/485 1448/2369/8 1437/2359/488
f 1449/2372/484 1451/2373/499 1452/2374/500 1450/2375/501
f 1451/2373/499 1453/2376/497 1454/2377/496 1452/2374/500
f 1453/2376/497 1455/2378/495 1456/2379/502 1454/2377/496
f 1455/2378/495 1457/2380/493 1458/2381/503 1456/2379/502
f 1457/2380/493 1459/2382/491 1460/2383/504 1458/2381/503
f 1459/2382/491 1461/2384/489 1462/2385/488 1460/2383/504
f 1465/2386/8 1458/2381/503 1460/2383/504 1462/2385/488
f 1461/2384/489 1463/2387/487 1464/2388/505 1462/2385/488
f 1463/2387/487 1449/2372/484 1450/2375/501 1464/2388/505
f 1454/2377/496 1456/2379/502 1458/2381/503 1465/2386/8
f 1450/2375/501 1465/2386/8 1462/2385/488 1464/2388/505
f 1452/2374/500 1454/2377/496 1465/2386/8 1450/2375/501
f 1466/2389/506 1467/2390/507 1469/2391/508 1468/2392/330
f 1468/2392/330 1469/2391/508 1471/2393/509 1470/2394/332
f 1470/2394/332 1471/2393/509 1473/2395/510 1472/2396/334
f 1472/2396/334 1473/2395/510 1475/2397/511 1474/2398/512
f 1474/2398/512 1475/2397/511 1477/2399/513 1476/2400/344
f 1476/2400/344 1477/2399/513 1479/2401/514 1478/2402/340
f 1482/2403/2 1479/2401/514 1477/2399/513 1475/2397/511
f 1478/2402/340 1479/2401/514 1481/2404/515 1480/2405/342
f 1480/2405/342 1481/2404/515 1467/2390/507 1466/2389/506
f 1471/2393/509 1482/2403/2 1475/2397/511 1473/2395/510
f 1467/2390/507 1481/2404/515 1479/2401/514 1482/2403/2
f 1469/2391/508 1467/2390/507 1482/2403/2 1471/2393/509
f 1483/2406/506 1484/2407/516 1486/2408/508 1485/2409/330
f 1485/2409/330 1486/2408/508 1488/2410/509 1487/2411/332
f 1487/2411/332 1488/2410/509 1490/2412/517 1489/2413/334
f 1489/2413/334 1490/2412/517 1492/2414/518 1491/2415/512
f 1491/2415/512 1492/2414/518 1494/2416/513 1493/2417/338
f 1493/2417/338 1494/2416/513 1496/2418/519 1495/2419/340
f 1499/2420/2 1496/2418/519 1494/2416/513 1492/2414/518
f 1495/2419/340 1496/2418/519 1498/2421/515 1497/2422/342
f 1497/2422/342 1498/2421/515 1484/2407/516 1483/2406/506
f 1488/2410/509 1499/2420/2 1492/2414/518 1490/2412/517
f 1484/2407/516 1498/2421/515 1496/2418/519 1499/2420/2
f 1486/2408/508 1484/2407/516 1499/2420/2 1488/2410/509
f 1500/2423/506 1501/2424/516 1503/2425/508 1502/2426/330
f 1502/2426/330 1503/2425/508 1505/2427/520 1504/2428/332
f 1504/2428/332 1505/2427/520 1507/2429/510 1506/2430/334
f 1506/2430/334 1507/2429/510 1509/2431/518 1508/2432/512
f 1508/2432/512 1509/2431/518 1511/2433/513 1510/2434/338
f 1510/2434/338 1511/2433/513 1513/2435/519 1512/2436/521
f 1516/2437/2 1513/2435/519 1511/2433/513 1509/2431/518
f 1512/2436/521 1513/2435/519 1515/2438/515 1514/2439/343
f 1514/2439/343 1515/2438/515 1501/2424/516 1500/2423/506
f 1505/2427/520 1516/2437/2 1509/2431/518 1507/2429/510
f 1501/2424/516 1515/2438/515 1513/2435/519 1516/2437/2
f 1503/2425/508 1501/2424/516 1516/2437/2 1505/2427/520
f 1517/2440/506 1518/2441/516 1520/2442/508 1519/2443/330
f 1519/2443/330 1520/2442/508 1522/2444/509 1521/2445/332
f 1521/2445/332 1522/2444/509 1524/2446/510 1523/2447/334
f 1523/2447/334 1524/2446/510 1526/2448/518 1525/2449/512
f 1525/2449/512 1526/2448/518 1528/2450/513 1527/2451/344
f 1527/2451/344 1528/2450/513 1530/2452/519 1529/2453/340
f 1533/2454/2 1530/2452/519 1528/2450/513 1526/2448/518
f 1529/2453/340 1530/2452/519 1532/2455/515 1531/2456/343
f 1531/2456/343 1532/2455/515 1518/2441/516 1517/2440/506
f 1522/2444/509 1533/2454/2 1526/2448/518 1524/2446/510
f 1518/2441/516 1532/2455/515 1530/2452/519 1533/2454/2
f 1520/2442/508 1518/2441/516 1533/2454/2 1522/2444/509
f 1534/2457/506 1535/2458/516 1537/2459/508 1536/2460/330
f 1536/2460/330 1537/2459/508 1539/2461/520 1538/2462/332
f 1538/2462/332 1539/2461/520 1541/2463/510 1540/2464/334
f 1540/2464/334 1541/2463/510 1543/2465/518 1542/2466/512
f 1542/2466/512 1543/2465/518 1545/2467/513 1544/2468/344
f 1544/2468/344 1545/2467/513 1547/2469/522 1546/2470/340
f 1550/2471/2 1547/2469/522 1545/2467/513 1543/2465/518
f 1546/2470/340 1547/2469/522 1549/2472/515 1548/2473/343
f 1548/2473/343 1549/2472/515 1535/2458/516 1534/2457/506
f 1539/2461/520 1550/2471/2 1543/2465/518 1541/2463/510
f 1535/2458/516 1549/2472/515 1547/2469/522 1550/2471/2
f 1537/2459/508 1535/2458/516 1550/2471/2 1539/2461/520
f 1551/2474/506 1552/2475/516 1554/2476/508 1553/2477/330
f 1553/2477/330 1554/2476/508 1556/2478/509 1555/2479/332
f 1555/2479/332 1556/2478/509 1558/2480/510 1557/2481/334
f 1557/2481/334 1558/2480/510 1560/2482/523 1559/2483/512
f 1559/2483/512 1560/2482/523 1562/2484/513 1561/2485/344
f 1561/2485/344 1562/2484/513 1564/2486/524 1563/2487/340
f 1567/2488/2 1564/2486/524 1562/2484/513 1560/2482/523
f 1563/2487/340 1564/2486/524 1566/2489/515 1565/2490/343
f 1565/2490/343 1566/2489/515 1552/2475/516 1551/2474/506
f 1556/2478/509 1567/2488/2 1560/2482/523 1558/2480/510
f 1552/2475/516 1566/2489/515 1564/2486/524 1567/2488/2
f 1554/2476/508 1552/2475/516 1567/2488/2 1556/2478/509
f 1568/2491/506 1569/2492/507 1571/2493/508 1570/2494/330
f 1570/2494/330 1571/2493/508 1573/2495/509 1572/2496/332
f 1572/2496/332 1573/2495/509 1575/2497/510 1574/2498/345
f 1574/2498/345 1575/2497/510 1577/2499/511 1576/2500/336
f 1576/2500/336 1577/2499/511 1579/2501/525 1578/2502/338
f 1578/2502/338 1579/2501/525 1581/2503/526 1580/2504/521
f 1584/2505/2 1581/2503/526 1579/2501/525 1577/2499/511
f 1580/2504/521 1581/2503/526 1583/2506/515 1582/2507/343
f 1582/2507/343 1583/2506/515 1569/2492/507 1568/2491/506
f 1573/2495/509 1584/2505/2 1577/2499/511 1575/2497/510
f 1569/2492/507 1583/2506/515 1581/2503/526 1584/2505/2
f 1571/2493/508 1569/2492/507 1584/2505/2 1573/2495/509
f 1585/2508/506 1586/2509/507 1588/2510/508 1587/2511/330
f 1587/2511/330 1588/2510/508 1590/2512/527 1589/2513/332
f 1589/2513/332 1590/2512/527 1592/2514/510 1591/2515/334
f 1591/2515/334 1592/2514/510 1594/2516/528 1593/2517/336
f 1593/2517/336 1594/2516/528 1596/2518/525 1595/2519/338
f 1595/2519/338 1596/2518/525 1598/2520/519 1597/2521/521
f 1601/2522/2 1598/2520/519 1596/2518/525 1594/2516/528
f 1597/2521/521 1598/2520/519 1600/2523/515 1599/2524/343
f 1599/2524/343 1600/2523/515 1586/2509/507 1585/2508/506
f 1590/2512/527 1601/2522/2 1594/2516/528 1592/2514/510
f 1586/2509/507 1600/2523/515 1598/2520/519 1601/2522/2
f 1588/2510/508 1586/2509/507 1601/2522/2 1590/2512/527
f 1602/2525/506 1603/2526/507 1605/2527/508 1604/2528/330
f 1604/2528/330 1605/2527/508 1607/2529/509 1606/2530/332
f 1606/2530/332 1607/2529/509 1609/2531/517 1608/2532/334
f 1608/2532/334 1609/2531/517 1611/2533/518 1610/2534/336
f 1610/2534/336 1611/2533/518 1613/2535/525 1612/2536/338
f 1612/2536/338 1613/2535/525 1615/2537/514 1614/2538/521
f 1618/2539/2 1615/2537/514 1613/2535/525 1611/2533/518
f 1614/2538/521 1615/2537/514 1617/2540/515 1616/2541/343
f 1616/2541/343 1617/2540/515 1603/2526/507 1602/2525/506
f 1607/2529/509 1618/2539/2 1611/2533/518 1609/2531/517
f 1603/2526/507 1617/2540/515 1615/2537/514 1618/2539/2
f 1605/2527/508 1603/2526/507 1618/2539/2 1607/2529/509
f 1619/2542/506 1620/2543/516 1622/2544/508 1621/2545/330
f 1621/2545/330 1622/2544/508 1624/2546/520 1623/2547/332
f 1623/2547/332 1624/2546/520 1626/2548/510 1625/2549/334
f 1625/2549/334 1626/2548/510 1628/2550/518 1627/2551/336
f 1627/2551/336 1628/2550/518 1630/2552/513 1629/2553/338
f 1629/2553/338 1630/2552/513 1632/2554/519 1631/2555/340
f 1635/2556/2 1632/2554/519 1630/2552/513 1628/2550/518
f 1631/2555/340 1632/2554/519 1634/2557/515 1633/2558/343
f 1633/2558/343 1634/2557/515 1620/2543/516 1619/2542/506
f 1624/2546/520 1635/2556/2 1628/2550/518 1626/2548/510
f 1620/2543/516 1634/2557/515 1632/2554/519 1635/2556/2
f 1622/2544/508 1620/2543/516 1635/2556/2 1624/2546/520
f 1636/2559/506 1637/2560/516 1639/2561/508 1638/2562/330
f 1638/2562/330 1639/2561/508 1641/2563/529 1640/2564/332
f 1640/2564/332 1641/2563/529 1643/2565/517 1642/2566/345
f 1642/2566/345 1643/2565/517 1645/2567/518 1644/2568/336
f 1644/2568/336 1645/2567/518 1647/2569/525 1646/2570/338
f 1646/2570/338 1647/2569/525 1649/2571/522 1648/2572/340
f 1652/2573/2 1649/2571/522 1647/2569/525 1645/2567/518
f 1648/2572/340 1649/2571/522 1651/2574/515 1650/2575/343
f 1650/2575/343 1651/2574/515 1637/2560/516 1636/2559/506
f 1641/2563/529 1652/2573/2 1645/2567/518 1643/2565/517
f 1637/2560/516 1651/2574/515 1649/2571/522 1652/2573/2
f 1639/2561/508 1637/2560/516 1652/2573/2 1641/2563/529
f 1653/2576/506 1654/2577/507 1656/2578/508 1655/2579/330
f 1655/2579/330 1656/2578/508 1658/2580/530 1657/2581/332
f 1657/2581/332 1658/2580/530 1660/2582/510 1659/2583/345
f 1659/2583/345 1660/2582/510 1662/2584/518 1661/2585/336
f 1661/2585/336 1662/2584/518 1664/2586/525 1663/2587/338
f 1663/2587/338 1664/2586/525 1666/2588/519 1665/2589/340
f 1669/2590/2 1666/2588/519 1664/2586/525 1662/2584/518
f 1665/2589/340 1666/2588/519 1668/2591/515 1667/2592/343
f 1667/2592/343 1668/2591/515 1654/2577/507 1653/2576/506
f 1658/2580/530 1669/2590/2 1662/2584/518 1660/2582/510
f 1654/2577/507 1668/2591/515 1666/2588/519 1669/2590/2
f 1656/2578/508 1654/2577/507 1669/2590/2 1658/2580/530
f 1670/2593/506 1671/2594/507 1673/2595/508 1672/2596/330
f 1672/2596/330 1673/2595/508 1675/2597/530 1674/2598/332
f 1674/2598/332 1675/2597/530 1677/2599/510 1676/2600/334
f 1676/2600/334 1677/2599/510 1679/2601/511 1678/2602/336
f 1678/2602/336 1679/2601/511 1681/2603/525 1680/2604/338
f 1680/2604/338 1681/2603/525 1683/2605/514 1682/2606/521
f 1686/2607/2 1683/2605/514 1681/2603/525 1679/2601/511
f 1682/2606/521 1683/2605/514 1685/2608/515 1684/2609/342
f 1684/2609/342 1685/2608/515 1671/2594/507 1670/2593/506
f 1675/2597/530 1686/2607/2 1679/2601/511 1677/2599/510
f 1671/2594/507 1685/2608/515 1683/2605/514 1686/2607/2
f 1673/2595/508 1671/2594/507 1686/2607/2 1675/2597/530
f 1687/2610/506 1688/2611/507 1690/2612/508 1689/2613/330
f 1689/2613/330 1690/2612/508 1692/2614/530 1691/2615/531
f 1691/2615/531 1692/2614/530 1694/2616/510 1693/2617/345
f 1693/2617/345 1694/2616/510 1696/2618/518 1695/2619/336
f 1695/2619/336 1696/2618/518 1698/2620/513 1697/2621/338
f 1697/2621/338 1698/2620/513 1700/2622/514 1699/2623/521
f 1703/2624/2 1700/2622/514 1698/2620/513 1696/2618/518
f 1699/2623/521 1700/2622/514 1702/2625/515 1701/2626/343
f 1701/2626/343 1702/2625/515 1688/2611/507 1687/2610/506
f 1692/2614/530 1703/2624/2 1696/2618/518 1694/2616/510
f 1688/2611/507 1702/2625/515 1700/2622/514 1703/2624/2
f 1690/2612/508 1688/2611/507 1703/2624/2 1692/2614/530
f 1704/2627/327 1705/2628/516 1707/2629/532 1706/2630/330
f 1706/2630/330 1707/2629/532 1709/2631/509 1708/2632/332
f 1708/2632/332 1709/2631/509 1711/2633/510 1710/2634/334
f 1710/2634/334 1711/2633/510 1713/2635/533 1712/2636/512
f 1712/2636/512 1713/2635/533 1715/2637/513 1714/2638/344
f 1714/2638/344 1715/2637/513 1717/2639/519 1716/2640/340
f 1720/2641/2 1717/2639/519 1715/2637/513 1713/2635/533
f 1716/2640/340 1717/2639/519 1719/2642/515 1718/2643/343
f 1718/2643/343 1719/2642/515 1705/2628/516 1704/2627/327
f 1709/2631/509 1720/2641/2 1713/2635/533 1711/2633/510
f 1705/2628/516 1719/2642/515 1717/2639/519 1720/2641/2
f 1707/2629/532 1705/2628/516 1720/2641/2 1709/2631/509
f 1721/2644/506 1722/2645/516 1724/2646/508 1723/2647/330
f 1723/2647/330 1724/2646/508 1726/2648/509 1725/2649/332
f 1725/2649/332 1726/2648/509 1728/2650/510 1727/2651/334
f 1727/2651/334 1728/2650/510 1730/2652/518 1729/2653/336
f 1729/2653/336 1730/2652/518 1732/2654/513 1731/2655/344
f 1731/2655/344 1732/2654/513 1734/2656/519 1733/2657/340
f 1737/2658/2 1734/2656/519 1732/2654/513 1730/2652/518
f 1733/2657/340 1734/2656/519 1736/2659/515 1735/2660/343
f 1735/2660/343 1736/2659/515 1722/2645/516 1721/2644/506
f 1726/2648/509 1737/2658/2 1730/2652/518 1728/2650/510
f 1722/2645/516 1736/2659/515 1734/2656/519 1737/2658/2
f 1724/2646/508 1722/2645/516 1737/2658/2 1726/2648/509
f 1738/2661/506 1739/2662/534 1741/2663/508 1740/2664/330
f 1740/2664/330 1741/2663/508 1743/2665/509 1742/2666/531
f 1742/2666/531 1743/2665/509 1745/2667/510 1744/2668/334
f 1744/2668/334 1745/2667/510 1747/2669/535 1746/2670/512
f 1746/2670/512 1747/2669/535 1749/2671/513 1748/2672/344
f 1748/2672/344 1749/2671/513 1751/2673/514 1750/2674/340
f 1754/2675/2 1751/2673/514 1749/2671/513 1747/2669/535
f 1750/2674/340 1751/2673/514 1753/2676/515 1752/2677/343
f 1752/2677/343 1753/2676/515 1739/2662/534 1738/2661/506
f 1743/2665/509 1754/2675/2 1747/2669/535 1745/2667/510
f 1739/2662/534 1753/2676/515 1751/2673/514 1754/2675/2
f 1741/2663/508 1739/2662/534 1754/2675/2 1743/2665/509
f 1755/2678/506 1756/2679/516 1758/2680/532 1757/2681/330
f 1757/2681/330 1758/2680/532 1760/2682/509 1759/2683/531
f 1759/2683/531 1760/2682/509 1762/2684/510 1761/2685/334
f 1761/2685/334 1762/2684/510 1764/2686/536 1763/2687/512
f 1763/2687/512 1764/2686/536 1766/2688/513 1765/2689/344
f 1765/2689/344 1766/2688/513 1768/2690/519 1767/2691/340
f 1771/2692/2 1768/2690/519 1766/2688/513 1764/2686/536
f 1767/2691/340 1768/2690/519 1770/2693/537 1769/2694/343
f 1769/2694/343 1770/2693/537 1756/2679/516 1755/2678/506
f 1760/2682/509 1771/2692/2 1764/2686/536 1762/2684/510
f 1756/2679/516 1770/2693/537 1768/2690/519 1771/2692/2
f 1758/2680/532 1756/2679/516 1771/2692/2 1760/2682/509
f 1772/2695/506 1773/2696/534 1775/2697/532 1774/2698/330
f 1774/2698/330 1775/2697/532 1777/2699/509 1776/2700/531
f 1776/2700/531 1777/2699/509 1779/2701/510 1778/2702/334
f 1778/2702/334 1779/2701/510 1781/2703/518 1780/2704/512
f 1780/2704/512 1781/2703/518 1783/2705/525 1782/2706/344
f 1782/2706/344 1783/2705/525 1785/2707/519 1784/2708/340
f 1788/2709/2 1785/2707/519 1783/2705/525 1781/2703/518
f 1784/2708/340 1785/2707/519 1787/2710/515 1786/2711/343
f 1786/2711/343 1787/2710/515 1773/2696/534 1772/2695/506
f 1777/2699/509 1788/2709/2 1781/2703/518 1779/2701/510
f 1773/2696/534 1787/2710/515 1785/2707/519 1788/2709/2
f 1775/2697/532 1773/2696/534 1788/2709/2 1777/2699/509
f 1789/2712/506 1790/2713/516 1792/2714/508 1791/2715/330
f 1791/2715/330 1792/2714/508 1794/2716/509 1793/2717/531
f 1793/2717/531 1794/2716/509 1796/2718/510 1795/2719/334
f 1795/2719/334 1796/2718/510 1798/2720/536 1797/2721/512
f 1797/2721/512 1798/2720/536 1800/2722/513 1799/2723/344
f 1799/2723/344 1800/2722/513 1802/2724/519 1801/2725/340
f 1805/2726/2 1802/2724/519 1800/2722/513 1798/2720/536
f 1801/2725/340 1802/2724/519 1804/2727/515 1803/2728/343
f 1803/2728/343 1804/2727/515 1790/2713/516 1789/2712/506
f 1794/2716/509 1805/2726/2 1798/2720/536 1796/2718/510
f 1790/2713/516 1804/2727/515 1802/2724/519 1805/2726/2
f 1792/2714/508 1790/2713/516 1805/2726/2 1794/2716/509
f 1806/2729/327 1807/2730/516 1809/2731/532 1808/2732/346
f 1808/2732/346 1809/2731/532 1811/2733/509 1810/2734/531
f 1810/2734/531 1811/2733/509 1813/2735/517 1812/2736/345
f 1812/2736/345 1813/2735/517 1815/2737/528 1814/2738/336
f 1814/2738/336 1815/2737/528 1817/2739/525 1816/2740/338
f 1816/2740/338 1817/2739/525 1819/2741/519 1818/2742/521
f 1822/2743/2 1819/2741/519 1817/2739/525 1815/2737/528
f 1818/2742/521 1819/2741/519 1821/2744/537 1820/2745/342
f 1820/2745/342 1821/2744/537 1807/2730/516 1806/2729/327
f 1811/2733/509 1822/2743/2 1815/2737/528 1813/2735/517
f 1807/2730/516 1821/2744/537 1819/2741/519 1822/2743/2
f 1809/2731/532 1807/2730/516 1822/2743/2 1811/2733/509
f 1823/2746/506 1862/2747/516 1824/2748/508 1863/2749/330
f 1863/2749/330 1824/2748/508 1865/2750/509 1864/2751/332
f 1864/2751/332 1865/2750/509 1866/2752/517 1825/2753/345
f 1825/2753/345 1866/2752/517 1868/2754/518 1867/2755/336
f 1867/2755/336 1868/2754/518 1826/2756/525 1869/2757/338
f 1869/2757/338 1826/2756/525 1871/2758/514 1870/2759/521
f 1874/2760/2 1871/2758/514 1826/2756/525 1868/2754/518
f 1872/2761/343 1873/2762/515 1862/2747/516 1823/2746/506
f 1824/2748/508 1862/2747/516 1874/2760/2 1865/2750/509
f 1883/2763/512 1884/2764/518 1827/2765/513 1885/2766/344
f 1885/2766/344 1827/2765/513 1887/2767/514 1886/2768/340
f 1890/2769/2 1887/2767/514 1827/2765/513 1884/2764/518
f 1828/2770/506 1845/2771/343 1829/2772/515 1844/2773/538
f 1845/2771/343 1846/2774/340 1830/2775/519 1829/2772/515
f 1846/2774/340 1847/2776/338 1831/2777/513 1830/2775/519
f 1847/2776/338 1848/2778/336 1832/2779/518 1831/2777/513
f 1848/2778/336 1849/2780/345 1850/2781/517 1832/2779/518
f 1849/2780/345 1833/2782/531 1851/2783/509 1850/2781/517
f 1853/2784/2 1832/2779/518 1850/2781/517 1851/2783/509
f 1833/2782/531 1852/2785/330 1834/2786/508 1851/2783/509
f 1852/2785/330 1828/2770/506 1844/2773/538 1834/2786/508
f 1830/2775/519 1831/2777/513 1832/2779/518 1853/2784/2
f 1844/2773/538 1853/2784/2 1851/2783/509 1834/2786/508
f 1829/2772/515 1830/2775/519 1853/2784/2 1844/2773/538
f 1854/2787/506 1855/2788/343 1856/2789/515 1835/2790/516
f 1857/2791/340 1836/2792/344 1837/2793/513 1858/2794/514
f 1836/2792/344 1838/2795/512 1839/2796/528 1837/2793/513
f 1838/2795/512 1840/2797/334 1841/2798/510 1839/2796/528
f 1840/2797/334 1842/2799/332 1859/2800/530 1841/2798/510
f 1843/2801/2 1839/2796/528 1841/2798/510 1859/2800/530
f 1842/2799/332 1860/2802/330 1861/2803/508 1859/2800/530
f 1860/2802/330 1854/2787/506 1835/2790/516 1861/2803/508
f 1858/2794/514 1837/2793/513 1839/2796/528 1843/2801/2
f 1835/2790/516 1843/2801/2 1859/2800/530 1861/2803/508
f 1856/2789/515 1858/2794/514 1843/2801/2 1835/2790/516
f 1855/2804/343 1857/2805/340 1858/2806/514 1856/2807/515
f 1870/2808/521 1871/2809/514 1873/2810/515 1872/2811/343
f 1865/2812/509 1874/2813/2 1868/2814/518 1866/2815/517
f 1862/2816/516 1873/2810/515 1871/2809/514 1874/2813/2
f 1875/2817/506 1876/2818/516 1878/2819/508 1877/2820/330
f 1877/2820/330 1878/2819/508 1880/2821/509 1879/2822/332
f 1879/2822/332 1880/2821/509 1882/2823/510 1881/2824/334
f 1881/2824/334 1882/2823/510 1884/2825/518 1883/2826/512
f 1886/2827/340 1887/2828/514 1889/2829/515 1888/2830/343
f 1888/2830/343 1889/2829/515 1876/2818/516 1875/2817/506
f 1880/2821/509 1890/2831/2 1884/2825/518 1882/2823/510
f 1876/2818/516 1889/2829/515 1887/2828/514 1890/2831/2
f 1878/2819/508 1876/2818/516 1890/2831/2 1880/2821/509
f 1943/2832/484 1891/2833/539 1892/2834/498 1944/2835/540
f 1891/2833/539 1945/2836/541 1893/2837/542 1892/2834/498
f 1945/2836/541 1894/2838/495 1946/2839/502 1893/2837/542
f 1894/2838/495 1947/2840/543 1895/2841/503 1946/2839/502
f 1947/2840/543 1896/2842/544 1897/2843/504 1895/2841/503
f 1896/2842/544 1898/2844/545 1948/2845/546 1897/2843/504
f 1900/2846/8 1895/2841/503 1897/2843/504 1948/2845/546
f 1898/2844/545 1949/2847/547 1899/2848/486 1948/2845/546
f 1949/2847/547 1943/2832/484 1944/2835/540 1899/2848/486
f 1893/2837/542 1946/2839/502 1895/2841/503 1900/2846/8
f 1944/2835/540 1900/2846/8 1948/2845/546 1899/2848/486
f 1892/2834/498 1893/2837/542 1900/2846/8 1944/2835/540
f 1950/2849/548 1951/2850/499 1902/2851/498 1901/2852/501
f 1951/2850/499 1903/2853/541 1904/2854/496 1902/2851/498
f 1903/2853/541 1952/2855/549 1905/2856/502 1904/2854/496
f 1952/2855/549 1953/2857/493 1954/2858/550 1905/2856/502
f 1953/2857/493 1955/2859/544 1906/2860/490 1954/2858/550
f 1955/2859/544 1907/2861/545 1956/2862/546 1906/2860/490
f 1908/2863/8 1954/2858/550 1906/2860/490 1956/2862/546
f 1907/2861/545 1957/2864/487 1958/2865/486 1956/2862/546
f 1957/2864/487 1950/2849/548 1901/2852/501 1958/2865/486
f 1904/2854/496 1905/2856/502 1954/2858/550 1908/2863/8
f 1901/2852/501 1908/2863/8 1956/2862/546 1958/2865/486
f 1902/2851/498 1904/2854/496 1908/2863/8 1901/2852/501
f 1928/2866/484 1909/2867/485 1930/2868/486 1929/2869/547
f 1929/2869/547 1930/2868/486 1911/2870/551 1910/2871/545
f 1910/2871/545 1911/2870/551 1912/2872/490 1931/2873/544
f 1931/2873/544 1912/2872/490 1913/2874/503 1932/2875/543
f 1932/2875/543 1913/2874/503 1915/2876/494 1914/2877/495
f 1914/2877/495 1915/2876/494 1916/2878/552 1933/2879/497
f 1918/2880/8 1916/2878/552 1915/2876/494 1913/2874/503
f 1933/2879/497 1916/2878/552 1917/2881/498 1934/2882/499
f 1934/2882/499 1917/2881/498 1909/2867/485 1928/2866/484
f 1911/2870/551 1918/2880/8 1913/2874/503 1912/2872/490
f 1909/2867/485 1917/2881/498 1916/2878/552 1918/2880/8
f 1930/2868/486 1909/2867/485 1918/2880/8 1911/2870/551
f 1935/2883/484 1919/2884/485 1920/2885/486 1936/2886/547
f 1936/2886/547 1920/2885/486 1922/2887/546 1921/2888/545
f 1921/2888/545 1922/2887/546 1937/2889/490 1923/2890/544
f 1923/2890/544 1937/2889/490 1938/2891/553 1924/2892/493
f 1924/2892/493 1938/2891/553 1926/2893/494 1925/2894/495
f 1925/2894/495 1926/2893/494 1940/2895/554 1939/2896/497
f 1927/2897/8 1940/2895/554 1926/2893/494 1938/2891/553
f 1941/2898/499 1942/2899/500 1919/2884/485 1935/2883/484
f 1922/2887/546 1927/2897/8 1938/2891/553 1937/2889/490
f 1919/2884/485 1942/2899/500 1940/2895/554 1927/2897/8
f 1920/2885/486 1919/2884/485 1927/2897/8 1922/2887/546
f 1939/2900/497 1940/2901/554 1942/2902/500 1941/2903/499
f 1959/2904/555 1960/2905/556 1962/2906/557 1961/2907/558
f 1961/2907/558 1962/2906/557 1964/2908/559 1963/2909/560
f 1963/2909/560 1964/2908/559 1966/2910/561 1965/2911/562
f 1965/2911/562 1966/2910/561 1968/2912/563 1967/2913/564
f 1967/2913/564 1968/2912/563 1970/2914/565 1969/2915/566
f 1969/2915/566 1970/2914/565 1972/2916/567 1971/2917/568
f 1975/2918/30 1972/2916/567 1970/2914/565 1968/2912/563
f 1971/2917/568 1972/2916/567 1974/2919/569 1973/2920/570
f 1973/2920/570 1974/2919/569 1960/2905/556 1959/2904/555
f 1964/2908/559 1975/2918/30 1968/2912/563 1966/2910/561
f 1960/2905/556 1974/2919/569 1972/2916/567 1975/2918/30
f 1962/2906/557 1960/2905/556 1975/2918/30 1964/2908/559
f 1976/2921/555 1977/2922/556 1979/2923/557 1978/2924/558
f 1978/2924/558 1979/2923/557 1981/2925/559 1980/2926/560
f 1980/2926/560 1981/2925/559 1983/2927/561 1982/2928/562
f 1982/2928/562 1983/2927/561 1985/2929/571 1984/2930/564
f 1984/2930/564 1985/2929/571 1987/2931/565 1986/2932/566
f 1986/2932/566 1987/2931/565 1989/2933/567 1988/2934/568
f 1992/2935/30 1989/2933/567 1987/2931/565 1985/2929/571
f 1988/2934/568 1989/2933/567 1991/2936/569 1990/2937/572
f 1990/2937/572 1991/2936/569 1977/2922/556 1976/2921/555
f 1981/2925/559 1992/2935/30 1985/2929/571 1983/2927/561
f 1977/2922/556 1991/2936/569 1989/2933/567 1992/2935/30
f 1979/2923/557 1977/2922/556 1992/2935/30 1981/2925/559
f 1993/2938/555 1994/2939/556 1996/2940/557 1995/2941/573
f 1995/2941/573 1996/2940/557 1998/2942/574 1997/2943/560
f 1997/2943/560 1998/2942/574 2000/2944/575 1999/2945/576
f 1999/2945/576 2000/2944/575 2002/2946/577 2001/2947/578
f 2001/2947/578 2002/2946/577 2004/2948/579 2003/2949/580
f 2003/2949/580 2004/2948/579 2006/2950/581 2005/2951/568
f 2009/2952/30 2006/2950/581 2004/2948/579 2002/2946/577
f 2005/2951/568 2006/2950/581 2008/2953/569 2007/2954/572
f 2007/2954/572 2008/2953/569 1994/2939/556 1993/2938/555
f 1998/2942/574 2009/2952/30 2002/2946/577 2000/2944/575
f 1994/2939/556 2008/2953/569 2006/2950/581 2009/2952/30
f 1996/2940/557 1994/2939/556 2009/2952/30 1998/2942/574
f 2010/2955/582 2011/2956/556 2013/2957/583 2012/2958/573
f 2012/2958/573 2013/2957/583 2015/2959/584 2014/2960/585
f 2014/2960/585 2015/2959/584 2017/2961/561 2016/2962/562
f 2016/2962/562 2017/2961/561 2019/2963/577 2018/2964/564
f 2018/2964/564 2019/2963/577 2021/2965/565 2020/2966/566
f 2020/2966/566 2021/2965/565 2023/2967/581 2022/2968/586
f 2026/2969/30 2023/2967/581 2021/2965/565 2019/2963/577
f 2022/2968/586 2023/2967/581 2025/2970/587 2024/2971/570
f 2024/2971/570 2025/2970/587 2011/2956/556 2010/2955/582
f 2015/2959/584 2026/2969/30 2019/2963/577 2017/2961/561
f 2011/2956/556 2025/2970/587 2023/2967/581 2026/2969/30
f 2013/2957/583 2011/2956/556 2026/2969/30 2015/2959/584
f 2027/2972/555 2028/2973/556 2030/2974/557 2029/2975/558
f 2029/2975/558 2030/2974/557 2032/2976/559 2031/2977/560
f 2031/2977/560 2032/2976/559 2034/2978/561 2033/2979/562
f 2033/2979/562 2034/2978/561 2036/2980/588 2035/2981/564
f 2035/2981/564 2036/2980/588 2038/2982/565 2037/2983/566
f 2037/2983/566 2038/2982/565 2040/2984/567 2039/2985/568
f 2043/2986/30 2040/2984/567 2038/2982/565 2036/2980/588
f 2039/2985/568 2040/2984/567 2042/2987/569 2041/2988/570
f 2041/2988/570 2042/2987/569 2028/2973/556 2027/2972/555
f 2032/2976/559 2043/2986/30 2036/2980/588 2034/2978/561
f 2028/2973/556 2042/2987/569 2040/2984/567 2043/2986/30
f 2030/2974/557 2028/2973/556 2043/2986/30 2032/2976/559
f 2044/2989/555 2045/2990/556 2047/2991/557 2046/2992/558
f 2046/2992/558 2047/2991/557 2049/2993/559 2048/2994/560
f 2048/2994/560 2049/2993/559 2051/2995/561 2050/2996/576
f 2050/2996/576 2051/2995/561 2053/2997/571 2052/2998/564
f 2052/2998/564 2053/2997/571 2055/2999/579 2054/3000/580
f 2054/3000/580 2055/2999/579 2057/3001/567 2056/3002/568
f 2060/3003/30 2057/3001/567 2055/2999/579 2053/2997/571
f 2056/3002/568 2057/3001/567 2059/3004/569 2058/3005/572
f 2058/3005/572 2059/3004/569 2045/2990/556 2044/2989/555
f 2049/2993/559 2060/3003/30 2053/2997/571 2051/2995/561
f 2045/2990/556 2059/3004/569 2057/3001/567 2060/3003/30
f 2047/2991/557 2045/2990/556 2060/3003/30 2049/2993/559
f 2061/3006/555 2062/3007/556 2064/3008/557 2063/3009/573
f 2063/3009/573 2064/3008/557 2066/3010/589 2065/3011/560
f 2065/3011/560 2066/3010/589 2068/3012/575 2067/3013/576
f 2067/3013/576 2068/3012/575 2070/3014/590 2069/3015/578
f 2069/3015/578 2070/3014/590 2072/3016/579 2071/3017/580
f 2071/3017/580 2072/3016/579 2074/3018/581 2073/3019/568
f 2077/3020/30 2074/3018/581 2072/3016/579 2070/3014/590
f 2073/3019/568 2074/3018/581 2076/3021/569 2075/3022/572
f 2075/3022/572 2076/3021/569 2062/3007/556 2061/3006/555
f 2066/3010/589 2077/3020/30 2070/3014/590 2068/3012/575
f 2062/3007/556 2076/3021/569 2074/3018/581 2077/3020/30
f 2064/3008/557 2062/3007/556 2077/3020/30 2066/3010/589
f 2078/3023/582 2079/3024/591 2081/3025/583 2080/3026/573
f 2080/3026/573 2081/3025/583 2083/3027/592 2082/3028/585
f 2082/3028/585 2083/3027/592 2085/3029/561 2084/3030/562
f 2084/3030/562 2085/3029/561 2087/3031/577 2086/3032/564
f 2086/3032/564 2087/3031/577 2089/3033/565 2088/3034/566
f 2088/3034/566 2089/3033/565 2091/3035/567 2090/3036/586
f 2094/3037/30 2091/3035/567 2089/3033/565 2087/3031/577
f 2090/3036/586 2091/3035/567 2093/3038/587 2092/3039/570
f 2092/3039/570 2093/3038/587 2079/3024/591 2078/3023/582
f 2083/3027/592 2094/3037/30 2087/3031/577 2085/3029/561
f 2079/3024/591 2093/3038/587 2091/3035/567 2094/3037/30
f 2081/3025/583 2079/3024/591 2094/3037/30 2083/3027/592
f 2095/3040/593 2097/3041/594 2098/3042/595 2096/3043/596
f 2097/3041/594 2099/3044/597 2100/3045/598 2098/3042/595
f 2099/3044/597 2101/3046/599 2102/3047/600 2100/3045/598
f 2101/3046/599 2103/3048/601 2104/3049/602 2102/3047/600
f 2103/3048/601 2105/3050/603 2106/3051/604 2104/3049/602
f 2105/3050/603 2107/3052/605 2108/3053/606 2106/3051/604
f 2111/3054/14 2104/3049/602 2106/3051/604 2108/3053/606
f 2107/3052/605 2109/3055/607 2110/3056/608 2108/3053/606
f 2109/3055/607 2095/3040/593 2096/3043/596 2110/3056/608
f 2100/3045/598 2102/3047/600 2104/3049/602 2111/3054/14
f 2096/3043/596 2111/3054/14 2108/3053/606 2110/3056/608
f 2098/3042/595 2100/3045/598 2111/3054/14 2096/3043/596
f 2112/3057/609 2114/3058/594 2115/3059/610 2113/3060/596
f 2114/3058/594 2116/3061/597 2117/3062/611 2115/3059/610
f 2116/3061/597 2118/3063/599 2119/3064/600 2117/3062/611
f 2118/3063/599 2120/3065/601 2121/3066/602 2119/3064/600
f 2120/3065/601 2122/3067/603 2123/3068/604 2121/3066/602
f 2122/3067/603 2124/3069/605 2125/3070/612 2123/3068/604
f 2128/3071/14 2121/3066/602 2123/3068/604 2125/3070/612
f 2124/3069/605 2126/3072/607 2127/3073/613 2125/3070/612
f 2126/3072/607 2112/3057/609 2113/3060/596 2127/3073/613
f 2117/3062/611 2119/3064/600 2121/3066/602 2128/3071/14
f 2113/3060/596 2128/3071/14 2125/3070/612 2127/3073/613
f 2115/3059/610 2117/3062/611 2128/3071/14 2113/3060/596
f 2129/3074/593 2131/3075/614 2132/3076/610 2130/3077/596
f 2131/3075/614 2133/3078/597 2134/3079/598 2132/3076/610
f 2133/3078/597 2135/3080/599 2136/3081/600 2134/3079/598
f 2135/3080/599 2137/3082/601 2138/3083/602 2136/3081/600
f 2137/3082/601 2139/3084/603 2140/3085/604 2138/3083/602
f 2139/3084/603 2141/3086/605 2142/3087/606 2140/3085/604
f 2145/3088/14 2138/3083/602 2140/3085/604 2142/3087/606
f 2141/3086/605 2143/3089/615 2144/3090/613 2142/3087/606
f 2143/3089/615 2129/3074/593 2130/3077/596 2144/3090/613
f 2134/3079/598 2136/3081/600 2138/3083/602 2145/3088/14
f 2130/3077/596 2145/3088/14 2142/3087/606 2144/3090/613
f 2132/3076/610 2134/3079/598 2145/3088/14 2130/3077/596
f 2146/3091/593 2148/3092/614 2149/3093/610 2147/3094/596
f 2148/3092/614 2150/3095/616 2151/3096/617 2149/3093/610
f 2150/3095/616 2152/3097/599 2153/3098/600 2151/3096/617
f 2152/3097/599 2154/3099/601 2155/3100/602 2153/3098/600
f 2154/3099/601 2156/3101/603 2157/3102/604 2155/3100/602
f 2156/3101/603 2158/3103/618 2159/3104/619 2157/3102/604
f 2162/3105/14 2155/3100/602 2157/3102/604 2159/3104/619
f 2158/3103/618 2160/3106/615 2161/3107/613 2159/3104/619
f 2160/3106/615 2146/3091/593 2147/3094/596 2161/3107/613
f 2151/3096/617 2153/3098/600 2155/3100/602 2162/3105/14
f 2147/3094/596 2162/3105/14 2159/3104/619 2161/3107/613
f 2149/3093/610 2151/3096/617 2162/3105/14 2147/3094/596
f 2163/3108/593 2165/3109/614 2166/3110/610 2164/3111/620
f 2165/3109/614 2167/3112/616 2168/3113/611 2166/3110/610
f 2167/3112/616 2169/3114/599 2170/3115/600 2168/3113/611
f 2169/3114/599 2171/3116/601 2172/3117/621 2170/3115/600
f 2171/3116/601 2173/3118/622 2174/3119/623 2172/3117/621
f 2173/3118/622 2175/3120/605 2176/3121/612 2174/3119/623
f 2179/3122/14 2172/3117/621 2174/3119/623 2176/3121/612
f 2175/3120/605 2177/3123/607 2178/3124/608 2176/3121/612
f 2177/3123/607 2163/3108/593 2164/3111/620 2178/3124/608
f 2168/3113/611 2170/3115/600 2172/3117/621 2179/3122/14
f 2164/3111/620 2179/3122/14 2176/3121/612 2178/3124/608
f 2166/3110/610 2168/3113/611 2179/3122/14 2164/3111/620
f 2180/3125/593 2182/3126/594 2183/3127/595 2181/3128/620
f 2182/3126/594 2184/3129/597 2185/3130/611 2183/3127/595
f 2184/3129/597 2186/3131/599 2187/3132/600 2185/3130/611
f 2186/3131/599 2188/3133/601 2189/3134/602 2187/3132/600
f 2188/3133/601 2190/3135/603 2191/3136/604 2189/3134/602
f 2190/3135/603 2192/3137/605 2193/3138/612 2191/3136/604
f 2196/3139/14 2189/3134/602 2191/3136/604 2193/3138/612
f 2192/3137/605 2194/3140/607 2195/3141/613 2193/3138/612
f 2194/3140/607 2180/3125/593 2181/3128/620 2195/3141/613
f 2185/3130/611 2187/3132/600 2189/3134/602 2196/3139/14
f 2181/3128/620 2196/3139/14 2193/3138/612 2195/3141/613
f 2183/3127/595 2185/3130/611 2196/3139/14 2181/3128/620
f 2197/3142/593 2199/3143/614 2200/3144/610 2198/3145/620
f 2199/3143/614 2201/3146/597 2202/3147/611 2200/3144/610
f 2201/3146/597 2203/3148/599 2204/3149/600 2202/3147/611
f 2203/3148/599 2205/3150/601 2206/3151/624 2204/3149/600
f 2205/3150/601 2207/3152/603 2208/3153/604 2206/3151/624
f 2207/3152/603 2209/3154/605 2210/3155/612 2208/3153/604
f 2213/3156/14 2206/3151/624 2208/3153/604 2210/3155/612
f 2209/3154/605 2211/3157/615 2212/3158/613 2210/3155/612
f 2211/3157/615 2197/3142/593 2198/3145/620 2212/3158/613
f 2202/3147/611 2204/3149/600 2206/3151/624 2213/3156/14
f 2198/3145/620 2213/3156/14 2210/3155/612 2212/3158/613
f 2200/3144/610 2202/3147/611 2213/3156/14 2198/3145/620
f 2214/3159/593 2216/3160/614 2217/3161/610 2215/3162/596
f 2216/3160/614 2218/3163/616 2219/3164/598 2217/3161/610
f 2218/3163/616 2220/3165/599 2221/3166/600 2219/3164/598
f 2220/3165/599 2222/3167/601 2223/3168/602 2221/3166/600
f 2222/3167/601 2224/3169/603 2225/3170/604 2223/3168/602
f 2224/3169/603 2226/3171/618 2227/3172/606 2225/3170/604
f 2230/3173/14 2223/3168/602 2225/3170/604 2227/3172/606
f 2226/3171/618 2228/3174/615 2229/3175/613 2227/3172/606
f 2228/3174/615 2214/3159/593 2215/3162/596 2229/3175/613
f 2219/3164/598 2221/3166/600 2223/3168/602 2230/3173/14
f 2215/3162/596 2230/3173/14 2227/3172/606 2229/3175/613
f 2217/3161/610 2219/3164/598 2230/3173/14 2215/3162/596
f 2231/3176/484 2232/3177/485 2234/3178/486 2233/3179/487
f 2233/3179/487 2234/3178/486 2236/3180/488 2235/3181/489
f 2235/3181/489 2236/3180/488 2238/3182/490 2237/3183/491
f 2237/3183/491 2238/3182/490 2240/3184/625 2239/3185/543
f 2239/3185/543 2240/3184/625 2242/3186/494 2241/3187/495
f 2241/3187/495 2242/3186/494 2244/3188/496 2243/3189/497
f 2247/3190/8 2244/3188/496 2242/3186/494 2240/3184/625
f 2243/3189/497 2244/3188/496 2246/3191/498 2245/3192/499
f 2245/3192/499 2246/3191/498 2232/3177/485 2231/3176/484
f 2236/3180/488 2247/3190/8 2240/3184/625 2238/3182/490
f 2232/3177/485 2246/3191/498 2244/3188/496 2247/3190/8
f 2234/3178/486 2232/3177/485 2247/3190/8 2236/3180/488
f 2248/3193/484 2249/3194/485 2251/3195/486 2250/3196/487
f 2250/3196/487 2251/3195/486 2253/3197/488 2252/3198/489
f 2252/3198/489 2253/3197/488 2255/3199/490 2254/3200/491
f 2254/3200/491 2255/3199/490 2257/3201/553 2256/3202/543
f 2256/3202/543 2257/3201/553 2259/3203/494 2258/3204/495
f 2258/3204/495 2259/3203/494 2261/3205/496 2260/3206/497
f 2264/3207/8 2261/3205/496 2259/3203/494 2257/3201/553
f 2260/3206/497 2261/3205/496 2263/3208/498 2262/3209/499
f 2262/3209/499 2263/3208/498 2249/3194/485 2248/3193/484
f 2253/3197/488 2264/3207/8 2257/3201/553 2255/3199/490
f 2249/3194/485 2263/3208/498 2261/3205/496 2264/3207/8
f 2251/3195/486 2249/3194/485 2264/3207/8 2253/3197/488
f 2265/3210/484 2266/3211/485 2268/3212/486 2267/3213/547
f 2267/3213/547 2268/3212/486 2270/3214/488 2269/3215/489
f 2269/3215/489 2270/3214/488 2272/3216/504 2271/3217/491
f 2271/3217/491 2272/3216/504 2274/3218/553 2273/3219/543
f 2273/3219/543 2274/3218/553 2276/3220/494 2275/3221/495
f 2275/3221/495 2276/3220/494 2278/3222/496 2277/3223/497
f 2281/3224/8 2278/3222/496 2276/3220/494 2274/3218/553
f 2277/3223/497 2278/3222/496 2280/3225/498 2279/3226/499
f 2279/3226/499 2280/3225/498 2266/3211/485 2265/3210/484
f 2270/3214/488 2281/3224/8 2274/3218/553 2272/3216/504
f 2266/3211/485 2280/3225/498 2278/3222/496 2281/3224/8
f 2268/3212/486 2266/3211/485 2281/3224/8 2270/3214/488
f 2282/3227/548 2283/3228/501 2285/3229/505 2284/3230/487
f 2284/3230/487 2285/3229/505 2287/3231/488 2286/3232/489
f 2286/3232/489 2287/3231/488 2289/3233/490 2288/3234/544
f 2288/3234/544 2289/3233/490 2291/3235/553 2290/3236/493
f 2290/3236/493 2291/3235/553 2293/3237/502 2292/3238/495
f 2292/3238/495 2293/3237/502 2295/3239/496 2294/3240/497
f 2298/3241/8 2295/3239/496 2293/3237/502 2291/3235/553
f 2294/3240/497 2295/3239/496 2297/3242/500 2296/3243/499
f 2296/3243/499 2297/3242/500 2283/3228/501 2282/3227/548
f 2287/3231/488 2298/3241/8 2291/3235/553 2289/3233/490
f 2283/3228/501 2297/3242/500 2295/3239/496 2298/3241/8
f 2285/3229/505 2283/3228/501 2298/3241/8 2287/3231/488
f 2299/3244/548 2301/3245/499 2302/3246/500 2300/3247/501
f 2301/3245/499 2303/3248/497 2304/3249/496 2302/3246/500
f 2303/3248/497 2305/3250/495 2306/3251/494 2304/3249/496
f 2305/3250/495 2307/3252/543 2308/3253/503 2306/3251/494
f 2307/3252/543 2309/3254/491 2310/3255/504 2308/3253/503
f 2309/3254/491 2311/3256/489 2312/3257/488 2310/3255/504
f 2315/3258/8 2308/3253/503 2310/3255/504 2312/3257/488
f 2311/3256/489 2313/3259/487 2314/3260/505 2312/3257/488
f 2313/3259/487 2299/3244/548 2300/3247/501 2314/3260/505
f 2304/3249/496 2306/3251/494 2308/3253/503 2315/3258/8
f 2300/3247/501 2315/3258/8 2312/3257/488 2314/3260/505
f 2302/3246/500 2304/3249/496 2315/3258/8 2300/3247/501
f 2316/3261/484 2318/3262/499 2319/3263/498 2317/3264/501
f 2318/3262/499 2320/3265/497 2321/3266/496 2319/3263/498
f 2320/3265/497 2322/3267/495 2323/3268/502 2321/3266/496
f 2322/3267/495 2324/3269/543 2325/3270/503 2323/3268/502
f 2324/3269/543 2326/3271/491 2327/3272/490 2325/3270/503
f 2326/3271/491 2328/3273/489 2329/3274/626 2327/3272/490
f 2332/3275/8 2325/3270/503 2327/3272/490 2329/3274/626
f 2328/3273/489 2330/3276/487 2331/3277/486 2329/3274/626
f 2330/3276/487 2316/3261/484 2317/3264/501 2331/3277/486
f 2321/3266/496 2323/3268/502 2325/3270/503 2332/3275/8
f 2317/3264/501 2332/3275/8 2329/3274/626 2331/3277/486
f 2319/3263/498 2321/3266/496 2332/3275/8 2317/3264/501
f 2333/3278/484 2335/3279/539 2336/3280/498 2334/3281/501
f 2335/3279/539 2337/3282/497 2338/3283/496 2336/3280/498
f 2337/3282/497 2339/3284/495 2340/3285/494 2338/3283/496
f 2339/3284/495 2341/3286/543 2342/3287/553 2340/3285/494
f 2341/3286/543 2343/3288/491 2344/3289/504 2342/3287/553
f 2343/3288/491 2345/3290/489 2346/3291/626 2344/3289/504
f 2349/3292/8 2342/3287/553 2344/3289/504 2346/3291/626
f 2345/3290/489 2347/3293/547 2348/3294/486 2346/3291/626
f 2347/3293/547 2333/3278/484 2334/3281/501 2348/3294/486
f 2338/3283/496 2340/3285/494 2342/3287/553 2349/3292/8
f 2334/3281/501 2349/3292/8 2346/3291/626 2348/3294/486
f 2336/3280/498 2338/3283/496 2349/3292/8 2334/3281/501
f 2350/3295/484 2352/3296/499 2353/3297/498 2351/3298/627
f 2352/3296/499 2354/3299/497 2355/3300/542 2353/3297/498
f 2354/3299/497 2356/3301/549 2357/3302/502 2355/3300/542
f 2356/3301/549 2358/3303/493 2359/3304/503 2357/3302/502
f 2358/3303/493 2360/3305/544 2361/3306/490 2359/3304/503
f 2360/3305/544 2362/3307/489 2363/3308/626 2361/3306/490
f 2366/3309/8 2359/3304/503 2361/3306/490 2363/3308/626
f 2362/3307/489 2364/3310/487 2365/3311/486 2363/3308/626
f 2364/3310/487 2350/3295/484 2351/3298/627 2365/3311/486
f 2355/3300/542 2357/3302/502 2359/3304/503 2366/3309/8
f 2351/3298/627 2366/3309/8 2363/3308/626 2365/3311/486
f 2353/3297/498 2355/3300/542 2366/3309/8 2351/3298/627
f 2367/3312/582 2368/3313/556 2370/3314/557 2369/3315/573
f 2369/3315/573 2370/3314/557 2372/3316/574 2371/3317/560
f 2371/3317/560 2372/3316/574 2374/3318/561 2373/3319/576
f 2373/3319/576 2374/3318/561 2376/3320/563 2375/3321/578
f 2375/3321/578 2376/3320/563 2378/3322/565 2377/3323/580
f 2377/3323/580 2378/3322/565 2380/3324/567 2379/3325/568
f 2383/3326/30 2380/3324/567 2378/3322/565 2376/3320/563
f 2379/3325/568 2380/3324/567 2382/3327/569 2381/3328/570
f 2381/3328/570 2382/3327/569 2368/3313/556 2367/3312/582
f 2372/3316/574 2383/3326/30 2376/3320/563 2374/3318/561
f 2368/3313/556 2382/3327/569 2380/3324/567 2383/3326/30
f 2370/3314/557 2368/3313/556 2383/3326/30 2372/3316/574
f 2384/3329/609 2386/3330/594 2387/3331/595 2385/3332/628
f 2386/3330/594 2388/3333/616 2389/3334/598 2387/3331/595
f 2388/3333/616 2390/3335/629 2391/3336/630 2389/3334/598
f 2390/3335/629 2392/3337/631 2393/3338/602 2391/3336/630
f 2392/3337/631 2394/3339/622 2395/3340/623 2393/3338/602
f 2394/3339/622 2396/3341/618 2397/3342/606 2395/3340/623
f 2400/3343/14 2393/3338/602 2395/3340/623 2397/3342/606
f 2396/3341/618 2398/3344/607 2399/3345/613 2397/3342/606
f 2398/3344/607 2384/3329/609 2385/3332/628 2399/3345/613
f 2389/3334/598 2391/3336/630 2393/3338/602 2400/3343/14
f 2385/3332/628 2400/3343/14 2397/3342/606 2399/3345/613
f 2387/3331/595 2389/3334/598 2400/3343/14 2385/3332/628
f 2401/3346/582 2402/3347/556 2404/3348/557 2403/3349/573
f 2403/3349/573 2404/3348/557 2406/3350/559 2405/3351/560
f 2405/3351/560 2406/3350/559 2408/3352/561 2407/3353/576
f 2407/3353/576 2408/3352/561 2410/3354/571 2409/3355/578
f 2409/3355/578 2410/3354/571 2412/3356/565 2411/3357/580
f 2411/3357/580 2412/3356/565 2414/3358/567 2413/3359/568
f 2417/3360/30 2414/3358/567 2412/3356/565 2410/3354/571
f 2413/3359/568 2414/3358/567 2416/3361/569 2415/3362/570
f 2415/3362/570 2416/3361/569 2402/3347/556 2401/3346/582
f 2406/3350/559 2417/3360/30 2410/3354/571 2408/3352/561
f 2402/3347/556 2416/3361/569 2414/3358/567 2417/3360/30
f 2404/3348/557 2402/3347/556 2417/3360/30 2406/3350/559
f 2418/3363/609 2420/3364/594 2421/3365/595 2419/3366/620
f 2420/3364/594 2422/3367/597 2423/3368/598 2421/3365/595
f 2422/3367/597 2424/3369/629 2425/3370/630 2423/3368/598
f 2424/3369/629 2426/3371/631 2427/3372/602 2425/3370/630
f 2426/3371/631 2428/3373/622 2429/3374/623 2427/3372/602
f 2428/3373/622 2430/3375/605 2431/3376/612 2429/3374/623
f 2434/3377/14 2427/3372/602 2429/3374/623 2431/3376/612
f 2430/3375/605 2432/3378/607 2433/3379/613 2431/3376/612
f 2432/3378/607 2418/3363/609 2419/3366/620 2433/3379/613
f 2423/3368/598 2425/3370/630 2427/3372/602 2434/3377/14
f 2419/3366/620 2434/3377/14 2431/3376/612 2433/3379/613
f 2421/3365/595 2423/3368/598 2434/3377/14 2419/3366/620
f 2435/3380/555 2436/3381/591 2438/3382/557 2437/3383/558
f 2437/3383/558 2438/3382/557 2440/3384/559 2439/3385/585
f 2439/3385/585 2440/3384/559 2442/3386/575 2441/3387/576
f 2441/3387/576 2442/3386/575 2444/3388/577 2443/3389/578
f 2443/3389/578 2444/3388/577 2446/3390/579 2445/3391/580
f 2445/3391/580 2446/3390/579 2448/3392/567 2447/3393/586
f 2451/3394/30 2448/3392/567 2446/3390/579 2444/3388/577
f 2447/3393/586 2448/3392/567 2450/3395/569 2449/3396/572
f 2449/3396/572 2450/3395/569 2436/3381/591 2435/3380/555
f 2440/3384/559 2451/3394/30 2444/3388/577 2442/3386/575
f 2436/3381/591 2450/3395/569 2448/3392/567 2451/3394/30
f 2438/3382/557 2436/3381/591 2451/3394/30 2440/3384/559
f 2452/3397/593 2454/3398/614 2455/3399/610 2453/3400/632
f 2454/3398/614 2456/3401/616 2457/3402/598 2455/3399/610
f 2456/3401/616 2458/3403/629 2459/3404/630 2457/3402/598
f 2458/3403/629 2460/3405/631 2461/3406/624 2459/3404/630
f 2460/3405/631 2462/3407/622 2463/3408/623 2461/3406/624
f 2462/3407/622 2464/3409/618 2465/3410/606 2463/3408/623
f 2468/3411/14 2461/3406/624 2463/3408/623 2465/3410/606
f 2464/3409/618 2466/3412/615 2467/3413/613 2465/3410/606
f 2466/3412/615 2452/3397/593 2453/3400/632 2467/3413/613
f 2457/3402/598 2459/3404/630 2461/3406/624 2468/3411/14
f 2453/3400/632 2468/3411/14 2465/3410/606 2467/3413/613
f 2455/3399/610 2457/3402/598 2468/3411/14 2453/3400/632
f 2469/3414/484 2470/3415/485 2472/3416/486 2471/3417/487
f 2471/3417/487 2472/3416/486 2474/3418/488 2473/3419/489
f 2473/3419/489 2474/3418/488 2476/3420/490 2475/3421/544
f 2475/3421/544 2476/3420/490 2478/3422/492 2477/3423/493
f 2477/3423/493 2478/3422/492 2480/3424/494 2479/3425/495
f 2479/3425/495 2480/3424/494 2482/3426/496 2481/3427/497
f 2485/3428/8 2482/3426/496 2480/3424/494 2478/3422/492
f 2481/3427/497 2482/3426/496 2484/3429/498 2483/3430/499
f 2483/3430/499 2484/3429/498 2470/3415/485 2469/3414/484
f 2474/3418/488 2485/3428/8 2478/3422/492 2476/3420/490
f 2470/3415/485 2484/3429/498 2482/3426/496 2485/3428/8
f 2472/3416/486 2470/3415/485 2485/3428/8 2474/3418/488
f 2486/3431/484 2487/3432/485 2489/3433/486 2488/3434/547
f 2488/3434/547 2489/3433/486 2491/3435/633 2490/3436/489
f 2490/3436/489 2491/3435/633 2493/3437/504 2492/3438/491
f 2492/3438/491 2493/3437/504 2495/3439/553 2494/3440/543
f 2494/3440/543 2495/3439/553 2497/3441/494 2496/3442/495
f 2496/3442/495 2497/3441/494 2499/3443/552 2498/3444/497
f 2502/3445/8 2499/3443/552 2497/3441/494 2495/3439/553
f 2498/3444/497 2499/3443/552 2501/3446/498 2500/3447/539
f 2500/3447/539 2501/3446/498 2487/3432/485 2486/3431/484
f 2491/3435/633 2502/3445/8 2495/3439/553 2493/3437/504
f 2487/3432/485 2501/3446/498 2499/3443/552 2502/3445/8
f 2489/3433/486 2487/3432/485 2502/3445/8 2491/3435/633
f 2503/3448/548 2505/3449/499 2506/3450/500 2504/3451/501
f 2505/3449/499 2507/3452/497 2508/3453/542 2506/3450/500
f 2507/3452/497 2509/3454/495 2510/3455/494 2508/3453/542
f 2509/3454/495 2511/3456/543 2512/3457/503 2510/3455/494
f 2511/3456/543 2513/3458/491 2514/3459/490 2512/3457/503
f 2513/3458/491 2515/3460/489 2516/3461/626 2514/3459/490
f 2519/3462/8 2512/3457/503 2514/3459/490 2516/3461/626
f 2515/3460/489 2517/3463/487 2518/3464/505 2516/3461/626
f 2517/3463/487 2503/3448/548 2504/3451/501 2518/3464/505
f 2508/3453/542 2510/3455/494 2512/3457/503 2519/3462/8
f 2504/3451/501 2519/3462/8 2516/3461/626 2518/3464/505
f 2506/3450/500 2508/3453/542 2519/3462/8 2504/3451/501
f 2520/3465/582 2521/3466/556 2523/3467/583 2522/3468/573
f 2522/3468/573 2523/3467/583 2525/3469/634 2524/3470/560
f 2524/3470/560 2525/3469/634 2527/3471/561 2526/3472/562
f 2526/3472/562 2527/3471/561 2529/3473/635 2528/3474/564
f 2528/3474/564 2529/3473/635 2531/3475/565 2530/3476/566
f 2530/3476/566 2531/3475/565 2533/3477/567 2532/3478/568
f 2536/3479/30 2533/3477/567 2531/3475/565 2529/3473/635
f 2532/3478/568 2533/3477/567 2535/3480/587 2534/3481/570
f 2534/3481/570 2535/3480/587 2521/3466/556 2520/3465/582
f 2525/3469/634 2536/3479/30 2529/3473/635 2527/3471/561
f 2521/3466/556 2535/3480/587 2533/3477/567 2536/3479/30
f 2523/3467/583 2521/3466/556 2536/3479/30 2525/3469/634
f 2537/3482/555 2538/3483/556 2540/3484/557 2539/3485/573
f 2539/3485/573 2540/3484/557 2542/3486/634 2541/3487/560
f 2541/3487/560 2542/3486/634 2544/3488/561 2543/3489/576
f 2543/3489/576 2544/3488/561 2546/3490/563 2545/3491/564
f 2545/3491/564 2546/3490/563 2548/3492/565 2547/3493/580
f 2547/3493/580 2548/3492/565 2550/3494/567 2549/3495/568
f 2553/3496/30 2550/3494/567 2548/3492/565 2546/3490/563
f 2549/3495/568 2550/3494/567 2552/3497/569 2551/3498/570
f 2551/3498/570 2552/3497/569 2538/3483/556 2537/3482/555
f 2542/3486/634 2553/3496/30 2546/3490/563 2544/3488/561
f 2538/3483/556 2552/3497/569 2550/3494/567 2553/3496/30
f 2540/3484/557 2538/3483/556 2553/3496/30 2542/3486/634
f 2554/3499/582 2555/3500/556 2557/3501/583 2556/3502/573
f 2556/3502/573 2557/3501/583 2559/3503/636 2558/3504/560
f 2558/3504/560 2559/3503/636 2561/3505/561 2560/3506/562
f 2560/3506/562 2561/3505/561 2563/3507/637 2562/3508/564
f 2562/3508/564 2563/3507/637 2565/3509/565 2564/3510/566
f 2564/3510/566 2565/3509/565 2567/3511/638 2566/3512/568
f 2570/3513/30 2567/3511/638 2565/3509/565 2563/3507/637
f 2566/3512/568 2567/3511/638 2569/3514/587 2568/3515/570
f 2568/3515/570 2569/3514/587 2555/3500/556 2554/3499/582
f 2559/3503/636 2570/3513/30 2563/3507/637 2561/3505/561
f 2555/3500/556 2569/3514/587 2567/3511/638 2570/3513/30
f 2557/3501/583 2555/3500/556 2570/3513/30 2559/3503/636
f 2571/3516/555 2572/3517/556 2574/3518/557 2573/3519/573
f 2573/3519/573 2574/3518/557 2576/3520/559 2575/3521/560
f 2575/3521/560 2576/3520/559 2578/3522/561 2577/3523/576
f 2577/3523/576 2578/3522/561 2580/3524/563 2579/3525/564
f 2579/3525/564 2580/3524/563 2582/3526/565 2581/3527/580
f 2581/3527/580 2582/3526/565 2584/3528/567 2583/3529/568
f 2587/3530/30 2584/3528/567 2582/3526/565 2580/3524/563
f 2583/3529/568 2584/3528/567 2586/3531/569 2585/3532/572
f 2585/3532/572 2586/3531/569 2572/3517/556 2571/3516/555
f 2576/3520/559 2587/3530/30 2580/3524/563 2578/3522/561
f 2572/3517/556 2586/3531/569 2584/3528/567 2587/3530/30
f 2574/3518/557 2572/3517/556 2587/3530/30 2576/3520/559
f 2588/3533/609 2590/3534/594 2591/3535/595 2589/3536/596
f 2590/3534/594 2592/3537/597 2593/3538/598 2591/3535/595
f 2592/3537/597 2594/3539/599 2595/3540/600 2593/3538/598
f 2594/3539/599 2596/3541/601 2597/3542/602 2595/3540/600
f 2596/3541/601 2598/3543/603 2599/3544/604 2597/3542/602
f 2598/3543/603 2600/3545/605 2601/3546/606 2599/3544/604
f 2604/3547/14 2597/3542/602 2599/3544/604 2601/3546/606
f 2600/3545/605 2602/3548/607 2603/3549/613 2601/3546/606
f 2602/3548/607 2588/3533/609 2589/3536/596 2603/3549/613
f 2593/3538/598 2595/3540/600 2597/3542/602 2604/3547/14
f 2589/3536/596 2604/3547/14 2601/3546/606 2603/3549/613
f 2591/3535/595 2593/3538/598 2604/3547/14 2589/3536/596
f 2605/3550/593 2607/3551/614 2608/3552/610 2606/3553/596
f 2607/3551/614 2609/3554/597 2610/3555/598 2608/3552/610
f 2609/3554/597 2611/3556/599 2612/3557/600 2610/3555/598
f 2611/3556/599 2613/3558/601 2614/3559/602 2612/3557/600
f 2613/3558/601 2615/3560/603 2616/3561/604 2614/3559/602
f 2615/3560/603 2617/3562/605 2618/3563/612 2616/3561/604
f 2621/3564/14 2614/3559/602 2616/3561/604 2618/3563/612
f 2617/3562/605 2619/3565/615 2620/3566/613 2618/3563/612
f 2619/3565/615 2605/3550/593 2606/3553/596 2620/3566/613
f 2610/3555/598 2612/3557/600 2614/3559/602 2621/3564/14
f 2606/3553/596 2621/3564/14 2618/3563/612 2620/3566/613
f 2608/3552/610 2610/3555/598 2621/3564/14 2606/3553/596
f 2622/3567/609 2624/3568/594 2625/3569/595 2623/3570/620
f 2624/3568/594 2626/3571/597 2627/3572/598 2625/3569/595
f 2626/3571/597 2628/3573/599 2629/3574/600 2627/3572/598
f 2628/3573/599 2630/3575/601 2631/3576/602 2629/3574/600
f 2630/3575/601 2632/3577/603 2633/3578/604 2631/3576/602
f 2632/3577/603 2634/3579/605 2635/3580/606 2633/3578/604
f 2638/3581/14 2631/3576/602 2633/3578/604 2635/3580/606
f 2634/3579/605 2636/3582/607 2637/3583/613 2635/3580/606
f 2636/3582/607 2622/3567/609 2623/3570/620 2637/3583/613
f 2627/3572/598 2629/3574/600 2631/3576/602 2638/3581/14
f 2623/3570/620 2638/3581/14 2635/3580/606 2637/3583/613
f 2625/3569/595 2627/3572/598 2638/3581/14 2623/3570/620
f 2639/3584/593 2641/3585/594 2642/3586/610 2640/3587/596
f 2641/3585/594 2643/3588/597 2644/3589/598 2642/3586/610
f 2643/3588/597 2645/3590/629 2646/3591/600 2644/3589/598
f 2645/3590/629 2647/3592/601 2648/3593/602 2646/3591/600
f 2647/3592/601 2649/3594/622 2650/3595/604 2648/3593/602
f 2649/3594/622 2651/3596/605 2652/3597/612 2650/3595/604
f 2655/3598/14 2648/3593/602 2650/3595/604 2652/3597/612
f 2651/3596/605 2653/3599/607 2654/3600/613 2652/3597/612
f 2653/3599/607 2639/3584/593 2640/3587/596 2654/3600/613
f 2644/3589/598 2646/3591/600 2648/3593/602 2655/3598/14
f 2640/3587/596 2655/3598/14 2652/3597/612 2654/3600/613
f 2642/3586/610 2644/3589/598 2655/3598/14 2640/3587/596
